target_txid,depth,root_type,root_real_id,root_is_fraud,is_true_positive,n_nodes,chain_real_ids,chain_types,chain_ce,chain_phi_add,chain_phi_asym
210646674,9,wallet,1HtUPLQWu1k1ZBmcvmiS6D8qREzjaFcdoD,True,True,10,210646674|1AHb2haJfpKCpKA66NqLqyXidLmYRDaPno|210624712|1MMcnw1Y8UdmoNBzfjxpg3LVeYawK3kPxD|209805539|14oBBogKoXagzGawpjz5HNqDNPAyMxpT9J|209681252|1Fz1MrSMaqfz5gRFDvQhe5iat4pZns3xaM|209681254|1HtUPLQWu1k1ZBmcvmiS6D8qREzjaFcdoD,transaction|wallet|transaction|wallet|transaction|wallet|transaction|wallet|transaction|wallet,|0.297304|0.414875|0.284311|0.414818|0.292117|0.414666|0.276148|0.37395|0.280884,|0.148652|0.414875|0.142155|0.414818|0.146058|0.414666|0.138074|0.37395|0.280884,|-6.85453e-06|0.000111818|0.000107616|6.13928e-05|-0.00101379|0.000748038|0.0453059|0.297773|0.0856864
209493620,7,wallet,1KZMpAEiyyJjDYZP2pQXtQH2zfv1syhEaX,True,True,8,209493620|1DDtCPukd5dcH8udf3QqhjNB5qurHmioWu|209493623|1A88BK4ikW3GABn2YEYt9bxcDG5nBdpBrr|209709674|15KsG2sWmrnmUD3D6ddfxKa168p4Q9XrX7|24051859|1KZMpAEiyyJjDYZP2pQXtQH2zfv1syhEaX,transaction|wallet|transaction|wallet|transaction|wallet|transaction|wallet,|0.287585|0.414818|0.294449|0.414834|0.288644|0.409435|0.281018,|0.143792|0.414818|0.0981498|0.414834|0.144322|0.409435|0.281018,|0.0256834|0.0187575|-0.000295063|0.0144553|-0.000889271|0.202446|0.399566
54824221,7,wallet,19Yp2Zt8uwu1ctRmEeC8A8F8iUVWe4S84M,True,True,8,54824221|17C7Cqdr8eK61vyJXeYFapyqii5hFYoysD|288463486|1Nd4WoUggkZ71AYxsAVPChMzSztrFKduvY|288354980|12A7QqFVrYt945mnn5pT9aYP42AUZimXk3|288125316|19Yp2Zt8uwu1ctRmEeC8A8F8iUVWe4S84M,transaction|wallet|transaction|wallet|transaction|wallet|transaction|wallet,|0.287659|0.414333|0.292069|0.414425|0.285208|0.406805|0.281141,|0.143829|0.414333|0.0730173|0.414425|0.142604|0.406805|0.0937137,|-0.00474039|-0.00116605|0.00344196|-0.0101644|-0.00452271|0.215157|0.00112569
363664942,5,wallet,1EY2yuaHiFs3GmetrvkdXzR3Q32F6fDym1,True,True,6,363664942|1LTAoVTsazCtMnQbuS4NDsDLyMptGPBMZF|363307603|16E7dLusS6L9AvoDTMcYwk7w4anPjvpsSh|363092549|1EY2yuaHiFs3GmetrvkdXzR3Q32F6fDym1,transaction|wallet|transaction|wallet|transaction|wallet,|0.233558|0.40089|0.276873|0.384623|0.280884,|0.116779|0.40089|0.138436|0.384623|0.280884,|-0.134487|-0.433393|-0.201636|0.516854|0.140002
209493623,5,wallet,1KZMpAEiyyJjDYZP2pQXtQH2zfv1syhEaX,True,True,6,209493623|1A88BK4ikW3GABn2YEYt9bxcDG5nBdpBrr|209709674|15KsG2sWmrnmUD3D6ddfxKa168p4Q9XrX7|24051859|1KZMpAEiyyJjDYZP2pQXtQH2zfv1syhEaX,transaction|wallet|transaction|wallet|transaction|wallet,|0.294449|0.414834|0.288644|0.409435|0.281018,|0.0981498|0.414834|0.144322|0.409435|0.281018,|-0.000295063|0.0144553|-0.000889271|0.202446|0.399566
85254409,5,wallet,14q7TVHemXU8mzg6Lb7UCohxL7u9huhYyd,True,True,6,85254409|1NVEJCqE5nZdo53QBM1ymRkM9bxGHxeiqM|84752783|1Dhvyd3efW1cYEo3xTymMjy8PKW9DnMx9J|84368623|14q7TVHemXU8mzg6Lb7UCohxL7u9huhYyd,transaction|wallet|transaction|wallet|transaction|wallet,|0.291742|0.414433|0.286906|0.409409|0.281079,|0.145871|0.414433|0.143453|0.409409|0.281079,|1.2219e-05|2.86102e-06|-0.011369|0.0815729|0.391259
163807964,5,wallet,12gzUoqNsPuVHW2N8WM65gVF92heDQHMJS,True,True,6,163807964|13FCZb6mwQupCscxmqwRgAg4i4T4thiWoV|163653557|1HqLxmqiF3WYuzi9ghKNQgvN7LHgF632kj|163653560|12gzUoqNsPuVHW2N8WM65gVF92heDQHMJS,transaction|wallet|transaction|wallet|transaction|wallet,|0.294066|0.414875|0.296327|0.414876|0.27997,|0.147033|0.0230486|0.148163|0.414876|0.139985,|0.000131786|1.32455e-08|8.62777e-05|3.69549e-06|0.496924
54878909,5,wallet,1DJ7dtnNEuGhKdKu6Sw5L34SRrpicG6aw3,True,True,6,54878909|1ba7EWdp5w6a6cTDtCToBfzySAixb8EvM|63069519|16CSZmdfRq4Z6NZDVWRCMDX9ZCkz4q23Kf|54759799|1DJ7dtnNEuGhKdKu6Sw5L34SRrpicG6aw3,transaction|wallet|transaction|wallet|transaction|wallet,|0.251613|0.396125|0.283515|0.404768|0.281147,|0.125807|0.396125|0.141758|0.202384|0.281147,|0.285932|-0.000127554|-0.246257|-0.140693|0.278894
219565918,5,wallet,19s4KfPSSeLXorkEgcm6W4SR2iRs2FqfyL,True,True,6,219565918|1F6AVPo9rnuMcvsArAR9AHBg2zMD24dZ4e|219543494|1PXTsK9NoznnN2GoWG7gUfwYVWxBmQvYxu|218166682|19s4KfPSSeLXorkEgcm6W4SR2iRs2FqfyL,transaction|wallet|transaction|wallet|transaction|wallet,|0.285032|0.409929|0.284559|0.399188|0.281185,|0.0109628|0.409929|0.0569118|0.399188|0.0147992,|0.000476305|-0.0111324|0.0238045|0.0154104|0.000225368
94654272,3,wallet,1MUaX1Aq3Zr8o2GUH1dsyhQTtbhTe8nFFK,True,True,4,94654272|1GM6HKftDnXb2qk7dSEELFabxyGXApR1a5|94372683|1MUaX1Aq3Zr8o2GUH1dsyhQTtbhTe8nFFK,transaction|wallet|transaction|wallet,|0.278257|0.382018|0.280809,|0.139129|0.382018|0.280809,|-0.14191|0.649679|0.222655
175046769,3,wallet,16KaRJpecD5xe9bpSqKiGdZig84aP4WAWV,True,True,4,175046769|1CB6C2B8RhoNPpfEbEnQvSVYvuqjDLMU73|174759163|16KaRJpecD5xe9bpSqKiGdZig84aP4WAWV,transaction|wallet|transaction|wallet,|0.286128|0.401911|0.280857,|0.143064|0.401911|0.280857,|0.00235277|0.00147557|0.333837
205920729,3,wallet,1PMWKzRpmsESyAdf2QutevLhbYzueBwmh4,True,True,4,205920729|1CpDhHzAvLnjU6crBde5LN2ELAhE2jbeof|175759710|1PMWKzRpmsESyAdf2QutevLhbYzueBwmh4,transaction|wallet|transaction|wallet,|0.286619|0.40299|0.280861,|0.143309|0.40299|0.280861,|0.00243685|0.00127649|0.349147
216384922,3,wallet,1cYjN4WeM58cFF52KRXAs9zZKT26dzPYu,True,True,4,216384922|1D4BiGayTzyZDBtwJCYf7GLk6QkrGW8xhX|175758299|1cYjN4WeM58cFF52KRXAs9zZKT26dzPYu,transaction|wallet|transaction|wallet,|0.287773|0.401333|0.280859,|0.143886|0.401333|0.280859,|0.00403443|0.00153327|0.344209
236114959,3,wallet,1EfZWjX6QYNpTWdVM6RyEfoWqowcvFvasA,True,True,4,236114959|1JvxaCSwj3RC1b8R16YQQEdYXgsrbwtHaC|234836238|1EfZWjX6QYNpTWdVM6RyEfoWqowcvFvasA,transaction|wallet|transaction|wallet,|0.294796|0.414876|0.27341,|0.147398|0.414876|0.136705,|3.9041e-05|2.72989e-05|0.499988
244629239,3,wallet,12CV5js5iBA3viX5SmLukcwa67tS65wbuT,True,True,4,244629239|1EhoHN8rq8GGA11UVHSCy1SWcoohwGyqk5|243781008|12CV5js5iBA3viX5SmLukcwa67tS65wbuT,transaction|wallet|transaction|wallet,|0.289667|0.409783|0.280946,|0.144833|0.409783|0.280946,|0.00164071|0.00128305|0.424924
99258743,3,wallet,1JJTrhwDrEeSbcfNHdqvMJG5eXRyrPbPsq,True,True,4,99258743|15twigU4MNMdy4qyE7P3tssRxQVr5AjbxN|99258746|1JJTrhwDrEeSbcfNHdqvMJG5eXRyrPbPsq,transaction|wallet|transaction|wallet,|0.284386|0.408764|0.281041,|0.142193|0.408764|0.140521,|-0.204027|0.155782|0.223955
194305890,3,wallet,16vsRJCL9fPTwpfB7RRMzhZ6w9aBBx5W9B,True,True,4,194305890|1Q1rFGRbyDDQyt86mw6JttGoswGJUhaW56|314046178|16vsRJCL9fPTwpfB7RRMzhZ6w9aBBx5W9B,transaction|wallet|transaction|wallet,|0.286767|0.409246|0.281056,|0.143384|0.409246|0.281056,|-0.00152037|0.0407791|0.422517
269503235,3,wallet,1AQ5MkK7cruxM6t7w8kWW3qY2jk7fqE5CV,True,True,4,269503235|14tTvoRrQqT3NRmQoSvCG5jYGMnPiKx9t6|268792024|1AQ5MkK7cruxM6t7w8kWW3qY2jk7fqE5CV,transaction|wallet|transaction|wallet,|0.282691|0.400145|0.280988,|0.141346|0.400145|0.280988,|0.0120824|0.00117481|0.234513
89199852,3,wallet,1Me61RgR3CVJycAtGjHdq1VgXMAAvymk69,True,True,4,89199852|115KU5zFdghC4GdoU4d7yknxTb71LW9Sd|145395709|1Me61RgR3CVJycAtGjHdq1VgXMAAvymk69,transaction|wallet|transaction|wallet,|0.288088|0.409525|0.281114,|0.144044|0.409525|0.281114,|0.00140429|0.00919902|0.387317
92727932,3,wallet,1CFcQwNeZCDbGGvBdHL5kt2fMojryAL7Nu,True,True,4,92727932|12QCnBpR4QYg9ivpXquAxfSdsWsvTHqsCd|92727933|1CFcQwNeZCDbGGvBdHL5kt2fMojryAL7Nu,transaction|wallet|transaction|wallet,|0.285621|0.407321|0.28114,|0.14281|0.407321|0.28114,|0.00870413|0.00150299|0.327847
288347142,3,wallet,1FGm4k2V8uprKPDWuccZi4oMmu9PTACfGH,True,True,4,288347142|1P361HmcVw1ztXr7gYvo6FrB2thhErodhp|288148015|1FGm4k2V8uprKPDWuccZi4oMmu9PTACfGH,transaction|wallet|transaction|wallet,|0.281995|0.406853|0.281145,|0.140997|0.406853|0.281145,|0.00411904|-0.00571555|0.309767
288354980,3,wallet,19Yp2Zt8uwu1ctRmEeC8A8F8iUVWe4S84M,True,True,4,288354980|12A7QqFVrYt945mnn5pT9aYP42AUZimXk3|288125316|19Yp2Zt8uwu1ctRmEeC8A8F8iUVWe4S84M,transaction|wallet|transaction|wallet,|0.285208|0.406805|0.281141,|0.142604|0.406805|0.0937137,|-0.00452271|0.215157|0.00112569
67603017,3,wallet,1CAuUW3iszd8UzhMyePwqvzJkRvjdPfLBq,True,True,4,67603017|1F65vGr1ZEMo6frrVh5gRwNXAjsYsGRfEG|70384401|1CAuUW3iszd8UzhMyePwqvzJkRvjdPfLBq,transaction|wallet|transaction|wallet,|0.28353|0.405293|0.281148,|0.141765|0.405293|0.281148,|0.0206589|0.00292814|0.285914
114626822,3,wallet,1MbRAZ6hSBXJWDLtkRCFHKNvTg7TWSxttz,True,True,4,114626822|132Y194a45f32VKuwy7mgc2ASrMvpaeuom|114507940|1MbRAZ6hSBXJWDLtkRCFHKNvTg7TWSxttz,transaction|wallet|transaction|wallet,|0.271017|0.400159|0.281146,|0.135509|0.400159|0.281146,|0.0683908|-0.00249881|0.195279
98068542,3,wallet,14UjWaPa9MaQcPyFLq9Yo4vTiMVNRF6JCS,True,True,4,98068542|1K3bLS1hqapp7kNgq3kKupxHFVE2LeUAZh|78065983|14UjWaPa9MaQcPyFLq9Yo4vTiMVNRF6JCS,transaction|wallet|transaction|wallet,|0.278632|0.314951|0.280998,|0.0696579|0.314951|0.031222,|0.0656089|-0.0686126|0.000838098
71988265,3,wallet,15EwbaS7C6iTq971WCNRr519BDP21nWtkQ,True,True,4,71988265|1LMVzE1Ci765BpqxG7bK55SABLMf3YkfHQ|71450339|15EwbaS7C6iTq971WCNRr519BDP21nWtkQ,transaction|wallet|transaction|wallet,|0.283168|0.286018|0.280984,|0.141584|0.0953393|0.280984,|0.0034644|0.00426912|-0.135296
71988753,3,wallet,1KRk7mSri4zsTifUbHoHFNsovPDUX2DqJd,True,True,4,71988753|1ERJcygiAXZfvVWv1TjqNpncMuWirsiQXX|71450516|1KRk7mSri4zsTifUbHoHFNsovPDUX2DqJd,transaction|wallet|transaction|wallet,|0.270854|0.230893|0.280941,|0.135427|0.230893|0.280941,|0.443387|0.014233|-0.179791
218400096,3,wallet,1LeCHwUksk6CSgT58Y2VNQMbpKoCoDRc9N,True,True,4,218400096|1MKNjXd16X5LuoxbKy2KcfW28oZpE7DavN|218091577|1LeCHwUksk6CSgT58Y2VNQMbpKoCoDRc9N,transaction|wallet|transaction|wallet,|0.283572|0.399967|0.281223,|0.0405103|0.399967|0.0562446,|0.014201|0.0280188|0.0569907
219543494,3,wallet,19s4KfPSSeLXorkEgcm6W4SR2iRs2FqfyL,True,True,4,219543494|1PXTsK9NoznnN2GoWG7gUfwYVWxBmQvYxu|218166682|19s4KfPSSeLXorkEgcm6W4SR2iRs2FqfyL,transaction|wallet|transaction|wallet,|0.284559|0.399188|0.281185,|0.0569118|0.399188|0.0147992,|0.0238045|0.0154104|0.000225368
226668066,2,transaction,218190265,True,True,3,226668066|1AX5oZuY4v39CeXziAC1XMTm7cfFUrMpKZ|218190265,transaction|wallet|transaction,|0.292417|0.413916,|0.146209|0.413916,|0.001775|0.00164789
166226732,2,transaction,349622760,True,True,3,166226732|1PjktAUBbYBzETuazp5JwM6bViGoUpbrsf|349622760,transaction|wallet|transaction,|0.287841|0.394019,|0.14392|0.394019,|-0.00553|0.0178572
69997426,2,transaction,88250674,True,True,3,69997426|39sfuA8pY4UfybgEZi7uvA13jkGzZpsg5K|88250674,transaction|wallet|transaction,|0.295306|0.414876,|0.147653|0.103719,|0.0117269|-2.98023e-08
136272459,2,transaction,88250674,True,True,3,136272459|39sfuA8pY4UfybgEZi7uvA13jkGzZpsg5K|88250674,transaction|wallet|transaction,|0.295306|0.414876,|0.147653|0.103719,|0.0105188|0
247487089,2,transaction,88250674,True,True,3,247487089|39sfuA8pY4UfybgEZi7uvA13jkGzZpsg5K|88250674,transaction|wallet|transaction,|0.295306|0.414876,|0.147653|0.103719,|0.009772|-2.98023e-08
272077928,2,transaction,88250674,True,True,3,272077928|39sfuA8pY4UfybgEZi7uvA13jkGzZpsg5K|88250674,transaction|wallet|transaction,|0.295306|0.414876,|0.147653|0.103719,|0.0126087|-2.98023e-08
272932861,2,transaction,88250674,True,True,3,272932861|39sfuA8pY4UfybgEZi7uvA13jkGzZpsg5K|88250674,transaction|wallet|transaction,|0.295306|0.414876,|0.147653|0.103719,|0.00965121|-2.98023e-08
277373532,2,transaction,88250674,True,True,3,277373532|39sfuA8pY4UfybgEZi7uvA13jkGzZpsg5K|88250674,transaction|wallet|transaction,|0.295306|0.414876,|0.147653|0.103719,|0.009877|-2.98023e-08
292163396,2,transaction,88250674,True,True,3,292163396|39sfuA8pY4UfybgEZi7uvA13jkGzZpsg5K|88250674,transaction|wallet|transaction,|0.295306|0.414876,|0.295306|0.103719,|0.565365|-8.9407e-08
299475624,2,transaction,88250674,True,True,3,299475624|39sfuA8pY4UfybgEZi7uvA13jkGzZpsg5K|88250674,transaction|wallet|transaction,|0.295306|0.414876,|0.147653|0.103719,|0.00978541|-2.98023e-08
84719050,2,transaction,88250674,True,True,3,84719050|39sfuA8pY4UfybgEZi7uvA13jkGzZpsg5K|88250674,transaction|wallet|transaction,|0.295306|0.414876,|0.147653|0.103719,|0.00924647|-2.98023e-08
17763829,2,transaction,88250674,True,True,3,17763829|39sfuA8pY4UfybgEZi7uvA13jkGzZpsg5K|88250674,transaction|wallet|transaction,|0.295306|0.414876,|0.147653|0.103719,|0.0101487|-2.98023e-08
21627002,2,transaction,88250674,True,True,3,21627002|39sfuA8pY4UfybgEZi7uvA13jkGzZpsg5K|88250674,transaction|wallet|transaction,|0.295306|0.414876,|0.147653|0.103719,|0.00971556|-2.98023e-08
55300089,2,transaction,88250674,True,True,3,55300089|39sfuA8pY4UfybgEZi7uvA13jkGzZpsg5K|88250674,transaction|wallet|transaction,|0.295306|0.414876,|0.147653|0.103719,|0.0105148|-2.98023e-08
56397284,2,transaction,88250674,True,True,3,56397284|39sfuA8pY4UfybgEZi7uvA13jkGzZpsg5K|88250674,transaction|wallet|transaction,|0.295306|0.414876,|0.147653|0.103719,|0.0102844|0
135600096,2,transaction,88250674,True,True,3,135600096|39sfuA8pY4UfybgEZi7uvA13jkGzZpsg5K|88250674,transaction|wallet|transaction,|0.295306|0.414876,|0.147653|0.103719,|0.0110818|-2.98023e-08
136123519,2,transaction,88250674,True,True,3,136123519|39sfuA8pY4UfybgEZi7uvA13jkGzZpsg5K|88250674,transaction|wallet|transaction,|0.295306|0.414876,|0.147653|0.103719,|0.0122822|-2.98023e-08
141627708,2,transaction,88250674,True,True,3,141627708|39sfuA8pY4UfybgEZi7uvA13jkGzZpsg5K|88250674,transaction|wallet|transaction,|0.295306|0.414876,|0.147653|0.103719,|0.00925547|-2.98023e-08
142317103,2,transaction,88250674,True,True,3,142317103|39sfuA8pY4UfybgEZi7uvA13jkGzZpsg5K|88250674,transaction|wallet|transaction,|0.295306|0.414876,|0.147653|0.103719,|0.00989583|0
149197183,2,transaction,88250674,True,True,3,149197183|39sfuA8pY4UfybgEZi7uvA13jkGzZpsg5K|88250674,transaction|wallet|transaction,|0.295306|0.414876,|0.147653|0.103719,|0.0151228|-2.98023e-08
163585815,2,transaction,88250674,True,True,3,163585815|39sfuA8pY4UfybgEZi7uvA13jkGzZpsg5K|88250674,transaction|wallet|transaction,|0.295306|0.414876,|0.147653|0.103719,|0.014686|-2.98023e-08
163586071,2,transaction,88250674,True,True,3,163586071|39sfuA8pY4UfybgEZi7uvA13jkGzZpsg5K|88250674,transaction|wallet|transaction,|0.295306|0.414876,|0.147653|0.103719,|0.0136171|-2.98023e-08
163586382,2,transaction,88250674,True,True,3,163586382|39sfuA8pY4UfybgEZi7uvA13jkGzZpsg5K|88250674,transaction|wallet|transaction,|0.295306|0.414876,|0.147653|0.103719,|0.0104533|-2.98023e-08
163657331,2,transaction,88250674,True,True,3,163657331|39sfuA8pY4UfybgEZi7uvA13jkGzZpsg5K|88250674,transaction|wallet|transaction,|0.295306|0.414876,|0.147653|0.103719,|0.0094986|-2.98023e-08
163667266,2,transaction,88250674,True,True,3,163667266|39sfuA8pY4UfybgEZi7uvA13jkGzZpsg5K|88250674,transaction|wallet|transaction,|0.295306|0.414876,|0.147653|0.103719,|0.0109956|-2.98023e-08
163667273,2,transaction,88250674,True,True,3,163667273|39sfuA8pY4UfybgEZi7uvA13jkGzZpsg5K|88250674,transaction|wallet|transaction,|0.295306|0.414876,|0.147653|0.103719,|0.00962237|-2.98023e-08
163820070,2,transaction,88250674,True,True,3,163820070|39sfuA8pY4UfybgEZi7uvA13jkGzZpsg5K|88250674,transaction|wallet|transaction,|0.295306|0.414876,|0.147653|0.103719,|0.0098241|-2.98023e-08
163867298,2,transaction,88250674,True,True,3,163867298|39sfuA8pY4UfybgEZi7uvA13jkGzZpsg5K|88250674,transaction|wallet|transaction,|0.295306|0.414876,|0.147653|0.103719,|0.0112115|0
165849672,2,transaction,88250674,True,True,3,165849672|39sfuA8pY4UfybgEZi7uvA13jkGzZpsg5K|88250674,transaction|wallet|transaction,|0.295306|0.414876,|0.147653|0.103719,|0.010834|-2.98023e-08
165849938,2,transaction,88250674,True,True,3,165849938|39sfuA8pY4UfybgEZi7uvA13jkGzZpsg5K|88250674,transaction|wallet|transaction,|0.295306|0.414876,|0.147653|0.103719,|0.00967687|-2.98023e-08
165849955,2,transaction,88250674,True,True,3,165849955|39sfuA8pY4UfybgEZi7uvA13jkGzZpsg5K|88250674,transaction|wallet|transaction,|0.295306|0.414876,|0.147653|0.103719,|0.00982639|-2.98023e-08
166071318,2,transaction,88250674,True,True,3,166071318|39sfuA8pY4UfybgEZi7uvA13jkGzZpsg5K|88250674,transaction|wallet|transaction,|0.295306|0.414876,|0.147653|0.103719,|0.0100158|-2.98023e-08
166072696,2,transaction,88250674,True,True,3,166072696|39sfuA8pY4UfybgEZi7uvA13jkGzZpsg5K|88250674,transaction|wallet|transaction,|0.295306|0.414876,|0.147653|0.103719,|0.0090977|-2.98023e-08
166072794,2,transaction,88250674,True,True,3,166072794|39sfuA8pY4UfybgEZi7uvA13jkGzZpsg5K|88250674,transaction|wallet|transaction,|0.295306|0.414876,|0.147653|0.103719,|0.0107909|0
166499051,2,transaction,88250674,True,True,3,166499051|39sfuA8pY4UfybgEZi7uvA13jkGzZpsg5K|88250674,transaction|wallet|transaction,|0.295306|0.414876,|0.147653|0.103719,|0.0107779|-2.98023e-08
166499072,2,transaction,88250674,True,True,3,166499072|39sfuA8pY4UfybgEZi7uvA13jkGzZpsg5K|88250674,transaction|wallet|transaction,|0.295306|0.414876,|0.147653|0.103719,|0.0113869|-2.98023e-08
166499135,2,transaction,88250674,True,True,3,166499135|39sfuA8pY4UfybgEZi7uvA13jkGzZpsg5K|88250674,transaction|wallet|transaction,|0.295306|0.414876,|0.147653|0.103719,|0.0112455|-2.98023e-08
167743047,2,transaction,88250674,True,True,3,167743047|39sfuA8pY4UfybgEZi7uvA13jkGzZpsg5K|88250674,transaction|wallet|transaction,|0.295306|0.414876,|0.147653|0.103719,|0.00937814|0
168138716,2,transaction,88250674,True,True,3,168138716|39sfuA8pY4UfybgEZi7uvA13jkGzZpsg5K|88250674,transaction|wallet|transaction,|0.295306|0.414876,|0.147653|0.103719,|0.0101515|0
168139047,2,transaction,88250674,True,True,3,168139047|39sfuA8pY4UfybgEZi7uvA13jkGzZpsg5K|88250674,transaction|wallet|transaction,|0.295306|0.414876,|0.147653|0.103719,|0.0104086|0
168139106,2,transaction,88250674,True,True,3,168139106|39sfuA8pY4UfybgEZi7uvA13jkGzZpsg5K|88250674,transaction|wallet|transaction,|0.295306|0.414876,|0.147653|0.103719,|0.0108345|-2.98023e-08
299178846,2,transaction,299178847,True,True,3,299178846|19vTYtBVYWMNUEzA21UYjbDNPwxnuPDjzk|299178847,transaction|wallet|transaction,|0.290567|0.414848,|0.145284|0.414848,|0.0002729|-6.07967e-06
137895164,2,transaction,88250674,True,True,3,137895164|39sfuA8pY4UfybgEZi7uvA13jkGzZpsg5K|88250674,transaction|wallet|transaction,|0.295306|0.414876,|0.147653|0.103719,|0.00931245|0
194942541,2,transaction,88250674,True,True,3,194942541|39sfuA8pY4UfybgEZi7uvA13jkGzZpsg5K|88250674,transaction|wallet|transaction,|0.295306|0.414876,|0.147653|0.103719,|0.0083164|-2.98023e-08
320512210,2,transaction,88250674,True,True,3,320512210|39sfuA8pY4UfybgEZi7uvA13jkGzZpsg5K|88250674,transaction|wallet|transaction,|0.295306|0.414876,|0.147653|0.103719,|0.00795841|-2.98023e-08
348230493,2,transaction,88250674,True,True,3,348230493|39sfuA8pY4UfybgEZi7uvA13jkGzZpsg5K|88250674,transaction|wallet|transaction,|0.295306|0.414876,|0.147653|0.103719,|0.00758415|-2.98023e-08
386050098,2,transaction,88250674,True,True,3,386050098|39sfuA8pY4UfybgEZi7uvA13jkGzZpsg5K|88250674,transaction|wallet|transaction,|0.295306|0.414876,|0.147653|0.103719,|0.00835308|-2.98023e-08
386085453,2,transaction,88250674,True,True,3,386085453|39sfuA8pY4UfybgEZi7uvA13jkGzZpsg5K|88250674,transaction|wallet|transaction,|0.295306|0.414876,|0.147653|0.103719,|0.00840458|-2.98023e-08
179428461,2,transaction,88250674,True,True,3,179428461|39sfuA8pY4UfybgEZi7uvA13jkGzZpsg5K|88250674,transaction|wallet|transaction,|0.295306|0.414876,|0.147653|0.103719,|0.00859416|-2.98023e-08
355009653,2,transaction,88250674,True,True,3,355009653|39sfuA8pY4UfybgEZi7uvA13jkGzZpsg5K|88250674,transaction|wallet|transaction,|0.295306|0.414876,|0.147653|0.103719,|0.00840294|-2.98023e-08
355009671,2,transaction,88250674,True,True,3,355009671|39sfuA8pY4UfybgEZi7uvA13jkGzZpsg5K|88250674,transaction|wallet|transaction,|0.295306|0.414876,|0.147653|0.103719,|0.00846624|-2.98023e-08
355009708,2,transaction,88250674,True,True,3,355009708|39sfuA8pY4UfybgEZi7uvA13jkGzZpsg5K|88250674,transaction|wallet|transaction,|0.295306|0.414876,|0.147653|0.103719,|0.0082823|-2.98023e-08
355009720,2,transaction,88250674,True,True,3,355009720|39sfuA8pY4UfybgEZi7uvA13jkGzZpsg5K|88250674,transaction|wallet|transaction,|0.295306|0.414876,|0.147653|0.103719,|0.0105426|-2.98023e-08
355110093,2,transaction,88250674,True,True,3,355110093|39sfuA8pY4UfybgEZi7uvA13jkGzZpsg5K|88250674,transaction|wallet|transaction,|0.295306|0.414876,|0.147653|0.103719,|0.00896636|-2.98023e-08
355110131,2,transaction,88250674,True,True,3,355110131|39sfuA8pY4UfybgEZi7uvA13jkGzZpsg5K|88250674,transaction|wallet|transaction,|0.295306|0.414876,|0.147653|0.103719,|0.0100432|-2.98023e-08
355110135,2,transaction,88250674,True,True,3,355110135|39sfuA8pY4UfybgEZi7uvA13jkGzZpsg5K|88250674,transaction|wallet|transaction,|0.295306|0.414876,|0.147653|0.103719,|0.00874257|-2.98023e-08
355128667,2,transaction,88250674,True,True,3,355128667|39sfuA8pY4UfybgEZi7uvA13jkGzZpsg5K|88250674,transaction|wallet|transaction,|0.295306|0.414876,|0.147653|0.103719,|0.00815061|-2.98023e-08
355128677,2,transaction,88250674,True,True,3,355128677|39sfuA8pY4UfybgEZi7uvA13jkGzZpsg5K|88250674,transaction|wallet|transaction,|0.295306|0.414876,|0.147653|0.103719,|0.00820154|-2.98023e-08
355128730,2,transaction,88250674,True,True,3,355128730|39sfuA8pY4UfybgEZi7uvA13jkGzZpsg5K|88250674,transaction|wallet|transaction,|0.295306|0.414876,|0.147653|0.103719,|0.00834051|-2.98023e-08
355158933,2,transaction,88250674,True,True,3,355158933|39sfuA8pY4UfybgEZi7uvA13jkGzZpsg5K|88250674,transaction|wallet|transaction,|0.295306|0.414876,|0.147653|0.103719,|0.00854653|-2.98023e-08
355998241,2,transaction,88250674,True,True,3,355998241|39sfuA8pY4UfybgEZi7uvA13jkGzZpsg5K|88250674,transaction|wallet|transaction,|0.295306|0.414876,|0.147653|0.103719,|0.00955793|-2.98023e-08
355998296,2,transaction,88250674,True,True,3,355998296|39sfuA8pY4UfybgEZi7uvA13jkGzZpsg5K|88250674,transaction|wallet|transaction,|0.295306|0.414876,|0.147653|0.103719,|0.00918984|-2.98023e-08
12662264,2,transaction,12662269,True,True,3,12662264|1PjnYCFesKBk9yFfhjrtVKjiUVsWtr26VY|12662269,transaction|wallet|transaction,|0.283181|0.408107,|0.141591|0.408107,|0.00191689|0.120995
72631002,2,transaction,72297314,True,True,3,72631002|1BM7ZwR2BvPx9CGEPzHQTuEttfDYdK6veS|72297314,transaction|wallet|transaction,|0.290017|0.414707,|0.145009|0.207353,|0.00948349|8.71718e-05
17796937,1,wallet,1A36nVdKAa1e9XSswTSDUyDXFSgu3tiDnR,True,True,2,17796937|1A36nVdKAa1e9XSswTSDUyDXFSgu3tiDnR,transaction|wallet,|0.280766,|0.0701916,|0.0632002
309924066,1,wallet,1AHhXtriHFbjksYT7po76EC7jULr3yqkD4,True,True,2,309924066|1AHhXtriHFbjksYT7po76EC7jULr3yqkD4,transaction|wallet,|0.280917,|0.280917,|0.581617
245140933,1,wallet,19JWq6TpufynhhjBMzckfgHxsWSHytEpuA,True,True,2,245140933|19JWq6TpufynhhjBMzckfgHxsWSHytEpuA,transaction|wallet,|0.28092,|0.28092,|0.573592
44066252,1,wallet,1NZDTMfrY9Mn53xcbe1hhPhhQ6PWzmbeE7,True,True,2,44066252|1NZDTMfrY9Mn53xcbe1hhPhhQ6PWzmbeE7,transaction|wallet,|0.280932,|0.280932,|0.575002
45751341,1,wallet,1CxDL6H6RtRUG6pLawnSrgieyjEeTxJLZb,True,True,2,45751341|1CxDL6H6RtRUG6pLawnSrgieyjEeTxJLZb,transaction|wallet,|0.280858,|0.0936192,|0.0333555
86739424,1,wallet,1HBKMEMrzpiD63SofRozPzuGsbkDrnACmY,True,True,2,86739424|1HBKMEMrzpiD63SofRozPzuGsbkDrnACmY,transaction|wallet,|0.280914,|0.0936378,|0.184515
224256963,1,wallet,1DRb7JYZaHf4ed1zyjGi8G8enL3w8F9ZW8,True,True,2,224256963|1DRb7JYZaHf4ed1zyjGi8G8enL3w8F9ZW8,transaction|wallet,|0.280922,|0.140461,|0.445723
94654144,1,wallet,12BoAM4jiWD1z346TE1VVhNDJpwaizf9w4,True,True,2,94654144|12BoAM4jiWD1z346TE1VVhNDJpwaizf9w4,transaction|wallet,|0.280831,|0.280831,|0.295001
94654153,1,wallet,1Pu7xY9AAn14mcVEuSG8yMwuMURakvy84D,True,True,2,94654153|1Pu7xY9AAn14mcVEuSG8yMwuMURakvy84D,transaction|wallet,|0.280831,|0.280831,|0.295598
94654155,1,wallet,1E4iQZxberp3ioCANFHzLKTsdERwP3rofA,True,True,2,94654155|1E4iQZxberp3ioCANFHzLKTsdERwP3rofA,transaction|wallet,|0.280831,|0.280831,|0.293229
94654163,1,wallet,1L7DRsknVyvmKan5fQ54QnSiPj4fPWuZH9,True,True,2,94654163|1L7DRsknVyvmKan5fQ54QnSiPj4fPWuZH9,transaction|wallet,|0.280828,|0.280828,|0.285118
94654174,1,wallet,1K9Zp8B2SjFeyiSTWMzw6jJARZkxto3pPN,True,True,2,94654174|1K9Zp8B2SjFeyiSTWMzw6jJARZkxto3pPN,transaction|wallet,|0.280808,|0.280808,|0.218771
94654258,1,wallet,16U8WfYZkbskBwcJmKJDuEUY2rbJQhxbNF,True,True,2,94654258|16U8WfYZkbskBwcJmKJDuEUY2rbJQhxbNF,transaction|wallet,|0.280831,|0.280831,|0.295031
41249229,1,wallet,1Ankd48sB4LStxg1caZuUCjQcqMhdLLj6L,True,True,2,41249229|1Ankd48sB4LStxg1caZuUCjQcqMhdLLj6L,transaction|wallet,|0.21959,|0.109795,|0.0922275
190005963,1,wallet,1KNEZ4tqeSBiHqUf8Uj2aFwMwD7JMG44go,True,True,2,190005963|1KNEZ4tqeSBiHqUf8Uj2aFwMwD7JMG44go,transaction|wallet,|0.287209,|0.143604,|0.499603
190014025,1,wallet,1GmRvVdsGNfaLXW6MSEYqUWpXMAfm2PecN,True,True,2,190014025|1GmRvVdsGNfaLXW6MSEYqUWpXMAfm2PecN,transaction|wallet,|0.280799,|0.280799,|0.173147
191107597,1,wallet,1Lk5Eax35hRrossE8bW3ZHsecsrtXWu6E7,True,True,2,191107597|1Lk5Eax35hRrossE8bW3ZHsecsrtXWu6E7,transaction|wallet,|0.191603,|0.0958016,|0.119903
191632187,1,wallet,1CKe74Pg48i93pCt2uxfGhYARjnGLRgtgr,True,True,2,191632187|1CKe74Pg48i93pCt2uxfGhYARjnGLRgtgr,transaction|wallet,|0.281886,|0.140943,|0.499989
175406512,1,wallet,1NyKue3cheDpyMwbGviz3AsT6eyu6PcKcM,True,True,2,175406512|1NyKue3cheDpyMwbGviz3AsT6eyu6PcKcM,transaction|wallet,|0.280864,|0.280864,|0.363754
175758299,1,wallet,1cYjN4WeM58cFF52KRXAs9zZKT26dzPYu,True,True,2,175758299|1cYjN4WeM58cFF52KRXAs9zZKT26dzPYu,transaction|wallet,|0.280859,|0.280859,|0.344209
179039624,1,wallet,178ox2QQDXEhK8L5mqpbzgHzx5UikRrfto,True,True,2,179039624|178ox2QQDXEhK8L5mqpbzgHzx5UikRrfto,transaction|wallet,|0.14961,|0.074805,|0.416489
226667672,1,wallet,1D72aueF33facsShpznpUNsxBtL4mvK1Q5,True,True,2,226667672|1D72aueF33facsShpznpUNsxBtL4mvK1Q5,transaction|wallet,|0.280859,|0.280859,|0.343839
234565856,1,wallet,1JFoN67qCbrBzdRnEPYYJYRw9N5GrUGjZA,True,True,2,234565856|1JFoN67qCbrBzdRnEPYYJYRw9N5GrUGjZA,transaction|wallet,|0.287435,|0.143717,|0.499969
234672024,1,wallet,1BxC7DCaP5h1rra1yg5VMeumy9qfa21BQ3,True,True,2,234672024|1BxC7DCaP5h1rra1yg5VMeumy9qfa21BQ3,transaction|wallet,|0.280887,|0.280887,|0.38016
234672033,1,wallet,1DWJeWNk1A6VNKHBRXrs5Df84uNaaeTsHH,True,True,2,234672033|1DWJeWNk1A6VNKHBRXrs5Df84uNaaeTsHH,transaction|wallet,|0.280902,|0.280902,|0.413452
234711176,1,wallet,1LRWjGqxqyhYQucBHV5Eaik4Y7CFPaRQ5X,True,True,2,234711176|1LRWjGqxqyhYQucBHV5Eaik4Y7CFPaRQ5X,transaction|wallet,|0.280891,|0.280891,|0.390093
235427807,1,wallet,1CXFa3MbB7BuedFZpvduPFYS8BBdq47Din,True,True,2,235427807|1CXFa3MbB7BuedFZpvduPFYS8BBdq47Din,transaction|wallet,|0.280892,|0.280892,|0.391423
235427814,1,wallet,13Gth43bHj4tUkDNRvve7384QFc8GvVEec,True,True,2,235427814|13Gth43bHj4tUkDNRvve7384QFc8GvVEec,transaction|wallet,|0.280892,|0.280892,|0.388069
139667444,1,wallet,1Gq9iSBM3nLMsg27QcNLJewU6BYzaAvrTf,True,True,2,139667444|1Gq9iSBM3nLMsg27QcNLJewU6BYzaAvrTf,transaction|wallet,|0.280834,|0.280834,|0.178082
339057127,1,wallet,1BxerTm8RcVm7XoywJcpLy2ai3krFx4Cgo,True,True,2,339057127|1BxerTm8RcVm7XoywJcpLy2ai3krFx4Cgo,transaction|wallet,|0.280915,|0.280915,|0.405388
339057135,1,wallet,1LiPzgauEpq5MN2a5V3MALSLF2aesAdXBK,True,True,2,339057135|1LiPzgauEpq5MN2a5V3MALSLF2aesAdXBK,transaction|wallet,|0.28093,|0.28093,|0.43371
339057213,1,wallet,1GoLwfNPVcPfV3byeSn4vxfzpHttJXAV3S,True,True,2,339057213|1GoLwfNPVcPfV3byeSn4vxfzpHttJXAV3S,transaction|wallet,|0.280929,|0.280929,|0.432235
339057234,1,wallet,1ANzMmGD5UC3SMukDdiepBtXmVg8n658Qc,True,True,2,339057234|1ANzMmGD5UC3SMukDdiepBtXmVg8n658Qc,transaction|wallet,|0.280934,|0.280934,|0.440442
339057493,1,wallet,1BTtB52wbjp37FPBmAJ9SavcAPfWjfyBw8,True,True,2,339057493|1BTtB52wbjp37FPBmAJ9SavcAPfWjfyBw8,transaction|wallet,|0.280933,|0.280933,|0.438605
339057515,1,wallet,1AymBjS6i6ric7SmKEKBmKVNgUhbSrW8nz,True,True,2,339057515|1AymBjS6i6ric7SmKEKBmKVNgUhbSrW8nz,transaction|wallet,|0.280878,|0.280878,|0.315054
339057536,1,wallet,16iM9ZwGNdPE6iVz9wHPd7YzRjQ69zazw,True,True,2,339057536|16iM9ZwGNdPE6iVz9wHPd7YzRjQ69zazw,transaction|wallet,|0.280867,|0.280867,|0.283373
339057556,1,wallet,1PRv1XpuKhDBCX4vMLk8TcNuBnqYeu4Yzx,True,True,2,339057556|1PRv1XpuKhDBCX4vMLk8TcNuBnqYeu4Yzx,transaction|wallet,|0.280929,|0.280929,|0.432984
339057668,1,wallet,17tfrSSzbHiadXRYYTv1Kxwvn1EGAPAnnA,True,True,2,339057668|17tfrSSzbHiadXRYYTv1Kxwvn1EGAPAnnA,transaction|wallet,|0.280913,|0.280913,|0.399902
339057857,1,wallet,1KgFcKWTbbBRQJDUZ9zz8JVntp9Gz73MVN,True,True,2,339057857|1KgFcKWTbbBRQJDUZ9zz8JVntp9Gz73MVN,transaction|wallet,|0.280931,|0.280931,|0.43609
339057903,1,wallet,18yS9aRpBQNVuqHFPEDnazMsTDm15dgk5o,True,True,2,339057903|18yS9aRpBQNVuqHFPEDnazMsTDm15dgk5o,transaction|wallet,|0.280912,|0.280912,|0.398645
339057920,1,wallet,15XoEsvNdpWsgzRVP2hBWxNaDQwTzyzxmo,True,True,2,339057920|15XoEsvNdpWsgzRVP2hBWxNaDQwTzyzxmo,transaction|wallet,|0.280934,|0.280934,|0.4417
339057949,1,wallet,1LpFZPqSTTWTJAFTP1B8nFiyHnYqqAAmjd,True,True,2,339057949|1LpFZPqSTTWTJAFTP1B8nFiyHnYqqAAmjd,transaction|wallet,|0.280882,|0.280882,|0.324843
339057979,1,wallet,1PK6NhsNM7jHT47RcLgRyaJJ5xMLwzZC7A,True,True,2,339057979|1PK6NhsNM7jHT47RcLgRyaJJ5xMLwzZC7A,transaction|wallet,|0.280933,|0.280933,|0.43873
339058299,1,wallet,1Gsb8cVt7TrJbHn46LywYdednEPnDWrvFr,True,True,2,339058299|1Gsb8cVt7TrJbHn46LywYdednEPnDWrvFr,transaction|wallet,|0.280891,|0.280891,|0.349036
339058347,1,wallet,14MMSQMGH4JHRQ7d7jzUZjoYeQL8ZKeQEZ,True,True,2,339058347|14MMSQMGH4JHRQ7d7jzUZjoYeQL8ZKeQEZ,transaction|wallet,|0.280931,|0.280931,|0.430602
339058536,1,wallet,16q9HtRemvTykVJV5twzwgPGLVkWbkRwrR,True,True,2,339058536|16q9HtRemvTykVJV5twzwgPGLVkWbkRwrR,transaction|wallet,|0.280931,|0.280931,|0.430166
339093169,1,wallet,16ZoyAXYXhLeAnEbL3JnrRvjK5NFvi1yvD,True,True,2,339093169|16ZoyAXYXhLeAnEbL3JnrRvjK5NFvi1yvD,transaction|wallet,|0.280924,|0.280924,|0.423016
339093171,1,wallet,1fLXBAaHyZkLyLH2AezHQAE5RPKe2xH3M,True,True,2,339093171|1fLXBAaHyZkLyLH2AezHQAE5RPKe2xH3M,transaction|wallet,|0.280931,|0.280931,|0.436413
339093928,1,wallet,17NjQZ1veG3XDE61okk8A2c8JaDawVx8gF,True,True,2,339093928|17NjQZ1veG3XDE61okk8A2c8JaDawVx8gF,transaction|wallet,|0.292875,|0.146438,|0.00108072
339094183,1,wallet,17QV85afVHqVTTVk6j828bsma5bB3aMWdC,True,True,2,339094183|17QV85afVHqVTTVk6j828bsma5bB3aMWdC,transaction|wallet,|0.256249,|0.128125,|0.499737
339094197,1,wallet,17QV85afVHqVTTVk6j828bsma5bB3aMWdC,True,True,2,339094197|17QV85afVHqVTTVk6j828bsma5bB3aMWdC,transaction|wallet,|0.256249,|0.128125,|0.49986
339095120,1,wallet,1MfBTeZ5ZLe1ncivfGynsk9gfKReihm2UU,True,True,2,339095120|1MfBTeZ5ZLe1ncivfGynsk9gfKReihm2UU,transaction|wallet,|0.280927,|0.280927,|0.428208
339095567,1,wallet,1KLdez7b7kjsnPNar4FPB2LLNCvKAaeaZD,True,True,2,339095567|1KLdez7b7kjsnPNar4FPB2LLNCvKAaeaZD,transaction|wallet,|0.280933,|0.280933,|0.439766
339097021,1,wallet,1MoiccGd9vaDh5B7bHxarphfExaCwgMDBV,True,True,2,339097021|1MoiccGd9vaDh5B7bHxarphfExaCwgMDBV,transaction|wallet,|0.280916,|0.280916,|0.405113
339097069,1,wallet,1EUCuiWBWuhk5aLZfxZQPsSXyQwD5NXGJa,True,True,2,339097069|1EUCuiWBWuhk5aLZfxZQPsSXyQwD5NXGJa,transaction|wallet,|0.280921,|0.280921,|0.416123
339553108,1,wallet,1DshVpdhxHzUQefZ8HPwJXjFPWxGhB1gCu,True,True,2,339553108|1DshVpdhxHzUQefZ8HPwJXjFPWxGhB1gCu,transaction|wallet,|0.282579,|0.141289,|0.499998
15236485,1,wallet,1Hd8BUPf2zk3MNqNPhz9fo9MboyBb8nYeY,True,True,2,15236485|1Hd8BUPf2zk3MNqNPhz9fo9MboyBb8nYeY,transaction|wallet,|0.280946,|0.280946,|0.444937
16155707,1,wallet,1KW7WEQF6mZVZ62WjtHmFYQAndCP3Yq6hc,True,True,2,16155707|1KW7WEQF6mZVZ62WjtHmFYQAndCP3Yq6hc,transaction|wallet,|0.0879619,|0.043981,|0.242975
238193262,1,wallet,1GmDKD4VVHZncEo5L87pVdnZVdjt3VMZ9T,True,True,2,238193262|1GmDKD4VVHZncEo5L87pVdnZVdjt3VMZ9T,transaction|wallet,|0.134193,|0.0670967,|0.497872
238216105,1,wallet,156C3dmbWqhhEpsoXZVwqQzPsHx9C3yrPV,True,True,2,238216105|156C3dmbWqhhEpsoXZVwqQzPsHx9C3yrPV,transaction|wallet,|0.280925,|0.280925,|0.384372
238363563,1,wallet,1Dy99uh3GgaPMW5TEUj8QFPiPMJ9b9E9Aj,True,True,2,238363563|1Dy99uh3GgaPMW5TEUj8QFPiPMJ9b9E9Aj,transaction|wallet,|0.276154,|0.138077,|0.499865
243780683,1,wallet,1KyXhQCijGdWEjHMH38G5bUVrB5YY5Zdmt,True,True,2,243780683|1KyXhQCijGdWEjHMH38G5bUVrB5YY5Zdmt,transaction|wallet,|0.273063,|0.136531,|0.488259
244629141,1,wallet,1KQhdSBbWFamuNxNJu5xGopVEgoibaWkF3,True,True,2,244629141|1KQhdSBbWFamuNxNJu5xGopVEgoibaWkF3,transaction|wallet,|0.280964,|0.280964,|0.45718
244629224,1,wallet,12gG1HDTAbpJeVZosSzRW3rmF2ZPEitae5,True,True,2,244629224|12gG1HDTAbpJeVZosSzRW3rmF2ZPEitae5,transaction|wallet,|0.280966,|0.280966,|0.459137
244629522,1,wallet,1P93GPiwaZe8DLNQ8nEF7jrfYkr9oDdNh2,True,True,2,244629522|1P93GPiwaZe8DLNQ8nEF7jrfYkr9oDdNh2,transaction|wallet,|0.280962,|0.280962,|0.453037
244629936,1,wallet,1EMdrFm1kMJLGTCkSyJQzh6EkF8yNZV9Ni,True,True,2,244629936|1EMdrFm1kMJLGTCkSyJQzh6EkF8yNZV9Ni,transaction|wallet,|0.280961,|0.280961,|0.452056
244629967,1,wallet,18UDL4e1ejMEJi27cFMx1JY3iDM9tU3g7w,True,True,2,244629967|18UDL4e1ejMEJi27cFMx1JY3iDM9tU3g7w,transaction|wallet,|0.280959,|0.280959,|0.449511
244630878,1,wallet,13dVkSkAxG1pn4KXGLYdgsL3Y1yQgAEMqw,True,True,2,244630878|13dVkSkAxG1pn4KXGLYdgsL3Y1yQgAEMqw,transaction|wallet,|0.280959,|0.280959,|0.448384
378059853,1,wallet,1Lyf8PEVsHBtVJcDUW5jMWfrAbkUxNQncf,True,True,2,378059853|1Lyf8PEVsHBtVJcDUW5jMWfrAbkUxNQncf,transaction|wallet,|0.280966,|0.280966,|0.442409
378066434,1,wallet,12JorEyJptuF8Xm1ACBP8K1vQWtEEnAdAk,True,True,2,378066434|12JorEyJptuF8Xm1ACBP8K1vQWtEEnAdAk,transaction|wallet,|0.147152,|0.147152,|0.566384
378103023,1,wallet,1PmsWJxSMTYouT2Kvwpxp4g8o8aVg8xron,True,True,2,378103023|1PmsWJxSMTYouT2Kvwpxp4g8o8aVg8xron,transaction|wallet,|0.280939,|0.0936463,|0.0627485
378249399,1,wallet,12JorEyJptuF8Xm1ACBP8K1vQWtEEnAdAk,True,True,2,378249399|12JorEyJptuF8Xm1ACBP8K1vQWtEEnAdAk,transaction|wallet,|0.147152,|0.0735758,|0.493847
378330462,1,wallet,1M3AWdp1Zp8jScKvCk2JwTjgUfz8hnaFHb,True,True,2,378330462|1M3AWdp1Zp8jScKvCk2JwTjgUfz8hnaFHb,transaction|wallet,|0.280955,|0.280955,|0.31711
378601867,1,wallet,1FFmdPSQChhFiFa36fk9Q9Y9GND3hnDQC8,True,True,2,378601867|1FFmdPSQChhFiFa36fk9Q9Y9GND3hnDQC8,transaction|wallet,|0.266207,|0.133103,|0.487078
390498171,1,wallet,1AJVZxX2bLpvi8PpMwUib5kn8ZXuaV3mJu,True,True,2,390498171|1AJVZxX2bLpvi8PpMwUib5kn8ZXuaV3mJu,transaction|wallet,|0.272767,|0.136383,|0.499972
390577639,1,wallet,1PzANmsLDZihgdK8xXCbU7uWbVrcDDvijx,True,True,2,390577639|1PzANmsLDZihgdK8xXCbU7uWbVrcDDvijx,transaction|wallet,|0.285495,|0.142747,|0.499998
390582026,1,wallet,16RGzwzJbU5qNnfv3GDKkPnEvhWYYnKyoq,True,True,2,390582026|16RGzwzJbU5qNnfv3GDKkPnEvhWYYnKyoq,transaction|wallet,|0.280988,|0.280988,|0.449308
248886903,1,wallet,1MfGB9Ny1joE9ATUVGupbkqi1EknZHAPAU,True,True,2,248886903|1MfGB9Ny1joE9ATUVGupbkqi1EknZHAPAU,transaction|wallet,|0.280998,|0.280998,|0.445176
249336360,1,wallet,14kHC63LVteaWj6hRPNcZWH7JugGcRxiEL,True,True,2,249336360|14kHC63LVteaWj6hRPNcZWH7JugGcRxiEL,transaction|wallet,|0.27101,|0.135505,|0.492986
363087236,1,wallet,1PBx1BmhUdeMEZA87SagYthyY3LXD9Vanb,True,True,2,363087236|1PBx1BmhUdeMEZA87SagYthyY3LXD9Vanb,transaction|wallet,|0.281008,|0.281008,|0.434182
363087644,1,wallet,17pHVnJ3kbYfLoBVwjT3fEGLFtjHtZ4Bw5,True,True,2,363087644|17pHVnJ3kbYfLoBVwjT3fEGLFtjHtZ4Bw5,transaction|wallet,|0.281014,|0.281014,|0.44288
363090925,1,wallet,151V7fuQL9WGYgbReYdywMiAkqGJ6Jtydu,True,True,2,363090925|151V7fuQL9WGYgbReYdywMiAkqGJ6Jtydu,transaction|wallet,|0.28101,|0.28101,|0.434459
363092551,1,wallet,1G2EbB7n5CFJnt4rW7oYWbF3jz8kGn81W2,True,True,2,363092551|1G2EbB7n5CFJnt4rW7oYWbF3jz8kGn81W2,transaction|wallet,|0.281013,|0.281013,|0.434713
60102676,1,wallet,1NUm3Fq1W1AEvTHeWV62q8cjh87zqn8M2F,True,True,2,60102676|1NUm3Fq1W1AEvTHeWV62q8cjh87zqn8M2F,transaction|wallet,|0.279544,|0.139772,|0.499983
60114653,1,wallet,1QJHQe7MviF8fMnW7rGhAMxveEogqiiztY,True,True,2,60114653|1QJHQe7MviF8fMnW7rGhAMxveEogqiiztY,transaction|wallet,|0.26632,|0.13316,|0.499552
208930291,1,wallet,12pR45uxoPdLcrSLzoLmurTcLUSLJ7aCXo,True,True,2,208930291|12pR45uxoPdLcrSLzoLmurTcLUSLJ7aCXo,transaction|wallet,|0.281019,|0.281019,|0.407856
208930307,1,wallet,1GaNXC4Gef3Uj6MJzvnoSUEXGAdtKNWZ6o,True,True,2,208930307|1GaNXC4Gef3Uj6MJzvnoSUEXGAdtKNWZ6o,transaction|wallet,|0.281001,|0.281001,|0.366054
209050859,1,wallet,14wdxjRQNwbQAbkVJR5rrYHM8ZFexaLcy2,True,True,2,209050859|14wdxjRQNwbQAbkVJR5rrYHM8ZFexaLcy2,transaction|wallet,|0.285302,|0.142651,|0.499113
209124207,1,wallet,148pGdC15ByoviDGq2sc9mRHXYkPS7ctif,True,True,2,209124207|148pGdC15ByoviDGq2sc9mRHXYkPS7ctif,transaction|wallet,|0.281015,|0.281015,|0.382762
209525915,1,wallet,12jmqvagUms5MxvyXHhKHn84ztvvqXQZgc,True,True,2,209525915|12jmqvagUms5MxvyXHhKHn84ztvvqXQZgc,transaction|wallet,|0.281029,|0.281029,|0.449114
209526041,1,wallet,1NQWMy1pcjQ6NaA5tw46nNRh2MLDWyfZ1U,True,True,2,209526041|1NQWMy1pcjQ6NaA5tw46nNRh2MLDWyfZ1U,transaction|wallet,|0.281029,|0.281029,|0.448688
209527121,1,wallet,1LMFyCq8Fhkb6MPGbYoNKj4yiGe5r6CZCf,True,True,2,209527121|1LMFyCq8Fhkb6MPGbYoNKj4yiGe5r6CZCf,transaction|wallet,|0.28102,|0.28102,|0.429882
209681254,1,wallet,1HtUPLQWu1k1ZBmcvmiS6D8qREzjaFcdoD,True,True,2,209681254|1HtUPLQWu1k1ZBmcvmiS6D8qREzjaFcdoD,transaction|wallet,|0.280884,|0.280884,|0.0856864
209682855,1,wallet,17oerazzPnR5TQ3k84cecHUTgG5KfCsxbY,True,True,2,209682855|17oerazzPnR5TQ3k84cecHUTgG5KfCsxbY,transaction|wallet,|0.281023,|0.281023,|0.432917
209682872,1,wallet,1ABA7RC7t4RzmX8XF9pNB51PkCnPr7TZ29,True,True,2,209682872|1ABA7RC7t4RzmX8XF9pNB51PkCnPr7TZ29,transaction|wallet,|0.281025,|0.281025,|0.436775
209683152,1,wallet,1EgxcwcKMzGx2qnK1n633jxA5BNtCmGeba,True,True,2,209683152|1EgxcwcKMzGx2qnK1n633jxA5BNtCmGeba,transaction|wallet,|0.280939,|0.280939,|0.251075
209701748,1,wallet,1BzLTBQw8m11DdZhyhMUrxNXdXx4X5TLEv,True,True,2,209701748|1BzLTBQw8m11DdZhyhMUrxNXdXx4X5TLEv,transaction|wallet,|0.280995,|0.280995,|0.386463
209722177,1,wallet,15ZjVqFPLhqoKVCrWPjKjY5p2tWgUZ5152,True,True,2,209722177|15ZjVqFPLhqoKVCrWPjKjY5p2tWgUZ5152,transaction|wallet,|0.281021,|0.281021,|0.429754
209921280,1,wallet,15sNhF6rwRfeK6ozEXAf8XbwDNm2821Y7B,True,True,2,209921280|15sNhF6rwRfeK6ozEXAf8XbwDNm2821Y7B,transaction|wallet,|0.28102,|0.28102,|0.440491
209921981,1,wallet,19mfdWbH7Ydfysrb3Z9bFNomYQzHNUXPcg,True,True,2,209921981|19mfdWbH7Ydfysrb3Z9bFNomYQzHNUXPcg,transaction|wallet,|0.280998,|0.280998,|0.402756
209922223,1,wallet,1QBgQpiFHPKx9MmvtnqduaLMHqChUr4QgN,True,True,2,209922223|1QBgQpiFHPKx9MmvtnqduaLMHqChUr4QgN,transaction|wallet,|0.281027,|0.281027,|0.458321
209946182,1,wallet,1JtzaQLhbdscW4mPGPmjAV5VCbdDixwtmN,True,True,2,209946182|1JtzaQLhbdscW4mPGPmjAV5VCbdDixwtmN,transaction|wallet,|0.208404,|0.104202,|0.497985
209946889,1,wallet,15EYFApnotyaetyD4EEdWLf2nFU7ZXybQe,True,True,2,209946889|15EYFApnotyaetyD4EEdWLf2nFU7ZXybQe,transaction|wallet,|0.210714,|0.105357,|0.497983
210639339,1,wallet,1ERsX6ztNgXkbfY3pjG2awbM6KNgBekGCY,True,True,2,210639339|1ERsX6ztNgXkbfY3pjG2awbM6KNgBekGCY,transaction|wallet,|0.26759,|0.133795,|0.499967
210642699,1,wallet,1KM6zvAbdSuno6LFXKpRFh8P2oTEjaqh7q,True,True,2,210642699|1KM6zvAbdSuno6LFXKpRFh8P2oTEjaqh7q,transaction|wallet,|0.267622,|0.133811,|0.0531231
99191418,1,wallet,1ADwq8aVzCVWHysRwJm887a1EECzPR2mBb,True,True,2,99191418|1ADwq8aVzCVWHysRwJm887a1EECzPR2mBb,transaction|wallet,|0.286518,|0.143259,|0.499912
99258542,1,wallet,1MwfWXeBn33QzZDmzYiFeWbwKjp6r4yM9Z,True,True,2,99258542|1MwfWXeBn33QzZDmzYiFeWbwKjp6r4yM9Z,transaction|wallet,|0.281024,|0.281024,|0.396282
310425436,1,wallet,179KVb4Lmtf1baTnTjFiipv7JBKeQWsfNW,True,True,2,310425436|179KVb4Lmtf1baTnTjFiipv7JBKeQWsfNW,transaction|wallet,|0.281049,|0.281049,|0.438784
312451640,1,wallet,12bR61PNckxkBB6HPG7uGZqpPENEuxTfYQ,True,True,2,312451640|12bR61PNckxkBB6HPG7uGZqpPENEuxTfYQ,transaction|wallet,|0.281054,|0.140527,|0.0465568
353402588,1,wallet,18n4XFQN3GcHr6DBYMz1WTY8FWr2QTwuo4,True,True,2,353402588|18n4XFQN3GcHr6DBYMz1WTY8FWr2QTwuo4,transaction|wallet,|0.281012,|0.0401446,|-0.00283997
368746484,1,wallet,1KNZfnY2RJkVqZGGZ2XrTbew76k8QjsYMT,True,True,2,368746484|1KNZfnY2RJkVqZGGZ2XrTbew76k8QjsYMT,transaction|wallet,|0.273428,|0.136714,|0.492935
372670818,1,wallet,1JZyc4dGC1iUHrsve6Q1cmZBFPrvoeeLhx,True,True,2,372670818|1JZyc4dGC1iUHrsve6Q1cmZBFPrvoeeLhx,transaction|wallet,|0.26042,|0.13021,|0.497905
372726149,1,wallet,1KM1jEXXJq6LXohLmT2EoRrys653DExzQX,True,True,2,372726149|1KM1jEXXJq6LXohLmT2EoRrys653DExzQX,transaction|wallet,|0.277789,|0.138895,|0.484016
372726695,1,wallet,17aFxZVYwMdDaMSQZrkVDTqs4oogRjobqb,True,True,2,372726695|17aFxZVYwMdDaMSQZrkVDTqs4oogRjobqb,transaction|wallet,|0.271266,|0.135633,|0.00308084
372960919,1,wallet,1NYPXcFtfTMQMyHCVHrkPgMTb1nyGvJAeV,True,True,2,372960919|1NYPXcFtfTMQMyHCVHrkPgMTb1nyGvJAeV,transaction|wallet,|0.281049,|0.281049,|0.43775
228445982,1,wallet,1Km7wQf9yUgwhhc6RybdTaLmp6cb4YQyCW,True,True,2,228445982|1Km7wQf9yUgwhhc6RybdTaLmp6cb4YQyCW,transaction|wallet,|0.281055,|0.140528,|0.0219897
331566091,1,wallet,14t4f9iEXx8AXnppBjTMKMhyqzBgRTKH1W,True,True,2,331566091|14t4f9iEXx8AXnppBjTMKMhyqzBgRTKH1W,transaction|wallet,|0.281049,|0.0702623,|0.00247753
331573663,1,wallet,1LaNXgq2ctDEa4fTha6PTo8sucqzieQctq,True,True,2,331573663|1LaNXgq2ctDEa4fTha6PTo8sucqzieQctq,transaction|wallet,|0.293068,|0.146534,|0.498824
228443875,1,wallet,12wcUe5iW14MwLAn6dXa3wSE75mgiZ6fm1,True,True,2,228443875|12wcUe5iW14MwLAn6dXa3wSE75mgiZ6fm1,transaction|wallet,|0.281067,|0.0936891,|0.0119224
272153910,1,wallet,1FFbTwkCBG4XNRSv5ePJvnr138tP1SgFVz,True,True,2,272153910|1FFbTwkCBG4XNRSv5ePJvnr138tP1SgFVz,transaction|wallet,|0.281072,|0.140536,|0.0225117
272432438,1,wallet,1PgJchfjStvmfsemadJZs8F3uP2MmkEzJV,True,True,2,272432438|1PgJchfjStvmfsemadJZs8F3uP2MmkEzJV,transaction|wallet,|0.281073,|0.281073,|0.432363
272432446,1,wallet,15Uh9FTkzP9srMDTpecSuPyJ26cFefDq1A,True,True,2,272432446|15Uh9FTkzP9srMDTpecSuPyJ26cFefDq1A,transaction|wallet,|0.281049,|0.281049,|0.392701
272529611,1,wallet,1KZzKAiz8WRRysJLktZRiP3QuHmrbSoBzc,True,True,2,272529611|1KZzKAiz8WRRysJLktZRiP3QuHmrbSoBzc,transaction|wallet,|0.281032,|0.281032,|0.356397
269459825,1,wallet,1N37pdjgzr1kMiZco39CSWj3Kd7nbZEHBQ,True,True,2,269459825|1N37pdjgzr1kMiZco39CSWj3Kd7nbZEHBQ,transaction|wallet,|0.281075,|0.281075,|0.423
269501301,1,wallet,1BrfVr22cBixbESyFz793FqFiCbv6gSvFq,True,True,2,269501301|1BrfVr22cBixbESyFz793FqFiCbv6gSvFq,transaction|wallet,|0.281085,|0.281085,|0.431977
84321605,1,wallet,1JNac7ZHRf1qr9MT5cNgCTb6WzfqvuxyVU,True,True,2,84321605|1JNac7ZHRf1qr9MT5cNgCTb6WzfqvuxyVU,transaction|wallet,|0.281095,|0.281095,|0.435106
84720559,1,wallet,1BGHnvRy2r6S2AK6QJypdqr9EWUYjMoSxt,True,True,2,84720559|1BGHnvRy2r6S2AK6QJypdqr9EWUYjMoSxt,transaction|wallet,|0.282444,|0.141222,|0.5
85002291,1,wallet,1GDYsY9M7Mg9SiF2D3vXAAAdDH8W3u27ku,True,True,2,85002291|1GDYsY9M7Mg9SiF2D3vXAAAdDH8W3u27ku,transaction|wallet,|0.297134,|0.0330149,|0.00047244
85626501,1,wallet,1Duf7hj3ozRckgttwy83mHdvSMun6k71cW,True,True,2,85626501|1Duf7hj3ozRckgttwy83mHdvSMun6k71cW,transaction|wallet,|0.271666,|0.135833,|0.497368
294270491,1,wallet,13iRn2kKjvFXTNFpV9RmHRgxU4R4pbTPDj,True,True,2,294270491|13iRn2kKjvFXTNFpV9RmHRgxU4R4pbTPDj,transaction|wallet,|0.281102,|0.281102,|0.417935
294478105,1,wallet,16rLm3YDKgh6H95AKK8mkTDWr9yshMZhdZ,True,True,2,294478105|16rLm3YDKgh6H95AKK8mkTDWr9yshMZhdZ,transaction|wallet,|0.272402,|0.136201,|0.494782
294484659,1,wallet,1MZrPZn8TUoSEC5sFofviXBUqtffZrXHoa,True,True,2,294484659|1MZrPZn8TUoSEC5sFofviXBUqtffZrXHoa,transaction|wallet,|0.273386,|0.136693,|0.494769
139232036,1,wallet,1Q2AU9WgnjwaN2uL53eiZWCNRZAg841Aya,True,True,2,139232036|1Q2AU9WgnjwaN2uL53eiZWCNRZAg841Aya,transaction|wallet,|0.281099,|0.281099,|0.384165
139273999,1,wallet,1toW4TErghFzw1USw5a6dCACMaJfoYZ7x,True,True,2,139273999|1toW4TErghFzw1USw5a6dCACMaJfoYZ7x,transaction|wallet,|0.281105,|0.281105,|0.397355
139274004,1,wallet,1KzU3xx4Xt1RXFVfKRC8qDTCqQCf9bnpUF,True,True,2,139274004|1KzU3xx4Xt1RXFVfKRC8qDTCqQCf9bnpUF,transaction|wallet,|0.281109,|0.281109,|0.407535
139274008,1,wallet,1ah4nxgypNVJ8VAfePRU5cdNHT2gJQHEB,True,True,2,139274008|1ah4nxgypNVJ8VAfePRU5cdNHT2gJQHEB,transaction|wallet,|0.281111,|0.281111,|0.40865
139274010,1,wallet,1AZD3rDQcJQRsTZhdJ8ajnpSGj59YVo9yL,True,True,2,139274010|1AZD3rDQcJQRsTZhdJ8ajnpSGj59YVo9yL,transaction|wallet,|0.281109,|0.281109,|0.402846
139274511,1,wallet,1K7aJqxSscM3EyJXy9YiBsznbwaRiRZYAi,True,True,2,139274511|1K7aJqxSscM3EyJXy9YiBsznbwaRiRZYAi,transaction|wallet,|0.281113,|0.281113,|0.4114
139274512,1,wallet,1HKjfT7kZ9jPZP9sQymGRDpKYNS1zk8MMx,True,True,2,139274512|1HKjfT7kZ9jPZP9sQymGRDpKYNS1zk8MMx,transaction|wallet,|0.281109,|0.281109,|0.403676
139274518,1,wallet,1NSh8it1tB1WAYbYKDQssx3o7KC3jc8VRZ,True,True,2,139274518|1NSh8it1tB1WAYbYKDQssx3o7KC3jc8VRZ,transaction|wallet,|0.281108,|0.281108,|0.400662
139274527,1,wallet,16SKmr6n8UW7a14aytuz1PDzmjceU2EMMC,True,True,2,139274527|16SKmr6n8UW7a14aytuz1PDzmjceU2EMMC,transaction|wallet,|0.281112,|0.281112,|0.407409
139274529,1,wallet,1Ph3crf9G5ATGzr73fdBUKVjgaJfSUP8aV,True,True,2,139274529|1Ph3crf9G5ATGzr73fdBUKVjgaJfSUP8aV,transaction|wallet,|0.281111,|0.281111,|0.405569
246066679,1,wallet,17FFTC4LNW8trKdRd677gBzeSRnBR7q1zX,True,True,2,246066679|17FFTC4LNW8trKdRd677gBzeSRnBR7q1zX,transaction|wallet,|0.281107,|0.281107,|0.404006
246066712,1,wallet,1P1tygTzJ31TVZqF6xPQ6dAecUYBV5rKxW,True,True,2,246066712|1P1tygTzJ31TVZqF6xPQ6dAecUYBV5rKxW,transaction|wallet,|0.281108,|0.281108,|0.404378
402911309,1,wallet,1GwwAKLzXnwAsJz9RgFmHQSJXsDxvwoAYX,True,True,2,402911309|1GwwAKLzXnwAsJz9RgFmHQSJXsDxvwoAYX,transaction|wallet,|0.281099,|0.281099,|0.387337
163584923,1,wallet,1G37fkkyL9Tbd75GiX524s1SYHP1tPJx5L,True,True,2,163584923|1G37fkkyL9Tbd75GiX524s1SYHP1tPJx5L,transaction|wallet,|0.281116,|0.281116,|0.397114
163585085,1,wallet,115UUJyHkepRzoskJ4MPunyxfK1gxEz9qQ,True,True,2,163585085|115UUJyHkepRzoskJ4MPunyxfK1gxEz9qQ,transaction|wallet,|0.281113,|0.281113,|0.391262
163653262,1,wallet,149FbDgoqocXDoaE7rBJnft56BAC1x2sWc,True,True,2,163653262|149FbDgoqocXDoaE7rBJnft56BAC1x2sWc,transaction|wallet,|0.281113,|0.281113,|0.385534
163694920,1,wallet,1GyjDW6exdy9a3x5VGaunG2t4oVynHmXNs,True,True,2,163694920|1GyjDW6exdy9a3x5VGaunG2t4oVynHmXNs,transaction|wallet,|0.281114,|0.140557,|0.00953585
166069553,1,wallet,177XXvx9jx3xEBZkT5Wdu4JQDX6jVBgagr,True,True,2,166069553|177XXvx9jx3xEBZkT5Wdu4JQDX6jVBgagr,transaction|wallet,|0.281119,|0.281119,|0.401971
166070349,1,wallet,1LXKnxjHsoLcJ4z6Fq2muzgNsqwXdhWLkT,True,True,2,166070349|1LXKnxjHsoLcJ4z6Fq2muzgNsqwXdhWLkT,transaction|wallet,|0.28108,|0.28108,|0.324707
166507034,1,wallet,1DFeSwYmjpfHvC5fBBgn1C1AxKEMK4DeTe,True,True,2,166507034|1DFeSwYmjpfHvC5fBBgn1C1AxKEMK4DeTe,transaction|wallet,|0.281115,|0.281115,|0.393199
298687200,1,wallet,151AiCJcGdL6Q1TDJbyN22xJ9ZLWMcFaYh,True,True,2,298687200|151AiCJcGdL6Q1TDJbyN22xJ9ZLWMcFaYh,transaction|wallet,|0.281114,|0.281114,|0.364518
376241459,1,wallet,1NmSa6kLBuBLC62WgAAVRug6VG8ATAFVsy,True,True,2,376241459|1NmSa6kLBuBLC62WgAAVRug6VG8ATAFVsy,transaction|wallet,|0.281057,|0.281057,|0.20197
385982620,1,wallet,12wQEoCHtV7x9iPGVaJQphtY1RDp3hB2KG,True,True,2,385982620|12wQEoCHtV7x9iPGVaJQphtY1RDp3hB2KG,transaction|wallet,|0.281131,|0.281131,|0.369225
31228978,1,wallet,132xSg5U3uojtSFZstHjtx6m9npzp54Jnq,True,True,2,31228978|132xSg5U3uojtSFZstHjtx6m9npzp54Jnq,transaction|wallet,|0.281139,|0.140569,|-1.95801e-05
58507158,1,wallet,1Kgc4L9MtD3GDsXkWqRbbdTh63pWxsAAzY,True,True,2,58507158|1Kgc4L9MtD3GDsXkWqRbbdTh63pWxsAAzY,transaction|wallet,|0.00864851,|0.00432426,|0.493205
355004156,1,wallet,16r9nAKR6DLpSQPzxBbiBfepbGJaGFLTWt,True,True,2,355004156|16r9nAKR6DLpSQPzxBbiBfepbGJaGFLTWt,transaction|wallet,|0.281138,|0.281138,|0.35403
355006770,1,wallet,18XVLpwYiYgAosA3xmFysqSo2jHNhhrm96,True,True,2,355006770|18XVLpwYiYgAosA3xmFysqSo2jHNhhrm96,transaction|wallet,|0.281138,|0.281138,|0.352821
355006868,1,wallet,1o67g8B6pkBPxgVDTiqDd6f1mE6xm53x2,True,True,2,355006868|1o67g8B6pkBPxgVDTiqDd6f1mE6xm53x2,transaction|wallet,|0.281127,|0.281127,|0.33181
355007596,1,wallet,12SXWZncWRYjyFgURU7nXUFd1vTWfoBV9X,True,True,2,355007596|12SXWZncWRYjyFgURU7nXUFd1vTWfoBV9X,transaction|wallet,|0.28114,|0.28114,|0.358635
355008037,1,wallet,19iRk8HKujgUKNMa46suFcM4XU8APtumoH,True,True,2,355008037|19iRk8HKujgUKNMa46suFcM4XU8APtumoH,transaction|wallet,|0.275858,|0.275858,|0.573444
355008601,1,wallet,19iRk8HKujgUKNMa46suFcM4XU8APtumoH,True,True,2,355008601|19iRk8HKujgUKNMa46suFcM4XU8APtumoH,transaction|wallet,|0.275858,|0.275858,|0.57343
355008957,1,wallet,1HFLQgbv4fYXPv861JwpH8sDCohsWDANi6,True,True,2,355008957|1HFLQgbv4fYXPv861JwpH8sDCohsWDANi6,transaction|wallet,|0.281141,|0.281141,|0.362111
355009246,1,wallet,1C8x1oEk6Dx1wHcYun8skmWW6oPHMzWGkw,True,True,2,355009246|1C8x1oEk6Dx1wHcYun8skmWW6oPHMzWGkw,transaction|wallet,|0.281426,|0.281426,|0.548441
355090390,1,wallet,17vRjBtHZPehN8znooY3a7nEBt8RZ3th1G,True,True,2,355090390|17vRjBtHZPehN8znooY3a7nEBt8RZ3th1G,transaction|wallet,|0.281134,|0.281134,|0.344063
355090934,1,wallet,1BZZ79JTumkKJkLjgT7WJN6DvUAV7vqVxw,True,True,2,355090934|1BZZ79JTumkKJkLjgT7WJN6DvUAV7vqVxw,transaction|wallet,|0.280613,|0.140306,|0.0164049
355092389,1,wallet,12yLhoFpVosYoQ45aEibhyeh4iU7Umxe4y,True,True,2,355092389|12yLhoFpVosYoQ45aEibhyeh4iU7Umxe4y,transaction|wallet,|0.26963,|0.134815,|0.251444
355092822,1,wallet,1E6raL6sJFGzpHBnb1oLQ79bJvAeLUxARP,True,True,2,355092822|1E6raL6sJFGzpHBnb1oLQ79bJvAeLUxARP,transaction|wallet,|0.281132,|0.281132,|0.344629
355102309,1,wallet,1NcwxYbesLnQ12htrcC3ESYUu4gQDZ5LGd,True,True,2,355102309|1NcwxYbesLnQ12htrcC3ESYUu4gQDZ5LGd,transaction|wallet,|0.273343,|0.136671,|0.49591
355102312,1,wallet,1FxhRzzMADGLS2HxTVfSmyFXBkQ1ncGTL9,True,True,2,355102312|1FxhRzzMADGLS2HxTVfSmyFXBkQ1ncGTL9,transaction|wallet,|0.281137,|0.281137,|0.354346
355102377,1,wallet,18vXiyjC27ZyRTfkeHZjeHrGSC6vPNWomX,True,True,2,355102377|18vXiyjC27ZyRTfkeHZjeHrGSC6vPNWomX,transaction|wallet,|0.281141,|0.281141,|0.363401
355102448,1,wallet,1JaMsFbZkLfZoxtoWVMxCRyzmbdLx83JFg,True,True,2,355102448|1JaMsFbZkLfZoxtoWVMxCRyzmbdLx83JFg,transaction|wallet,|0.281141,|0.281141,|0.362577
355175641,1,wallet,1LUUwQ3es7Uyj4eYscHX5GVYrNCPYBWJbq,True,True,2,355175641|1LUUwQ3es7Uyj4eYscHX5GVYrNCPYBWJbq,transaction|wallet,|0.281139,|0.281139,|0.359857
91879985,1,wallet,1HyBpq3o3zDV6o5XyHjJTnoYuQXVmv1nqM,True,True,2,91879985|1HyBpq3o3zDV6o5XyHjJTnoYuQXVmv1nqM,transaction|wallet,|0.281135,|0.281135,|0.309154
54771037,1,wallet,12weWdn1XYpg8BAY5iNrUvYf8b9H6jWqQ4,True,True,2,54771037|12weWdn1XYpg8BAY5iNrUvYf8b9H6jWqQ4,transaction|wallet,|0.281146,|0.281146,|0.280312
67575965,1,wallet,1P8MnjCzS9p78VWyK7FctKimoLdGPztxAy,True,True,2,67575965|1P8MnjCzS9p78VWyK7FctKimoLdGPztxAy,transaction|wallet,|0.281131,|0.281131,|0.24175
97150074,1,wallet,12UBU5qprpkGBXZqBmrd2mhaLSMKW6cMpd,True,True,2,97150074|12UBU5qprpkGBXZqBmrd2mhaLSMKW6cMpd,transaction|wallet,|0.148063,|0.0740317,|0.0341481
120019032,1,wallet,1ATRo44XYZbATfDTiW6sBU1PRwGXRK4NQ7,True,True,2,120019032|1ATRo44XYZbATfDTiW6sBU1PRwGXRK4NQ7,transaction|wallet,|0.290998,|0.00106204,|0
28997148,1,wallet,16fmGYaeM7ULSpwB9Q2NpZgXchTn8nzLLR,True,True,2,28997148|16fmGYaeM7ULSpwB9Q2NpZgXchTn8nzLLR,transaction|wallet,|0.281163,|0.281163,|0.277674
29611862,1,wallet,1A8yQSpBkm6rR1MeT7fKCPaxmEQYgmk3qg,True,True,2,29611862|1A8yQSpBkm6rR1MeT7fKCPaxmEQYgmk3qg,transaction|wallet,|0.28116,|0.28116,|0.2643
29615095,1,wallet,12Z8U4j1UX7zvdPdQvK5dSkuQsMmVRQHuk,True,True,2,29615095|12Z8U4j1UX7zvdPdQvK5dSkuQsMmVRQHuk,transaction|wallet,|0.281153,|0.281153,|0.238321
31319568,1,wallet,1GZUQvetM42AKAFopSaFtqMphYd94N3zLu,True,True,2,31319568|1GZUQvetM42AKAFopSaFtqMphYd94N3zLu,transaction|wallet,|0.155591,|0.0777954,|0.497574
114507940,1,wallet,1MbRAZ6hSBXJWDLtkRCFHKNvTg7TWSxttz,True,True,2,114507940|1MbRAZ6hSBXJWDLtkRCFHKNvTg7TWSxttz,transaction|wallet,|0.281146,|0.281146,|0.195279
116052901,1,wallet,1oJ7YFfZM8x6qVZyqL3xQy4kdV4EMLnHT,True,True,2,116052901|1oJ7YFfZM8x6qVZyqL3xQy4kdV4EMLnHT,transaction|wallet,|0.269132,|0.134566,|0.499999
116069421,1,wallet,12bpZw4RGJKKnCMaCavWUyrRh9ebgWY76n,True,True,2,116069421|12bpZw4RGJKKnCMaCavWUyrRh9ebgWY76n,transaction|wallet,|0.18175,|0.0908751,|0.499996
116115792,1,wallet,1BU6xHWgLs6Hz5EZ33fhAC2Bc4W9PbY1V8,True,True,2,116115792|1BU6xHWgLs6Hz5EZ33fhAC2Bc4W9PbY1V8,transaction|wallet,|0.253278,|0.126639,|0.499997
148612093,1,wallet,1D4vwHXHUe8JkVXQZAN4LDJ5oDBhbBFEwj,True,True,2,148612093|1D4vwHXHUe8JkVXQZAN4LDJ5oDBhbBFEwj,transaction|wallet,|0.281112,|0.281112,|0.0779028
45432747,1,wallet,1LqpZBhZVvTL7cHHgvQcJaZ26trmBWUCmt,True,True,2,45432747|1LqpZBhZVvTL7cHHgvQcJaZ26trmBWUCmt,transaction|wallet,|0.281161,|0.281161,|0.205617
96925114,1,wallet,1MqypzBKAk9sxuahDzKt7YUQT8CT6gsuwP,True,True,2,96925114|1MqypzBKAk9sxuahDzKt7YUQT8CT6gsuwP,transaction|wallet,|0.279119,|0.13956,|0.49272
97069017,1,wallet,1N62Ta68WfmGjtatfBZh5MNhq4guw8vrvM,True,True,2,97069017|1N62Ta68WfmGjtatfBZh5MNhq4guw8vrvM,transaction|wallet,|0.281143,|0.0937145,|0.00664014
97976919,1,wallet,19evZUcJPUuA8UYzpKtWCUsuf9R1rJUCih,True,True,2,97976919|19evZUcJPUuA8UYzpKtWCUsuf9R1rJUCih,transaction|wallet,|0.281133,|0.0401618,|0.00160646
12662937,1,wallet,13ZWYwHd8uyCb89GBjqzdXcin3Sc95Czn4,True,True,2,12662937|13ZWYwHd8uyCb89GBjqzdXcin3Sc95Czn4,transaction|wallet,|0.274483,|0.137242,|0.119477
12673136,1,wallet,1ABg7HLx3viW4sjj3ViCUkxr6HqQ5qJT4P,True,True,2,12673136|1ABg7HLx3viW4sjj3ViCUkxr6HqQ5qJT4P,transaction|wallet,|0.285186,|0.142593,|0.499841
12778573,1,wallet,18dzADDfgu41Zvro5yfFzYZLzgUXhSjFhE,True,True,2,12778573|18dzADDfgu41Zvro5yfFzYZLzgUXhSjFhE,transaction|wallet,|0.274589,|0.137295,|0.136715
12780368,1,wallet,1Pt7nkYY3rS5jnSoN7sCY8sB3pz8KKbhup,True,True,2,12780368|1Pt7nkYY3rS5jnSoN7sCY8sB3pz8KKbhup,transaction|wallet,|0.262495,|0.131247,|0.337338
71748770,1,wallet,13Wb1vBXdbF7CimibvbcsArqmyt9CecUEt,True,True,2,71748770|13Wb1vBXdbF7CimibvbcsArqmyt9CecUEt,transaction|wallet,|0.276395,|0.138198,|0.498832
71988426,1,wallet,1MkXbRhbcHo2qEgxezK2QTZv1SaZrP9LKs,True,True,2,71988426|1MkXbRhbcHo2qEgxezK2QTZv1SaZrP9LKs,transaction|wallet,|0.278914,|0.139457,|0.499533
72376896,1,wallet,1KJ5sP4uWc3CdSPkZ9ZbSfP3HvWLZxQQ8L,True,True,2,72376896|1KJ5sP4uWc3CdSPkZ9ZbSfP3HvWLZxQQ8L,transaction|wallet,|0.281182,|0.0937272,|0.00745608
73000655,1,wallet,1C5SHD9yZb8X2ef7EJfdZ6VxdXpDoiMdim,True,True,2,73000655|1C5SHD9yZb8X2ef7EJfdZ6VxdXpDoiMdim,transaction|wallet,|0.240283,|0.120142,|0.499727
73154819,1,wallet,19DeMGHSEyDrup7aw9S7XXN5Yfw5os1Emj,True,True,2,73154819|19DeMGHSEyDrup7aw9S7XXN5Yfw5os1Emj,transaction|wallet,|0.281182,|0.0937275,|0.0761905
91235255,1,wallet,12xvoKPjxyrdxsxy8RMsBWzXzQ4BJQXXqP,True,True,2,91235255|12xvoKPjxyrdxsxy8RMsBWzXzQ4BJQXXqP,transaction|wallet,|0.281203,|0.140601,|0.0182115
91857277,1,wallet,1PnEFMSeNkd4UE6TjLghrf63Bzt8JPHDn7,True,True,2,91857277|1PnEFMSeNkd4UE6TjLghrf63Bzt8JPHDn7,transaction|wallet,|0.281204,|0.070301,|0.0775668
92735262,1,wallet,17yCF8JmsgFYd2SM2bW1b7LgRmpLQ4ZDq3,True,True,2,92735262|17yCF8JmsgFYd2SM2bW1b7LgRmpLQ4ZDq3,transaction|wallet,|0.287527,|0.0319475,|0.00698162
94152708,1,wallet,1EEcmPSYztewCWSkGaU41Yx975yM7Vv3hH,True,True,2,94152708|1EEcmPSYztewCWSkGaU41Yx975yM7Vv3hH,transaction|wallet,|0.28119,|0.0702974,|0.00436828
94341464,1,wallet,1FYSgWEMUEtT1QweFaPGsy2Ej6K8Eoka5,True,True,2,94341464|1FYSgWEMUEtT1QweFaPGsy2Ej6K8Eoka5,transaction|wallet,|0.28117,|0.28117,|0.152827
105434922,1,wallet,12YHY72n6MCBxSpmDbATFYcuvYLJwmPMC1,True,True,2,105434922|12YHY72n6MCBxSpmDbATFYcuvYLJwmPMC1,transaction|wallet,|0.281214,|0.0937379,|0.00660263
105594874,1,wallet,1AibnvggxwnWzyVAq6Gfny1Uxx7w2NpzDf,True,True,2,105594874|1AibnvggxwnWzyVAq6Gfny1Uxx7w2NpzDf,transaction|wallet,|0.281155,|0.281155,|0.143671
105605197,1,wallet,1PY6HXSwAaisrC2TWzwL2wa4qTVZ8EDmq6,True,True,2,105605197|1PY6HXSwAaisrC2TWzwL2wa4qTVZ8EDmq6,transaction|wallet,|0.281211,|0.0562422,|0.0599336
164649961,1,wallet,1DyNx3QgNWTd3uPPZymTysYXbyvgBFG1BU,True,True,2,164649961|1DyNx3QgNWTd3uPPZymTysYXbyvgBFG1BU,transaction|wallet,|0.28122,|0.0937398,|0.00183773
218091566,1,wallet,1FkpY6NJt3MyV8eX6o6ru9uatScvEcw8Lg,True,True,2,218091566|1FkpY6NJt3MyV8eX6o6ru9uatScvEcw8Lg,transaction|wallet,|0.281222,|0.0703054,|0.00455335
11566029,1,wallet,1BD3z6DseNqv3iQX89bJGcYTR87y6BUtSL,True,True,2,11566029|1BD3z6DseNqv3iQX89bJGcYTR87y6BUtSL,transaction|wallet,|0.281231,|0.140616,|0.0113856
11567844,1,wallet,1CErNv1eshxYn5cbSuh9vDCaZVTmsNkCbz,True,True,2,11567844|1CErNv1eshxYn5cbSuh9vDCaZVTmsNkCbz,transaction|wallet,|0.281234,|0.0703084,|0.00875624
11579855,1,wallet,1FXmyiZ4LvbFzRBKLPgNBy1EDFuKyWqj5x,True,True,2,11579855|1FXmyiZ4LvbFzRBKLPgNBy1EDFuKyWqj5x,transaction|wallet,|0.281226,|0.093742,|0.00519856
19501341,1,wallet,1JYiqL7msWkb1ruNv7VM4eSrqJRFTnWRpZ,True,True,2,19501341|1JYiqL7msWkb1ruNv7VM4eSrqJRFTnWRpZ,transaction|wallet,|0.281214,|0.0216319,|0.000569807
158360758,1,wallet,1PDbmBGLPNa2mHQ5fNnqQZnw872Uuj6Cdj,True,True,2,158360758|1PDbmBGLPNa2mHQ5fNnqQZnw872Uuj6Cdj,transaction|wallet,|0.28124,|0.0937465,|0.0938114
158365409,1,wallet,1DwX1NA2r5hsPnNm72B3W5pTLBczvHKDoh,True,True,2,158365409|1DwX1NA2r5hsPnNm72B3W5pTLBczvHKDoh,transaction|wallet,|0.282215,|0.0141107,|0.0152563
158374219,1,wallet,164oUc9BSMSFcxfUMaRcXep32YxYWjyTd1,True,True,2,158374219|164oUc9BSMSFcxfUMaRcXep32YxYWjyTd1,transaction|wallet,|0.281215,|0.0216319,|0.000904546
158375408,1,wallet,1FxcMjGgBLoRDNtviczHj6TPE2iCW1X7nY,True,True,2,158375408|1FxcMjGgBLoRDNtviczHj6TPE2iCW1X7nY,transaction|wallet,|0.281234,|0.0937448,|0.0112305
158378325,1,wallet,14ou6RD8KrRz8R2rtQ9RaXfPWyKKNQEzoE,True,True,2,158378325|14ou6RD8KrRz8R2rtQ9RaXfPWyKKNQEzoE,transaction|wallet,|0.281231,|0.0937438,|0.00679739
159032608,1,wallet,17n4zgc6wuAo3c7MRDPX85EfhyLSjZnhEK,True,True,2,159032608|17n4zgc6wuAo3c7MRDPX85EfhyLSjZnhEK,transaction|wallet,|0.28121,|0.28121,|0.192275
159041022,1,wallet,1D191As3JMWj9seZz11quLEHoSUC11DfGd,True,True,2,159041022|1D191As3JMWj9seZz11quLEHoSUC11DfGd,transaction|wallet,|0.281231,|0.0468718,|0.00115416
94654172,0,transaction,94654172,True,True,1,94654172,transaction,,,
94783375,0,transaction,94783375,True,True,1,94783375,transaction,,,
189798829,0,transaction,189798829,True,True,1,189798829,transaction,,,
190427047,0,transaction,190427047,True,True,1,190427047,transaction,,,
190427446,0,transaction,190427446,True,True,1,190427446,transaction,,,
175757130,0,transaction,175757130,True,True,1,175757130,transaction,,,
175757673,0,transaction,175757673,True,True,1,175757673,transaction,,,
179582590,0,transaction,179582590,True,True,1,179582590,transaction,,,
205921701,0,transaction,205921701,True,True,1,205921701,transaction,,,
216384921,0,transaction,216384921,True,True,1,216384921,transaction,,,
226629469,0,transaction,226629469,True,True,1,226629469,transaction,,,
226629474,0,transaction,226629474,True,True,1,226629474,transaction,,,
43003119,0,transaction,43003119,True,True,1,43003119,transaction,,,
43004044,0,transaction,43004044,True,True,1,43004044,transaction,,,
43523018,0,transaction,43523018,True,True,1,43523018,transaction,,,
3152098,0,transaction,3152098,True,True,1,3152098,transaction,,,
205042152,0,transaction,205042152,True,True,1,205042152,transaction,,,
234559578,0,transaction,234559578,True,True,1,234559578,transaction,,,
234559580,0,transaction,234559580,True,True,1,234559580,transaction,,,
234561907,0,transaction,234561907,True,True,1,234561907,transaction,,,
234574642,0,transaction,234574642,True,True,1,234574642,transaction,,,
234835399,0,transaction,234835399,True,True,1,234835399,transaction,,,
182668046,0,transaction,182668046,True,True,1,182668046,transaction,,,
339057957,0,transaction,339057957,True,True,1,339057957,transaction,,,
339095214,0,transaction,339095214,True,True,1,339095214,transaction,,,
339120962,0,transaction,339120962,True,True,1,339120962,transaction,,,
339120984,0,transaction,339120984,True,True,1,339120984,transaction,,,
339156510,0,transaction,339156510,True,True,1,339156510,transaction,,,
339642957,0,transaction,339642957,True,True,1,339642957,transaction,,,
339964521,0,transaction,339964521,True,True,1,339964521,transaction,,,
339964561,0,transaction,339964561,True,True,1,339964561,transaction,,,
15235784,0,transaction,15235784,True,True,1,15235784,transaction,,,
15235793,0,transaction,15235793,True,True,1,15235793,transaction,,,
244630846,0,transaction,244630846,True,True,1,244630846,transaction,,,
378502032,0,transaction,378502032,True,True,1,378502032,transaction,,,
390420061,0,transaction,390420061,True,True,1,390420061,transaction,,,
390498113,0,transaction,390498113,True,True,1,390498113,transaction,,,
390578692,0,transaction,390578692,True,True,1,390578692,transaction,,,
248915366,0,transaction,248915366,True,True,1,248915366,transaction,,,
248915737,0,transaction,248915737,True,True,1,248915737,transaction,,,
363300945,0,transaction,363300945,True,True,1,363300945,transaction,,,
54618280,0,transaction,54618280,True,True,1,54618280,transaction,,,
209483930,0,transaction,209483930,True,True,1,209483930,transaction,,,
209522526,0,transaction,209522526,True,True,1,209522526,transaction,,,
209525931,0,transaction,209525931,True,True,1,209525931,transaction,,,
209539733,0,transaction,209539733,True,True,1,209539733,transaction,,,
209682060,0,transaction,209682060,True,True,1,209682060,transaction,,,
209807092,0,transaction,209807092,True,True,1,209807092,transaction,,,
209918443,0,transaction,209918443,True,True,1,209918443,transaction,,,
210638701,0,transaction,210638701,True,True,1,210638701,transaction,,,
372726753,0,transaction,372726753,True,True,1,372726753,transaction,,,
372812275,0,transaction,372812275,True,True,1,372812275,transaction,,,
372960056,0,transaction,372960056,True,True,1,372960056,transaction,,,
372960115,0,transaction,372960115,True,True,1,372960115,transaction,,,
333792508,0,transaction,333792508,True,True,1,333792508,transaction,,,
336427475,0,transaction,336427475,True,True,1,336427475,transaction,,,
336429216,0,transaction,336429216,True,True,1,336429216,transaction,,,
363337440,0,transaction,363337440,True,True,1,363337440,transaction,,,
370643056,0,transaction,370643056,True,True,1,370643056,transaction,,,
276992171,0,transaction,276992171,True,True,1,276992171,transaction,,,
85000157,0,transaction,85000157,True,True,1,85000157,transaction,,,
139276539,0,transaction,139276539,True,True,1,139276539,transaction,,,
163656150,0,transaction,163656150,True,True,1,163656150,transaction,,,
163808019,0,transaction,163808019,True,True,1,163808019,transaction,,,
299172428,0,transaction,299172428,True,True,1,299172428,transaction,,,
299176148,0,transaction,299176148,True,True,1,299176148,transaction,,,
378009964,0,transaction,378009964,True,True,1,378009964,transaction,,,
383048748,0,transaction,383048748,True,True,1,383048748,transaction,,,
386321759,0,transaction,386321759,True,True,1,386321759,transaction,,,
122932784,0,transaction,122932784,True,True,1,122932784,transaction,,,
355090366,0,transaction,355090366,True,True,1,355090366,transaction,,,
355090375,0,transaction,355090375,True,True,1,355090375,transaction,,,
355090509,0,transaction,355090509,True,True,1,355090509,transaction,,,
54912141,0,transaction,54912141,True,True,1,54912141,transaction,,,
67575835,0,transaction,67575835,True,True,1,67575835,transaction,,,
67584867,0,transaction,67584867,True,True,1,67584867,transaction,,,
67682556,0,transaction,67682556,True,True,1,67682556,transaction,,,
69330928,0,transaction,69330928,True,True,1,69330928,transaction,,,
70383882,0,transaction,70383882,True,True,1,70383882,transaction,,,
70406447,0,transaction,70406447,True,True,1,70406447,transaction,,,
70424581,0,transaction,70424581,True,True,1,70424581,transaction,,,
44562478,0,transaction,44562478,True,True,1,44562478,transaction,,,
200718750,0,transaction,200718750,True,True,1,200718750,transaction,,,
39724214,0,transaction,39724214,True,True,1,39724214,transaction,,,
39728377,0,transaction,39728377,True,True,1,39728377,transaction,,,
12830021,0,transaction,12830021,True,True,1,12830021,transaction,,,
40467487,0,transaction,40467487,True,True,1,40467487,transaction,,,
149134786,0,transaction,149134786,True,True,1,149134786,transaction,,,
149662178,0,transaction,149662178,True,True,1,149662178,transaction,,,
151193455,0,transaction,151193455,True,True,1,151193455,transaction,,,
151195593,0,transaction,151195593,True,True,1,151195593,transaction,,,
151206980,0,transaction,151206980,True,True,1,151206980,transaction,,,
151211046,0,transaction,151211046,True,True,1,151211046,transaction,,,
151752242,0,transaction,151752242,True,True,1,151752242,transaction,,,
162419259,0,transaction,162419259,True,True,1,162419259,transaction,,,
162424247,0,transaction,162424247,True,True,1,162424247,transaction,,,
162435482,0,transaction,162435482,True,True,1,162435482,transaction,,,
96928334,0,transaction,96928334,True,True,1,96928334,transaction,,,
96930118,0,transaction,96930118,True,True,1,96930118,transaction,,,
96975033,0,transaction,96975033,True,True,1,96975033,transaction,,,
97387433,0,transaction,97387433,True,True,1,97387433,transaction,,,
12661812,0,transaction,12661812,True,True,1,12661812,transaction,,,
12662269,0,transaction,12662269,True,True,1,12662269,transaction,,,
12778505,0,transaction,12778505,True,True,1,12778505,transaction,,,
12778668,0,transaction,12778668,True,True,1,12778668,transaction,,,
12780436,0,transaction,12780436,True,True,1,12780436,transaction,,,
12780483,0,transaction,12780483,True,True,1,12780483,transaction,,,
72292587,0,transaction,72292587,True,True,1,72292587,transaction,,,
72295072,0,transaction,72295072,True,True,1,72295072,transaction,,,
72297314,0,transaction,72297314,True,True,1,72297314,transaction,,,
73220440,0,transaction,73220440,True,True,1,73220440,transaction,,,
73220620,0,transaction,73220620,True,True,1,73220620,transaction,,,
73231155,0,transaction,73231155,True,True,1,73231155,transaction,,,
209682048,7,wallet,1L9pd8iebANDk8Ypmn3cqDamFxjgUmjis9,False,True,8,209682048|14p3sTzV3ikZhZo5Cnru9ob4crF2fn3JES|209682050|17htBuQvt459DxbiMgK22r9Vprjn3t7i7L|209041260|1DiPgvBtBQWuCNmdtiahBuLhZrwMZ16syF|51018430|1L9pd8iebANDk8Ypmn3cqDamFxjgUmjis9,transaction|wallet|transaction|wallet|transaction|wallet|transaction|wallet,|0.284072|0.412521|0.287641|0.414659|0.286937|0.408525|0.281006,|0.142036|0.412521|0.143821|0.0829318|0.143469|0.408525|0.140503,|0.000907809|-0.000232995|0.290646|0.0107545|-0.00325859|0.9702|0.228434
299381341,6,transaction,298981935,False,True,7,299381341|1GtPGnx9fRzBGwsSFe6FaVWM74xMVVF8iM|299125779|1JXauK6DWUBJ9KD1Z3HoX5TGMNJq3WDMrL|298981930|1JtGXrS5x2TAVysgRbkPF2zNmRthPTbgY9|298981935,transaction|wallet|transaction|wallet|transaction|wallet|transaction,|0.293527|0.414592|0.277075|0.406518|0.285059|0.408054,|0.0419324|0.414592|0.138538|0.406518|0.0712648|0.408054,|0.00893961|0.014815|-0.00749016|-0.00396132|0.0399949|0.0570409
73436880,6,wallet,15SZNF2GmYbh53uukZ8VbdADeENwuLHawb,False,True,7,73436880|16zN4twZ7rQTqz5gaTZXsV6ggihtBQRap9|71765933|1PiDTMKEpAzNh2Sabb7BY1T2z5NceZSPZR|2379112|70781568|15SZNF2GmYbh53uukZ8VbdADeENwuLHawb,transaction|wallet|transaction|wallet|transaction|transaction|wallet,|0.274539|0.405917|0.279501|0.32725|0.2051|0.280397,|0.137269|0.405917|0.13975|0.32725|0.10255|0.280397,|0.032822|-0.214322|-0.275609|0.0607999|-0.209931|-0.342372
179100915,5,transaction,175455423,False,True,6,179100915|16sWqTtnAVW6546x1WFnqaYaGTUSKYFER8|178920090|179026575|13GAftL5wZmkHbjjAvkpciQMNhQiVa4Xdh|175455423,transaction|wallet|transaction|transaction|wallet|transaction,|0.277792|0.125668|0.496859|0.277557|0.270728,|0.138896|0.125668|0.248429|0.138778|0.270728,|0.416023|0.0745715|-0.216791|-0.329543|0.0142233
339095579,5,wallet,15V8BH27kJVwrsJbp4bUFNaMwQ2QtLXNAX,False,True,6,339095579|1646XwyKsF8fj7q1MGJ3YabBr5JW4N4sb3|339093289|1Ax9XmXmwfp5CvCQ3BqT7qMVxAcaLBzwdF|339064388|15V8BH27kJVwrsJbp4bUFNaMwQ2QtLXNAX,transaction|wallet|transaction|wallet|transaction|wallet,|0.273275|0.41485|0.277578|0.372527|0.280873,|0.136638|0.207425|0.138789|0.372527|0.280873,|0.0126907|-0.00728139|0.0279066|0.0660177|0.146659
339553269,5,wallet,13tEzmoPZPvMsfiT41wrfW2xwHmjbQH1wM,False,True,6,339553269|19MfqBgdiEBt5bFuy6VDFD5ADnuoBVn5Mv|339079292|1Bkd9FgEWY5DS6fjPybKsAESKdEcwaBjZx|132726049|13tEzmoPZPvMsfiT41wrfW2xwHmjbQH1wM,transaction|wallet|transaction|wallet|transaction|wallet,|0.291503|0.414348|0.274577|0.37811|0.280863,|0.145751|0.414348|0.137289|0.37811|0.280863,|2.28286e-05|7.60555e-05|-0.00797585|0.654069|0.168012
340072976,5,wallet,1oxWefXYLbDvSeqHgk4xvEFeGMVVbnQRQ,False,True,6,340072976|1Hov9TGdnQ5txMRFnkP3XWz98gRgnzqCqA|339643099|19iL8gi9rQGDroFKbaPf5TH7yRpcAXHHuK|128880939|1oxWefXYLbDvSeqHgk4xvEFeGMVVbnQRQ,transaction|wallet|transaction|wallet|transaction|wallet,|0.292781|0.414854|0.293543|0.414837|0.292438,|0.146391|0.414854|0.146772|0.414837|0.146219,|0.00188205|0.00105858|0.289995|0.0923935|0.49867
15857236,5,wallet,1GJ6zJ7TbFQsjCD2MfHg6Ux96CKX8L1Cx8,False,True,6,15857236|1B7Q3Ba49ccd7D9w67vVKEAUraG3jtpUUs|15857241|15orKRfof71FC15Gna4cDxR6zo8iEYFALa|21624138|1GJ6zJ7TbFQsjCD2MfHg6Ux96CKX8L1Cx8,transaction|wallet|transaction|wallet|transaction|wallet,|0.295118|0.41487|0.29296|0.414854|0.286456,|0.147559|0.13829|0.14648|0.414854|0.143228,|0.078598|1.13249e-05|0.288968|0.00161761|0.498848
313646350,5,wallet,3BdKRpTwnsVd2NBPs85FwFY5hsBYwZKnVn,False,True,6,313646350|177Vs3VBbj8YL63HYacFFDsfsW1miczfae|372961150|14dGwYSUxpy2swoS8QMkRFovXzGzL5aPbH|372824257|3BdKRpTwnsVd2NBPs85FwFY5hsBYwZKnVn,transaction|wallet|transaction|wallet|transaction|wallet,|0.297237|0.414867|0.284949|0.410015|0.281009,|0.148619|0.414867|0.142475|0.410015|0.140505,|2.44379e-06|3.88622e-05|0.00629675|0.000358701|0.21693
266712227,5,transaction,272081630,False,True,6,266712227|154fWeQUQgQWHVGNqcmbc8VxPVq7Cd2Qbp|272273597|78155198|1LK1eeoejC1cbJGw6T5q4AryJfUcf9NKpU|272081630,transaction|wallet|transaction|transaction|wallet|transaction,|0.288999|0.413441|0.509323|0.249854|0.359019,|0.144499|0.413441|0.254662|0.124927|0.359019,|-0.0724983|0.0145528|-0.200606|-0.205964|0.0308626
269501303,5,wallet,18pyZpq4iEze3H4JYREZhXxetttZNn1dYu,False,True,6,269501303|19Ezvt5sVwNG6K8ZtkvkMDUEnGCH7iLyEn|269128821|1HBLNGqUd7Jep4r2FLiQDjzXZPWCDNZnY7|28443663|18pyZpq4iEze3H4JYREZhXxetttZNn1dYu,transaction|wallet|transaction|wallet|transaction|wallet,|0.292378|0.414808|0.28015|0.384904|0.280939,|0.146189|0.103702|0.140075|0.384904|0.280939,|0.0600344|1.23978e-05|0.0833473|0.099231|0.111149
215872199,5,wallet,1HJ6scVBtYqeL8VSZD7ZYtKhXoJeX6fsVz,False,True,6,215872199|1JfBw5EvP78j5SbLU9R9nvpT5aaAcN5xaY|84749894|18tYaUYkAxKas1pwqNFAjRa9PjFA68Xtse|84335456|1HJ6scVBtYqeL8VSZD7ZYtKhXoJeX6fsVz,transaction|wallet|transaction|wallet|transaction|wallet,|0.296019|0.414874|0.287509|0.410742|0.281093,|0.148009|0.414874|0.143754|0.410742|0.281093,|1.60933e-06|1.54972e-06|0.00246936|0.000129759|0.428456
288735697,5,wallet,1Nhw8A9o1TYZp8Cke2kbZdA4XqyixfdCfZ,False,True,6,288735697|1omyBZpKCdLbZmgMC5fsNGWSPjTgvpQRe|288490205|17emhKJsyMaiFQUi3u6g8WTthCZGc9YUkW|288210286|1Nhw8A9o1TYZp8Cke2kbZdA4XqyixfdCfZ,transaction|wallet|transaction|wallet|transaction|wallet,|0.295711|0.41485|0.280813|0.402378|0.281123,|0.147856|0.41485|0.140406|0.402378|0.281123,|0.000205904|0.000172913|0.0272552|0.00197554|0.236368
67576436,5,wallet,13tF5FsXSHT6uCpxG7B1HABrP7msQTTowq,False,True,6,67576436|16vky8Gm81mCjLpgP6hyS6ZGUtgnDRVBhx|67576439|1DN6Z1yr6V72QPjkMkYkgXMe7VHH5fZFsm|54855612|13tF5FsXSHT6uCpxG7B1HABrP7msQTTowq,transaction|wallet|transaction|wallet|transaction|wallet,|0.294839|0.414838|0.28129|0.403265|0.281138,|0.14742|0.414838|0.140645|0.403265|0.281138,|0.000190526|0.000163257|0.0291294|0.00246555|0.255575
67594169,5,wallet,12u7HHw1mjEeV2Q6Z3uxk18aRd2Q14QRvB,False,True,6,67594169|1PReT597rb2EnRnwufqMgCtkT6zMqQPCCf|69302379|1NjEAFutdLFRhhU1amrTCyZbeHJ6Fyk7VM|54741315|12u7HHw1mjEeV2Q6Z3uxk18aRd2Q14QRvB,transaction|wallet|transaction|wallet|transaction|wallet,|0.167421|0.374163|0.274125|0.38192|0.28106,|0.0837105|0.374163|0.137063|0.38192|0.28106,|0.452276|-0.0105708|-0.191057|-0.302596|0.0656094
94299051,4,transaction,94300898,False,True,5,94299051|1C2DQXszJLd8Jbei3kW4BRw6MYs1RBaQs6|94119995|17ZfpvEG7cVDSLBQxeMFxpycXF5zu38R2T|94300898,transaction|wallet|transaction|wallet|transaction,|0.123616|0.396762|0.278521|0.406479,|0.0618079|0.0991906|0.139261|0.406479,|0.499926|3.5271e-05|-0.277187|0.29153
94654269,4,wallet,1CmD7imW4KCK4PVwsnfHgyWvWWtEFvujdc,False,True,5,94654269|17LRWQhoyC69j1FAMnN9LVZ6MC4pjUucMx|94654255|94357349|1CmD7imW4KCK4PVwsnfHgyWvWWtEFvujdc,transaction|wallet|transaction|transaction|wallet,|0.290021|0.414278|0.277335|0.280258,|0.14501|0.414278|0.138667|0.280258,|-0.0277372|0.891164|-0.210531|-0.401384
190427652,4,transaction,190032426,False,True,5,190427652|15coFKYspwMKwZu8wzpsyv2ief4awTvyev|190427051|17dhrQbdg2WV5CVr7Wfw4XoNz1GwmDvo39|190032426,transaction|wallet|transaction|wallet|transaction,|0.171064|0.399542|0.29416|0.414527,|0.0855322|0.0998856|0.07354|0.414527,|0.492466|-0.015158|-0.0694958|0.446318
175406302,4,transaction,49025732,False,True,5,175406302|17tV4BuGBV6yLxtnaGNeQx27qy4t3X4Pub|54465449|1CJmdGTk8M3S4n1sWA3e2QjNiDqJ5r3qUy|49025732,transaction|wallet|transaction|wallet|transaction,|0.290468|0.412715|0.286525|0.409409,|0.145234|0.412715|0.143263|0.409409,|8.62181e-05|0.000319242|-0.0489158|0.487782
226629481,4,transaction,77493314,False,True,5,226629481|1KeMjKwCG7ReoVMqqunFjw1jC5wxEWHoCn|179270531|133Wxvoywm3GLuwEMLCr727LdPA3TqLqzJ|77493314,transaction|wallet|transaction|wallet|transaction,|0.273692|0.349879|0.215067|0.176772,|0.136846|0.349879|0.107534|0.176772,|-0.0134949|0.0219936|-0.110675|0.142625
226668097,4,transaction,175079348,False,True,5,226668097|1Co9U42GYEvfLjh8aZbwno7pY7hVX7VKq7|226636763|1AT2uhss3R2ZPPkiKUrujXWzojXfr8V5FP|175079348,transaction|wallet|transaction|wallet|transaction,|0.283388|0.409515|0.184133|0.20544,|0.141694|0.409515|0.0920665|0.20544,|-0.0009453|0.0278071|0.0819432|0.655808
226668567,4,transaction,179081583,False,True,5,226668567|1MJCa2xozw1xWLGpahNCJHW26s9RbUzJ5M|115732172|141XtDGFQjtGsrNA9CK1sxu65Bu2LVGZfV|179081583,transaction|wallet|transaction|wallet|transaction,|0.280834|0.413723|0.289729|0.383648,|0.140417|0.0827445|0.144865|0.383648,|0.49999|2.95639e-06|-0.00360382|0.458962
43327208,4,transaction,68589101,False,True,5,43327208|16UREjCUa4bePVgeHXCDQNExjyukNJAqmv|43327209|19P8796tLoWa2FDavKwkQeSQsrQSc1BhMW|68589101,transaction|wallet|transaction|wallet|transaction,|0.295403|0.414875|0.296865|0.414875,|0.147702|0.414875|0.148432|0.414875,|0.000504076|0.000300288|7.31349e-05|5.96046e-05
43522396,4,transaction,37320780,False,True,5,43522396|14CRvg3vmqPACNZ3daBoJ7fnmHkp9w6Zuo|43522398|1948e7BW35k6xQukmBn9rLsFWmF5GRxTVk|37320780,transaction|wallet|transaction|wallet|transaction,|0.287815|0.409871|0.289491|0.412807,|0.143908|0.409871|0.144746|0.412807,|0.000106692|0.000797689|-0.068009|0.255207
205031523,4,transaction,234661323,False,True,5,205031523|1KJGzunTGbp9VRDcHaWkm29A1gYtLxfyrD|234833833|1MSN6GDAReDthKFxakPsUVRMWWtKzYqGGh|234661323,transaction|wallet|transaction|wallet|transaction,|0.288795|0.413862|0.250828|0.24357,|0.144397|0.413862|0.125414|0.24357,|0.000161201|0.000413418|0.13746|0.820976
339095636,4,transaction,339059163,False,True,5,339095636|1gXmuNaxhpToW6QqPiiaaVfUhEps19aXN|339095637|157rZAeMrMt4xNXWJfVPBZadkW7BcTtK2t|339059163,transaction|wallet|transaction|wallet|transaction,|0.2922|0.414831|0.279388|0.174959,|0.1461|0.414831|0.139694|0.174959,|0.00390345|0.00195986|0.48092|0.98835
243780678,4,transaction,238207981,False,True,5,243780678|1Fnn7JG5k9Yjd5nKXa8xpWapmuYfrW57Bw|242499837|12XRs7xQLj3GPceTkQiCjFioMf1PA3bhUK|238207981,transaction|wallet|transaction|wallet|transaction,|0.293315|0.414853|0.28034|0.348379,|0.146658|0.414853|0.14017|0.348379,|3.48687e-05|1.09673e-05|0.30565|0.0517293
378250041,4,transaction,378047224,False,True,5,378250041|183HANi6VEzN1K7ahw92vQTZQDHTsJsPiD|335081666|1Cs1qb3xyHR1i9tsA1jvEzmACnacVQTJLn|378047224,transaction|wallet|transaction|wallet|transaction,|0.287666|0.410683|0.291473|0.412793,|0.143833|0.410683|0.0728683|0.412793,|0.00462785|0.000110865|-0.0787985|0.669408
390327170,4,transaction,390045727,False,True,5,390327170|1MSMU5ynydjKp7WbeFt9S9nmKhyJrcTMYx|390327174|1CM8JfniBj3t63qEaGBropcFdqNQejBdqv|390045727,transaction|wallet|transaction|wallet|transaction,|0.295005|0.414812|0.284585|0.407485,|0.147503|0.414812|0.0948617|0.407485,|0.00010255|0.000133514|0.00843831|0.00925946
363085361,4,transaction,362840573,False,True,5,363085361|1txh3WiuxS7aWxCcGRGJcpSVVH6zRQrUi|362940564|1PmLHq3RZfKZzL8f8AYQ47d5YDc6wvDYDC|362840573,transaction|wallet|transaction|wallet|transaction,|0.274367|0.391334|0.277827|0.400744,|0.137184|0.0782667|0.138913|0.400744,|0.499791|-1.1301e-05|-0.199758|0.107636
99180842,4,transaction,98972797,False,True,5,99180842|15XPupAvDGWsqHFmnZP6JPC4Bfm71fUW55|99182135|1LXxDS1hpVXxrJRTihz3V31UTigxTQi8Kv|98972797,transaction|wallet|transaction|wallet|transaction,|0.195411|0.41425|0.291192|0.414396,|0.0977053|0.41425|0.145596|0.414396,|0.022653|1.43051e-05|-0.00904047|0.0149438
99191146,4,transaction,98961129,False,True,5,99191146|1LcnN4SwcrHmue5Q5bM8DURRUfckahHrTQ|99191151|1Gq1yYrC8ovxK39YmkwPFkN4mHtaxCWokj|98961129,transaction|wallet|transaction|wallet|transaction,|0.290319|0.414405|0.285534|0.407499,|0.14516|0.414405|0.142767|0.407499,|4.11272e-06|1.54972e-06|-0.0142755|0.234248
368749102,4,transaction,368808768,False,True,5,368749102|1KeTPLVH9viTa3ALZUWbB7MiNTdo7bhcnj|368745825|121jUSgC9UFxtrP5U5nHmMRuLM3GubnTak|368808768,transaction|wallet|transaction|wallet|transaction,|0.289592|0.414661|0.287406|0.407545,|0.144796|0.414661|0.143703|0.407545,|9.89437e-06|3.57628e-07|-0.00795829|0.614855
372726401,4,transaction,311861787,False,True,5,372726401|1JQN4ThctNN2himNjnQ6rvdFhWMrLJkcYH|266113017|1CajuZVtXZBqaMMvGA3Fvkg9Z2RJpTHp6G|311861787,transaction|wallet|transaction|wallet|transaction,|0.286426|0.413221|0.28733|0.407596,|0.143213|0.413221|0.0957767|0.407596,|0.00124532|7.29561e-05|0.0578999|0.573505
372726776,4,transaction,372684773,False,True,5,372726776|172oez7RAkfRZdndvHAkfCw3GSHiDX8ZzN|372684775|14uGQ6ZSGQimhKDHYmMAWSdsn5j9rNnEfK|372684773,transaction|wallet|transaction|wallet|transaction,|0.269511|0.40818|0.286819|0.408486,|0.134755|0.40818|0.14341|0.408486,|0.230633|-0.00396365|-0.11757|0.734432
163808988,4,transaction,163723172,False,True,5,163808988|12ajN1KUZRV2xzwrNMsjPnp6uyY6DaNDA4|163808990|14NzEyFanq6EDqZ2zePszDET8Jgsjs6yLz|163723172,transaction|wallet|transaction|wallet|transaction,|0.254924|0.367365|0.290417|0.414847,|0.127462|0.367365|0.145208|0.414847,|0.0010252|3.00407e-05|-0.077309|-0.0615032
355092783,4,transaction,355124110,False,True,5,355092783|15C4iGjiERw2ZwaTrhsRmsgSFBydKjPoQd|355124108|1EVmeeBuxj5jzUitfAjAiSYZwM6A6owyFS|355124110,transaction|wallet|transaction|wallet|transaction,|0.292198|0.414841|0.282023|0.404465,|0.146099|0.0829683|0.141012|0.404465,|0.00524333|2.55823e-05|0.0246987|0.00316781
70328739,4,transaction,54782496,False,True,5,70328739|1EYVJNjFAXbD7b2e1e4DrDiRmHRzVa2MXk|69352620|1Afaqj3LAsGxUtQTtZQpvehhu8xejMrP3e|54782496,transaction|wallet|transaction|wallet|transaction,|0.293475|0.414868|0.267195|0.304972,|0.146738|0.207434|0.133597|0.304972,|0.000333041|0.000126868|0.382621|0.00376201
115723125,4,transaction,56566464,False,True,5,115723125|16UbvGL4tnwN1N2NEPFJefkqmZXPXnv3xo|59039132|1J3wcVsNeGw4xnGbeSwzVGMVXyNF4d7SPR|56566464,transaction|wallet|transaction|wallet|transaction,|0.293745|0.414818|0.280516|0.401439,|0.146873|0.414818|0.140258|0.401439,|0.000295371|0.000481427|0.0395505|0.00240153
12661305,4,transaction,12665081,False,True,5,12661305|1Ph6pAZbKo8rR6GdLiFUdsUxstevVwH8D6|12661310|1JDS6teqSE1iuMGwVwkQdE6jhGJnuDYQZk|12665081,transaction|wallet|transaction|wallet|transaction,|0.286595|0.413269|0.26776|0.329656,|0.143297|0.413269|0.13388|0.329656,|0.00131333|0.000461102|0.317644|-0.0966785
71989369,4,transaction,70804318,False,True,5,71989369|1Eziyq5LPL5Ra1FiT72TcTPVktwfVGtsfu|71450735|17iuZcX7VmkbnQPNhJaoG7jZRZquJ2aKAb|70804318,transaction|wallet|transaction|wallet|transaction,|0.291037|0.414515|0.280994|0.374841,|0.145519|0.414515|0.140497|0.374841,|0.000114173|0.000121772|0.334608|0.0923981
94654130,3,wallet,1HsuECjWNQmVL5K4jUjGA2xz77zjMXMHBQ,False,True,4,94654130|17HivXjD3M37ukmmMof8uiWtW5pLCMW8Mn|94498568|1HsuECjWNQmVL5K4jUjGA2xz77zjMXMHBQ,transaction|wallet|transaction|wallet,|0.296919|0.414875|0.296524,|0.148459|0.414875|0.148262,|1.66893e-06|5.48363e-06|0.271131
94654134,3,wallet,1F13YwHww9kYVpBzatUoAiLF4moPUHhFzd,False,True,4,94654134|1C478sndNEt14bt3xQHBWzabuuoEQaYavN|94366773|1F13YwHww9kYVpBzatUoAiLF4moPUHhFzd,transaction|wallet|transaction|wallet,|0.290125|0.412045|0.280866,|0.145063|0.412045|0.280866,|0.000862271|0.00400764|0.48008
98623628,3,wallet,14r4HwZJQrQEkotN5WigufbXguBkhguDFb,False,True,4,98623628|16aiiBXia1rTfYXmsuPogMAXtWtaxz4GuY|94048575|14r4HwZJQrQEkotN5WigufbXguBkhguDFb,transaction|wallet|transaction|wallet,|0.286433|0.392969|0.280801,|0.143216|0.392969|0.280801,|0.00884208|0.00729203|0.299139
175046937,3,wallet,14ynG2Zff4ZB1nbHZm4ZrTpiJPnqodeSQY,False,True,4,175046937|1DtQvSAAK4vNgsQ74zA3bE4CFnDQmj5YVR|117536420|14ynG2Zff4ZB1nbHZm4ZrTpiJPnqodeSQY,transaction|wallet|transaction|wallet,|0.280429|0.392502|0.280832,|0.140215|0.392502|0.280832,|0.00837329|0.00100124|0.263606
175405586,3,wallet,1CbXbBmuqCzi3d6otHEYsBjhoZ1XUYrD17,False,True,4,175405586|1vmqho6EyeBNB3k2zxYajDihctDBtGf7L|175061416|1CbXbBmuqCzi3d6otHEYsBjhoZ1XUYrD17,transaction|wallet|transaction|wallet,|0.282925|0.3169|0.280823,|0.141462|0.3169|0.280823,|0.118339|0.00102526|0.0726492
175405815,3,wallet,1K1Paj5k8fkRCuQAvnjHWu97CQBbcQvKmY,False,True,4,175405815|1BZjszTnBvZFgu8LjQxkZ2dQR4sf6Rba64|175042800|1K1Paj5k8fkRCuQAvnjHWu97CQBbcQvKmY,transaction|wallet|transaction|wallet,|0.292357|0.414318|0.280919,|0.146178|0.414318|0.280919,|0.000861228|0.00115544|0.572383
179039634,3,wallet,1F54F3YEUDBTR8yrKhxcES2yxZWrPkuHQs,False,True,4,179039634|12SzAeT4vprf3EjKCmLHHDtdtu2AyLgLH4|198221240|1F54F3YEUDBTR8yrKhxcES2yxZWrPkuHQs,transaction|wallet|transaction|wallet,|0.27932|0.392552|0.280833,|0.13966|0.392552|0.280833,|0.0085932|0.00155646|0.266894
226667659,3,transaction,175455423,False,True,4,226667659|179026575|13GAftL5wZmkHbjjAvkpciQMNhQiVa4Xdh|175455423,transaction|transaction|wallet|transaction,|0.496859|0.277557|0.270728,|0.248429|0.138778|0.270728,|-0.210845|-0.329543|0.0142233
226669358,3,wallet,1Nhx9QXubx6mvkbE9raYc6dPzzjvWUzxBT,False,True,4,226669358|15JU67WfD3RL6sBBq9GcdKcYBuTz2FdPJH|179038099|1Nhx9QXubx6mvkbE9raYc6dPzzjvWUzxBT,transaction|wallet|transaction|wallet,|0.289475|0.414159|0.269813,|0.144738|0.10354|0.134907,|0.499556|-3.0905e-05|0.420548
234560113,3,wallet,13rD6M1EKjqyGJRqHtjX2YnDGyqFaYLj86,False,True,4,234560113|14WKSHZdqqBmewn8nK8okXYkeK3eZu4cDg|234181138|13rD6M1EKjqyGJRqHtjX2YnDGyqFaYLj86,transaction|wallet|transaction|wallet,|0.269085|0.35271|0.280854,|0.134543|0.35271|0.280854,|0.0588394|0.000880539|0.111147
234574630,3,wallet,1peGsiJivoR7oHJkkyXoZcY2kAYytLbf6,False,True,4,234574630|1F3Ut52G3p5qsaW4ynVrGGW5QLf5nhwdx3|234661332|1peGsiJivoR7oHJkkyXoZcY2kAYytLbf6,transaction|wallet|transaction|wallet,|0.207208|0.267126|0.280855,|0.103604|0.267126|0.280855,|0.214561|0.00371462|0.00485396
234574632,3,wallet,17k6QkPLL7AgcsSdLZ9CjysE9fbDeb8Nba,False,True,4,234574632|12RtXkhno25eS2A3tU4C6Ps9t8TngH1oVX|234834140|17k6QkPLL7AgcsSdLZ9CjysE9fbDeb8Nba,transaction|wallet|transaction|wallet,|0.212805|0.0758551|0.280828,|0.106403|0.0758551|0.0936092,|0.412521|0.00124824|-0.00984739
7783087,3,wallet,13GHRaovmKYQtPbckpnFhtPUbTLjzcwUkf,False,True,4,7783087|1HPRtUDkrkmWqNbLjS7P3pcx9t7ymTe57V|339058403|13GHRaovmKYQtPbckpnFhtPUbTLjzcwUkf,transaction|wallet|transaction|wallet,|0.279403|0.387812|0.280895,|0.139702|0.387812|0.280895,|0.0110376|0.00835043|0.219825
185915034,3,wallet,18uTsve2diqq5r9rY7p3C99Qg184f3RxkJ,False,True,4,185915034|1Fg3um6VX4ttAvx23ZdU6VUmxupKAE23YK|339280584|18uTsve2diqq5r9rY7p3C99Qg184f3RxkJ,transaction|wallet|transaction|wallet,|0.274238|0.409002|0.280884,|0.137119|0.204501|0.0561768,|0.000151873|-2.38419e-07|0.0118503
339057155,3,wallet,3MEbqyNoUEddy8AvytRWKYJgnZ1y8d5uy1,False,True,4,339057155|1AHwzByyxQT3Dm5NkEN4bY8NZEMeQtnDbz|339057158|3MEbqyNoUEddy8AvytRWKYJgnZ1y8d5uy1,transaction|wallet|transaction|wallet,|0.281957|0.400699|0.280881,|0.140978|0.400699|0.280881,|0.00461301|0.0017851|0.319657
339057349,3,wallet,1JzWmaKroPhmTXeJRc7GmAUhQZK4kTaweT,False,True,4,339057349|1DNCzhL5A11mHoUXcX5N7u8fawPiGezHGB|339057351|1JzWmaKroPhmTXeJRc7GmAUhQZK4kTaweT,transaction|wallet|transaction|wallet,|0.275474|0.388006|0.280901,|0.137737|0.388006|0.280901,|0.0103013|0.00137758|0.223184
339057505,3,wallet,12SDpXvezLw94KpC5Ezz8tXe53yqsE4Cre,False,True,4,339057505|1ArZufVwoygS6BgjuVZifSD9MkNXF95hcr|339057507|12SDpXvezLw94KpC5Ezz8tXe53yqsE4Cre,transaction|wallet|transaction|wallet,|0.276168|0.386424|0.280903,|0.138084|0.386424|0.280903,|0.0129412|0.00155109|0.216346
339057962,3,wallet,137Wa3DJThod2qY7H3SwBwEZZmkypchfzX,False,True,4,339057962|1ELqWpKNGK83FUsJuJQY4C3NkN1HFBas2T|339057963|137Wa3DJThod2qY7H3SwBwEZZmkypchfzX,transaction|wallet|transaction|wallet,|0.273045|0.378273|0.280884,|0.136522|0.378273|0.280884,|0.0201196|0.00186986|0.170096
339093920,3,wallet,1P8vES2MpBU11ECuqvi2KbD5WZw6aZgxnT,False,True,4,339093920|1J3z8PMnUiG7Brv3N8vprprhTaodQzEsnz|220134222|1P8vES2MpBU11ECuqvi2KbD5WZw6aZgxnT,transaction|wallet|transaction|wallet,|0.288412|0.409536|0.280926,|0.144206|0.409536|0.280926,|0.00135645|0.00220901|0.421968
339094219,3,wallet,33eHY9jb6rPEkWrwbZY8K5evEsECAoGBeX,False,True,4,339094219|1CLsU3mEEi1WoJK4oPf4fBUtrcbARaKcC3|339094221|33eHY9jb6rPEkWrwbZY8K5evEsECAoGBeX,transaction|wallet|transaction|wallet,|0.2822|0.40279|0.280908,|0.1411|0.40279|0.280908,|0.00206873|0.00161523|0.330405
339095197,3,wallet,1JENymRc89THW9KMinnJM6Te7Tmayzks61,False,True,4,339095197|1BCJT92oUB652a7dJWTNpnXMzq9ZT7pfD|339095199|1JENymRc89THW9KMinnJM6Te7Tmayzks61,transaction|wallet|transaction|wallet,|0.289578|0.409657|0.280927,|0.144789|0.409657|0.280927,|0.00130048|0.00111425|0.425006
339096343,3,wallet,1E5Rfw1kRFPRgyjpZieagkmqZM3LoAVkc,False,True,4,339096343|1HwqaXghUZi5jG8UXek9u9mLcVhcWjkQUF|339083963|1E5Rfw1kRFPRgyjpZieagkmqZM3LoAVkc,transaction|wallet|transaction|wallet,|0.265234|0.336696|0.280884,|0.132617|0.336696|0.280884,|0.0777919|0.00126839|0.0687833
339096348,3,wallet,1jFSL2Ng2efuSqbew8UnNjoWa448NDzrJ,False,True,4,339096348|18Eb3gMvVDEAbetaxoydt7JEcUXg5diXP2|339060115|1jFSL2Ng2efuSqbew8UnNjoWa448NDzrJ,transaction|wallet|transaction|wallet,|0.261772|0.337107|0.280832,|0.130886|0.337107|0.280832,|0.116339|0.0014534|0.0546809
339096356,3,wallet,1GSuvgnGQj6p5oqvUd6DFnoCpdaFPrxFH4,False,True,4,339096356|19BYzAVLLev4vYV18KztyGS1b8MKQnRo2c|339063176|1GSuvgnGQj6p5oqvUd6DFnoCpdaFPrxFH4,transaction|wallet|transaction|wallet,|0.27749|0.390419|0.280902,|0.138745|0.390419|0.280902,|0.0113792|0.00132918|0.240203
339642966,3,wallet,1DyDTcKMrB8x7ZpeyDrWfsgKsfzzWas1ES,False,True,4,339642966|1EWKrswwVjN3rfZXq59zFosktekKsSXV3D|339642967|1DyDTcKMrB8x7ZpeyDrWfsgKsfzzWas1ES,transaction|wallet|transaction|wallet,|0.282039|0.394319|0.280907,|0.14102|0.394319|0.280907,|0.00849086|0.00125921|0.255758
15235799,3,wallet,1DNywpCpgdBurPpkK8XqBxuFSPcbLLky1X,False,True,4,15235799|193LUh82c22XqxD1DuJHAzcAfRkyUw85b9|15199978|1DNywpCpgdBurPpkK8XqBxuFSPcbLLky1X,transaction|wallet|transaction|wallet,|0.28202|0.400725|0.280925,|0.14101|0.400725|0.280925,|0.00362009|0.00246108|0.309006
15236007,3,wallet,156RsL92UHS8B7i3B7U1hdPU3Cf51ND9kv,False,True,4,15236007|1ADVdL9GaqJtxg9f6SqdXz1wrBiG5nEJup|15092612|156RsL92UHS8B7i3B7U1hdPU3Cf51ND9kv,transaction|wallet|transaction|wallet,|0.279555|0.399078|0.280925,|0.139778|0.399078|0.280925,|0.0036155|0.00148845|0.297426
243780689,3,wallet,12PxWvY9w7bAuPtsiQ8MWTRdThBT8YcstU,False,True,4,243780689|17yv9tsnce1FvkPmWUqrnKGsyXXEeYn5jR|241526883|12PxWvY9w7bAuPtsiQ8MWTRdThBT8YcstU,transaction|wallet|transaction|wallet,|0.291278|0.414836|0.288307,|0.145639|0.414836|0.0961022,|8.17776e-05|0.000301242|0.30842
243780808,3,wallet,14rmLkC6Bej7FkQQ8wP98zsJer1YDKPw85,False,True,4,243780808|186ruave9TN5xEZTP2tLGbNc37g2cQsj4W|238247335|14rmLkC6Bej7FkQQ8wP98zsJer1YDKPw85,transaction|wallet|transaction|wallet,|0.283663|0.403988|0.280936,|0.141832|0.403988|0.280936,|0.0023025|0.00191689|0.334735
243780852,3,wallet,1Q92CMv5xX3ZeqnPKZWdrkXezX8iWtDeE7,False,True,4,243780852|18N32VTpWKzR1PjPRXNngjxwJVBEAmfbeb|241513499|1Q92CMv5xX3ZeqnPKZWdrkXezX8iWtDeE7,transaction|wallet|transaction|wallet,|0.291305|0.414801|0.25433,|0.145652|0.414801|0.127165,|0.000820726|0.000267923|0.494413
244629168,3,wallet,16dxymxBo4shTCwbKYcoogYNAex9Dp4uWm,False,True,4,244629168|1AwtvfXfV7eZuqMXWyiy53THtPAw3BQVjZ|241507377|16dxymxBo4shTCwbKYcoogYNAex9Dp4uWm,transaction|wallet|transaction|wallet,|0.284164|0.40497|0.280941,|0.142082|0.40497|0.280941,|0.00199881|0.00186259|0.346685
297098648,3,wallet,1LoR48uDFQ3MZVX7DZz9eQfyjvYSx8MSiu,False,True,4,297098648|1AqyCDYatN2hxnmYJGugbgftPerJ9xkNEr|291271105|1LoR48uDFQ3MZVX7DZz9eQfyjvYSx8MSiu,transaction|wallet|transaction|wallet,|0.26394|0.148021|0.280664,|0.13197|0.148021|0.280664,|0.412633|0.00657529|-0.164
378151922,3,wallet,1BST7WP6ojsa4n6VsmoxKqWd5pBrs6deES,False,True,4,378151922|1om4hkVmTn8gE52vs9uPgs4qoybV9g2e8|344453848|1BST7WP6ojsa4n6VsmoxKqWd5pBrs6deES,transaction|wallet|transaction|wallet,|0.272333|0.377781|0.280957,|0.136167|0.377781|0.140479,|0.0186121|0.00148231|0.0812316
378249003,3,wallet,173o6k1HoC3YTCKV5i3rW9fq6fhHHzZLHz,False,True,4,378249003|1AG2JBtWiXVZ3Z28BUX9d6btoJM9oBNG27|331228202|173o6k1HoC3YTCKV5i3rW9fq6fhHHzZLHz,transaction|wallet|transaction|wallet,|0.28199|0.384082|0.280776,|0.140995|0.384082|0.280776,|0.066623|0.00706166|0.151869
378250397,3,wallet,1621cNyGnnRN7coAaA1wV2sEzW5BigxsSU,False,True,4,378250397|115M8hMMDvJPdGsTidQosvpUgDzE564Q9A|171153608|1621cNyGnnRN7coAaA1wV2sEzW5BigxsSU,transaction|wallet|transaction|wallet,|0.28129|0.397297|0.280801,|0.140645|0.397297|0.280801,|0.0285684|0.00510228|0.242052
378251094,3,wallet,1J9ssunR6jjZR3b5WS6wW5BeMh4BMxfo6L,False,True,4,378251094|1DUXXJBccfVUnvsW5ZoheYNUo81A6UTx6S|29371514|1J9ssunR6jjZR3b5WS6wW5BeMh4BMxfo6L,transaction|wallet|transaction|wallet,|0.282428|0.401981|0.280961,|0.141214|0.401981|0.14048,|0.0112414|0.00404328|0.178541
378251284,3,wallet,1BYwzWpYT1LrBdanADEooemXffpSkBKDrP,False,True,4,378251284|1LdGB8E8d9dkxjnv7YSStGdXLBAK7BRtvG|378161499|1BYwzWpYT1LrBdanADEooemXffpSkBKDrP,transaction|wallet|transaction|wallet,|0.282637|0.404917|0.280958,|0.141318|0.202458|0.280958,|0.00201032|0.000623822|0.345769
378251619,3,wallet,1NLMDmKNoA2dy7UziWDXcHPXXYfi19E3hh,False,True,4,378251619|18RDytZT7d3btp3aCxdtVyMVsNTboGH3GA|378177546|1NLMDmKNoA2dy7UziWDXcHPXXYfi19E3hh,transaction|wallet|transaction|wallet,|0.274763|0.391026|0.280997,|0.137381|0.391026|0.0468328,|0.0104743|0.000525177|0.0240941
378256202,3,wallet,1BYwzWpYT1LrBdanADEooemXffpSkBKDrP,False,True,4,378256202|1LdGB8E8d9dkxjnv7YSStGdXLBAK7BRtvG|378161499|1BYwzWpYT1LrBdanADEooemXffpSkBKDrP,transaction|wallet|transaction|wallet,|0.282637|0.404917|0.280958,|0.141318|0.202458|0.280958,|-0.00204441|0.0239963|0.345769
304683944,3,wallet,1HUnfWqx8VnpvQU8cHEr2Jc24A5K14ErdG,False,True,4,304683944|1N6uduqzJ7hhBvJPzjBpaNfh3MjyjMTXHH|390236526|1HUnfWqx8VnpvQU8cHEr2Jc24A5K14ErdG,transaction|wallet|transaction|wallet,|0.289916|0.404168|0.283926,|0.144958|0.404168|0.0709816,|0.102579|0.0812914|0.0482614
390572355,3,wallet,1B8t69Acj9SM82cMex9yLzoTZjYcoT2wyk,False,True,4,390572355|17Vxec4GTWHqWaquBNmz9bwQhQMsRq2WYn|390329719|1B8t69Acj9SM82cMex9yLzoTZjYcoT2wyk,transaction|wallet|transaction|wallet,|0.286264|0.414855|0.284564,|0.143132|0.414855|0.142282,|1.5676e-05|-2.16961e-05|0.494499
390572513,3,wallet,19AdLB6drbkhVvW3fyA1d9g9qcZwTQMPna,False,True,4,390572513|148r4i1UDDQQa6vKywArbr9xhrSaGaMpvA|390502971|19AdLB6drbkhVvW3fyA1d9g9qcZwTQMPna,transaction|wallet|transaction|wallet,|0.295201|0.414876|0.281088,|0.1476|0.414876|0.140544,|2.24113e-05|1.66893e-06|0.49353
390577552,3,wallet,1FHeK3j8UM2z8N81Pbu8z4ezm628JsXyRU,False,True,4,390577552|1JCmMDLjqRpgZY2CifehH4AoHEMwy9GZgB|162295800|1FHeK3j8UM2z8N81Pbu8z4ezm628JsXyRU,transaction|wallet|transaction|wallet,|0.285861|0.408458|0.280942,|0.14293|0.408458|0.280942,|0.00231162|0.000913501|0.401523
248915482,3,wallet,13eYa86JMPp3rqjfLdnFUDn188JoBt7P7z,False,True,4,248915482|1s5rUF18idd7vpnobeMrkhD7KWL2WBFJC|248902840|13eYa86JMPp3rqjfLdnFUDn188JoBt7P7z,transaction|wallet|transaction|wallet,|0.29642|0.414876|0.27702,|0.14821|0.414876|0.13851,|2.03848e-05|1.66893e-06|0.497271
249236899,3,wallet,1KTWoQSEpxkYnqBFgFUMpTsJ31PaVZmHCb,False,True,4,249236899|1HCrhrG4DgnarZFhNNSXwi9ybWQmrzKv6V|248888440|1KTWoQSEpxkYnqBFgFUMpTsJ31PaVZmHCb,transaction|wallet|transaction|wallet,|0.285285|0.408037|0.280969,|0.142643|0.408037|0.280969,|-0.0122307|0.20511|0.379969
249338762,3,wallet,1EFbYDVC6Exw5RNwUxdH558j3fT8sdZyKk,False,True,4,249338762|177tn2ibvpxYqJufPNuZuGoB5SThPDc1z|248888577|1EFbYDVC6Exw5RNwUxdH558j3fT8sdZyKk,transaction|wallet|transaction|wallet,|0.285941|0.408359|0.28097,|0.14297|0.408359|0.28097,|0.00175843|0.000340998|0.381321
250413117,3,wallet,1FeRGGQExRvYSA47aNzcR8ZVXHH1QVFtVx,False,True,4,250413117|18uz8B3MHV6HpUCLBL1wYo2DfcMoBBo6zG|248887402|1FeRGGQExRvYSA47aNzcR8ZVXHH1QVFtVx,transaction|wallet|transaction|wallet,|0.284418|0.380875|0.280818,|0.142209|0.380875|0.140409,|0.11835|0.00292367|0.00973043
363079549,3,wallet,1F17kgbjj2G3hQ6kpU9XZ3hNKt9UkEDBZy,False,True,4,363079549|13PKV7jc3cXMyubj2LEkNL36xrrx9JZgGs|362965635|1F17kgbjj2G3hQ6kpU9XZ3hNKt9UkEDBZy,transaction|wallet|transaction|wallet,|0.285328|0.408465|0.281004,|0.142664|0.408465|0.281004,|0.00138351|0.00045234|0.395554
43531652,3,wallet,1Q3Ja6Cafya2pQDzoJF7dchD6fnW4iQP7S,False,True,4,43531652|1KjnHsViHG5roTfJDP8kHNEP86nx16VoWk|38523191|1Q3Ja6Cafya2pQDzoJF7dchD6fnW4iQP7S,transaction|wallet|transaction|wallet,|0.286304|0.407815|0.284561,|0.143152|0.407815|0.284561,|0.496413|0.158683|0.33974
209053064,3,wallet,1L9pd8iebANDk8Ypmn3cqDamFxjgUmjis9,False,True,4,209053064|16MsDB4hEJGabYmqkWbNoSSz9V2VRtHLyZ|51018430|1L9pd8iebANDk8Ypmn3cqDamFxjgUmjis9,transaction|wallet|transaction|wallet,|0.28368|0.408525|0.281006,|0.14184|0.081705|0.140503,|0.00553313|5.22137e-06|0.228434
209054313,3,wallet,1L9pd8iebANDk8Ypmn3cqDamFxjgUmjis9,False,True,4,209054313|1PZgKyEU14od6bowy5yPrzy9aD4E7g3mFV|51018430|1L9pd8iebANDk8Ypmn3cqDamFxjgUmjis9,transaction|wallet|transaction|wallet,|0.287116|0.408525|0.281006,|0.143558|0.081705|0.140503,|0.00552204|1.04189e-05|0.228434
209522745,3,wallet,1BaSQVRBzdpMc81Lq5u4xteVDUiMfRm8iE,False,True,4,209522745|1MQf4z9K19YDVnAifjPhV7vUPyf1jiuQYD|209522746|1BaSQVRBzdpMc81Lq5u4xteVDUiMfRm8iE,transaction|wallet|transaction|wallet,|0.295185|0.414875|0.242701,|0.147592|0.414875|0.121351,|0.000189632|1.72853e-05|0.462144
99175888,3,wallet,1DGThuQ6XqQ385W5NFEPc1kdb8YPoZrqnJ,False,True,4,99175888|1Cz6xyMqXjpVKWQB8XNDLyoKJnFwM52xLw|99175889|1DGThuQ6XqQ385W5NFEPc1kdb8YPoZrqnJ,transaction|wallet|transaction|wallet,|0.287558|0.41066|0.281035,|0.143779|0.41066|0.281035,|0.00165325|0.000338435|0.435447
99191240,3,wallet,1MRVmD1V2xBD8QGFVhXc2xXP5sJv5BH7Wd,False,True,4,99191240|1BsUNUGM5MQF6Es1qZbt7xjA5YiSiJ7t8X|98975509|1MRVmD1V2xBD8QGFVhXc2xXP5sJv5BH7Wd,transaction|wallet|transaction|wallet,|0.280881|0.397831|0.280957,|0.14044|0.397831|0.280957,|-0.00416464|0.233416|0.236732
313646496,3,wallet,18seVnazx4U63KVJE887zMWsJUYVKuRucX,False,True,4,313646496|1Hu7bvCmpAMfSvvwSS8sfGb43i53hR2fhe|323274680|18seVnazx4U63KVJE887zMWsJUYVKuRucX,transaction|wallet|transaction|wallet,|0.290386|0.414826|0.290162,|0.145193|0.414826|0.145081,|0.00037545|-4.26173e-05|0.494642
372725878,3,wallet,1Q4qnuHcWeCFYeVkJ5QoiHDpj9a6kUWs2U,False,True,4,372725878|1DhpJ4mmeEfbKZuhNuwUid5avpLiFRandb|372671156|1Q4qnuHcWeCFYeVkJ5QoiHDpj9a6kUWs2U,transaction|wallet|transaction|wallet,|0.28762|0.410491|0.281039,|0.14381|0.410491|0.281039,|0.00157219|0.000291049|0.421811
372725884,3,wallet,1Q4qnuHcWeCFYeVkJ5QoiHDpj9a6kUWs2U,False,True,4,372725884|173caA2Vm2Y77B2tovS84rrHFRJ5uehC2A|372671156|1Q4qnuHcWeCFYeVkJ5QoiHDpj9a6kUWs2U,transaction|wallet|transaction|wallet,|0.286981|0.410491|0.281039,|0.143491|0.205245|0.281039,|0.00159508|9.72748e-05|0.421811
372726107,3,wallet,1DSdqVmryk76oMdU1ahxxs1p7Q1t4VhqgN,False,True,4,372726107|1BMx7ZWxY1nVW2T481LHk4Bx311mt1HQPA|368755413|1DSdqVmryk76oMdU1ahxxs1p7Q1t4VhqgN,transaction|wallet|transaction|wallet,|0.290128|0.413867|0.224506,|0.145064|0.413867|0.112253,|0.00141752|0.000192463|0.395188
372726702,3,wallet,1Cs6JzR6DHaPXCsVzjC65wZ7E3Bh6cSEGM,False,True,4,372726702|1CqCFUnMZa8XYQ7n56L8oyVPAtzNEMH39G|372696706|1Cs6JzR6DHaPXCsVzjC65wZ7E3Bh6cSEGM,transaction|wallet|transaction|wallet,|0.283607|0.403865|0.281018,|0.141803|0.403865|0.140509,|0.0314311|0.00394589|-0.00139001
372812145,3,wallet,1K78mAuqH8cX5HZGqgN9mukjRc8ANUXsXA,False,True,4,372812145|1EQfFexXuKdi4W2fawGnJPFh9G9W9ocaNx|372728275|1K78mAuqH8cX5HZGqgN9mukjRc8ANUXsXA,transaction|wallet|transaction|wallet,|0.286009|0.409122|0.281037,|0.143005|0.409122|0.281037,|0.00159213|0.000401318|0.398741
372961150,3,wallet,3BdKRpTwnsVd2NBPs85FwFY5hsBYwZKnVn,False,True,4,372961150|14dGwYSUxpy2swoS8QMkRFovXzGzL5aPbH|372824257|3BdKRpTwnsVd2NBPs85FwFY5hsBYwZKnVn,transaction|wallet|transaction|wallet,|0.284949|0.410015|0.281009,|0.142475|0.410015|0.140505,|0.00629675|0.000358701|0.21693
336424735,3,wallet,1KynxBvaNYKv7i5BFAaomn6ptY5ZPxv7ck,False,True,4,336424735|1BTx4raV9zSunqEmHg1yeJNH9zuE3fEThZ|331560201|1KynxBvaNYKv7i5BFAaomn6ptY5ZPxv7ck,transaction|wallet|transaction|wallet,|0.295685|0.414875|0.217836,|0.147843|0.414875|0.108918,|3.68357e-05|2.02656e-06|0.499911
262479651,3,wallet,13DjRPm7EQGPxdpamzuG6HxEiJbiNQweYw,False,True,4,262479651|19sUScEdky5zKjgwxKWt2unZba1SbYEJZS|273248735|13DjRPm7EQGPxdpamzuG6HxEiJbiNQweYw,transaction|wallet|transaction|wallet,|0.285376|0.40636|0.281016,|0.142688|0.40636|0.281016,|0.00402278|0.000438392|0.326506
87474785,3,wallet,12v6yTLFj45SAiyqE67KFQoABjZNRFCGpp,False,True,4,87474785|1GA1LKt9vAMdXuCeAyMXR1YPd4FDK8e19t|268794150|12v6yTLFj45SAiyqE67KFQoABjZNRFCGpp,transaction|wallet|transaction|wallet,|0.288247|0.410845|0.281084,|0.144124|0.410845|0.281084,|0.000539839|0.00719088|0.437143
269511424,3,wallet,1KK9bqcaNd4kocVZtgZnrxKa51hVK7yhdh,False,True,4,269511424|17AF2eZG6G1FUor77J6hgvww1ind8WGLze|268916245|1KK9bqcaNd4kocVZtgZnrxKa51hVK7yhdh,transaction|wallet|transaction|wallet,|0.286735|0.409054|0.28107,|0.143368|0.409054|0.28107,|0.00229719|0.000600874|0.387786
276938352,3,wallet,1NQRnXz59SuzN7sbxTRBJeA6Wprpyrx4F6,False,True,4,276938352|1Nn5CnHsTkptP2UMTMeKtujbFhAFnmzqkn|268886525|1NQRnXz59SuzN7sbxTRBJeA6Wprpyrx4F6,transaction|wallet|transaction|wallet,|0.284251|0.407409|0.281084,|0.142126|0.407409|0.140542,|0.00568479|0.000975609|0.0353865
283190987,3,wallet,1Bqdtk4gBvzvWpHhthfBL2VUL2HB9fFU7K,False,True,4,283190987|14qu3LpLeHez2QkegCSFBVhVzJ1y3AsJeE|269578648|1Bqdtk4gBvzvWpHhthfBL2VUL2HB9fFU7K,transaction|wallet|transaction|wallet,|0.28665|0.409594|0.281078,|0.143325|0.409594|0.281078,|0.00233531|0.000381649|0.407991
283192691,3,wallet,1KA6GZDzqRcjnc8WR47rLAnvB1x7CyZNMg,False,True,4,283192691|1AGsZ8mt8azWjrJypLMCpkvhGmZqYaGgpu|269555711|1KA6GZDzqRcjnc8WR47rLAnvB1x7CyZNMg,transaction|wallet|transaction|wallet,|0.275956|0.408192|0.281085,|0.137978|0.204096|0.0702712,|0.00428265|7.98106e-05|0.00706789
283195181,3,wallet,1LFjQw13qyknvmWhwKaWxxoE2LAh9xHJ4o,False,True,4,283195181|13BDk2P1g5XgJp2HUfqSV6bQhFBXJnUD2i|276961374|1LFjQw13qyknvmWhwKaWxxoE2LAh9xHJ4o,transaction|wallet|transaction|wallet,|0.28787|0.410727|0.281083,|0.143935|0.410727|0.281083,|0.00328606|0.000669956|0.415996
294461448,3,wallet,1Q3cNkYh3nRQZhtxbqdaPzcBRX1wTYrGao,False,True,4,294461448|1J3zb6abPd6onUppAS6wkEtdgDSeW5J2eB|294271272|1Q3cNkYh3nRQZhtxbqdaPzcBRX1wTYrGao,transaction|wallet|transaction|wallet,|0.283256|0.408509|0.281074,|0.141628|0.204254|0.281074,|0.0111308|8.5175e-05|0.376987
294494800,3,wallet,1H51eK7QgdA4e3ZXWbvM5Wy7jqxFWYxuM,False,True,4,294494800|13S3cXppT8XLEu2q9PeQyHFXAT4Wx3qbmo|294378201|1H51eK7QgdA4e3ZXWbvM5Wy7jqxFWYxuM,transaction|wallet|transaction|wallet,|0.28471|0.409639|0.281089,|0.142355|0.409639|0.140545,|0.00482231|0.000132024|0.193051
294581070,3,wallet,1Q3cNkYh3nRQZhtxbqdaPzcBRX1wTYrGao,False,True,4,294581070|18b1BtHnhjhpXjpUFLhViLHDht9Q6yQxqy|294271272|1Q3cNkYh3nRQZhtxbqdaPzcBRX1wTYrGao,transaction|wallet|transaction|wallet,|0.28483|0.408509|0.281074,|0.142415|0.204254|0.281074,|0.00524384|0.000146538|0.376987
139273998,3,wallet,1KvWkr62rNrDfR1XobAnSDyT9AN6afYnKu,False,True,4,139273998|1PE3yaxiSydQgzDouxDU1LBh8oWz3ZSSju|216971322|1KvWkr62rNrDfR1XobAnSDyT9AN6afYnKu,transaction|wallet|transaction|wallet,|0.283067|0.407611|0.281103,|0.141534|0.407611|0.0702758,|0.00537935|0.0005036|0.100139
139274022,3,wallet,1F47pLzQkmmmv49TCC6B8nTvTYZwnBXiV,False,True,4,139274022|246044957|51551341|1F47pLzQkmmmv49TCC6B8nTvTYZwnBXiV,transaction|transaction|transaction|wallet,|0.481218|0.343807|0.280173,|0.240609|0.171904|0.280173,|-0.0233407|-0.20864|-0.307451
139274029,3,wallet,1F47pLzQkmmmv49TCC6B8nTvTYZwnBXiV,False,True,4,139274029|246044957|51551341|1F47pLzQkmmmv49TCC6B8nTvTYZwnBXiV,transaction|transaction|transaction|wallet,|0.481218|0.343807|0.280173,|0.240609|0.171904|0.280173,|-0.0231636|-0.20864|-0.307451
163654972,3,wallet,12yus3i538kEVjXereEMHcKpRSYRKkvoAM,False,True,4,163654972|1BDRf8caLLmGJghmfdbz4WXhPrwLLoTorp|163654973|12yus3i538kEVjXereEMHcKpRSYRKkvoAM,transaction|wallet|transaction|wallet,|0.0213954|0.0280494|0.280687,|0.0106977|0.0280494|0.280687,|0.454167|0.00102997|-0.248156
163807102,3,wallet,1PZDmCMfvu8z3dTzVbCBKZK61f4EWCCtAp,False,True,4,163807102|13hxJDJjMGXGXm5GWNtaHmtrYFkychJYyz|163711912|1PZDmCMfvu8z3dTzVbCBKZK61f4EWCCtAp,transaction|wallet|transaction|wallet,|0.219998|0.275522|0.280869,|0.109999|0.275522|0.280869,|0.380397|0.00115556|-0.129291
299172430,3,wallet,1Ap6CJKJhkDNMxJNumpibsS6SzRaM8BMXi,False,True,4,299172430|17Qi4U1Vvj7UhaKBvceZhzyfL5EyZAGYqR|299175508|1Ap6CJKJhkDNMxJNumpibsS6SzRaM8BMXi,transaction|wallet|transaction|wallet,|0.226366|0.361183|0.280969,|0.113183|0.361183|0.280969,|0.280655|0.000904441|-0.00458309
383048751,3,wallet,18YWuWx2xHMnnAD32oqcK6KLofiyaqUrRo,False,True,4,383048751|13jw4ZFdXJgzo7hUwicpSPz279LKZ7q6Sm|386208900|18YWuWx2xHMnnAD32oqcK6KLofiyaqUrRo,transaction|wallet|transaction|wallet,|0.260388|0.147342|0.252726,|0.130194|0.147342|0.126363,|0.0425333|-0.000122726|-0.261908
385989246,3,wallet,17Qq4RZ2AXvr7MxThnvWsCC9v48RsprXA5,False,True,4,385989246|1AJ17Ck9XtzzxwWwajQB7KCPcLPNx4Khr2|376275922|17Qq4RZ2AXvr7MxThnvWsCC9v48RsprXA5,transaction|wallet|transaction|wallet,|0.284387|0.407035|0.281112,|0.142194|0.407035|0.281112,|0.00897789|0.00145942|0.333559
274526544,3,wallet,1A9wXnMdHa1GCfUzcYMdX7eYEpxQNZq4Yd,False,True,4,274526544|17BVr5MZK2ioBtCcZtQpKJjYzHjHuPPpHm|355102469|1A9wXnMdHa1GCfUzcYMdX7eYEpxQNZq4Yd,transaction|wallet|transaction|wallet,|0.283015|0.404853|0.214626,|0.141508|0.404853|0.107313,|0.0226167|5.94854e-05|0.0935021
274526557,3,wallet,1A9wXnMdHa1GCfUzcYMdX7eYEpxQNZq4Yd,False,True,4,274526557|19A413brWh4FiD5kbZa48Nz4c5KQS6kZCK|355102469|1A9wXnMdHa1GCfUzcYMdX7eYEpxQNZq4Yd,transaction|wallet|transaction|wallet,|0.275049|0.404853|0.214626,|0.137525|0.0809706|0.107313,|0.499813|2.81334e-06|0.0935021
355004152,3,wallet,189h8XwQeHe4kxKf5GP2qZK9iUS9cRRSKa,False,True,4,355004152|17PKwsTWJPqZfZskSk7aXwc4UKD34VW8Dv|355004153|189h8XwQeHe4kxKf5GP2qZK9iUS9cRRSKa,transaction|wallet|transaction|wallet,|0.251448|0.290107|0.280905,|0.125724|0.290107|0.280905,|0.398732|0.00191319|-0.124913
355007581,3,wallet,15AvLetQyqsfR9xbF5M25VXU7aSyYBK2vk,False,True,4,355007581|1CPzwgjVSUgkNmkqRVjvTM5DXg442TCyHZ|355007582|15AvLetQyqsfR9xbF5M25VXU7aSyYBK2vk,transaction|wallet|transaction|wallet,|0.285201|0.407885|0.281134,|0.1426|0.407885|0.281134,|0.00707605|0.000804007|0.355447
355008334,3,wallet,1xJNjCft7AvmNAfrFh19atXzgDrE36ShY,False,True,4,355008334|1NoTZBqaxdXUn9RWZ45zmPwA3CMoTwVe8f|192942618|1xJNjCft7AvmNAfrFh19atXzgDrE36ShY,transaction|wallet|transaction|wallet,|0.282044|0.407724|0.281138,|0.141022|0.407724|0.0937126,|0.00170404|-0.00228751|-0.000794093
355009183,3,wallet,1CsbGDtXDVjHMrG4vPnviaHG1Bn8E3Aytf,False,True,4,355009183|1LwwGZhzbsexmDYn6GwiqPUHBMSjuGeMf8|355009184|1CsbGDtXDVjHMrG4vPnviaHG1Bn8E3Aytf,transaction|wallet|transaction|wallet,|0.283429|0.408273|0.281136,|0.141714|0.408273|0.0562271,|0.00590214|0.000306129|6.23465e-05
355090229,3,wallet,172R8jhVDnSE8KTqQpTbmUqhfRQaz87yhw,False,True,4,355090229|15DogNEvcdnaMhXGXcD4RjTrhd8H1ecigX|255588914|172R8jhVDnSE8KTqQpTbmUqhfRQaz87yhw,transaction|wallet|transaction|wallet,|0.206925|0.108114|0.280833,|0.103463|0.108114|0.280833,|0.468976|0.00316668|-0.223762
355091552,3,wallet,1C3txwu5hoVHCLnKyEJyGj45avtjyP898j,False,True,4,355091552|15VyQPB7phJkr8iPVh1psJYCrzPChtrsFX|355091556|1C3txwu5hoVHCLnKyEJyGj45avtjyP898j,transaction|wallet|transaction|wallet,|0.284615|0.407136|0.281129,|0.142308|0.407136|0.281129,|0.00905856|0.0021584|0.328669
355091558,3,wallet,1Nh99ko4fkrE9gwxWAM6sXLUYupf8W1bAF,False,True,4,355091558|1G4zmKEYb8jpqZVoyxf7FazgCV9uUKfpuz|355029095|1Nh99ko4fkrE9gwxWAM6sXLUYupf8W1bAF,transaction|wallet|transaction|wallet,|0.28713|0.413517|0.287615,|0.143565|0.413517|0.0958718,|0.282398|0.00177521|0.0572948
355102322,3,wallet,14HhFQQ3rjWVzm7xHX38WN7vj6SB5XZjfV,False,True,4,355102322|1A7T6sKeyMNVKPbDbSfMn5PkDoGaFq8x1B|355009187|14HhFQQ3rjWVzm7xHX38WN7vj6SB5XZjfV,transaction|wallet|transaction|wallet,|0.28127|0.406078|0.281112,|0.140635|0.406078|0.281112,|0.0108433|0.000909328|0.296802
355102430,3,wallet,1KeRshMGXJZksLtnQpuvFnDVo8ZvavgtPv,False,True,4,355102430|17CpJ9bXexfFw9BUt6ovqaFC4iiMcpmvxM|355102432|1KeRshMGXJZksLtnQpuvFnDVo8ZvavgtPv,transaction|wallet|transaction|wallet,|0.283622|0.406655|0.281137,|0.141811|0.406655|0.140568,|0.0106969|0.00146335|0.000614554
355102434,3,wallet,1A9wXnMdHa1GCfUzcYMdX7eYEpxQNZq4Yd,False,True,4,355102434|19A413brWh4FiD5kbZa48Nz4c5KQS6kZCK|355102469|1A9wXnMdHa1GCfUzcYMdX7eYEpxQNZq4Yd,transaction|wallet|transaction|wallet,|0.275049|0.404853|0.214626,|0.137525|0.0809706|0.107313,|0.240601|-0.000293303|0.0935021
355236712,3,wallet,1A9wXnMdHa1GCfUzcYMdX7eYEpxQNZq4Yd,False,True,4,355236712|19A413brWh4FiD5kbZa48Nz4c5KQS6kZCK|355102469|1A9wXnMdHa1GCfUzcYMdX7eYEpxQNZq4Yd,transaction|wallet|transaction|wallet,|0.275049|0.404853|0.214626,|0.137525|0.0809706|0.107313,|0.251493|9.53674e-08|0.0935021
355238659,3,wallet,1EJeVMD5APgmRbaXkjktgMfXbzetgJWjMs,False,True,4,355238659|1LxjAhbzjQskt4pUQyMMt8ZBy6XeEJy5ep|175165963|1EJeVMD5APgmRbaXkjktgMfXbzetgJWjMs,transaction|wallet|transaction|wallet,|0.28443|0.408757|0.281138,|0.142215|0.408757|0.0937126,|0.00509655|0.000343859|0.120375
355238661,3,wallet,17xUuLzu3sn8TCNAWhdYoRWCQuYbxpZTeK,False,True,4,355238661|191V3X6r5fTE5r9EJ6s9MPkVjNHgNn7PUf|355940710|17xUuLzu3sn8TCNAWhdYoRWCQuYbxpZTeK,transaction|wallet|transaction|wallet,|0.283471|0.40636|0.281121,|0.141736|0.40636|0.281121,|0.0116364|0.00149453|0.312815
355293540,3,wallet,1A9wXnMdHa1GCfUzcYMdX7eYEpxQNZq4Yd,False,True,4,355293540|1GXoUw4zaSizk2re4GXVYbEioMm48TQb7C|355102469|1A9wXnMdHa1GCfUzcYMdX7eYEpxQNZq4Yd,transaction|wallet|transaction|wallet,|0.28188|0.404853|0.214626,|0.14094|0.0809706|0.107313,|0.251443|2.14577e-07|0.0935021
92508031,3,wallet,1JtMSZqGMh9KXLVTDstSefhgseLvTETHyn,False,True,4,92508031|1AcrVa8Pq5BVJL5SNVtvaGWQ6FxHCFoUrn|92491023|1JtMSZqGMh9KXLVTDstSefhgseLvTETHyn,transaction|wallet|transaction|wallet,|0.27032|0.353104|0.280992,|0.13516|0.0882759|0.280992,|0.461299|0.000237137|-0.0377785
56242196,3,wallet,19v1axRV2vagrL5jt5Ve7UArdo6Mr9BbFL,False,True,4,56242196|69770247|54725736|19v1axRV2vagrL5jt5Ve7UArdo6Mr9BbFL,transaction|transaction|transaction|wallet,|0.0328061|0.00888142|0.281123,|0.016403|0.00444071|0.140562,|-0.211619|0.114836|0.0105266
67572674,3,wallet,1NxNC85efna1L3SGra7zSJTKniuZPmrw1a,False,True,4,67572674|1Mwm6Hnma13nvcQSxTijVCBawtBuRwwXby|70410916|1NxNC85efna1L3SGra7zSJTKniuZPmrw1a,transaction|wallet|transaction|wallet,|0.283258|0.405049|0.281147,|0.141629|0.405049|0.281147,|0.0189118|0.00315714|0.283835
67657849,3,wallet,3KgYwQXrKqvYBtuGwQnuR9vYcVXjKMBRaN,False,True,4,67657849|1Mo9AdE18T7TkZNLJwfuPcqAbus4skWDDT|57127103|3KgYwQXrKqvYBtuGwQnuR9vYcVXjKMBRaN,transaction|wallet|transaction|wallet,|0.273757|0.367742|0.281037,|0.136879|0.367742|0.281037,|0.275048|0.0031935|0.000874907
76863076,3,transaction,36750199,False,True,4,76863076|200579209|3LxmL9UCFMGs3ofnZMyPqxcS8cYZHaiGcP|36750199,transaction|transaction|wallet|transaction,|0.343001|0.273937|0.390802,|0.1715|0.0684844|0.390802,|-0.209219|-0.135604|-0.013958
202828595,3,transaction,200508539,False,True,4,202828595|200628939|1CxDFBKUw7d49iqbXuywhijAq7NyUec8Tk|200508539,transaction|transaction|wallet|transaction,|0.19226|0.271195|0.37558,|0.0961299|0.135597|0.37558,|0.167848|-0.0707639|-0.52005
30204891,3,wallet,1LB55CiF2spr2nZnRoMUyHAYpqrh8xTXPG,False,True,4,30204891|1NMZhhgWndRYeodFRaThDWSYFkfDBMVVCF|28910861|1LB55CiF2spr2nZnRoMUyHAYpqrh8xTXPG,transaction|wallet|transaction|wallet,|0.268983|0.368367|0.28105,|0.134491|0.184184|0.28105,|0.25406|-0.0100848|-0.0068551
39747107,3,wallet,14PfjVegUuf2GhBaW44ogLVtssGzkDnzjv,False,True,4,39747107|1CsaarDVnrxCMucL84idbUfJzXv4QWhRDy|28902293|14PfjVegUuf2GhBaW44ogLVtssGzkDnzjv,transaction|wallet|transaction|wallet,|0.234729|0.00748324|0.280682,|0.117364|0.00748324|0.280682,|0.463537|0.00160015|-0.253194
12830001,3,wallet,1LuPrdLe66AYJpNQukNDHcQ7yD7dhiVLZ7,False,True,4,12830001|17c8h7Zj3ymXcmJDaCubvz2YGtQpoLesja|114741864|1LuPrdLe66AYJpNQukNDHcQ7yD7dhiVLZ7,transaction|wallet|transaction|wallet,|0.276715|0.402293|0.281154,|0.138357|0.402293|0.281154,|0.0461304|0.00135922|0.224106
12830017,3,wallet,18deH174o3NUAvhNjWh66N42fNS4nHDqLQ,False,True,4,12830017|1GoqSZd9YrYZoxQQbiYuyarYetPHpFgEpD|115607026|18deH174o3NUAvhNjWh66N42fNS4nHDqLQ,transaction|wallet|transaction|wallet,|0.278044|0.403408|0.281162,|0.139022|0.403408|0.281162,|0.0383726|0.00165868|0.24193
12830801,3,wallet,1AspeaxLUGXm7s3gPU1Aaf2ndW5sK6Cvbo,False,True,4,12830801|14myAm4kbVugVEmCoX9W8mi4wTLDYiMQtP|115202285|1AspeaxLUGXm7s3gPU1Aaf2ndW5sK6Cvbo,transaction|wallet|transaction|wallet,|0.267008|0.354604|0.281027,|0.133504|0.354604|0.281027,|0.298159|0.00344735|-0.0422601
115723389,3,wallet,129LLBgHkR7Ac69uXJf5agSPMyC9kEjr8i,False,True,4,115723389|1NGD8Dv1De8iY3iLf6EsjUnTSK3BiX8XYi|115915381|129LLBgHkR7Ac69uXJf5agSPMyC9kEjr8i,transaction|wallet|transaction|wallet,|0.289136|0.414325|0.0653878,|0.144568|0.414325|0.0326939,|0.00491637|-0.000804603|0.448822
116053428,3,wallet,1FzE7ok2AoW9jGvLp5aLhBmvYGt3eaxjbT,False,True,4,116053428|14GnDvAcGbXC6xCaXrfY49imkDCDJKfELM|21426992|1FzE7ok2AoW9jGvLp5aLhBmvYGt3eaxjbT,transaction|wallet|transaction|wallet,|0.280632|0.402475|0.281155,|0.140316|0.402475|0.281155,|0.0405043|0.00421959|0.227206
116075693,3,wallet,1JKcQAwKRJSgmYYbpSzfdMYYjmvfusDgyA,False,True,4,116075693|1GaEhDayETot75aXF5rkQp9tAoYd7PUBHg|114681814|1JKcQAwKRJSgmYYbpSzfdMYYjmvfusDgyA,transaction|wallet|transaction|wallet,|0.281218|0.402545|0.281162,|0.140609|0.402545|0.281162,|0.0468009|0.00323957|0.238846
116107405,3,transaction,4876198,False,True,4,116107405|34667453|1BcdGX8KRJnp1UVQDvjQBrcDzniWXff1SS|4876198,transaction|transaction|wallet|transaction,|0.274275|0.277733|0.398145,|0.137138|0.138866|0.398145,|-0.212773|-0.36944|-0.309226
116112202,3,wallet,18iUjpf4Whg4Gcsdwkt6phj418GaA4BPQU,False,True,4,116112202|13Tfe2SSNVdAwcSzv5bpBfi6dZDgjqirko|115630232|18iUjpf4Whg4Gcsdwkt6phj418GaA4BPQU,transaction|wallet|transaction|wallet,|0.280791|0.40236|0.281162,|0.140395|0.40236|0.281162,|0.0426318|0.00276953|0.239685
116173763,3,wallet,1PEHLajmWYbY4NMNzCntdWVR22Nb2PUFqe,False,True,4,116173763|1N7M5tSeQjEVrQUE1wMn6ybQiLG4oMSypx|115523320|1PEHLajmWYbY4NMNzCntdWVR22Nb2PUFqe,transaction|wallet|transaction|wallet,|0.262384|0.406134|0.281179,|0.131192|0.203067|0.281179,|0.498317|-0.000460207|0.31209
96929850,3,wallet,12BRiG2j2Wt2JAmdY6TfVyBGZ9oGfMAuaD,False,True,4,96929850|15aCuYCqMAW2V3PmmLN5i6FehCiQrxBYZ4|96928354|12BRiG2j2Wt2JAmdY6TfVyBGZ9oGfMAuaD,transaction|wallet|transaction|wallet,|0.236374|0.062484|0.280836,|0.118187|0.062484|0.280836,|0.469416|0.00342113|-0.235311
12661090,3,transaction,13213841,False,True,4,12661090|12661092|16G1S9hvaJZQwHUGhGB4oznumzBpBjuH5Y|13213841,transaction|transaction|wallet|transaction,|0.160712|0.215117|0.246736,|0.0803562|0.107558|0.246736,|-0.212524|-0.0543982|-0.00528768
12661226,3,wallet,13bwNjYYESRwk6XNswq6HHA16xqcZN5SQk,False,True,4,12661226|152RbjQxTKi8WPa23gAUuScquYCu5gzLDG|13214987|13bwNjYYESRwk6XNswq6HHA16xqcZN5SQk,transaction|wallet|transaction|wallet,|0.260493|0.339773|0.281032,|0.130247|0.339773|0.281032,|0.353002|0.005086|-0.0761906
71987847,3,wallet,323YzRkeEnLVDvPCS3hRgM6cN34DsJGDgV,False,True,4,71987847|1HSoJiWP21LqCimAaR17UA2BPjWDRt32zn|71811939|323YzRkeEnLVDvPCS3hRgM6cN34DsJGDgV,transaction|wallet|transaction|wallet,|0.281803|0.401489|0.281178,|0.140901|0.401489|0.281178,|0.0782796|0.00380868|0.239505
71988925,3,wallet,17Wau7YAJfDGf3pRsEpyF4cV9EJbDXSBfp,False,True,4,71988925|1CuA5oovqTnzddkW3fBjesap6cNYddbFeC|70807890|17Wau7YAJfDGf3pRsEpyF4cV9EJbDXSBfp,transaction|wallet|transaction|wallet,|0.258979|0.330815|0.28101,|0.129489|0.330815|0.28101,|0.349487|0.00367385|-0.0860019
71988968,3,wallet,197TrcrBn8yLc3Sf8j9P53HTaXHTaZUMY6,False,True,4,71988968|1KGTmaaa8G8i8J3vdNfAU9sP6h1SXLDjsV|71462116|197TrcrBn8yLc3Sf8j9P53HTaXHTaZUMY6,transaction|wallet|transaction|wallet,|0.263441|0.304518|0.280995,|0.13172|0.304518|0.280995,|0.397346|0.00775677|-0.109612
71989678,3,wallet,1LYY69atJnpvng4ZQh9UcqX3adMtKR9Uk6,False,True,4,71989678|1Eh9FmpaLTxyRa87YxCD8EnbTTqH6TCxKu|71769553|1LYY69atJnpvng4ZQh9UcqX3adMtKR9Uk6,transaction|wallet|transaction|wallet,|0.280723|0.397508|0.281172,|0.140362|0.397508|0.0937239,|0.161323|-0.000545681|0.0682639
72601509,3,transaction,70760389,False,True,4,72601509|72314628|144LtfoFNdmcc23BP9c3GEF4QDLXBvRZ6n|70760389,transaction|transaction|wallet|transaction,|0.484028|0.249896|0.35796,|0.242014|0.124948|0.35796,|-0.209357|-0.119177|-0.565378
73003525,3,wallet,1AFZQ2GdfDuwk6Yecgb49Z4QWGhmaF5zvX,False,True,4,73003525|158meK2xYj5vTVkSXiv3Qcq4W4SZGfxUSD|72735773|1AFZQ2GdfDuwk6Yecgb49Z4QWGhmaF5zvX,transaction|wallet|transaction|wallet,|0.268638|0.376564|0.281108,|0.134319|0.376564|0.281108,|0.290271|0.00443244|0.0292819
94688507,2,transaction,98768726,False,True,3,94688507|19qBTgiUqA1zg4sejaNnYogMX5gaAfMFqa|98768726,transaction|wallet|transaction,|0.291677|0.414842,|0.145838|0.414842,|-0.00460815|0.0219499
191789118,2,wallet,1K3HgKBxgpVaHLsSpchVVvQCMZs1nw4fPw,False,True,3,191789118|190053764|1K3HgKBxgpVaHLsSpchVVvQCMZs1nw4fPw,transaction|transaction|wallet,|0.108283|0.279107,|0.0541414|0.279107,|-0.209716|-0.406551
234166489,2,wallet,1ETbaTcveb2J6KrCvCVXWeB8rvDx6Amtkk,False,True,3,234166489|6184520|1ETbaTcveb2J6KrCvCVXWeB8rvDx6Amtkk,transaction|transaction|wallet,|0.145158|0.279108,|0.0725789|0.279108,|-0.208777|-0.40333
236114869,2,transaction,234836387,False,True,3,236114869|1EM3rtRzpPSUfb9T7YCsojqza5FbXTvArM|234836387,transaction|wallet|transaction,|0.286851|0.393907,|0.143425|0.393907,|0.016216|0.00262064
15236494,2,wallet,14tNuPzkjGwpFRN2oNBZDKXa4VBE1CrZwc,False,True,3,15236494|14063348|14tNuPzkjGwpFRN2oNBZDKXa4VBE1CrZwc,transaction|transaction|wallet,|0.213534|0.279191,|0.106767|0.279191,|-0.207401|-0.363349
241537041,2,wallet,19dhPh2yqNketwY3y1xicsvnF6pcX1vEX6,False,True,3,241537041|238337095|19dhPh2yqNketwY3y1xicsvnF6pcX1vEX6,transaction|transaction|wallet,|0.398196|0.280153,|0.199098|0.280153,|-0.203473|-0.356044
378250957,2,wallet,1DzUaymsG6iMSir8WHKKbpQzsyG7YT293z,False,True,3,378250957|378162704|1DzUaymsG6iMSir8WHKKbpQzsyG7YT293z,transaction|transaction|wallet,|0.438925|0.280566,|0.219462|0.280566,|-0.200273|-0.337873
209522272,2,transaction,209522275,False,True,3,209522272|1NZhokbwv59VidrNN1xj6GMAzdzrGXpxjv|209522275,transaction|wallet|transaction,|0.292734|0.414856,|0.146367|0.414856,|0.000628352|0.000170648
115072067,2,transaction,113841828,False,True,3,115072067|1CXtTgTpHVmMX8iqiurnNbaybEjYEEDvqn|113841828,transaction|wallet|transaction,|0.294306|0.41483,|0.147153|0.41483,|0.000176013|2.37226e-05
299044844,2,wallet,1LWtYBde4L6kNqQozP84vNjGmriG2wA9Ly,False,True,3,299044844|298720673|1LWtYBde4L6kNqQozP84vNjGmriG2wA9Ly,transaction|transaction|wallet,|0.103521|0.279767,|0.0517603|0.279767,|-0.212827|-0.371239
299158314,2,transaction,248903223,False,True,3,299158314|12k7kXAo7JjcHTnoPxpYsYQRVDAZaM4Jfq|248903223,transaction|wallet|transaction,|0.287194|0.403972,|0.0287194|0.403972,|0.0184616|0.106899
58506728,2,wallet,19VKhHijceoaRjQAoNKjaMiQ1gTZb7dfUn,False,True,3,58506728|153718713|19VKhHijceoaRjQAoNKjaMiQ1gTZb7dfUn,transaction|transaction|wallet,|0.338115|0.280222,|0.169058|0.280222,|-0.199966|-0.317287
355092070,2,wallet,17mFV4MGXQrrewaEZkTJoFi2rDTScJqHkA,False,True,3,355092070|355092073|17mFV4MGXQrrewaEZkTJoFi2rDTScJqHkA,transaction|transaction|wallet,|0.0640615|0.281023,|0.0320307|0.281023,|-0.0109996|0.0443096
77410785,2,transaction,288513620,False,True,3,77410785|1LcmBtabkmai9qh2mDJ1ubC8KnzwixiEKM|288513620,transaction|wallet|transaction,|0.260336|0.397207,|0.130168|0.397207,|0.0971674|0.0611558
288430422,2,wallet,39bnryEt5SEa3qaGrTVp65YvctyUYxo8aG,False,True,3,288430422|8127945|39bnryEt5SEa3qaGrTVp65YvctyUYxo8aG,transaction|transaction|wallet,|0.132605|0.28112,|0.0663026|0.07028,|-0.212558|0.00316303
288475823,2,wallet,1CNip7Z7shjERZ7K845TdgDMtfq65oNfmb,False,True,3,288475823|154119083|1CNip7Z7shjERZ7K845TdgDMtfq65oNfmb,transaction|transaction|wallet,|0.0789706|0.279816,|0.0394853|0.279816,|-0.212929|-0.371365
70328737,2,wallet,1FP5MzNddgvi2HYYsPceAcupR2cT9zdSHq,False,True,3,70328737|55735705|1FP5MzNddgvi2HYYsPceAcupR2cT9zdSHq,transaction|transaction|wallet,|0.303006|0.280374,|0.151503|0.280374,|-0.214521|-0.330122
70408666,2,transaction,69494347,False,True,3,70408666|1MsErenLmMgcweVHEKtsX9exHaxvRo2xMs|69494347,transaction|wallet|transaction,|0.285719|0.399908,|0.142859|0.399908,|0.0072796|0.0014351
70408671,2,transaction,67605387,False,True,3,70408671|1QCQe7LbFeAwoy8gVuMLN6munprkEWQz5P|67605387,transaction|wallet|transaction,|0.276983|0.167752,|0.138491|0.167752,|0.193711|0.00178421
97069571,2,transaction,248903223,False,True,3,97069571|12k7kXAo7JjcHTnoPxpYsYQRVDAZaM4Jfq|248903223,transaction|wallet|transaction,|0.287194|0.403972,|0.143597|0.403972,|0.154112|0.893512
12662336,2,wallet,1LJjyoDGvpvxHnPiMhAt59yLirY6fZSNAh,False,True,3,12662336|12662340|1LJjyoDGvpvxHnPiMhAt59yLirY6fZSNAh,transaction|transaction|wallet,|0.25006|0.279975,|0.12503|0.279975,|-0.208594|-0.319492
12780332,2,wallet,1N5z1bLc87ViGMV41Tmh1jbHytS5rZzxq,False,True,3,12780332|12780333|1N5z1bLc87ViGMV41Tmh1jbHytS5rZzxq,transaction|transaction|wallet,|0.130843|0.282748,|0.0654217|0.141374,|-0.21238|-0.468643
72629711,2,transaction,72296620,False,True,3,72629711|18iR8gJVbC2jnuQziLpUkCnHRb2JwwPm4J|72296620,transaction|wallet|transaction,|0.298399|0.414876,|0.1492|0.059268,|-0.000146687|-1.43221e-05
72640345,2,transaction,72302225,False,True,3,72640345|16v5ahgB5brGLTuRaYr9KpWCHD6sbYQjza|72302225,transaction|wallet|transaction,|0.265037|0.293142,|0.132519|0.293142,|0.0264774|-0.000203073
72641071,2,wallet,1Q46TGDc3wyvnqDMgMRDU8oVKx2koeW2Sv,False,True,3,72641071|72409541|1Q46TGDc3wyvnqDMgMRDU8oVKx2koeW2Sv,transaction|transaction|wallet,|0.0126923|0.0687813,|0.00634613|0.0343906,|-0.212489|-0.000778041
71989358,1,transaction,71765818,False,True,2,71989358|71765818,transaction|transaction,|0.0242394,|0.0121197,|-0.180542
97390680,3,wallet,1MqypzBKAk9sxuahDzKt7YUQT8CT6gsuwP,True,False,4,97390680|1MB6hVn8pHypAgHKxFtjbSjHzhEetko9Wk|96925114|1MqypzBKAk9sxuahDzKt7YUQT8CT6gsuwP,transaction|wallet|transaction|wallet,|0.294207|0.414876|0.279119,|0.147103|0.207438|0.13956,|-0.15463|-0.0139327|0.49272
300144606,4,wallet,1LWtYBde4L6kNqQozP84vNjGmriG2wA9Ly,False,False,5,300144606|1LigMCermxNNpiVgzeicrBQdVpWE4HaLoD|299044844|298720673|1LWtYBde4L6kNqQozP84vNjGmriG2wA9Ly,transaction|wallet|transaction|transaction|wallet,|0.296063|0.414875|0.103521|0.279767,|0.00740158|0.0460973|0.0517603|0.279767,|0.000673495|5.99888e-05|-0.212827|-0.371239
81008326,3,transaction,81818343,False,False,4,81008326|1CzQnbsw6UEWpZti874Au4TXzUXyXyKXCB|234175980|81818343,transaction|wallet|transaction|transaction,|0.285714|0.101634|0.468979,|0.142857|0.101634|0.234489,|0.478658|0.999305|-0.182401
234161339,3,wallet,19qduaWeG5kc2RWWNkhW9MzN26FFgStr4H,False,False,4,234161339|1DF5gBAwo5J8UFFy4PvMHeNzFdgDjm7Ptt|234161347|19qduaWeG5kc2RWWNkhW9MzN26FFgStr4H,transaction|wallet|transaction|wallet,|0.291195|0.413211|0.280866,|0.145598|0.413211|0.280866,|-0.209902|0.419526|0.51687
339054253,3,wallet,1LnDn1S4xPRJvk88oEieXUTW3V2WMWEWRq,False,False,4,339054253|1552PeoErQPRpoNYA355ejYogiCKKRPc1i|339054259|1LnDn1S4xPRJvk88oEieXUTW3V2WMWEWRq,transaction|wallet|transaction|wallet,|0.285081|0.410639|0.280844,|0.14254|0.410639|0.280844,|-0.0852154|-0.00938642|0.456943
277082298,2,transaction,277013891,False,False,3,277082298|1ATNcwp8sR84VDC9WWvQ7FziwDCx8P39BA|277013891,transaction|wallet|transaction,|0.296358|0.414873,|0.00455935|0.207436,|0.000871975|-0.000290304
114658610,2,transaction,332928,False,False,3,114658610|15XdT3tHKAtQQMs1e2HH9yGFr4nZYPcj1B|332928,transaction|wallet|transaction,|0.275089|0.38557,|0.137544|0.38557,|0.151697|0.00280201
15846984,1,transaction,15847212,False,False,2,15846984|15847212,transaction|transaction,|0.00077958,|0.00077958,|0.516029
344453848,1,wallet,1BST7WP6ojsa4n6VsmoxKqWd5pBrs6deES,False,False,2,344453848|1BST7WP6ojsa4n6VsmoxKqWd5pBrs6deES,transaction|wallet,|0.280957,|0.140479,|0.0812316
298856050,1,wallet,15KLfU3TrYHCC7Ct9T2QL7XLFmcu9HUzbU,False,False,2,298856050|15KLfU3TrYHCC7Ct9T2QL7XLFmcu9HUzbU,transaction|wallet,|0.284702,|0.142351,|0.492555
333974001,1,wallet,19wkFfDxbAATxuTaf5KP12wB94d7puoYwS,False,False,2,333974001|19wkFfDxbAATxuTaf5KP12wB94d7puoYwS,transaction|wallet,|0.280952,|0.0561904,|0.0931404
209705074,1,wallet,1F4RJrhdfF75L72r5KMtBKgHYSaAjGu5sU,False,False,2,209705074|1F4RJrhdfF75L72r5KMtBKgHYSaAjGu5sU,transaction|wallet,|0.281017,|0.281017,|0.426168
99285423,1,wallet,1PtydSPmCELEmAkJJu7scA4mLLpabYQov1,False,False,2,99285423|1PtydSPmCELEmAkJJu7scA4mLLpabYQov1,transaction|wallet,|0.281027,|0.140514,|0.192863
99676840,1,wallet,3QsFdui7zum167svpBQcSt3seWj2BN17kc,False,False,2,99676840|3QsFdui7zum167svpBQcSt3seWj2BN17kc,transaction|wallet,|0.281021,|0.140511,|0.0376592
312108739,1,wallet,3McM6pZhEuHj7zeMV4Hrk4Na4NxQGsJpbH,False,False,2,312108739|3McM6pZhEuHj7zeMV4Hrk4Na4NxQGsJpbH,transaction|wallet,|0.295613,|0.295613,|-0.102917
312446688,1,wallet,16zJ6YUQ89d5rfGx4TFTnNtCMvXvgU6hGj,False,False,2,312446688|16zJ6YUQ89d5rfGx4TFTnNtCMvXvgU6hGj,transaction|wallet,|0.280955,|0.280955,|0.30685
328782551,1,wallet,132Unx7rttPLVRZuiENUPCq6ds5R9qjnek,False,False,2,328782551|132Unx7rttPLVRZuiENUPCq6ds5R9qjnek,transaction|wallet,|0.281037,|0.281037,|0.474423
277807628,1,wallet,1Gg7LCh72zZ6NHYirRVQca2WueWDo6v6XJ,False,False,2,277807628|1Gg7LCh72zZ6NHYirRVQca2WueWDo6v6XJ,transaction|wallet,|0.281067,|0.281067,|0.407841
165594204,1,wallet,3BgXUifWrs6jnoTWRmUvXshr7CL3s34htc,False,False,2,165594204|3BgXUifWrs6jnoTWRmUvXshr7CL3s34htc,transaction|wallet,|0.281049,|0.0936831,|0.00577128
180533541,1,wallet,3KpiN29mcqrZrtyFtTtqQ5aTiGBHvkKH56,False,False,2,180533541|3KpiN29mcqrZrtyFtTtqQ5aTiGBHvkKH56,transaction|wallet,|0.28102,|0.14051,|0.11007
85005009,1,wallet,3JACnBpt8kjFLKK84H6xzYwT4DyVJgb2Mm,False,False,2,85005009|3JACnBpt8kjFLKK84H6xzYwT4DyVJgb2Mm,transaction|wallet,|0.281057,|0.140529,|0.155566
96367839,1,wallet,1GseU3NFJNxcmijAsiUUAkL7QVVUNVYQSd,False,False,2,96367839|1GseU3NFJNxcmijAsiUUAkL7QVVUNVYQSd,transaction|wallet,|0.281138,|0.281138,|0.31808
194010390,1,wallet,16S7BvCR68nNAUzKWcSgeHq24nfoxVge9H,False,False,2,194010390|16S7BvCR68nNAUzKWcSgeHq24nfoxVge9H,transaction|wallet,|0.281201,|0.281201,|0.158913
87080395,0,transaction,87080395,False,False,1,87080395,transaction,,,
96545938,0,transaction,96545938,False,False,1,96545938,transaction,,,
189985165,0,transaction,189985165,False,False,1,189985165,transaction,,,
190857303,0,transaction,190857303,False,False,1,190857303,transaction,,,
339101876,0,transaction,339101876,False,False,1,339101876,transaction,,,
15843411,0,transaction,15843411,False,False,1,15843411,transaction,,,
19472391,0,transaction,19472391,False,False,1,19472391,transaction,,,
238559239,0,transaction,238559239,False,False,1,238559239,transaction,,,
38884380,0,transaction,38884380,False,False,1,38884380,transaction,,,
378278864,0,transaction,378278864,False,False,1,378278864,transaction,,,
378439668,0,transaction,378439668,False,False,1,378439668,transaction,,,
362863709,0,transaction,362863709,False,False,1,362863709,transaction,,,
209537525,0,transaction,209537525,False,False,1,209537525,transaction,,,
209797492,0,transaction,209797492,False,False,1,209797492,transaction,,,
260064557,0,transaction,260064557,False,False,1,260064557,transaction,,,
331504866,0,transaction,331504866,False,False,1,331504866,transaction,,,
331598938,0,transaction,331598938,False,False,1,331598938,transaction,,,
272152906,0,transaction,272152906,False,False,1,272152906,transaction,,,
272698499,0,transaction,272698499,False,False,1,272698499,transaction,,,
226702826,0,transaction,226702826,False,False,1,226702826,transaction,,,
294334688,0,transaction,294334688,False,False,1,294334688,transaction,,,
163686831,0,transaction,163686831,False,False,1,163686831,transaction,,,
298711661,0,transaction,298711661,False,False,1,298711661,transaction,,,
376257361,0,transaction,376257361,False,False,1,376257361,transaction,,,
386054140,0,transaction,386054140,False,False,1,386054140,transaction,,,
386067632,0,transaction,386067632,False,False,1,386067632,transaction,,,
386075342,0,transaction,386075342,False,False,1,386075342,transaction,,,
355610486,0,transaction,355610486,False,False,1,355610486,transaction,,,
288072566,0,transaction,288072566,False,False,1,288072566,transaction,,,
288360889,0,transaction,288360889,False,False,1,288360889,transaction,,,
288368373,0,transaction,288368373,False,False,1,288368373,transaction,,,
54816062,0,transaction,54816062,False,False,1,54816062,transaction,,,
26936052,0,transaction,26936052,False,False,1,26936052,transaction,,,
30060601,0,transaction,30060601,False,False,1,30060601,transaction,,,
115967728,0,transaction,115967728,False,False,1,115967728,transaction,,,
149159034,0,transaction,149159034,False,False,1,149159034,transaction,,,
12665079,0,transaction,12665079,False,False,1,12665079,transaction,,,
13226099,0,transaction,13226099,False,False,1,13226099,transaction,,,
256730850,0,transaction,256730850,False,False,1,256730850,transaction,,,
