target_txid,depth,root_type,root_real_id,root_is_fraud,is_true_positive,n_nodes,chain_real_ids,chain_types,chain_ce,chain_phi_add,chain_phi_asym
210646674,9,wallet,1HtUPLQWu1k1ZBmcvmiS6D8qREzjaFcdoD,True,True,10,210646674|1AHb2haJfpKCpKA66NqLqyXidLmYRDaPno|210624712|1MMcnw1Y8UdmoNBzfjxpg3LVeYawK3kPxD|209805539|14oBBogKoXagzGawpjz5HNqDNPAyMxpT9J|209681252|1Fz1MrSMaqfz5gRFDvQhe5iat4pZns3xaM|209681254|1HtUPLQWu1k1ZBmcvmiS6D8qREzjaFcdoD,transaction|wallet|transaction|wallet|transaction|wallet|transaction|wallet|transaction|wallet,|0.404854|0.352375|0.404154|0.352377|0.405135|0.352264|0.403366|0.35088|0.385092,|0.202427|0.352375|0.202077|0.352377|0.202567|0.352264|0.201683|0.35088|0.385092,|0.0130996|0.00325859|0.148255|0.00139052|0.0189553|0.00142962|0.0726185|0.00571173|0.224704
13TDiJvmgwFj4ZUV7JY7KfHFhRWcLbY7Ax,8,wallet,14AWWm2ME4T38KiTE6Ju4bvEVem7ByiNvd,True,True,9,13TDiJvmgwFj4ZUV7JY7KfHFhRWcLbY7Ax|272411377|1GS7y1J4t5cGCWLWRq6MKaABP1eRUHrw8i|272153291|1E6La3GfEAFMXVJ6YjkAMGKykcpJVphLmn|272153298|1FjEN8uu2uPb4hhVTbDKcibeMnn9kVRUCw|152058261|14AWWm2ME4T38KiTE6Ju4bvEVem7ByiNvd,wallet|transaction|wallet|transaction|wallet|transaction|wallet|transaction|wallet,|0.351691|0.403575|0.346707|0.404493|0.34502|0.403152|0.35006|0.385116,|0.351691|0.201788|0.346707|0.101123|0.34502|0.134384|0.35006|0.385116,||0.0547031|-0.00581372|0.00742973|0.025522|-0.0176173|-0.00813925|0.328109
17ZLeueenchc8h54Stzbb7zgwC4u6puDuQ,8,wallet,1KZMpAEiyyJjDYZP2pQXtQH2zfv1syhEaX,True,True,9,17ZLeueenchc8h54Stzbb7zgwC4u6puDuQ|209493620|1DDtCPukd5dcH8udf3QqhjNB5qurHmioWu|209493623|1A88BK4ikW3GABn2YEYt9bxcDG5nBdpBrr|209709674|15KsG2sWmrnmUD3D6ddfxKa168p4Q9XrX7|24051859|1KZMpAEiyyJjDYZP2pQXtQH2zfv1syhEaX,wallet|transaction|wallet|transaction|wallet|transaction|wallet|transaction|wallet,|0.342265|0.404243|0.352282|0.405186|0.352734|0.404796|0.351594|0.385082,|0.342265|0.202122|0.352282|0.135062|0.352734|0.202398|0.351594|0.385082,||0.0116297|0.0302615|0.00109035|-0.00127834|0.00500214|0.000579774|0.313612
1A7wrb6xus1bP6en17KeX3d42k4gj1wVmr,8,wallet,1EY2yuaHiFs3GmetrvkdXzR3Q32F6fDym1,True,True,9,1A7wrb6xus1bP6en17KeX3d42k4gj1wVmr|363774346|1mYmrkkgAS65DdBLbMrGSTr47JLF7WbXD|363664942|1LTAoVTsazCtMnQbuS4NDsDLyMptGPBMZF|363307603|16E7dLusS6L9AvoDTMcYwk7w4anPjvpsSh|363092549|1EY2yuaHiFs3GmetrvkdXzR3Q32F6fDym1,wallet|transaction|wallet|transaction|wallet|transaction|wallet|transaction|wallet,|0.352224|0.403763|0.351863|0.401564|0.331353|0.402672|0.350761|0.385088,|0.352224|0.201881|0.351863|0.200782|0.331353|0.201336|0.350761|0.385088,||0.0100964|-7.2062e-05|0.0323735|-0.000575662|-0.0289893|0.0312383|0.244449
1DTWaervHkEPhDDyHXTV2ab73LZVdKqEUn,8,wallet,1EY2yuaHiFs3GmetrvkdXzR3Q32F6fDym1,True,True,9,1DTWaervHkEPhDDyHXTV2ab73LZVdKqEUn|363774346|1mYmrkkgAS65DdBLbMrGSTr47JLF7WbXD|363664942|1LTAoVTsazCtMnQbuS4NDsDLyMptGPBMZF|363307603|16E7dLusS6L9AvoDTMcYwk7w4anPjvpsSh|363092549|1EY2yuaHiFs3GmetrvkdXzR3Q32F6fDym1,wallet|transaction|wallet|transaction|wallet|transaction|wallet|transaction|wallet,|0.352224|0.403763|0.351863|0.401564|0.331353|0.402672|0.350761|0.385088,|0.352224|0.201881|0.351863|0.200782|0.331353|0.201336|0.350761|0.385088,||0.0100964|-7.2062e-05|0.0323735|-0.000575662|-0.0289893|0.0312383|0.244449
1FpaW6xDZz6o3cuNZTNu589EPifMHhLPFg,8,wallet,1KZMpAEiyyJjDYZP2pQXtQH2zfv1syhEaX,True,True,9,1FpaW6xDZz6o3cuNZTNu589EPifMHhLPFg|309553229|1LubGtRhE2GhoR3VYXnLRKwHG1JcN6m5B|210915044|3Q6vpPnVByYUibeDLUYMD2ExuMsErzYFxw|209709674|15KsG2sWmrnmUD3D6ddfxKa168p4Q9XrX7|24051859|1KZMpAEiyyJjDYZP2pQXtQH2zfv1syhEaX,wallet|transaction|wallet|transaction|wallet|transaction|wallet|transaction|wallet,|0.337618|0.40561|0.333969|0.403535|0.352734|0.404796|0.351594|0.385082,|0.337618|0.101402|0.333969|0.201767|0.0503906|0.202398|0.351594|0.385082,||0.0172828|-0.000804722|-0.0126578|-0.000396473|0.00500214|0.000579774|0.313612
1LAzUoLsv8GvZAjyBkHfHAsrUpjk4RaHFD,8,wallet,1KZMpAEiyyJjDYZP2pQXtQH2zfv1syhEaX,True,True,9,1LAzUoLsv8GvZAjyBkHfHAsrUpjk4RaHFD|322441061|1LubGtRhE2GhoR3VYXnLRKwHG1JcN6m5B|210915044|3Q6vpPnVByYUibeDLUYMD2ExuMsErzYFxw|209709674|15KsG2sWmrnmUD3D6ddfxKa168p4Q9XrX7|24051859|1KZMpAEiyyJjDYZP2pQXtQH2zfv1syhEaX,wallet|transaction|wallet|transaction|wallet|transaction|wallet|transaction|wallet,|0.347499|0.40561|0.333969|0.403535|0.352734|0.404796|0.351594|0.385082,|0.347499|0.202805|0.333969|0.201767|0.0503906|0.202398|0.351594|0.385082,||0.234578|-0.00136542|-0.0126578|-0.000396448|0.00500214|0.000579774|0.313612
209493620,7,wallet,1KZMpAEiyyJjDYZP2pQXtQH2zfv1syhEaX,True,True,8,209493620|1DDtCPukd5dcH8udf3QqhjNB5qurHmioWu|209493623|1A88BK4ikW3GABn2YEYt9bxcDG5nBdpBrr|209709674|15KsG2sWmrnmUD3D6ddfxKa168p4Q9XrX7|24051859|1KZMpAEiyyJjDYZP2pQXtQH2zfv1syhEaX,transaction|wallet|transaction|wallet|transaction|wallet|transaction|wallet,|0.404243|0.352282|0.405186|0.352734|0.404796|0.351594|0.385082,|0.202122|0.352282|0.135062|0.352734|0.202398|0.351594|0.385082,|0.0116297|0.0302615|0.00109035|-0.00127834|0.00500214|0.000579774|0.313612
54824221,7,wallet,13Mk7cjBhCAZvcfAKbRHEMas2UPk7Nrfqu,True,True,8,54824221|17C7Cqdr8eK61vyJXeYFapyqii5hFYoysD|288463486|1Nd4WoUggkZ71AYxsAVPChMzSztrFKduvY|288354980|12A7QqFVrYt945mnn5pT9aYP42AUZimXk3|288125316|13Mk7cjBhCAZvcfAKbRHEMas2UPk7Nrfqu,transaction|wallet|transaction|wallet|transaction|wallet|transaction|wallet,|0.402468|0.344844|0.402993|0.342748|0.400724|0.348126|0.385242,|0.201234|0.344844|0.100748|0.342748|0.200362|0.348126|0.128414,|0.172563|0.097324|0.0387669|0.0515223|0.148572|0.381266|-0.00282178
15gY2BzZsZsnqibqghqkct9vrHC5Ef9EFd,6,wallet,1M8Fny5jqfuPXsnqxJjBF9QXTvnWoMdJnv,True,True,7,15gY2BzZsZsnqibqghqkct9vrHC5Ef9EFd|163918770|12pGtoaZSV32ogbDPgpGtbUuvbuFX6mRwp|166093184|1MupTTCbiUcRJt2RL9YSmZaiysMq4pzcCx|164771795|1M8Fny5jqfuPXsnqxJjBF9QXTvnWoMdJnv,wallet|transaction|wallet|transaction|wallet|transaction|wallet,|0.345998|0.398904|0.351755|0.390352|0.349901|0.385169,|0.345998|0.0797808|0.351755|0.0975881|0.349901|0.192585,||-0.0216587|0.16498|-0.00683506|-0.0235291|0.10824
363664942,5,wallet,1EY2yuaHiFs3GmetrvkdXzR3Q32F6fDym1,True,True,6,363664942|1LTAoVTsazCtMnQbuS4NDsDLyMptGPBMZF|363307603|16E7dLusS6L9AvoDTMcYwk7w4anPjvpsSh|363092549|1EY2yuaHiFs3GmetrvkdXzR3Q32F6fDym1,transaction|wallet|transaction|wallet|transaction|wallet,|0.401564|0.331353|0.402672|0.350761|0.385088,|0.200782|0.331353|0.201336|0.350761|0.385088,|0.0323735|-0.000575662|-0.0289893|0.0312383|0.244449
209493623,5,wallet,1KZMpAEiyyJjDYZP2pQXtQH2zfv1syhEaX,True,True,6,209493623|1A88BK4ikW3GABn2YEYt9bxcDG5nBdpBrr|209709674|15KsG2sWmrnmUD3D6ddfxKa168p4Q9XrX7|24051859|1KZMpAEiyyJjDYZP2pQXtQH2zfv1syhEaX,transaction|wallet|transaction|wallet|transaction|wallet,|0.405186|0.352734|0.404796|0.351594|0.385082,|0.135062|0.352734|0.202398|0.351594|0.385082,|0.00109035|-0.00127834|0.00500214|0.000579774|0.313612
85254409,5,wallet,14q7TVHemXU8mzg6Lb7UCohxL7u9huhYyd,True,True,6,85254409|1NVEJCqE5nZdo53QBM1ymRkM9bxGHxeiqM|84752783|1Dhvyd3efW1cYEo3xTymMjy8PKW9DnMx9J|84368623|14q7TVHemXU8mzg6Lb7UCohxL7u9huhYyd,transaction|wallet|transaction|wallet|transaction|wallet,|0.404658|0.349868|0.405137|0.350413|0.385136,|0.202329|0.349868|0.202569|0.350413|0.385136,|0.206478|-0.000567794|0.00278023|0.0391665|0.270963
54878909,5,wallet,17KxsaNni1mQADviWFtYTXDeNd17dCs6zY,True,True,6,54878909|1ba7EWdp5w6a6cTDtCToBfzySAixb8EvM|63069519|16CSZmdfRq4Z6NZDVWRCMDX9ZCkz4q23Kf|69695707|17KxsaNni1mQADviWFtYTXDeNd17dCs6zY,transaction|wallet|transaction|wallet|transaction|wallet,|0.400625|0.080672|0.403437|0.34714|0.385253,|0.200313|0.080672|0.201719|0.17357|0.385253,|0.148046|0.000288725|0.0746005|-0.10352|0.107847
12FdV47eMy7p5saCvLv4A7CLLt5rz3c9mE,4,wallet,1MbRAZ6hSBXJWDLtkRCFHKNvTg7TWSxttz,True,True,5,12FdV47eMy7p5saCvLv4A7CLLt5rz3c9mE|114626822|132Y194a45f32VKuwy7mgc2ASrMvpaeuom|114507940|1MbRAZ6hSBXJWDLtkRCFHKNvTg7TWSxttz,wallet|transaction|wallet|transaction|wallet,|0.351361|0.395902|0.344903|0.385289,|0.351361|0.197951|0.344903|0.385289,||0.214999|0.0237491|0.0555322
12gF9EAmod9AynTNtQGVtdF9o7nxMSviYE,4,wallet,191tAAapWjwFcwxHAHHknUyFfcri9GdGX1,True,True,5,12gF9EAmod9AynTNtQGVtdF9o7nxMSviYE|219565903|19kiYrzGLdgrvzJbudyre3mEhePgazuYkv|218091572|191tAAapWjwFcwxHAHHknUyFfcri9GdGX1,wallet|transaction|wallet|transaction|wallet,|0.343862|0.396214|0.334618|0.398878,|0.343862|0.0566021|0.334618|0.0997195,||0.00508802|0.174618|0.0291018
12papRsdzeff5gy55TpABRxDGzxkkGQyPy,4,wallet,19r1zpV27s8WmMnh5mABs8Mt5CuvuA317Q,True,True,5,12papRsdzeff5gy55TpABRxDGzxkkGQyPy|189984406|1263GdxEEhx446QgqNENmsLdPUFnQEM5PC|189984660|19r1zpV27s8WmMnh5mABs8Mt5CuvuA317Q,wallet|transaction|wallet|transaction|wallet,|0.352346|0.405216|0.352024|0.385062,|0.352346|0.202608|0.352024|0.385062,||0.0115321|0.00183135|0.3188
13b1bWU9FQk8mLEv8dQPpCNM399pEVfFKL,4,wallet,15orKRfof71FC15Gna4cDxR6zo8iEYFALa,True,True,5,13b1bWU9FQk8mLEv8dQPpCNM399pEVfFKL|15857236|1B7Q3Ba49ccd7D9w67vVKEAUraG3jtpUUs|15857241|15orKRfof71FC15Gna4cDxR6zo8iEYFALa,wallet|transaction|wallet|transaction|wallet,|0.351904|0.403632|0.352728|0.395994,|0.351904|0.201816|0.117576|0.197997,||0.0261252|-7.92742e-06|0.0098516
13oVoYLN1gjSF5t1ySdz1UrPtvhhfDz5QJ,4,wallet,1EsFDZBwX6qJaE6r4yirPSr3nRYGbcz2Av,True,True,5,13oVoYLN1gjSF5t1ySdz1UrPtvhhfDz5QJ|277798486|1GdFi63RbYSrcFjujYjePEdMgaWWDm9Bvr|299374289|1EsFDZBwX6qJaE6r4yirPSr3nRYGbcz2Av,wallet|transaction|wallet|transaction|wallet,|0.352783|0.397596|0.350703|0.385122,|0.352783|0.132532|0.350703|0.0962804,||0.000304202|0.000211656|-0.00133471
143JYyijP8fvqPkY1GeVUkpwVQN2mYtjhR,4,wallet,1JJTrhwDrEeSbcfNHdqvMJG5eXRyrPbPsq,True,True,5,143JYyijP8fvqPkY1GeVUkpwVQN2mYtjhR|99258743|15twigU4MNMdy4qyE7P3tssRxQVr5AjbxN|99258746|1JJTrhwDrEeSbcfNHdqvMJG5eXRyrPbPsq,wallet|transaction|wallet|transaction|wallet,|0.346571|0.40374|0.351278|0.3851,|0.346571|0.20187|0.351278|0.19255,||0.0136984|0.0313621|-0.00209954
14HwW2rsfw8QMMPAvmCdVrTSC27XY3wawR,4,wallet,1BFPwE12hEUAMbF7k4h5UhSzreBNPih3Ns,True,True,5,14HwW2rsfw8QMMPAvmCdVrTSC27XY3wawR|163865631|1Fus55hbY1TDj4GQXFMKqXNcRuKcvXZDZU|145395710|1BFPwE12hEUAMbF7k4h5UhSzreBNPih3Ns,wallet|transaction|wallet|transaction|wallet,|0.289055|0.404449|0.34983|0.385167,|0.289055|0.0505562|0.34983|0.385167,||0.00564367|0.221442|0.234103
14U1LMj3MfXxTENV59EWvHHYkvG4i3jo8P,4,wallet,133TzfNjGuF7nfccpiLZB38wetD9wtyLAp,True,True,5,14U1LMj3MfXxTENV59EWvHHYkvG4i3jo8P|209952987|1G3SeLHAo1uZxsKEu9QSipcHX598m8BBBz|209541751|133TzfNjGuF7nfccpiLZB38wetD9wtyLAp,wallet|transaction|wallet|transaction|wallet,|0.339377|0.404705|0.351187|0.385082,|0.339377|0.057815|0.351187|0.385082,||-0.000699946|0.00345099|0.342073
175T5Z6CZBXKHLu9Fxf4Z9jYnsQsd85hky,4,wallet,1D73T6bUw1yJdiybHHusMhSqFaKeAMNgny,True,True,5,175T5Z6CZBXKHLu9Fxf4Z9jYnsQsd85hky|378151531|1Ba2CT84EhVo4egpSaTYD7mWe3t7UVuQ1b|378065243|1D73T6bUw1yJdiybHHusMhSqFaKeAMNgny,wallet|transaction|wallet|transaction|wallet,|0.3525|0.404482|0.351806|0.385064,|0.0704999|0.202241|0.351806|0.385064,||0.00666672|0.00167584|0.324321
17bXWHjZygauiqur1RzSC2RTWu7bzKa9mn,4,wallet,149FbDgoqocXDoaE7rBJnft56BAC1x2sWc,True,True,5,17bXWHjZygauiqur1RzSC2RTWu7bzKa9mn|163653260|19gx6ikyBtKPutuMLDK1m87YX24pasmAiJ|163653262|149FbDgoqocXDoaE7rBJnft56BAC1x2sWc,wallet|transaction|wallet|transaction|wallet,|0.352805|0.40401|0.349874|0.385177,|0.117602|0.202005|0.349874|0.385177,||0.138868|0.000898659|0.212808
17dzRMpu6dMphPqzxVfy9j6mSN4CkEmrVJ,4,wallet,12bf9ezEA8EGKDqCsGm7PSez85r8v61kKq,True,True,5,17dzRMpu6dMphPqzxVfy9j6mSN4CkEmrVJ|355222038|161tZUfNiT7qPzT7N1z7MZshdFtpxGjty9|355008580|12bf9ezEA8EGKDqCsGm7PSez85r8v61kKq,wallet|transaction|wallet|transaction|wallet,|0.352837|0.404459|0.348718|0.385213,|0.117612|0.202229|0.348718|0.385213,||0.128594|0.00150895|0.173555
19XJLCychqE4PYPh8g7chvdbR83vXrfiFP,4,wallet,1LZcFeipRTBJG5XJDuC2tqFxYnbcv8qAVB,True,True,5,19XJLCychqE4PYPh8g7chvdbR83vXrfiFP|372726662|182eY4QY1oFEopMkciY2Qe4gCWorkxswnp|196003058|1LZcFeipRTBJG5XJDuC2tqFxYnbcv8qAVB,wallet|transaction|wallet|transaction|wallet,|0.348527|0.401459|0.349533|0.371285,|0.348527|0.20073|0.349533|0.185643,||0.0065847|0.0938798|0.0204374
1DaeCftczdiy6YMY5hfh2Ab1T7yQoHcKXJ,4,wallet,12oSEz25skHKzsXWtQHNxFg9bF6y9NWFVY,True,True,5,1DaeCftczdiy6YMY5hfh2Ab1T7yQoHcKXJ|378592973|1ComD2Bm3xBWVGEp28q1jdY4dz2MCAnT14|378415649|12oSEz25skHKzsXWtQHNxFg9bF6y9NWFVY,wallet|transaction|wallet|transaction|wallet,|0.352833|0.404946|0.351804|0.385064,|0.176417|0.202473|0.351804|0.385064,||0.0150491|0.00045979|0.324274
1FH9PuWstvhfomLBHTkzLymwfmjUgBxwxq,4,wallet,1AR8tDsHHjqhJDbGxh7FZSj93ByP2eoy2o,True,True,5,1FH9PuWstvhfomLBHTkzLymwfmjUgBxwxq|163662271|1KzQxRbCD7enxvUFqMq9xdLbUXKTbYoqHA|163662273|1AR8tDsHHjqhJDbGxh7FZSj93ByP2eoy2o,wallet|transaction|wallet|transaction|wallet,|0.330634|0.40346|0.348579|0.385186,|0.330634|0.20173|0.348579|0.385186,||-0.0203681|0.531075|0.168734
1Fva2Vr9jp2mDY9yyvyHepbqHM4B9R3GGx,4,wallet,1B5hSzL9bfEMUmQsQcJg2FaUCCJRhWeMdr,True,True,5,1Fva2Vr9jp2mDY9yyvyHepbqHM4B9R3GGx|296712837|1DnCzg8C1mq9WeKKBXNKmx2T1FExhfZEzq|296712537|1B5hSzL9bfEMUmQsQcJg2FaUCCJRhWeMdr,wallet|transaction|wallet|transaction|wallet,|0.271031|0.403901|0.351447|0.385099,|0.271031|0.100975|0.351447|0.385099,||-0.0653525|-0.0396963|0.298953
1KNgruJUmTLzd4v8XcivBrqMjiENMVY6sE,4,wallet,1MxpMSW5cBCe4gry9FxwRMT9VqUVDHeFxN,True,True,5,1KNgruJUmTLzd4v8XcivBrqMjiENMVY6sE|363087092|1EsnjG2mgXwtCmQU4hwepSVLSkmZqrcZtr|362956463|1MxpMSW5cBCe4gry9FxwRMT9VqUVDHeFxN,wallet|transaction|wallet|transaction|wallet,|0.352769|0.40443|0.351598|0.385086,|0.0320699|0.202215|0.351598|0.385086,||0.0148503|0.000527978|0.296661
1KWJKZ6DuANeL5JKVMQbrWVrmGRgjRUjSJ,4,wallet,118tcRMuWaEi3uomdWJpMVDAGzy3yJDPT,True,True,5,1KWJKZ6DuANeL5JKVMQbrWVrmGRgjRUjSJ|133751208|1FgUKs84UaCL459hmocDZ1bjU36HZGsYRw|163690519|118tcRMuWaEi3uomdWJpMVDAGzy3yJDPT,wallet|transaction|wallet|transaction|wallet,|0.352594|0.404305|0.349928|0.385167,|0.352594|0.202152|0.349928|0.385167,||0.0200827|0.0017826|0.237504
1LTAoVTsazCtMnQbuS4NDsDLyMptGPBMZF,4,wallet,1EY2yuaHiFs3GmetrvkdXzR3Q32F6fDym1,True,True,5,1LTAoVTsazCtMnQbuS4NDsDLyMptGPBMZF|363307603|16E7dLusS6L9AvoDTMcYwk7w4anPjvpsSh|363092549|1EY2yuaHiFs3GmetrvkdXzR3Q32F6fDym1,wallet|transaction|wallet|transaction|wallet,|0.331353|0.402672|0.350761|0.385088,|0.331353|0.201336|0.350761|0.385088,||-0.0289893|0.0312383|0.244449
1LZwNvzHsAvBWg2Kebn72wAPNmWfiKAzE4,4,wallet,1J7weDrdR4Fcp28zUW6Zu5dGkdJnB355Xc,True,True,5,1LZwNvzHsAvBWg2Kebn72wAPNmWfiKAzE4|97408977|1hDt8GWJFrkxwzVAwzga9jLoSzX3RGXsi|97066702|1J7weDrdR4Fcp28zUW6Zu5dGkdJnB355Xc,wallet|transaction|wallet|transaction|wallet,|0.287511|0.396036|0.339405|0.385343,|0.287511|0.0660059|0.339405|0.385343,||-0.0540681|0.00863516|-0.057094
279424082,3,wallet,1KfHxNrU48rdd5Vnh4X4C22gkS9oxGoiVV,True,True,4,279424082|1EX5vj3fbq7EjCyyfVC4U3bao2zSi1Rsrm|44995911|1KfHxNrU48rdd5Vnh4X4C22gkS9oxGoiVV,transaction|wallet|transaction|wallet,|0.405894|0.35179|0.385115,|0.0811787|0.35179|0.385115,|0.124488|0.640431|0.276689
94654272,3,wallet,1MUaX1Aq3Zr8o2GUH1dsyhQTtbhTe8nFFK,True,True,4,94654272|1GM6HKftDnXb2qk7dSEELFabxyGXApR1a5|94372683|1MUaX1Aq3Zr8o2GUH1dsyhQTtbhTe8nFFK,transaction|wallet|transaction|wallet,|0.402782|0.348038|0.385022,|0.201391|0.348038|0.385022,|0.0360467|0.00231791|0.0886442
175046769,3,wallet,16KaRJpecD5xe9bpSqKiGdZig84aP4WAWV,True,True,4,175046769|1CB6C2B8RhoNPpfEbEnQvSVYvuqjDLMU73|174759163|16KaRJpecD5xe9bpSqKiGdZig84aP4WAWV,transaction|wallet|transaction|wallet,|0.404701|0.350804|0.385029,|0.20235|0.350804|0.385029,|0.0156598|0.000234067|0.23205
205920729,3,wallet,1PMWKzRpmsESyAdf2QutevLhbYzueBwmh4,True,True,4,205920729|1CpDhHzAvLnjU6crBde5LN2ELAhE2jbeof|175759710|1PMWKzRpmsESyAdf2QutevLhbYzueBwmh4,transaction|wallet|transaction|wallet,|0.403502|0.345899|0.385047,|0.201751|0.345899|0.385047,|0.010162|0.00026077|0.0611293
216384922,3,wallet,1cYjN4WeM58cFF52KRXAs9zZKT26dzPYu,True,True,4,216384922|1D4BiGayTzyZDBtwJCYf7GLk6QkrGW8xhX|175758299|1cYjN4WeM58cFF52KRXAs9zZKT26dzPYu,transaction|wallet|transaction|wallet,|0.40476|0.35065|0.385029,|0.20238|0.35065|0.385029,|0.0206074|0.000183523|0.240436
340072976,3,wallet,19iL8gi9rQGDroFKbaPf5TH7yRpcAXHHuK,True,True,4,340072976|1Hov9TGdnQ5txMRFnkP3XWz98gRgnzqCqA|339643099|19iL8gi9rQGDroFKbaPf5TH7yRpcAXHHuK,transaction|wallet|transaction|wallet,|0.406595|0.353047|0.357179,|0.203298|0.353047|0.17859,|0.00325042|-0.000154316|0.00698751
15857236,3,wallet,15orKRfof71FC15Gna4cDxR6zo8iEYFALa,True,True,4,15857236|1B7Q3Ba49ccd7D9w67vVKEAUraG3jtpUUs|15857241|15orKRfof71FC15Gna4cDxR6zo8iEYFALa,transaction|wallet|transaction|wallet,|0.403632|0.352728|0.395994,|0.201816|0.117576|0.197997,|0.0261252|-7.92742e-06|0.0098516
244629239,3,wallet,12CV5js5iBA3viX5SmLukcwa67tS65wbuT,True,True,4,244629239|1EhoHN8rq8GGA11UVHSCy1SWcoohwGyqk5|243781008|12CV5js5iBA3viX5SmLukcwa67tS65wbuT,transaction|wallet|transaction|wallet,|0.404952|0.351772|0.385059,|0.202476|0.351772|0.385059,|0.00616473|0.000833988|0.323022
99258743,3,wallet,1JJTrhwDrEeSbcfNHdqvMJG5eXRyrPbPsq,True,True,4,99258743|15twigU4MNMdy4qyE7P3tssRxQVr5AjbxN|99258746|1JJTrhwDrEeSbcfNHdqvMJG5eXRyrPbPsq,transaction|wallet|transaction|wallet,|0.40374|0.351278|0.3851,|0.20187|0.351278|0.19255,|0.0136984|0.0313621|-0.00209954
194305890,3,wallet,16vsRJCL9fPTwpfB7RRMzhZ6w9aBBx5W9B,True,True,4,194305890|1Q1rFGRbyDDQyt86mw6JttGoswGJUhaW56|314046178|16vsRJCL9fPTwpfB7RRMzhZ6w9aBBx5W9B,transaction|wallet|transaction|wallet,|0.404426|0.35052|0.385108,|0.202213|0.35052|0.385108,|-0.000374347|0.012397|0.325305
266712227,3,wallet,18zL4FuVfVQvaBrwAn3jarxp4YJEvHtRAs,True,True,4,266712227|154fWeQUQgQWHVGNqcmbc8VxPVq7Cd2Qbp|272273597|18zL4FuVfVQvaBrwAn3jarxp4YJEvHtRAs,transaction|wallet|transaction|wallet,|0.403487|0.351056|0.292091,|0.201744|0.351056|0.146045,|0.156587|0.0157157|0.446923
272088734,3,wallet,19yYEwstiwMgHCtSfySypF2qBV4qG5rhcU,True,True,4,272088734|12at81gDHtGdvWv3VwuxT9eCaSofQR2A8K|272088740|19yYEwstiwMgHCtSfySypF2qBV4qG5rhcU,transaction|wallet|transaction|wallet,|0.404776|0.34849|0.385168,|0.0674627|0.34849|0.192584,|-0.0194|-0.0574837|-0.0513346
269503235,3,wallet,1AQ5MkK7cruxM6t7w8kWW3qY2jk7fqE5CV,True,True,4,269503235|14tTvoRrQqT3NRmQoSvCG5jYGMnPiKx9t6|268792024|1AQ5MkK7cruxM6t7w8kWW3qY2jk7fqE5CV,transaction|wallet|transaction|wallet,|0.404638|0.349914|0.385139,|0.202319|0.349914|0.385139,|0.0752487|0.00127482|0.190903
89199852,3,wallet,1Me61RgR3CVJycAtGjHdq1VgXMAAvymk69,True,True,4,89199852|115KU5zFdghC4GdoU4d7yknxTb71LW9Sd|145395709|1Me61RgR3CVJycAtGjHdq1VgXMAAvymk69,transaction|wallet|transaction|wallet,|0.404118|0.349832|0.385167,|0.202059|0.349832|0.385167,|0.0230646|0.00125325|0.234225
92727932,3,wallet,1CFcQwNeZCDbGGvBdHL5kt2fMojryAL7Nu,True,True,4,92727932|12QCnBpR4QYg9ivpXquAxfSdsWsvTHqsCd|92727933|1CFcQwNeZCDbGGvBdHL5kt2fMojryAL7Nu,transaction|wallet|transaction|wallet,|0.40439|0.348326|0.385224,|0.202195|0.348326|0.385224,|0.145841|0.00354743|0.159865
288347142,3,wallet,1FGm4k2V8uprKPDWuccZi4oMmu9PTACfGH,True,True,4,288347142|1P361HmcVw1ztXr7gYvo6FrB2thhErodhp|288148015|1FGm4k2V8uprKPDWuccZi4oMmu9PTACfGH,transaction|wallet|transaction|wallet,|0.401328|0.348065|0.385232,|0.200664|0.348065|0.385232,|0.125313|0.0360925|0.150874
288354980,3,wallet,13Mk7cjBhCAZvcfAKbRHEMas2UPk7Nrfqu,True,True,4,288354980|12A7QqFVrYt945mnn5pT9aYP42AUZimXk3|288125316|13Mk7cjBhCAZvcfAKbRHEMas2UPk7Nrfqu,transaction|wallet|transaction|wallet,|0.400724|0.348126|0.385242,|0.200362|0.348126|0.128414,|0.148572|0.381266|-0.00282178
67603017,3,wallet,1CAuUW3iszd8UzhMyePwqvzJkRvjdPfLBq,True,True,4,67603017|1F65vGr1ZEMo6frrVh5gRwNXAjsYsGRfEG|70384401|1CAuUW3iszd8UzhMyePwqvzJkRvjdPfLBq,transaction|wallet|transaction|wallet,|0.401596|0.347179|0.385248,|0.200798|0.347179|0.385248,|0.198859|0.00549358|0.126167
114626822,3,wallet,1MbRAZ6hSBXJWDLtkRCFHKNvTg7TWSxttz,True,True,4,114626822|132Y194a45f32VKuwy7mgc2ASrMvpaeuom|114507940|1MbRAZ6hSBXJWDLtkRCFHKNvTg7TWSxttz,transaction|wallet|transaction|wallet,|0.395902|0.344903|0.385289,|0.197951|0.344903|0.385289,|0.214999|0.0237491|0.0555322
12662264,3,wallet,1FXvymTcLMTpUyXzkFzyhe1ZMEVomWQgwf,True,True,4,12662264|1PjnYCFesKBk9yFfhjrtVKjiUVsWtr26VY|12662269|1FXvymTcLMTpUyXzkFzyhe1ZMEVomWQgwf,transaction|wallet|transaction|wallet,|0.405356|0.353051|0.405006,|0.202678|0.353051|0.202503,|0.0190121|-0.000273466|0.249403
71988265,3,wallet,15EwbaS7C6iTq971WCNRr519BDP21nWtkQ,True,True,4,71988265|1LMVzE1Ci765BpqxG7bK55SABLMf3YkfHQ|71450339|15EwbaS7C6iTq971WCNRr519BDP21nWtkQ,transaction|wallet|transaction|wallet,|0.405602|0.328485|0.385432,|0.202801|0.109495|0.385432,|0.0112178|-0.000207027|-0.230592
71988753,3,wallet,1KRk7mSri4zsTifUbHoHFNsovPDUX2DqJd,True,True,4,71988753|1ERJcygiAXZfvVWv1TjqNpncMuWirsiQXX|71450516|1KRk7mSri4zsTifUbHoHFNsovPDUX2DqJd,transaction|wallet|transaction|wallet,|0.401101|0.32748|0.38545,|0.20055|0.32748|0.38545,|0.213727|0.0933011|-0.278297
72631002,3,wallet,1FJoDkZdhQAB4hsDG3CBGMHb2UxLod59Xv,True,True,4,72631002|1BM7ZwR2BvPx9CGEPzHQTuEttfDYdK6veS|72297314|1FJoDkZdhQAB4hsDG3CBGMHb2UxLod59Xv,transaction|wallet|transaction|wallet,|0.403812|0.340318|0.299767,|0.201906|0.170159|0.149884,|0.210836|-0.00014928|0.471684
218400096,3,wallet,1Ark1chKCGBdQh2ZWWHivBzUWpzRrzo7dZ,True,True,4,218400096|1MKNjXd16X5LuoxbKy2KcfW28oZpE7DavN|218091577|1Ark1chKCGBdQh2ZWWHivBzUWpzRrzo7dZ,transaction|wallet|transaction|wallet,|0.396577|0.337335|0.385401,|0.0566539|0.337335|0.0770801,|-0.0031461|0.172587|-0.0128251
12AzKwSbqKHMdWQK2zsHnef8F48rEHGgEZ,3,transaction,291338524,True,True,4,12AzKwSbqKHMdWQK2zsHnef8F48rEHGgEZ|298732576|39sfuA8pY4UfybgEZi7uvA13jkGzZpsg5K|291338524,wallet|transaction|wallet|transaction,|0.353102|0.406885|0.353105,|0.353102|0.203443|0.0882762,||0.225657|0
12uLxFVwazvdf3AQ4Ei4pW13Q53reaurLi,3,transaction,163652487,True,True,4,12uLxFVwazvdf3AQ4Ei4pW13Q53reaurLi|166490287|13FCZb6mwQupCscxmqwRgAg4i4T4thiWoV|163652487,wallet|transaction|wallet|transaction,|0.351067|0.40444|0.353084,|0.351067|0.20222|0.0196158,||0.107832|-1.18249e-05
13XXXsxSp4TjBLR6TGbsyknFMNWzYniwbu,3,transaction,291338524,True,True,4,13XXXsxSp4TjBLR6TGbsyknFMNWzYniwbu|254428878|39sfuA8pY4UfybgEZi7uvA13jkGzZpsg5K|291338524,wallet|transaction|wallet|transaction,|0.353102|0.406885|0.353105,|0.353102|0.203443|0.0882762,||0.225618|0
13aa4LcxnkJkhjaQd97qtWPxaHZA3msDXh,3,transaction,291338524,True,True,4,13aa4LcxnkJkhjaQd97qtWPxaHZA3msDXh|166072787|39sfuA8pY4UfybgEZi7uvA13jkGzZpsg5K|291338524,wallet|transaction|wallet|transaction,|0.353103|0.406885|0.353105,|0.353103|0.203443|0.0882762,||0.222961|0
13fPMfrBDQVpa4TqvPRbYVEszJF8Ftwc6a,3,transaction,291338524,True,True,4,13fPMfrBDQVpa4TqvPRbYVEszJF8Ftwc6a|163667312|39sfuA8pY4UfybgEZi7uvA13jkGzZpsg5K|291338524,wallet|transaction|wallet|transaction,|0.353103|0.406885|0.353105,|0.353103|0.203443|0.0882762,||0.22393|0
13fdWpLnSTkfmqtXj3NRSEmATJRKJPhPQY,3,transaction,209946514,True,True,4,13fdWpLnSTkfmqtXj3NRSEmATJRKJPhPQY|211088962|1EXE8bpeeEqjoZ3D4b3Vz1HN5WZgkYzJqg|209946514,wallet|transaction|wallet|transaction,|0.352846|0.40393|0.352693,|0.352846|0.201965|0.352693,||0.129317|-0.00052768
13ruUZnEJabBo1vJ5Tghnwuo2p9hMf4epU,3,transaction,291338524,True,True,4,13ruUZnEJabBo1vJ5Tghnwuo2p9hMf4epU|163660881|39sfuA8pY4UfybgEZi7uvA13jkGzZpsg5K|291338524,wallet|transaction|wallet|transaction,|0.353104|0.406885|0.353105,|0.353104|0.203443|0.0882762,||0.213145|0
13sLZpFwyZgTBZ5GBNGqLJcmzmV4e4Z2Gc,3,transaction,163652487,True,True,4,13sLZpFwyZgTBZ5GBNGqLJcmzmV4e4Z2Gc|163823992|13FCZb6mwQupCscxmqwRgAg4i4T4thiWoV|163652487,wallet|transaction|wallet|transaction,|0.352137|0.40444|0.353084,|0.352137|0.20222|0.0196158,||0.0378322|-4.33458e-06
15mK2eXUyk8kUCPJCw1i5n9sNAGXxaQN7X,3,transaction,291338524,True,True,4,15mK2eXUyk8kUCPJCw1i5n9sNAGXxaQN7X|21627002|39sfuA8pY4UfybgEZi7uvA13jkGzZpsg5K|291338524,wallet|transaction|wallet|transaction,|0.353103|0.406885|0.353105,|0.353103|0.203443|0.0882762,||0.223837|0
15tTDoB12FkSSpMWVyf4jETGb4JTqsjGQQ,3,transaction,291338524,True,True,4,15tTDoB12FkSSpMWVyf4jETGb4JTqsjGQQ|84719010|39sfuA8pY4UfybgEZi7uvA13jkGzZpsg5K|291338524,wallet|transaction|wallet|transaction,|0.353102|0.406885|0.353105,|0.353102|0.203443|0.0882762,||0.224705|0
169UeNytf25LSWdqt36rfc2pz7Y41rdmWo,3,transaction,291338524,True,True,4,169UeNytf25LSWdqt36rfc2pz7Y41rdmWo|84719007|39sfuA8pY4UfybgEZi7uvA13jkGzZpsg5K|291338524,wallet|transaction|wallet|transaction,|0.353103|0.406885|0.353105,|0.353103|0.203443|0.0882762,||0.211754|0
16Hj5A3qK8T3UZgkwNwzXJStk2fFhVrA6J,3,transaction,291338524,True,True,4,16Hj5A3qK8T3UZgkwNwzXJStk2fFhVrA6J|98992940|39sfuA8pY4UfybgEZi7uvA13jkGzZpsg5K|291338524,wallet|transaction|wallet|transaction,|0.353102|0.406885|0.353105,|0.353102|0.203443|0.0882762,||0.221746|0
16fJuALd43TKeHhr74pUMtLPcKtBLAX9Dh,3,transaction,272977666,True,True,4,16fJuALd43TKeHhr74pUMtLPcKtBLAX9Dh|339096342|1KL8c3jstTqejGK1qC9KsCxNTXUhFouwXL|272977666,wallet|transaction|wallet|transaction,|0.352381|0.400894|0.321113,|0.352381|0.200447|0.321113,||-0.0398053|-0.00700778
16hY4idRzuVgSDXLTkry6yyyzgvy6MEQzn,3,transaction,291338524,True,True,4,16hY4idRzuVgSDXLTkry6yyyzgvy6MEQzn|355004559|39sfuA8pY4UfybgEZi7uvA13jkGzZpsg5K|291338524,wallet|transaction|wallet|transaction,|0.353103|0.406885|0.353105,|0.353103|0.203443|0.0882762,||0.225916|0
16rdAm417Uz6JuPjwPtphDpJCr1XeUXJG2,3,transaction,291338524,True,True,4,16rdAm417Uz6JuPjwPtphDpJCr1XeUXJG2|166071629|39sfuA8pY4UfybgEZi7uvA13jkGzZpsg5K|291338524,wallet|transaction|wallet|transaction,|0.353103|0.406885|0.353105,|0.353103|0.203443|0.0882762,||0.211823|0
17bu9eTkwcWjeYVm5eN5HEwX9BaU67iLka,3,transaction,291338524,True,True,4,17bu9eTkwcWjeYVm5eN5HEwX9BaU67iLka|386085450|39sfuA8pY4UfybgEZi7uvA13jkGzZpsg5K|291338524,wallet|transaction|wallet|transaction,|0.353103|0.406885|0.353105,|0.353103|0.203443|0.0882762,||0.22619|0
1A6F9JECqinsTdLfePdoySUsGEgcCWsfA1,3,transaction,291338524,True,True,4,1A6F9JECqinsTdLfePdoySUsGEgcCWsfA1|272077542|39sfuA8pY4UfybgEZi7uvA13jkGzZpsg5K|291338524,wallet|transaction|wallet|transaction,|0.353104|0.406885|0.353105,|0.353104|0.203443|0.0882762,||0.212526|0
1A8R5LvXc8kxoFAHGgjxivjiihUitMiukX,3,transaction,291338524,True,True,4,1A8R5LvXc8kxoFAHGgjxivjiihUitMiukX|272683595|39sfuA8pY4UfybgEZi7uvA13jkGzZpsg5K|291338524,wallet|transaction|wallet|transaction,|0.353102|0.406885|0.353105,|0.353102|0.203443|0.0882762,||0.215558|0
1AhenWJCZ8buY8tYCDSx5qkuUq4i85ocpX,3,transaction,291338524,True,True,4,1AhenWJCZ8buY8tYCDSx5qkuUq4i85ocpX|27210820|39sfuA8pY4UfybgEZi7uvA13jkGzZpsg5K|291338524,wallet|transaction|wallet|transaction,|0.353102|0.406885|0.353105,|0.353102|0.203443|0.0882762,||0.222839|0
1BM8ZGtbDHVs5Gxi2GkDayuaoFQBDq3njT,3,transaction,291338524,True,True,4,1BM8ZGtbDHVs5Gxi2GkDayuaoFQBDq3njT|185725699|39sfuA8pY4UfybgEZi7uvA13jkGzZpsg5K|291338524,wallet|transaction|wallet|transaction,|0.353103|0.406885|0.353105,|0.353103|0.203443|0.0882762,||0.22187|0
1BTTNeFA2bM24hhXCzD2ZNCoZjmwvL7VbG,3,transaction,291338524,True,True,4,1BTTNeFA2bM24hhXCzD2ZNCoZjmwvL7VbG|166498559|39sfuA8pY4UfybgEZi7uvA13jkGzZpsg5K|291338524,wallet|transaction|wallet|transaction,|0.353102|0.406885|0.353105,|0.353102|0.203443|0.0882762,||0.22374|0
1Br6QoKSb8u1CtfLXLqboqkj4gj7BXc18w,3,transaction,291338524,True,True,4,1Br6QoKSb8u1CtfLXLqboqkj4gj7BXc18w|355126263|39sfuA8pY4UfybgEZi7uvA13jkGzZpsg5K|291338524,wallet|transaction|wallet|transaction,|0.353103|0.406885|0.353105,|0.353103|0.203443|0.0882762,||0.222515|0
1CewU3kjG9A8YXuuKR19Fr2kWRtB4pUosT,3,transaction,291338524,True,True,4,1CewU3kjG9A8YXuuKR19Fr2kWRtB4pUosT|382770349|39sfuA8pY4UfybgEZi7uvA13jkGzZpsg5K|291338524,wallet|transaction|wallet|transaction,|0.353103|0.406885|0.353105,|0.353103|0.203443|0.0882762,||0.227407|0
1Cr5J9uCaPmdZ57WPeM2Vy5EiLyLnkXrDY,3,transaction,291338524,True,True,4,1Cr5J9uCaPmdZ57WPeM2Vy5EiLyLnkXrDY|163667986|39sfuA8pY4UfybgEZi7uvA13jkGzZpsg5K|291338524,wallet|transaction|wallet|transaction,|0.353102|0.406885|0.353105,|0.353102|0.203443|0.0882762,||0.215453|0
1Dbjs8uREYUHAo3FJ7Dxsw6cSzZQVcZTTD,3,transaction,291338524,True,True,4,1Dbjs8uREYUHAo3FJ7Dxsw6cSzZQVcZTTD|166499035|39sfuA8pY4UfybgEZi7uvA13jkGzZpsg5K|291338524,wallet|transaction|wallet|transaction,|0.353103|0.406885|0.353105,|0.353103|0.203443|0.0882762,||0.225012|0
1FVjTeWxef4ua8mxRnf8RMebX577iGW7Gb,3,transaction,291338524,True,True,4,1FVjTeWxef4ua8mxRnf8RMebX577iGW7Gb|166495212|39sfuA8pY4UfybgEZi7uvA13jkGzZpsg5K|291338524,wallet|transaction|wallet|transaction,|0.353102|0.406885|0.353105,|0.353102|0.203443|0.0882762,||0.219346|0
1Fg9HCzXfU5NqnUbSW2XQ9VhRGwG3ejdRS,3,transaction,291338524,True,True,4,1Fg9HCzXfU5NqnUbSW2XQ9VhRGwG3ejdRS|141627708|39sfuA8pY4UfybgEZi7uvA13jkGzZpsg5K|291338524,wallet|transaction|wallet|transaction,|0.353104|0.406885|0.353105,|0.117701|0.203443|0.0882762,||0.214655|0
1Fh3B5mW2qBV4zvAvzZ8of5iYYhKdHEMqv,3,transaction,291338524,True,True,4,1Fh3B5mW2qBV4zvAvzZ8of5iYYhKdHEMqv|355110139|39sfuA8pY4UfybgEZi7uvA13jkGzZpsg5K|291338524,wallet|transaction|wallet|transaction,|0.353103|0.406885|0.353105,|0.353103|0.203443|0.0882762,||0.216481|0
1GAJQirWinGv2awEJFuoqD6JprL5Pk9qWs,3,transaction,291338524,True,True,4,1GAJQirWinGv2awEJFuoqD6JprL5Pk9qWs|386050098|39sfuA8pY4UfybgEZi7uvA13jkGzZpsg5K|291338524,wallet|transaction|wallet|transaction,|0.353103|0.406885|0.353105,|0.353103|0.203443|0.0882762,||0.22309|0
1GbzD5EcnUTGpL6UwfWU5qfXABStfaHVJg,3,transaction,291338524,True,True,4,1GbzD5EcnUTGpL6UwfWU5qfXABStfaHVJg|355128655|39sfuA8pY4UfybgEZi7uvA13jkGzZpsg5K|291338524,wallet|transaction|wallet|transaction,|0.353103|0.406885|0.353105,|0.353103|0.203443|0.0882762,||0.225555|0
1GmD5Vm1a9gbSES5Vih82EfrDAH3WGDecS,3,transaction,291338524,True,True,4,1GmD5Vm1a9gbSES5Vih82EfrDAH3WGDecS|309189403|39sfuA8pY4UfybgEZi7uvA13jkGzZpsg5K|291338524,wallet|transaction|wallet|transaction,|0.353103|0.406885|0.353105,|0.353103|0.203443|0.0882762,||0.226416|0
1H65YYYeYors3YorCETZm8aUcHjJMBHj4P,3,wallet,14HkQLHKvtDo7KypQF387dPFaGorHfc6HH,True,True,4,1H65YYYeYors3YorCETZm8aUcHjJMBHj4P|382988791|382974340|14HkQLHKvtDo7KypQF387dPFaGorHfc6HH,wallet|transaction|transaction|wallet,|0.164345|0.00185773|0.385824,|0.164345|0.000928864|0.385824,||-0.13187|-0.459758
1HL5WAWsHmHgvxQLkYt8DqH42dXaWQp88p,3,transaction,291338524,True,True,4,1HL5WAWsHmHgvxQLkYt8DqH42dXaWQp88p|136272459|39sfuA8pY4UfybgEZi7uvA13jkGzZpsg5K|291338524,wallet|transaction|wallet|transaction,|0.353104|0.406885|0.353105,|0.353104|0.203443|0.0882762,||0.216721|0
1Hw7rbRtTN7uEH1hsUjPs4d7arwG2uywMj,3,transaction,272148432,True,True,4,1Hw7rbRtTN7uEH1hsUjPs4d7arwG2uywMj|71382701|162quYhHpSRNT3mfq994fV2mG4iKVQt9Yj|272148432,wallet|transaction|wallet|transaction,|0.352621|0.404999|0.352927,|0.352621|0.2025|0.352927,||0.0577245|0.00228053
1K5KTHhEB9Mcida1xSehtYLjyGf7QYncZx,3,transaction,291338524,True,True,4,1K5KTHhEB9Mcida1xSehtYLjyGf7QYncZx|331553509|39sfuA8pY4UfybgEZi7uvA13jkGzZpsg5K|291338524,wallet|transaction|wallet|transaction,|0.353103|0.406885|0.353105,|0.117701|0.203443|0.0882762,||0.215927|0
1KHEVChKngFH3mKWuLLefdQPfBmMwpYs5o,3,transaction,163652487,True,True,4,1KHEVChKngFH3mKWuLLefdQPfBmMwpYs5o|163823992|13FCZb6mwQupCscxmqwRgAg4i4T4thiWoV|163652487,wallet|transaction|wallet|transaction,|0.352137|0.40444|0.353084,|0.117379|0.20222|0.0196158,||0.0378322|-4.33458e-06
1KVqB5L93xNQ387NkNZc6rkx4p4HaWpZa9,3,transaction,291338524,True,True,4,1KVqB5L93xNQ387NkNZc6rkx4p4HaWpZa9|69064953|39sfuA8pY4UfybgEZi7uvA13jkGzZpsg5K|291338524,wallet|transaction|wallet|transaction,|0.353103|0.406885|0.353105,|0.353103|0.203443|0.0882762,||0.222474|0
1KdfnZetJ3EBw1bZZQZvJNLKpktVoz73zn,3,transaction,349622760,True,True,4,1KdfnZetJ3EBw1bZZQZvJNLKpktVoz73zn|166226732|1PjktAUBbYBzETuazp5JwM6bViGoUpbrsf|349622760,wallet|transaction|wallet|transaction,|0.352088|0.404692|0.352855,|0.352088|0.202346|0.352855,||0.0985307|0.000238955
1LeKFRBubQSwHzpamAKbVuynVF6Xnjer9r,3,transaction,291338524,True,True,4,1LeKFRBubQSwHzpamAKbVuynVF6Xnjer9r|43878665|39sfuA8pY4UfybgEZi7uvA13jkGzZpsg5K|291338524,wallet|transaction|wallet|transaction,|0.353102|0.406885|0.353105,|0.353102|0.203443|0.0882762,||0.224832|0
1MLvzsdbo2N12ANUcGTXkMCQ1GZbLTvkTL,3,transaction,291338524,True,True,4,1MLvzsdbo2N12ANUcGTXkMCQ1GZbLTvkTL|272145560|39sfuA8pY4UfybgEZi7uvA13jkGzZpsg5K|291338524,wallet|transaction|wallet|transaction,|0.353103|0.406885|0.353105,|0.353103|0.203443|0.0882762,||0.225844|0
1MjAvw2GzrW1ZT5LR6WgW7kPhjpXKNe7Ww,3,transaction,291338524,True,True,4,1MjAvw2GzrW1ZT5LR6WgW7kPhjpXKNe7Ww|355128732|39sfuA8pY4UfybgEZi7uvA13jkGzZpsg5K|291338524,wallet|transaction|wallet|transaction,|0.353102|0.406885|0.353105,|0.353102|0.203443|0.0882762,||0.212586|0
43003119,2,transaction,43007170,True,True,3,43003119|1CpXnV4FdYM8rqzA5KGip6GBLMbRhsKq6J|43007170,transaction|wallet|transaction,|0.357782|0.26965,|0.178891|0.0539299,|0.368023|-1.11341e-05
43004044,2,transaction,43007170,True,True,3,43004044|1CpXnV4FdYM8rqzA5KGip6GBLMbRhsKq6J|43007170,transaction|wallet|transaction,|0.357782|0.26965,|0.178891|0.0539299,|0.427953|-4.76837e-08
236114959,2,transaction,234836238,True,True,3,236114959|1JvxaCSwj3RC1b8R16YQQEdYXgsrbwtHaC|234836238,transaction|wallet|transaction,|0.405346|0.35309,|0.202673|0.35309,|0.0396513|-1.40667e-05
166226732,2,transaction,349622760,True,True,3,166226732|1PjktAUBbYBzETuazp5JwM6bViGoUpbrsf|349622760,transaction|wallet|transaction,|0.404692|0.352855,|0.202346|0.352855,|0.0985307|0.000238955
69997426,2,transaction,291338524,True,True,3,69997426|39sfuA8pY4UfybgEZi7uvA13jkGzZpsg5K|291338524,transaction|wallet|transaction,|0.406885|0.353105,|0.203443|0.0882762,|0.218527|0
136272459,2,transaction,291338524,True,True,3,136272459|39sfuA8pY4UfybgEZi7uvA13jkGzZpsg5K|291338524,transaction|wallet|transaction,|0.406885|0.353105,|0.203443|0.0882762,|0.216721|0
247487089,2,transaction,291338524,True,True,3,247487089|39sfuA8pY4UfybgEZi7uvA13jkGzZpsg5K|291338524,transaction|wallet|transaction,|0.406885|0.353105,|0.203443|0.0882762,|0.221903|0
272077928,2,transaction,291338524,True,True,3,272077928|39sfuA8pY4UfybgEZi7uvA13jkGzZpsg5K|291338524,transaction|wallet|transaction,|0.406885|0.353105,|0.203443|0.0882762,|0.222513|0
272932861,2,transaction,291338524,True,True,3,272932861|39sfuA8pY4UfybgEZi7uvA13jkGzZpsg5K|291338524,transaction|wallet|transaction,|0.406885|0.353105,|0.203443|0.0882762,|0.220997|0
277373532,2,transaction,291338524,True,True,3,277373532|39sfuA8pY4UfybgEZi7uvA13jkGzZpsg5K|291338524,transaction|wallet|transaction,|0.406885|0.353105,|0.203443|0.0882762,|0.222311|0
292163396,2,transaction,291338524,True,True,3,292163396|39sfuA8pY4UfybgEZi7uvA13jkGzZpsg5K|291338524,transaction|wallet|transaction,|0.406885|0.353105,|0.406885|0.0882762,|0.442413|0
299475624,2,transaction,291338524,True,True,3,299475624|39sfuA8pY4UfybgEZi7uvA13jkGzZpsg5K|291338524,transaction|wallet|transaction,|0.406885|0.353105,|0.203443|0.0882762,|0.221245|0
84719050,2,transaction,291338524,True,True,3,84719050|39sfuA8pY4UfybgEZi7uvA13jkGzZpsg5K|291338524,transaction|wallet|transaction,|0.406885|0.353105,|0.203443|0.0882762,|0.208427|0
17763829,2,transaction,291338524,True,True,3,17763829|39sfuA8pY4UfybgEZi7uvA13jkGzZpsg5K|291338524,transaction|wallet|transaction,|0.406885|0.353105,|0.203443|0.0882762,|0.219502|0
21627002,2,transaction,291338524,True,True,3,21627002|39sfuA8pY4UfybgEZi7uvA13jkGzZpsg5K|291338524,transaction|wallet|transaction,|0.406885|0.353105,|0.203443|0.0882762,|0.223837|0
55300089,2,transaction,291338524,True,True,3,55300089|39sfuA8pY4UfybgEZi7uvA13jkGzZpsg5K|291338524,transaction|wallet|transaction,|0.406885|0.353105,|0.203443|0.0882762,|0.223603|0
56397284,2,transaction,291338524,True,True,3,56397284|39sfuA8pY4UfybgEZi7uvA13jkGzZpsg5K|291338524,transaction|wallet|transaction,|0.406885|0.353105,|0.203443|0.0882762,|0.211967|0
135600096,2,transaction,291338524,True,True,3,135600096|39sfuA8pY4UfybgEZi7uvA13jkGzZpsg5K|291338524,transaction|wallet|transaction,|0.406885|0.353105,|0.203443|0.0882762,|0.220962|0
136123519,2,transaction,291338524,True,True,3,136123519|39sfuA8pY4UfybgEZi7uvA13jkGzZpsg5K|291338524,transaction|wallet|transaction,|0.406885|0.353105,|0.203443|0.0882762,|0.223745|0
141627708,2,transaction,291338524,True,True,3,141627708|39sfuA8pY4UfybgEZi7uvA13jkGzZpsg5K|291338524,transaction|wallet|transaction,|0.406885|0.353105,|0.203443|0.0882762,|0.214655|0
142317103,2,transaction,291338524,True,True,3,142317103|39sfuA8pY4UfybgEZi7uvA13jkGzZpsg5K|291338524,transaction|wallet|transaction,|0.406885|0.353105,|0.203443|0.0882762,|0.212012|0
149197183,2,transaction,291338524,True,True,3,149197183|39sfuA8pY4UfybgEZi7uvA13jkGzZpsg5K|291338524,transaction|wallet|transaction,|0.406885|0.353105,|0.203443|0.0882762,|0.221678|0
163585815,2,transaction,291338524,True,True,3,163585815|39sfuA8pY4UfybgEZi7uvA13jkGzZpsg5K|291338524,transaction|wallet|transaction,|0.406885|0.353105,|0.203443|0.0882762,|0.224772|0
163586071,2,transaction,291338524,True,True,3,163586071|39sfuA8pY4UfybgEZi7uvA13jkGzZpsg5K|291338524,transaction|wallet|transaction,|0.406885|0.353105,|0.203443|0.0882762,|0.220868|0
163586382,2,transaction,291338524,True,True,3,163586382|39sfuA8pY4UfybgEZi7uvA13jkGzZpsg5K|291338524,transaction|wallet|transaction,|0.406885|0.353105,|0.203443|0.0882762,|0.223579|0
163657331,2,transaction,291338524,True,True,3,163657331|39sfuA8pY4UfybgEZi7uvA13jkGzZpsg5K|291338524,transaction|wallet|transaction,|0.406885|0.353105,|0.203443|0.0882762,|0.219747|0
163667266,2,transaction,291338524,True,True,3,163667266|39sfuA8pY4UfybgEZi7uvA13jkGzZpsg5K|291338524,transaction|wallet|transaction,|0.406885|0.353105,|0.203443|0.0882762,|0.223404|0
163667273,2,transaction,291338524,True,True,3,163667273|39sfuA8pY4UfybgEZi7uvA13jkGzZpsg5K|291338524,transaction|wallet|transaction,|0.406885|0.353105,|0.203443|0.0882762,|0.22369|0
163807964,2,transaction,163652487,True,True,3,163807964|13FCZb6mwQupCscxmqwRgAg4i4T4thiWoV|163652487,transaction|wallet|transaction,|0.40444|0.353084,|0.20222|0.0196158,|0.0428111|-3.54979e-06
163820070,2,transaction,291338524,True,True,3,163820070|39sfuA8pY4UfybgEZi7uvA13jkGzZpsg5K|291338524,transaction|wallet|transaction,|0.406885|0.353105,|0.203443|0.0882762,|0.223491|0
163867298,2,transaction,291338524,True,True,3,163867298|39sfuA8pY4UfybgEZi7uvA13jkGzZpsg5K|291338524,transaction|wallet|transaction,|0.406885|0.353105,|0.203443|0.0882762,|0.22237|0
165849672,2,transaction,291338524,True,True,3,165849672|39sfuA8pY4UfybgEZi7uvA13jkGzZpsg5K|291338524,transaction|wallet|transaction,|0.406885|0.353105,|0.203443|0.0882762,|0.224389|0
165849938,2,transaction,291338524,True,True,3,165849938|39sfuA8pY4UfybgEZi7uvA13jkGzZpsg5K|291338524,transaction|wallet|transaction,|0.406885|0.353105,|0.203443|0.0882762,|0.223286|0
165849955,2,transaction,291338524,True,True,3,165849955|39sfuA8pY4UfybgEZi7uvA13jkGzZpsg5K|291338524,transaction|wallet|transaction,|0.406885|0.353105,|0.203443|0.0882762,|0.223898|0
166071318,2,transaction,291338524,True,True,3,166071318|39sfuA8pY4UfybgEZi7uvA13jkGzZpsg5K|291338524,transaction|wallet|transaction,|0.406885|0.353105,|0.203443|0.0882762,|0.21611|0
166072696,2,transaction,291338524,True,True,3,166072696|39sfuA8pY4UfybgEZi7uvA13jkGzZpsg5K|291338524,transaction|wallet|transaction,|0.406885|0.353105,|0.203443|0.0882762,|0.213012|0
166072794,2,transaction,291338524,True,True,3,166072794|39sfuA8pY4UfybgEZi7uvA13jkGzZpsg5K|291338524,transaction|wallet|transaction,|0.406885|0.353105,|0.203443|0.0882762,|0.222097|0
166499051,2,transaction,291338524,True,True,3,166499051|39sfuA8pY4UfybgEZi7uvA13jkGzZpsg5K|291338524,transaction|wallet|transaction,|0.406885|0.353105,|0.203443|0.0882762,|0.2241|0
166499072,2,transaction,291338524,True,True,3,166499072|39sfuA8pY4UfybgEZi7uvA13jkGzZpsg5K|291338524,transaction|wallet|transaction,|0.406885|0.353105,|0.203443|0.0882762,|0.213707|0
166499135,2,transaction,291338524,True,True,3,166499135|39sfuA8pY4UfybgEZi7uvA13jkGzZpsg5K|291338524,transaction|wallet|transaction,|0.406885|0.353105,|0.203443|0.0882762,|0.211996|0
167743047,2,transaction,291338524,True,True,3,167743047|39sfuA8pY4UfybgEZi7uvA13jkGzZpsg5K|291338524,transaction|wallet|transaction,|0.406885|0.353105,|0.203443|0.0882762,|0.213634|0
168138716,2,transaction,291338524,True,True,3,168138716|39sfuA8pY4UfybgEZi7uvA13jkGzZpsg5K|291338524,transaction|wallet|transaction,|0.406885|0.353105,|0.203443|0.0882762,|0.212515|0
168139047,2,transaction,291338524,True,True,3,168139047|39sfuA8pY4UfybgEZi7uvA13jkGzZpsg5K|291338524,transaction|wallet|transaction,|0.406885|0.353105,|0.203443|0.0882762,|0.22007|0
168139106,2,transaction,291338524,True,True,3,168139106|39sfuA8pY4UfybgEZi7uvA13jkGzZpsg5K|291338524,transaction|wallet|transaction,|0.406885|0.353105,|0.203443|0.0882762,|0.218724|0
137895164,2,transaction,291338524,True,True,3,137895164|39sfuA8pY4UfybgEZi7uvA13jkGzZpsg5K|291338524,transaction|wallet|transaction,|0.406885|0.353105,|0.203443|0.0882762,|0.219468|0
194942541,2,transaction,291338524,True,True,3,194942541|39sfuA8pY4UfybgEZi7uvA13jkGzZpsg5K|291338524,transaction|wallet|transaction,|0.406885|0.353105,|0.203443|0.0882762,|0.214832|0
320512210,2,transaction,291338524,True,True,3,320512210|39sfuA8pY4UfybgEZi7uvA13jkGzZpsg5K|291338524,transaction|wallet|transaction,|0.406885|0.353105,|0.203443|0.0882762,|0.219571|0
348230493,2,transaction,291338524,True,True,3,348230493|39sfuA8pY4UfybgEZi7uvA13jkGzZpsg5K|291338524,transaction|wallet|transaction,|0.406885|0.353105,|0.203443|0.0882762,|0.213829|0
386050098,2,transaction,291338524,True,True,3,386050098|39sfuA8pY4UfybgEZi7uvA13jkGzZpsg5K|291338524,transaction|wallet|transaction,|0.406885|0.353105,|0.203443|0.0882762,|0.22309|0
386085453,2,transaction,291338524,True,True,3,386085453|39sfuA8pY4UfybgEZi7uvA13jkGzZpsg5K|291338524,transaction|wallet|transaction,|0.406885|0.353105,|0.203443|0.0882762,|0.218137|0
179428461,2,transaction,291338524,True,True,3,179428461|39sfuA8pY4UfybgEZi7uvA13jkGzZpsg5K|291338524,transaction|wallet|transaction,|0.406885|0.353105,|0.203443|0.0882762,|0.223327|0
355009653,2,transaction,291338524,True,True,3,355009653|39sfuA8pY4UfybgEZi7uvA13jkGzZpsg5K|291338524,transaction|wallet|transaction,|0.406885|0.353105,|0.203443|0.0882762,|0.224|0
355009671,2,transaction,291338524,True,True,3,355009671|39sfuA8pY4UfybgEZi7uvA13jkGzZpsg5K|291338524,transaction|wallet|transaction,|0.406885|0.353105,|0.203443|0.0882762,|0.219348|0
355009708,2,transaction,291338524,True,True,3,355009708|39sfuA8pY4UfybgEZi7uvA13jkGzZpsg5K|291338524,transaction|wallet|transaction,|0.406885|0.353105,|0.203443|0.0882762,|0.218626|0
355009720,2,transaction,291338524,True,True,3,355009720|39sfuA8pY4UfybgEZi7uvA13jkGzZpsg5K|291338524,transaction|wallet|transaction,|0.406885|0.353105,|0.203443|0.0882762,|0.22396|0
355110093,2,transaction,291338524,True,True,3,355110093|39sfuA8pY4UfybgEZi7uvA13jkGzZpsg5K|291338524,transaction|wallet|transaction,|0.406885|0.353105,|0.203443|0.0882762,|0.212388|0
355110131,2,transaction,291338524,True,True,3,355110131|39sfuA8pY4UfybgEZi7uvA13jkGzZpsg5K|291338524,transaction|wallet|transaction,|0.406885|0.353105,|0.203443|0.0882762,|0.225216|0
355110135,2,transaction,291338524,True,True,3,355110135|39sfuA8pY4UfybgEZi7uvA13jkGzZpsg5K|291338524,transaction|wallet|transaction,|0.406885|0.353105,|0.203443|0.0882762,|0.223995|0
355128667,2,transaction,291338524,True,True,3,355128667|39sfuA8pY4UfybgEZi7uvA13jkGzZpsg5K|291338524,transaction|wallet|transaction,|0.406885|0.353105,|0.203443|0.0882762,|0.217781|0
355128677,2,transaction,291338524,True,True,3,355128677|39sfuA8pY4UfybgEZi7uvA13jkGzZpsg5K|291338524,transaction|wallet|transaction,|0.406885|0.353105,|0.203443|0.0882762,|0.224802|0
355128730,2,transaction,291338524,True,True,3,355128730|39sfuA8pY4UfybgEZi7uvA13jkGzZpsg5K|291338524,transaction|wallet|transaction,|0.406885|0.353105,|0.203443|0.0882762,|0.223727|0
355158933,2,transaction,291338524,True,True,3,355158933|39sfuA8pY4UfybgEZi7uvA13jkGzZpsg5K|291338524,transaction|wallet|transaction,|0.406885|0.353105,|0.203443|0.0882762,|0.218846|0
355998241,2,transaction,291338524,True,True,3,355998241|39sfuA8pY4UfybgEZi7uvA13jkGzZpsg5K|291338524,transaction|wallet|transaction,|0.406885|0.353105,|0.203443|0.0882762,|0.226687|0
355998296,2,transaction,291338524,True,True,3,355998296|39sfuA8pY4UfybgEZi7uvA13jkGzZpsg5K|291338524,transaction|wallet|transaction,|0.406885|0.353105,|0.203443|0.0882762,|0.215919|0
12Aj1xAaiaVhYioE1ZvJ6d65bc8zg4AJ5N,2,wallet,1MawDwTqGckV8jigYrSdpfNY7g5yUutE7f,True,True,3,12Aj1xAaiaVhYioE1ZvJ6d65bc8zg4AJ5N|158371756|1MawDwTqGckV8jigYrSdpfNY7g5yUutE7f,wallet|transaction|wallet,|0.336466|0.385425,|0.336466|0.0642375,||-0.0176502
12QCnBpR4QYg9ivpXquAxfSdsWsvTHqsCd,2,wallet,1CFcQwNeZCDbGGvBdHL5kt2fMojryAL7Nu,True,True,3,12QCnBpR4QYg9ivpXquAxfSdsWsvTHqsCd|92727933|1CFcQwNeZCDbGGvBdHL5kt2fMojryAL7Nu,wallet|transaction|wallet,|0.348326|0.385224,|0.348326|0.385224,||0.159865
12XmLo73hSLBzdcFUbgCNi3MiM2AKkqowY,2,wallet,1Cmpd6z6SLGskKqBDXjcLjg9abR3At5trh,True,True,3,12XmLo73hSLBzdcFUbgCNi3MiM2AKkqowY|32498113|1Cmpd6z6SLGskKqBDXjcLjg9abR3At5trh,wallet|transaction|wallet,|0.350309|0.401181,|0.350309|0.200591,||0.142457
12at81gDHtGdvWv3VwuxT9eCaSofQR2A8K,2,wallet,19yYEwstiwMgHCtSfySypF2qBV4qG5rhcU,True,True,3,12at81gDHtGdvWv3VwuxT9eCaSofQR2A8K|272088740|19yYEwstiwMgHCtSfySypF2qBV4qG5rhcU,wallet|transaction|wallet,|0.34849|0.385168,|0.34849|0.192584,||-0.0513346
12bvT3AbqAS6tEmaCWyFZAUTa8CZ7KLT8M,2,wallet,163KUE66ErUeFJtVbDzBqhk5kp4RpwND2Y,True,True,3,12bvT3AbqAS6tEmaCWyFZAUTa8CZ7KLT8M|268796589|163KUE66ErUeFJtVbDzBqhk5kp4RpwND2Y,wallet|transaction|wallet,|0.35082|0.385131,|0.35082|0.385131,||0.271435
12q4R8KAbsCuqDGUanU8uFeXNjTu3F42Vb,2,wallet,1AyAJzAzpCop3yM7GvaAsZ3KQi8K5LJSrm,True,True,3,12q4R8KAbsCuqDGUanU8uFeXNjTu3F42Vb|272078301|1AyAJzAzpCop3yM7GvaAsZ3KQi8K5LJSrm,wallet|transaction|wallet,|0.350672|0.385128,|0.350672|0.385128,||0.271746
131fHSzsK1eQJp7bC94JVWZqJ2JcdR5UfS,2,wallet,39sfuA8pY4UfybgEZi7uvA13jkGzZpsg5K,True,True,3,131fHSzsK1eQJp7bC94JVWZqJ2JcdR5UfS|291338524|39sfuA8pY4UfybgEZi7uvA13jkGzZpsg5K,wallet|transaction|wallet,|0.353105|0.406885,|0.353105|0.406885,||0.446858
13Ey3uJn8CdbNFBHq4qAjBsejuPGqGkdvm,2,wallet,1Mu8cCrTrsYDbhhRNa7WBVrS2fvQ8BsiWe,True,True,3,13Ey3uJn8CdbNFBHq4qAjBsejuPGqGkdvm|355163044|1Mu8cCrTrsYDbhhRNa7WBVrS2fvQ8BsiWe,wallet|transaction|wallet,|0.340244|0.399234,|0.340244|0.199617,||0.0803669
14JWG2ssMgowu6gyBdxQSDcgD74VCwjNwN,2,wallet,17kgEd3tK73BBLZo9gyzy1YqbzFYrt79jM,True,True,3,14JWG2ssMgowu6gyBdxQSDcgD74VCwjNwN|208931582|17kgEd3tK73BBLZo9gyzy1YqbzFYrt79jM,wallet|transaction|wallet,|0.351185|0.385082,|0.351185|0.385082,||0.329655
14Nkb98hyCTu1X1PicThBp3MWfh4tCcYrY,2,wallet,1Gw4NxFwDFUkFWzTyo3Zt2KoVBiHRYVDxo,True,True,3,14Nkb98hyCTu1X1PicThBp3MWfh4tCcYrY|383082766|1Gw4NxFwDFUkFWzTyo3Zt2KoVBiHRYVDxo,wallet|transaction|wallet,|0.352625|0.405628,|0.352625|0.202814,||0.00234097
14aqedUbcRkx7gNNKGiexFhi6J3nzePSM8,2,wallet,1FegJFc8qRqtE8GYWFtXpFbiTLjhiGMHyp,True,True,3,14aqedUbcRkx7gNNKGiexFhi6J3nzePSM8|269500862|1FegJFc8qRqtE8GYWFtXpFbiTLjhiGMHyp,wallet|transaction|wallet,|0.350715|0.385134,|0.350715|0.385134,||0.268048
14fgABuecouBA7pfjbDFy4EXJUR9dNAG58,2,wallet,1FbzC97KbV4hvsVRbHnPGphC7XhotQHwKY,True,True,3,14fgABuecouBA7pfjbDFy4EXJUR9dNAG58|159041217|1FbzC97KbV4hvsVRbHnPGphC7XhotQHwKY,wallet|transaction|wallet,|0.338803|0.385403,|0.338803|0.0770806,||-0.00309993
14s9RKasRn6py5WijgxJSFip29pF5JvSF2,2,wallet,1vnzEFtFcXfojTcGDjS6m8Em1pS4zB8QC,True,True,3,14s9RKasRn6py5WijgxJSFip29pF5JvSF2|11566998|1vnzEFtFcXfojTcGDjS6m8Em1pS4zB8QC,wallet|transaction|wallet,|0.338698|0.385379,|0.338698|0.0481724,||-0.00019452
16K4uNL5WXL9QUPMezCXvcfacmGwWbP7uB,2,wallet,1MPpXKeMyzg5Wh3J4u3zGMcaAforJ1XVLT,True,True,3,16K4uNL5WXL9QUPMezCXvcfacmGwWbP7uB|269519023|1MPpXKeMyzg5Wh3J4u3zGMcaAforJ1XVLT,wallet|transaction|wallet,|0.350554|0.38513,|0.350554|0.38513,||0.268797
16kC4cey7YWCEGH1XXn5NTCRcNQ2vxcYDK,2,wallet,19pTqvj8n5cpUUuStCJYXD6B6mVz27C8T9,True,True,3,16kC4cey7YWCEGH1XXn5NTCRcNQ2vxcYDK|339058321|19pTqvj8n5cpUUuStCJYXD6B6mVz27C8T9,wallet|transaction|wallet,|0.350141|0.385058,|0.350141|0.385058,||0.164868
16oasHBCHwXZcbzj8pdLqrwguyf4Duzdkv,2,wallet,14J8trbxtni8ygAqVC3qq9zBhvQuD8NzM2,True,True,3,16oasHBCHwXZcbzj8pdLqrwguyf4Duzdkv|225817002|14J8trbxtni8ygAqVC3qq9zBhvQuD8NzM2,wallet|transaction|wallet,|0.351507|0.3851,|0.351507|0.3851,||0.299942
17DA5VwRQr6wAkGPjVH8sRLv6TAs17NoUn,2,wallet,1MU74xD8KtPL23YruYK212rc5uiwPjrC6C,True,True,3,17DA5VwRQr6wAkGPjVH8sRLv6TAs17NoUn|105991496|1MU74xD8KtPL23YruYK212rc5uiwPjrC6C,wallet|transaction|wallet,|0.349511|0.385338,|0.349511|0.0963344,||0.010404
17DCxZGMqSpc452uwz2xVQ3UV1aY9m6W88,2,wallet,1N9DE6XJpaVAWXVFiKRJddBArvedRjXu14,True,True,3,17DCxZGMqSpc452uwz2xVQ3UV1aY9m6W88|150413145|1N9DE6XJpaVAWXVFiKRJddBArvedRjXu14,wallet|transaction|wallet,|0.353075|0.382895,|0.0706151|0.191447,||0.374275
17WpUphWLqEgbgX1MMwC2w2gqYxVacedPq,2,wallet,1JaiAJCHuNLxLaAWGEKnzxmagEz4t5jGun,True,True,3,17WpUphWLqEgbgX1MMwC2w2gqYxVacedPq|289270308|1JaiAJCHuNLxLaAWGEKnzxmagEz4t5jGun,wallet|transaction|wallet,|0.351154|0.38511,|0.351154|0.192555,||0.398475
17kpBzSHm5YSyZLfLiotAicriJMtg3ecQD,2,wallet,1AcfnuwDL4JdVB7P7fjvGYTENmEYjFRokb,True,True,3,17kpBzSHm5YSyZLfLiotAicriJMtg3ecQD|16753577|1AcfnuwDL4JdVB7P7fjvGYTENmEYjFRokb,wallet|transaction|wallet,|0.351376|0.385105,|0.351376|0.192552,||0.408424
183pA8mY6m8YjXb2iTxeA7FjzWEjUg9xiq,2,wallet,1Jj1826aeZ3oV5R7vRGz2FxRLn4TrWKJhv,True,True,3,183pA8mY6m8YjXb2iTxeA7FjzWEjUg9xiq|158367826|1Jj1826aeZ3oV5R7vRGz2FxRLn4TrWKJhv,wallet|transaction|wallet,|0.335313|0.385428,|0.335313|0.0428254,||-0.00628296
18Qdh29cqegjUnw3Ve1CjjbTUukvzeGX93,2,wallet,1Gsb8cVt7TrJbHn46LywYdednEPnDWrvFr,True,True,3,18Qdh29cqegjUnw3Ve1CjjbTUukvzeGX93|339058299|1Gsb8cVt7TrJbHn46LywYdednEPnDWrvFr,wallet|transaction|wallet,|0.351657|0.385048,|0.351657|0.385048,||0.307162
18ZVQCF6MxBzr7JBu8F5zvSP3w4A7CSV6h,2,wallet,1DuCxXTcjhrTE1RSabxCJDpoVNLiwdPD4h,True,True,3,18ZVQCF6MxBzr7JBu8F5zvSP3w4A7CSV6h|114655823|1DuCxXTcjhrTE1RSabxCJDpoVNLiwdPD4h,wallet|transaction|wallet,|0.345193|0.385284,|0.172597|0.385284,||0.0772148
18mzPpoPnuNYTTYQoqMamjUsteBjC6NTEA,2,wallet,1DR6qnuyvKT1Y8ngmTVnbbxQqpnkR4qcKS,True,True,3,18mzPpoPnuNYTTYQoqMamjUsteBjC6NTEA|346378501|1DR6qnuyvKT1Y8ngmTVnbbxQqpnkR4qcKS,wallet|transaction|wallet,|0.351682|0.385042,|0.351682|0.385042,||0.317301
191c7U22m9HiTUmptoyNzvRN3XAymMRoX6,2,wallet,1NZDTMfrY9Mn53xcbe1hhPhhQ6PWzmbeE7,True,True,3,191c7U22m9HiTUmptoyNzvRN3XAymMRoX6|44066252|1NZDTMfrY9Mn53xcbe1hhPhhQ6PWzmbeE7,wallet|transaction|wallet,|0.351801|0.385115,|0.351801|0.385115,||0.276994
19fRrJxQZNHXyGThnyf9WapGyxqmhxSNAs,2,wallet,1EHpeobCMdjUjo67jC9Lnx4dasbpwNeKWW,True,True,3,19fRrJxQZNHXyGThnyf9WapGyxqmhxSNAs|272432066|1EHpeobCMdjUjo67jC9Lnx4dasbpwNeKWW,wallet|transaction|wallet,|0.350854|0.38512,|0.0701709|0.38512,||0.294509
19svw4W5qkmif9h8mcVDU5UsyA3WhojVi6,2,wallet,1orL48cwK5UgooyKXzi2gc9xfrFEXBiJL,True,True,3,19svw4W5qkmif9h8mcVDU5UsyA3WhojVi6|248886979|1orL48cwK5UgooyKXzi2gc9xfrFEXBiJL,wallet|transaction|wallet,|0.351796|0.385077,|0.0703591|0.385077,||0.307964
19txq91QziDSYfr5M3WwETThk4WnSH9FXU,2,wallet,1CjStQKYUZ8cSMk3iJf1eWWe6vLJRgj2TY,True,True,3,19txq91QziDSYfr5M3WwETThk4WnSH9FXU|11570254|1CjStQKYUZ8cSMk3iJf1eWWe6vLJRgj2TY,wallet|transaction|wallet,|0.336942|0.385706,|0.336942|0.128569,||-0.141758
1A4MMSoVq2Q9RFfaSAnyVmFkhcctt3XfH7,2,wallet,14qmAzCW3rGvDDXE9tGDJL63D2QQ5CnD7W,True,True,3,1A4MMSoVq2Q9RFfaSAnyVmFkhcctt3XfH7|248915318|14qmAzCW3rGvDDXE9tGDJL63D2QQ5CnD7W,wallet|transaction|wallet,|0.35264|0.404409,|0.35264|0.202204,||0.00653234
1A9LxBPtyic2EnxmydSiitZVVDTFEew7wo,2,wallet,16SFatoK5qUbqZjfCw8ymdngYDmxmN23tn,True,True,3,1A9LxBPtyic2EnxmydSiitZVVDTFEew7wo|163656129|16SFatoK5qUbqZjfCw8ymdngYDmxmN23tn,wallet|transaction|wallet,|0.349476|0.385176,|0.029123|0.385176,||0.233581
1Ahbt79WNTMYLWVXb4GKZApH9K2FFne8FV,2,wallet,154dvR98Zkp6SizhX8rP4qAHCm5tqSp5Z8,True,True,3,1Ahbt79WNTMYLWVXb4GKZApH9K2FFne8FV|339058373|154dvR98Zkp6SizhX8rP4qAHCm5tqSp5Z8,wallet|transaction|wallet,|0.351836|0.385047,|0.351836|0.385047,||0.309206
1AnEXG6Q8TD8GmmBLjzvyLR4Mui7cpkS6A,2,wallet,12xJj29bKNLgCiKk2DFksQX4KmTvwVJZfJ,True,True,3,1AnEXG6Q8TD8GmmBLjzvyLR4Mui7cpkS6A|84755099|12xJj29bKNLgCiKk2DFksQX4KmTvwVJZfJ,wallet|transaction|wallet,|0.337764|0.38516,|0.337764|0.0962901,||0.00187093
1B6wYEHjxBDsY2h4ZyWbLgydEAASphdXpx,2,wallet,1DXSvq8JeCErBn2WC7PYsmFNhDrQvw4hyp,True,True,3,1B6wYEHjxBDsY2h4ZyWbLgydEAASphdXpx|337075558|1DXSvq8JeCErBn2WC7PYsmFNhDrQvw4hyp,wallet|transaction|wallet,|0.351686|0.401546,|0.351686|0.200773,||0.147747
1BAAciDrPbpiV3NAeQUQz35MFgHuDpMKPn,2,wallet,1orL48cwK5UgooyKXzi2gc9xfrFEXBiJL,True,True,3,1BAAciDrPbpiV3NAeQUQz35MFgHuDpMKPn|248886979|1orL48cwK5UgooyKXzi2gc9xfrFEXBiJL,wallet|transaction|wallet,|0.351796|0.385077,|0.351796|0.385077,||0.307964
1BAThQjWLezcoTa7Gp2oTNAt6zEJtXe2kG,2,wallet,1LzmUk5HFsq8KjkC52LkHovj1Pi5Q7me72,True,True,3,1BAThQjWLezcoTa7Gp2oTNAt6zEJtXe2kG|234836322|1LzmUk5HFsq8KjkC52LkHovj1Pi5Q7me72,wallet|transaction|wallet,|0.3524|0.393601,|0.3524|0.1968,||0.029821
1BZT4mnShFLTbqTNA7s48a6v9LcunEmXzj,2,wallet,14Y6aZ1MEx9Yoj6JKp8KcXrFKL8s2dmdNk,True,True,3,1BZT4mnShFLTbqTNA7s48a6v9LcunEmXzj|166073771|14Y6aZ1MEx9Yoj6JKp8KcXrFKL8s2dmdNk,wallet|transaction|wallet,|0.349646|0.385177,|0.0268959|0.385177,||0.212532
1BprJEYC1v5RPWs3eThb97h3bXYoqs8YjL,2,wallet,18zL4FuVfVQvaBrwAn3jarxp4YJEvHtRAs,True,True,3,1BprJEYC1v5RPWs3eThb97h3bXYoqs8YjL|272273597|18zL4FuVfVQvaBrwAn3jarxp4YJEvHtRAs,wallet|transaction|wallet,|0.351056|0.292091,|0.351056|0.146045,||0.446923
1BrcvKpXXT9HqaWeafTsvtW7493gGz1p5x,2,wallet,14vKyiomLxuYjDX6we29wh5vpcrNjAQLcz,True,True,3,1BrcvKpXXT9HqaWeafTsvtW7493gGz1p5x|68990207|14vKyiomLxuYjDX6we29wh5vpcrNjAQLcz,wallet|transaction|wallet,|0.346989|0.385242,|0.0157722|0.385242,||0.151344
1CPXJHajgGK1HV8E4FG2dUkuqb1Wn59DZB,2,wallet,1L2Z3TH7nDVAP7JBn3Rck8kcQfR3Gs2NC2,True,True,3,1CPXJHajgGK1HV8E4FG2dUkuqb1Wn59DZB|86706819|1L2Z3TH7nDVAP7JBn3Rck8kcQfR3Gs2NC2,wallet|transaction|wallet,|0.351272|0.385103,|0.351272|0.192551,||0.393136
1CcvAxTTS27UnpDNFenURaFbToY21Z7rvb,2,wallet,1KjnHsViHG5roTfJDP8kHNEP86nx16VoWk,True,True,3,1CcvAxTTS27UnpDNFenURaFbToY21Z7rvb|43531652|1KjnHsViHG5roTfJDP8kHNEP86nx16VoWk,wallet|transaction|wallet,|0.352752|0.298196,|0.352752|0.149098,||0.0130424
1Cht36nVzP2JTN9gwC5WcrSPthKU1FHwux,2,wallet,1CZ8enGh2bpWYGYPoF2Bga6c67RWbwWF3w,True,True,3,1Cht36nVzP2JTN9gwC5WcrSPthKU1FHwux|232345692|1CZ8enGh2bpWYGYPoF2Bga6c67RWbwWF3w,wallet|transaction|wallet,|0.346043|0.385031,|0.346043|0.0962576,||0.0381508
1CjWwLjfauVoK9Wa44LFnGRrNuKyECFy6J,2,wallet,1AcfnuwDL4JdVB7P7fjvGYTENmEYjFRokb,True,True,3,1CjWwLjfauVoK9Wa44LFnGRrNuKyECFy6J|16753577|1AcfnuwDL4JdVB7P7fjvGYTENmEYjFRokb,wallet|transaction|wallet,|0.351376|0.385105,|0.351376|0.192552,||0.408424
1CoSU7BLgHfEUzKjTCKNXVkzUBQFyX4PDY,2,wallet,14SQTwTnZf4sTyGTP315bEvPyogjto7MEf,True,True,3,1CoSU7BLgHfEUzKjTCKNXVkzUBQFyX4PDY|372730932|14SQTwTnZf4sTyGTP315bEvPyogjto7MEf,wallet|transaction|wallet,|0.350823|0.385099,|0.350823|0.385099,||0.32125
1CogtuvrcfokKUZJWmYdTZdYHEJfHZxDy9,2,wallet,1LkLvTmpLaQw8ouFSnjHq7dRsyn5z6fbCy,True,True,3,1CogtuvrcfokKUZJWmYdTZdYHEJfHZxDy9|174942580|1LkLvTmpLaQw8ouFSnjHq7dRsyn5z6fbCy,wallet|transaction|wallet,|0.34836|0.385212,|0.34836|0.385212,||0.177366
1CssUstJjsVkmGjDAcxzcAiw5S4o4hLtBJ,2,wallet,1Gkmgg8vE1j7U1LttpATwe41WVScK9s8Py,True,True,3,1CssUstJjsVkmGjDAcxzcAiw5S4o4hLtBJ|339058368|1Gkmgg8vE1j7U1LttpATwe41WVScK9s8Py,wallet|transaction|wallet,|0.351613|0.385049,|0.351613|0.385049,||0.290439
1DAWfw6FyJnGafwob6ySmg5kPsgQF2Zh6Z,2,wallet,1FFbTwkCBG4XNRSv5ePJvnr138tP1SgFVz,True,True,3,1DAWfw6FyJnGafwob6ySmg5kPsgQF2Zh6Z|272153910|1FFbTwkCBG4XNRSv5ePJvnr138tP1SgFVz,wallet|transaction|wallet,|0.351449|0.385121,|0.351449|0.19256,||-0.00726557
1DVxG8LR8CBGh9uXQjgnDaBoRign3sJDS9,2,wallet,15mcGqrm3HWk8cWf29U6xvrw8koaEtNYKo,True,True,3,1DVxG8LR8CBGh9uXQjgnDaBoRign3sJDS9|29962122|15mcGqrm3HWk8cWf29U6xvrw8koaEtNYKo,wallet|transaction|wallet,|0.346365|0.385267,|0.346365|0.385267,||0.104287
1Db7J62hoP2AYQYep1aRJTFEVycPsonujS,2,wallet,1BAnykbttKby3FGn2WuV1Wjp2npoYbLwn9,True,True,3,1Db7J62hoP2AYQYep1aRJTFEVycPsonujS|376205008|1BAnykbttKby3FGn2WuV1Wjp2npoYbLwn9,wallet|transaction|wallet,|0.349018|0.385202,|0.349018|0.385202,||0.184347
1DdVAqggrsAudYfGd1TGHbnTs17jeK888k,2,wallet,1AD8LZh1XqWSDySmbWxwpifRyPoG3ysatV,True,True,3,1DdVAqggrsAudYfGd1TGHbnTs17jeK888k|157636225|1AD8LZh1XqWSDySmbWxwpifRyPoG3ysatV,wallet|transaction|wallet,|0.330582|0.398581,|0.330582|0.13286,||0.259352
1DgtHonDbbabFwHpKxSAw7M7SjRNMrMMzc,2,wallet,1Pvq2SjnF1Uc4rBZKcJ8JEAfDgU3sogUNg,True,True,3,1DgtHonDbbabFwHpKxSAw7M7SjRNMrMMzc|234711189|1Pvq2SjnF1Uc4rBZKcJ8JEAfDgU3sogUNg,wallet|transaction|wallet,|0.351404|0.385038,|0.351404|0.385038,||0.284195
1Dhvyd3efW1cYEo3xTymMjy8PKW9DnMx9J,2,wallet,14q7TVHemXU8mzg6Lb7UCohxL7u9huhYyd,True,True,3,1Dhvyd3efW1cYEo3xTymMjy8PKW9DnMx9J|84368623|14q7TVHemXU8mzg6Lb7UCohxL7u9huhYyd,wallet|transaction|wallet,|0.350413|0.385136,|0.350413|0.385136,||0.270963
1Dqyf2qAjwjQfkjBY15ccVQ5stLn27bc6m,2,wallet,13GaMYE3jNPPrZxsNkWsab9fwgda2LWHu5,True,True,3,1Dqyf2qAjwjQfkjBY15ccVQ5stLn27bc6m|114786141|13GaMYE3jNPPrZxsNkWsab9fwgda2LWHu5,wallet|transaction|wallet,|0.351444|0.385038,|0.351444|0.385038,||0.285636
1EBxbBpjKk3LPyMEqZbydHKXXnGEc53ntC,2,wallet,1PgBoirLMcKGseKQW3ErJTtN5BaACaUdXG,True,True,3,1EBxbBpjKk3LPyMEqZbydHKXXnGEc53ntC|159033509|1PgBoirLMcKGseKQW3ErJTtN5BaACaUdXG,wallet|transaction|wallet,|0.337641|0.385389,|0.337641|0.128463,||-0.00596398
1ERJcygiAXZfvVWv1TjqNpncMuWirsiQXX,2,wallet,1KRk7mSri4zsTifUbHoHFNsovPDUX2DqJd,True,True,3,1ERJcygiAXZfvVWv1TjqNpncMuWirsiQXX|71450516|1KRk7mSri4zsTifUbHoHFNsovPDUX2DqJd,wallet|transaction|wallet,|0.32748|0.38545,|0.32748|0.38545,||-0.278297
1EdLjQuct1i6Uy6kDxZ2sp4UMN8kEhhnQp,2,wallet,1PnJA2XPeen51rnYT7qByELZvV39cRz8T8,True,True,3,1EdLjQuct1i6Uy6kDxZ2sp4UMN8kEhhnQp|225877497|1PnJA2XPeen51rnYT7qByELZvV39cRz8T8,wallet|transaction|wallet,|0.330893|0.385015,|0.330893|0.128338,||-0.0520975
1FGbCqvQ35uJGKbm7MbJx3zTG7CRud6x4g,2,wallet,1Gm3Nb2WvjeffW9fYitcwKkJrvfdtoYuQL,True,True,3,1FGbCqvQ35uJGKbm7MbJx3zTG7CRud6x4g|363093379|1Gm3Nb2WvjeffW9fYitcwKkJrvfdtoYuQL,wallet|transaction|wallet,|0.351588|0.385082,|0.175794|0.385082,||0.309506
1FMTyq8JVy3Lz7kAXxuwmzJQfrsQmdaMrr,2,wallet,1QGXTvVEXUdnTBmwwiCTuZvdqJqrADNES,True,True,3,1FMTyq8JVy3Lz7kAXxuwmzJQfrsQmdaMrr|211087780|1QGXTvVEXUdnTBmwwiCTuZvdqJqrADNES,wallet|transaction|wallet,|0.352411|0.400636,|0.352411|0.200318,||0.122021
1FX5FE9Q4kpKAnenfbHWA9LabXjLuoFwbz,2,wallet,1P3N8gwT5Zz9Bv4hhPdkBrJMsf1SxvKrk2,True,True,3,1FX5FE9Q4kpKAnenfbHWA9LabXjLuoFwbz|286784958|1P3N8gwT5Zz9Bv4hhPdkBrJMsf1SxvKrk2,wallet|transaction|wallet,|0.351345|0.3851,|0.351345|0.19255,||0.131715
1GBWZDT1sNw4V5eFx5U1Ng1cFAuip9S7nW,2,wallet,1G1tACwiqm4tssWddetzkGLryLN9fN4dt,True,True,3,1GBWZDT1sNw4V5eFx5U1Ng1cFAuip9S7nW|14949429|1G1tACwiqm4tssWddetzkGLryLN9fN4dt,wallet|transaction|wallet,|0.35166|0.385054,|0.35166|0.385054,||0.296258
1GFBEqUdyVhKtREybryzEn8FYnQmKxQyi4,2,wallet,1KWzCJAgA2LedDFs7A9ApCagoGRVXNTms,True,True,3,1GFBEqUdyVhKtREybryzEn8FYnQmKxQyi4|158375088|1KWzCJAgA2LedDFs7A9ApCagoGRVXNTms,wallet|transaction|wallet,|0.33346|0.385422,|0.33346|0.128474,||-0.0466366
1GM6HKftDnXb2qk7dSEELFabxyGXApR1a5,2,wallet,1MUaX1Aq3Zr8o2GUH1dsyhQTtbhTe8nFFK,True,True,3,1GM6HKftDnXb2qk7dSEELFabxyGXApR1a5|94372683|1MUaX1Aq3Zr8o2GUH1dsyhQTtbhTe8nFFK,wallet|transaction|wallet,|0.348038|0.385022,|0.348038|0.385022,||0.0886442
1GUshP8y2SUvgZTzHoHYbZ2Ptom6PuZYE,2,wallet,1Eb9HU5LGfky7JjPf9AJXWjVqayM2WiSiS,True,True,3,1GUshP8y2SUvgZTzHoHYbZ2Ptom6PuZYE|240791672|1Eb9HU5LGfky7JjPf9AJXWjVqayM2WiSiS,wallet|transaction|wallet,|0.353056|0.339925,|0.176528|0.169962,||0.283605
1Gpsrs3mb82axj4JuUWf27Uv58XFWRzdZL,2,wallet,1J4ChpxRuGFDK7mo6dVEdJQxtT2beSPEfG,True,True,3,1Gpsrs3mb82axj4JuUWf27Uv58XFWRzdZL|245146107|1J4ChpxRuGFDK7mo6dVEdJQxtT2beSPEfG,wallet|transaction|wallet,|0.350603|0.385113,|0.350603|0.192557,||0.387341
1HjKyzhxZ1X1bLQ5Gezwv3eYucL7LCefwg,2,wallet,1KfHxNrU48rdd5Vnh4X4C22gkS9oxGoiVV,True,True,3,1HjKyzhxZ1X1bLQ5Gezwv3eYucL7LCefwg|44995911|1KfHxNrU48rdd5Vnh4X4C22gkS9oxGoiVV,wallet|transaction|wallet,|0.35179|0.385115,|0.35179|0.385115,||0.276689
1HyyLvaroBx13Wv7f6RzWNdhoBdFd4GK4X,2,wallet,1CXFa3MbB7BuedFZpvduPFYS8BBdq47Din,True,True,3,1HyyLvaroBx13Wv7f6RzWNdhoBdFd4GK4X|235427807|1CXFa3MbB7BuedFZpvduPFYS8BBdq47Din,wallet|transaction|wallet,|0.351489|0.385037,|0.351489|0.385037,||0.302103
1JH3ryJ879hKaG5AqgZ9MSLESDQcVJJTej,2,wallet,13ZYQS1MSDFZSWUEQtg6fGBiPzhCre5uJA,True,True,3,1JH3ryJ879hKaG5AqgZ9MSLESDQcVJJTej|272529608|13ZYQS1MSDFZSWUEQtg6fGBiPzhCre5uJA,wallet|transaction|wallet,|0.350804|0.385122,|0.0701609|0.385122,||0.290909
1JPJz2Sh6QAdYscTR5jYF2Y8xPgYMk27NU,2,wallet,1GyjDW6exdy9a3x5VGaunG2t4oVynHmXNs,True,True,3,1JPJz2Sh6QAdYscTR5jYF2Y8xPgYMk27NU|163694920|1GyjDW6exdy9a3x5VGaunG2t4oVynHmXNs,wallet|transaction|wallet,|0.348826|0.385193,|0.348826|0.192597,||0.0888353
1JZ97Q1ysYSkhcTPrxPrMp73oAmKyJeBq7,2,wallet,14stpX8JVhArLc7xPjnmp3gWqaDVoFtQRU,True,True,3,1JZ97Q1ysYSkhcTPrxPrMp73oAmKyJeBq7|69728473|14stpX8JVhArLc7xPjnmp3gWqaDVoFtQRU,wallet|transaction|wallet,|0.353064|0.387915,|0.117688|0.193958,||0.11906
1JfFa3kh7C4HTYgKDrteGPAs5S6u9ZS5Zk,2,wallet,13o1JVZ3Avo4DAT6VvzftaXYayf24tKW9G,True,True,3,1JfFa3kh7C4HTYgKDrteGPAs5S6u9ZS5Zk|376210249|13o1JVZ3Avo4DAT6VvzftaXYayf24tKW9G,wallet|transaction|wallet,|0.349262|0.385199,|0.349262|0.385199,||0.188258
1Jn5ZEP9mdhgJytDvMV6C3gqiPRtBbTjxM,2,wallet,1LyS1BPsGPvd3f3P62Bpc2SNVWY61binx2,True,True,3,1Jn5ZEP9mdhgJytDvMV6C3gqiPRtBbTjxM|98309038|1LyS1BPsGPvd3f3P62Bpc2SNVWY61binx2,wallet|transaction|wallet,|0.35004|0.385167,|0.35004|0.385167,||0.236597
1JtWFzedyYRvzEAKgpRtVGJCU8ixMaT9k9,2,wallet,1AsoeBc4oa8kxhVewstkCh5JbVEVw589Dm,True,True,3,1JtWFzedyYRvzEAKgpRtVGJCU8ixMaT9k9|209539924|1AsoeBc4oa8kxhVewstkCh5JbVEVw589Dm,wallet|transaction|wallet,|0.351034|0.385082,|0.351034|0.385082,||0.349484
1KKGjNNjzRWTUy8TjLr4o6btWcHp6bwFCt,2,wallet,1FTM9n2djbvabnu7dZ7NK27fRvdWkdPM5L,True,True,3,1KKGjNNjzRWTUy8TjLr4o6btWcHp6bwFCt|241489210|1FTM9n2djbvabnu7dZ7NK27fRvdWkdPM5L,wallet|transaction|wallet,|0.351632|0.385059,|0.351632|0.385059,||0.331545
1KR9b8xoJMVdskW7cxCwGSnMyBW7ygtSQF,2,wallet,17KxsaNni1mQADviWFtYTXDeNd17dCs6zY,True,True,3,1KR9b8xoJMVdskW7cxCwGSnMyBW7ygtSQF|69695707|17KxsaNni1mQADviWFtYTXDeNd17dCs6zY,wallet|transaction|wallet,|0.34714|0.385253,|0.34714|0.385253,||0.107847
1KZTj4aMVJi858tMEGBtupPHd2hc6skE9e,2,wallet,1B94dReLNeQzBLcu87goAyg5YJirUs5mpk,True,True,3,1KZTj4aMVJi858tMEGBtupPHd2hc6skE9e|212659519|1B94dReLNeQzBLcu87goAyg5YJirUs5mpk,wallet|transaction|wallet,|0.350839|0.385093,|0.350839|0.128364,||0.088805
1KyxCL4EvNRMUrYcDvNBfG4rSN49DLxbPc,2,wallet,1HBKMEMrzpiD63SofRozPzuGsbkDrnACmY,True,True,3,1KyxCL4EvNRMUrYcDvNBfG4rSN49DLxbPc|86739424|1HBKMEMrzpiD63SofRozPzuGsbkDrnACmY,wallet|transaction|wallet,|0.351374|0.385098,|0.351374|0.128366,||0.259349
1KzQxRbCD7enxvUFqMq9xdLbUXKTbYoqHA,2,wallet,1AR8tDsHHjqhJDbGxh7FZSj93ByP2eoy2o,True,True,3,1KzQxRbCD7enxvUFqMq9xdLbUXKTbYoqHA|163662273|1AR8tDsHHjqhJDbGxh7FZSj93ByP2eoy2o,wallet|transaction|wallet,|0.348579|0.385186,|0.348579|0.385186,||0.168734
1L8EPpuakVp54h81Q9296eXaNijK6MnKwb,2,wallet,1CLWqEYKxQLkphAuvMouF1Xs3yweWinLrS,True,True,3,1L8EPpuakVp54h81Q9296eXaNijK6MnKwb|84364238|1CLWqEYKxQLkphAuvMouF1Xs3yweWinLrS,wallet|transaction|wallet,|0.350628|0.385151,|0.350628|0.192575,||0.100659
1LA6BJuDB6Cb9CCoYRFgSmRLZJptP5WRff,2,wallet,1BFYMCB2fVxKEjJFtFKpmxSG2uxC9CZwmd,True,True,3,1LA6BJuDB6Cb9CCoYRFgSmRLZJptP5WRff|97408827|1BFYMCB2fVxKEjJFtFKpmxSG2uxC9CZwmd,wallet|transaction|wallet,|0.331006|0.385346,|0.331006|0.385346,||-0.125155
1LEQurrytapN98FTXJk8SdEvFyhhwYxV1T,2,wallet,1Ark1chKCGBdQh2ZWWHivBzUWpzRrzo7dZ,True,True,3,1LEQurrytapN98FTXJk8SdEvFyhhwYxV1T|218091577|1Ark1chKCGBdQh2ZWWHivBzUWpzRrzo7dZ,wallet|transaction|wallet,|0.337335|0.385401,|0.337335|0.0770801,||-0.0128251
1LLJZTyJW7pZsGDHzpzPEYqf5m81U3r8wY,2,wallet,154dvR98Zkp6SizhX8rP4qAHCm5tqSp5Z8,True,True,3,1LLJZTyJW7pZsGDHzpzPEYqf5m81U3r8wY|339058373|154dvR98Zkp6SizhX8rP4qAHCm5tqSp5Z8,wallet|transaction|wallet,|0.351836|0.385047,|0.351836|0.385047,||0.309206
1LPnZZ4WE2CsMjPVFzssyVwgdqYboupnMU,2,wallet,19JWq6TpufynhhjBMzckfgHxsWSHytEpuA,True,True,3,1LPnZZ4WE2CsMjPVFzssyVwgdqYboupnMU|245140933|19JWq6TpufynhhjBMzckfgHxsWSHytEpuA,wallet|transaction|wallet,|0.351867|0.385112,|0.351867|0.385112,||0.280509
1LTGvyYrkUeaUyKz28BocFTLnyhXhXhMMB,2,wallet,1MrQtBgRoBHBczgcPcEth7DUMMG8TpgKAE,True,True,3,1LTGvyYrkUeaUyKz28BocFTLnyhXhXhMMB|209946183|1MrQtBgRoBHBczgcPcEth7DUMMG8TpgKAE,wallet|transaction|wallet,|0.349388|0.400587,|0.349388|0.200294,||0.197786
1LZUW8YV9LywwFk6tZRAgLTaQqdd7eWbcc,2,wallet,1NQawqA1fSnhQyjrz5iHZdboHyuhqbYD5S,True,True,3,1LZUW8YV9LywwFk6tZRAgLTaQqdd7eWbcc|116055498|1NQawqA1fSnhQyjrz5iHZdboHyuhqbYD5S,wallet|transaction|wallet,|0.353015|0.220927,|0.0392239|0.110464,||0.413769
1LfCCcYMcE5Q8WKJX48H83DLBESUwmqLAr,2,wallet,1AaBTQy615vNezkANjXCCaxFhpGQpXSzbd,True,True,3,1LfCCcYMcE5Q8WKJX48H83DLBESUwmqLAr|158378337|1AaBTQy615vNezkANjXCCaxFhpGQpXSzbd,wallet|transaction|wallet,|0.341784|0.385399,|0.341784|0.192699,||-0.0134038
1LfDgD879DuLSPeBADny77iRLSo8dBoCL4,2,wallet,18N32VTpWKzR1PjPRXNngjxwJVBEAmfbeb,True,True,3,1LfDgD879DuLSPeBADny77iRLSo8dBoCL4|243780852|18N32VTpWKzR1PjPRXNngjxwJVBEAmfbeb,wallet|transaction|wallet,|0.352671|0.315387,|0.352671|0.157694,||0.00410146
1Lp6UcMCDcthNeU9wkqyse65FxZ55SE4Hc,2,wallet,18vCoeagDVdB3T7ryVMziN3qvYAFv2qM8v,True,True,3,1Lp6UcMCDcthNeU9wkqyse65FxZ55SE4Hc|298697845|18vCoeagDVdB3T7ryVMziN3qvYAFv2qM8v,wallet|transaction|wallet,|0.34925|0.385188,|0.34925|0.385188,||0.188815
1McuRt9caavHZ45RTPvTwt74YatiuomkSg,2,wallet,1KwenviySubuTPQ3Rf4Vd2ftaMJUvt4ayQ,True,True,3,1McuRt9caavHZ45RTPvTwt74YatiuomkSg|336428774|1KwenviySubuTPQ3Rf4Vd2ftaMJUvt4ayQ,wallet|transaction|wallet,|0.352431|0.404687,|0.117477|0.202343,||0.0266477
1MeTUgFLLHo2FW2VopJKUWaHRSTPwQ1NAE,2,wallet,12sA37smW8qsgdwyNp8ZH7iD2FSGLGkKLx,True,True,3,1MeTUgFLLHo2FW2VopJKUWaHRSTPwQ1NAE|376257820|12sA37smW8qsgdwyNp8ZH7iD2FSGLGkKLx,wallet|transaction|wallet,|0.349487|0.385197,|0.349487|0.128399,||-0.00462731
1MhBdL9AQGVtxm6wskTbEYNsW77bGJgcYw,2,wallet,1PbFm9SqdbhkmAgAoTVNUodNq2mFTNMWGU,True,True,3,1MhBdL9AQGVtxm6wskTbEYNsW77bGJgcYw|12778492|1PbFm9SqdbhkmAgAoTVNUodNq2mFTNMWGU,wallet|transaction|wallet,|0.353055|0.197734,|0.117685|0.0988669,||0.014903
1MjZ23jkTG6GdfoRJiWwhMPtLPaGsxCnzB,2,wallet,1KaQ3eqSBGPcSDKbXjqZpshoVfzBbZefqk,True,True,3,1MjZ23jkTG6GdfoRJiWwhMPtLPaGsxCnzB|208931421|1KaQ3eqSBGPcSDKbXjqZpshoVfzBbZefqk,wallet|transaction|wallet,|0.351138|0.385082,|0.351138|0.385082,||0.34719
1MxgpvUFQyonUZQXNPG1UGzD9LfbFmr9tH,2,wallet,1LP5cXfttZMb2zDdFQejrScPLo6K7yS6GM,True,True,3,1MxgpvUFQyonUZQXNPG1UGzD9LfbFmr9tH|231990430|1LP5cXfttZMb2zDdFQejrScPLo6K7yS6GM,wallet|transaction|wallet,|0.351475|0.385105,|0.175737|0.192552,||0.412538
17796937,1,wallet,1A36nVdKAa1e9XSswTSDUyDXFSgu3tiDnR,True,True,2,17796937|1A36nVdKAa1e9XSswTSDUyDXFSgu3tiDnR,transaction|wallet,|0.385039,|0.0962598,|0.0573728
115643001,1,wallet,1Qfb3jrqYuNpz2ouMgcnwG5rVYekn2xo3,True,True,2,115643001|1Qfb3jrqYuNpz2ouMgcnwG5rVYekn2xo3,transaction|wallet,|0.384999,|0.128333,|-0.198438
309924066,1,wallet,1AHhXtriHFbjksYT7po76EC7jULr3yqkD4,True,True,2,309924066|1AHhXtriHFbjksYT7po76EC7jULr3yqkD4,transaction|wallet,|0.385109,|0.385109,|0.29495
245140933,1,wallet,19JWq6TpufynhhjBMzckfgHxsWSHytEpuA,True,True,2,245140933|19JWq6TpufynhhjBMzckfgHxsWSHytEpuA,transaction|wallet,|0.385112,|0.385112,|0.280509
44066252,1,wallet,1NZDTMfrY9Mn53xcbe1hhPhhQ6PWzmbeE7,True,True,2,44066252|1NZDTMfrY9Mn53xcbe1hhPhhQ6PWzmbeE7,transaction|wallet,|0.385115,|0.385115,|0.276994
45751341,1,wallet,1CxDL6H6RtRUG6pLawnSrgieyjEeTxJLZb,True,True,2,45751341|1CxDL6H6RtRUG6pLawnSrgieyjEeTxJLZb,transaction|wallet,|0.385054,|0.128351,|0.117236
86739424,1,wallet,1HBKMEMrzpiD63SofRozPzuGsbkDrnACmY,True,True,2,86739424|1HBKMEMrzpiD63SofRozPzuGsbkDrnACmY,transaction|wallet,|0.385098,|0.128366,|0.259349
224256963,1,wallet,1DRb7JYZaHf4ed1zyjGi8G8enL3w8F9ZW8,True,True,2,224256963|1DRb7JYZaHf4ed1zyjGi8G8enL3w8F9ZW8,transaction|wallet,|0.385117,|0.192559,|0.116149
94654144,1,wallet,12BoAM4jiWD1z346TE1VVhNDJpwaizf9w4,True,True,2,94654144|12BoAM4jiWD1z346TE1VVhNDJpwaizf9w4,transaction|wallet,|0.385022,|0.385022,|0.145107
94654153,1,wallet,1Pu7xY9AAn14mcVEuSG8yMwuMURakvy84D,True,True,2,94654153|1Pu7xY9AAn14mcVEuSG8yMwuMURakvy84D,transaction|wallet,|0.385022,|0.385022,|0.145329
94654155,1,wallet,1E4iQZxberp3ioCANFHzLKTsdERwP3rofA,True,True,2,94654155|1E4iQZxberp3ioCANFHzLKTsdERwP3rofA,transaction|wallet,|0.385022,|0.385022,|0.144428
94654163,1,wallet,1L7DRsknVyvmKan5fQ54QnSiPj4fPWuZH9,True,True,2,94654163|1L7DRsknVyvmKan5fQ54QnSiPj4fPWuZH9,transaction|wallet,|0.385023,|0.385023,|0.141363
94654174,1,wallet,1K9Zp8B2SjFeyiSTWMzw6jJARZkxto3pPN,True,True,2,94654174|1K9Zp8B2SjFeyiSTWMzw6jJARZkxto3pPN,transaction|wallet,|0.385023,|0.385023,|0.117136
94654258,1,wallet,16U8WfYZkbskBwcJmKJDuEUY2rbJQhxbNF,True,True,2,94654258|16U8WfYZkbskBwcJmKJDuEUY2rbJQhxbNF,transaction|wallet,|0.385022,|0.385022,|0.145113
94783375,1,wallet,176HTAg1Lyn4ZBfH6HZGpXZ4n1LzAW8LcC,True,True,2,94783375|176HTAg1Lyn4ZBfH6HZGpXZ4n1LzAW8LcC,transaction|wallet,|0.399236,|0.199618,|0.029631
190005963,1,wallet,1KNEZ4tqeSBiHqUf8Uj2aFwMwD7JMG44go,True,True,2,190005963|1KNEZ4tqeSBiHqUf8Uj2aFwMwD7JMG44go,transaction|wallet,|0.0190026,|0.00950128,|0.466638
190014025,1,wallet,1GmRvVdsGNfaLXW6MSEYqUWpXMAfm2PecN,True,True,2,190014025|1GmRvVdsGNfaLXW6MSEYqUWpXMAfm2PecN,transaction|wallet,|0.385026,|0.385026,|0.139751
191789118,1,wallet,1Hw7y1Bntk3kc5FYUjWbbLDccHtceAQtTk,True,True,2,191789118|1Hw7y1Bntk3kc5FYUjWbbLDccHtceAQtTk,transaction|wallet,|0.328793,|0.164396,|0.344101
175406512,1,wallet,1NyKue3cheDpyMwbGviz3AsT6eyu6PcKcM,True,True,2,175406512|1NyKue3cheDpyMwbGviz3AsT6eyu6PcKcM,transaction|wallet,|0.385047,|0.385047,|0.0905986
175757673,1,wallet,1MsHU6V48qSbnCXH4d4WwQchqMPUnwpVoT,True,True,2,175757673|1MsHU6V48qSbnCXH4d4WwQchqMPUnwpVoT,transaction|wallet,|0.0301547,|0.0150774,|0.0612864
175758299,1,wallet,1cYjN4WeM58cFF52KRXAs9zZKT26dzPYu,True,True,2,175758299|1cYjN4WeM58cFF52KRXAs9zZKT26dzPYu,transaction|wallet,|0.385029,|0.385029,|0.240436
179038755,1,wallet,1Kt6XKGChi9DUMEsveRhvaA3jTJ6t7qQzC,True,True,2,179038755|1Kt6XKGChi9DUMEsveRhvaA3jTJ6t7qQzC,transaction|wallet,|0.208103,|0.104052,|0.0416046
226629474,1,wallet,172oGLb5C2uABoCAwXiNZf66uC5D4Yob3X,True,True,2,226629474|172oGLb5C2uABoCAwXiNZf66uC5D4Yob3X,transaction|wallet,|0.400387,|0.200193,|0.190464
226666693,1,wallet,1KBJKuJeSBks9Ku5ZgSu1Q4ESxCeZ2rDbH,True,True,2,226666693|1KBJKuJeSBks9Ku5ZgSu1Q4ESxCeZ2rDbH,transaction|wallet,|0.385033,|0.385033,|0.179058
226667672,1,wallet,1D72aueF33facsShpznpUNsxBtL4mvK1Q5,True,True,2,226667672|1D72aueF33facsShpznpUNsxBtL4mvK1Q5,transaction|wallet,|0.38503,|0.38503,|0.260829
205042152,1,wallet,1P4rftpiSXzdNYVEGrM7jw2yH9U8EHv6m7,True,True,2,205042152|1P4rftpiSXzdNYVEGrM7jw2yH9U8EHv6m7,transaction|wallet,|0.0444006,|0.0222003,|0.049828
234565856,1,wallet,1JFoN67qCbrBzdRnEPYYJYRw9N5GrUGjZA,True,True,2,234565856|1JFoN67qCbrBzdRnEPYYJYRw9N5GrUGjZA,transaction|wallet,|0.243536,|0.121768,|0.283235
234672024,1,wallet,1BxC7DCaP5h1rra1yg5VMeumy9qfa21BQ3,True,True,2,234672024|1BxC7DCaP5h1rra1yg5VMeumy9qfa21BQ3,transaction|wallet,|0.385038,|0.385038,|0.310938
234672033,1,wallet,1DWJeWNk1A6VNKHBRXrs5Df84uNaaeTsHH,True,True,2,234672033|1DWJeWNk1A6VNKHBRXrs5Df84uNaaeTsHH,transaction|wallet,|0.385038,|0.385038,|0.318814
234711176,1,wallet,1LRWjGqxqyhYQucBHV5Eaik4Y7CFPaRQ5X,True,True,2,234711176|1LRWjGqxqyhYQucBHV5Eaik4Y7CFPaRQ5X,transaction|wallet,|0.385038,|0.385038,|0.313223
234835399,1,wallet,1P4rftpiSXzdNYVEGrM7jw2yH9U8EHv6m7,True,True,2,234835399|1P4rftpiSXzdNYVEGrM7jw2yH9U8EHv6m7,transaction|wallet,|0.0444006,|0.0222003,|0.476816
235427807,1,wallet,1CXFa3MbB7BuedFZpvduPFYS8BBdq47Din,True,True,2,235427807|1CXFa3MbB7BuedFZpvduPFYS8BBdq47Din,transaction|wallet,|0.385037,|0.385037,|0.302103
235427814,1,wallet,13Gth43bHj4tUkDNRvve7384QFc8GvVEec,True,True,2,235427814|13Gth43bHj4tUkDNRvve7384QFc8GvVEec,transaction|wallet,|0.385055,|0.385055,|0.221566
139667444,1,wallet,1Gq9iSBM3nLMsg27QcNLJewU6BYzaAvrTf,True,True,2,139667444|1Gq9iSBM3nLMsg27QcNLJewU6BYzaAvrTf,transaction|wallet,|0.38505,|0.38505,|0.265469
339057127,1,wallet,1BxerTm8RcVm7XoywJcpLy2ai3krFx4Cgo,True,True,2,339057127|1BxerTm8RcVm7XoywJcpLy2ai3krFx4Cgo,transaction|wallet,|0.385048,|0.385048,|0.329226
339057135,1,wallet,1LiPzgauEpq5MN2a5V3MALSLF2aesAdXBK,True,True,2,339057135|1LiPzgauEpq5MN2a5V3MALSLF2aesAdXBK,transaction|wallet,|0.385048,|0.385048,|0.335599
339057213,1,wallet,1GoLwfNPVcPfV3byeSn4vxfzpHttJXAV3S,True,True,2,339057213|1GoLwfNPVcPfV3byeSn4vxfzpHttJXAV3S,transaction|wallet,|0.385048,|0.385048,|0.335253
339057234,1,wallet,1ANzMmGD5UC3SMukDdiepBtXmVg8n658Qc,True,True,2,339057234|1ANzMmGD5UC3SMukDdiepBtXmVg8n658Qc,transaction|wallet,|0.385048,|0.385048,|0.337192
339057493,1,wallet,1BTtB52wbjp37FPBmAJ9SavcAPfWjfyBw8,True,True,2,339057493|1BTtB52wbjp37FPBmAJ9SavcAPfWjfyBw8,transaction|wallet,|0.385048,|0.385048,|0.336761
339057515,1,wallet,1AymBjS6i6ric7SmKEKBmKVNgUhbSrW8nz,True,True,2,339057515|1AymBjS6i6ric7SmKEKBmKVNgUhbSrW8nz,transaction|wallet,|0.385049,|0.385049,|0.311309
339057536,1,wallet,16iM9ZwGNdPE6iVz9wHPd7YzRjQ69zazw,True,True,2,339057536|16iM9ZwGNdPE6iVz9wHPd7YzRjQ69zazw,transaction|wallet,|0.38505,|0.38505,|0.305472
339057556,1,wallet,1PRv1XpuKhDBCX4vMLk8TcNuBnqYeu4Yzx,True,True,2,339057556|1PRv1XpuKhDBCX4vMLk8TcNuBnqYeu4Yzx,transaction|wallet,|0.385048,|0.385048,|0.33543
339057668,1,wallet,17tfrSSzbHiadXRYYTv1Kxwvn1EGAPAnnA,True,True,2,339057668|17tfrSSzbHiadXRYYTv1Kxwvn1EGAPAnnA,transaction|wallet,|0.385048,|0.385048,|0.328048
339057857,1,wallet,1KgFcKWTbbBRQJDUZ9zz8JVntp9Gz73MVN,True,True,2,339057857|1KgFcKWTbbBRQJDUZ9zz8JVntp9Gz73MVN,transaction|wallet,|0.385048,|0.385048,|0.336162
339057903,1,wallet,18yS9aRpBQNVuqHFPEDnazMsTDm15dgk5o,True,True,2,339057903|18yS9aRpBQNVuqHFPEDnazMsTDm15dgk5o,transaction|wallet,|0.385048,|0.385048,|0.327782
339057920,1,wallet,15XoEsvNdpWsgzRVP2hBWxNaDQwTzyzxmo,True,True,2,339057920|15XoEsvNdpWsgzRVP2hBWxNaDQwTzyzxmo,transaction|wallet,|0.385048,|0.385048,|0.337507
339057949,1,wallet,1LpFZPqSTTWTJAFTP1B8nFiyHnYqqAAmjd,True,True,2,339057949|1LpFZPqSTTWTJAFTP1B8nFiyHnYqqAAmjd,transaction|wallet,|0.385049,|0.385049,|0.313141
339057979,1,wallet,1PK6NhsNM7jHT47RcLgRyaJJ5xMLwzZC7A,True,True,2,339057979|1PK6NhsNM7jHT47RcLgRyaJJ5xMLwzZC7A,transaction|wallet,|0.385048,|0.385048,|0.336792
339058299,1,wallet,1Gsb8cVt7TrJbHn46LywYdednEPnDWrvFr,True,True,2,339058299|1Gsb8cVt7TrJbHn46LywYdednEPnDWrvFr,transaction|wallet,|0.385048,|0.385048,|0.307162
339058347,1,wallet,14MMSQMGH4JHRQ7d7jzUZjoYeQL8ZKeQEZ,True,True,2,339058347|14MMSQMGH4JHRQ7d7jzUZjoYeQL8ZKeQEZ,transaction|wallet,|0.385047,|0.385047,|0.319571
339058536,1,wallet,16q9HtRemvTykVJV5twzwgPGLVkWbkRwrR,True,True,2,339058536|16q9HtRemvTykVJV5twzwgPGLVkWbkRwrR,transaction|wallet,|0.385047,|0.385047,|0.332968
339058551,1,wallet,1BAwyi4PUn6HhrRQu1ktUNWqGqe8VJQtR2,True,True,2,339058551|1BAwyi4PUn6HhrRQu1ktUNWqGqe8VJQtR2,transaction|wallet,|0.385056,|0.385056,|0.182295
339093169,1,wallet,16ZoyAXYXhLeAnEbL3JnrRvjK5NFvi1yvD,True,True,2,339093169|16ZoyAXYXhLeAnEbL3JnrRvjK5NFvi1yvD,transaction|wallet,|0.385048,|0.385048,|0.333131
339093171,1,wallet,1fLXBAaHyZkLyLH2AezHQAE5RPKe2xH3M,True,True,2,339093171|1fLXBAaHyZkLyLH2AezHQAE5RPKe2xH3M,transaction|wallet,|0.385048,|0.385048,|0.33624
339093928,1,wallet,17NjQZ1veG3XDE61okk8A2c8JaDawVx8gF,True,True,2,339093928|17NjQZ1veG3XDE61okk8A2c8JaDawVx8gF,transaction|wallet,|0.195533,|0.0977667,|0.0525044
339095120,1,wallet,1MfBTeZ5ZLe1ncivfGynsk9gfKReihm2UU,True,True,2,339095120|1MfBTeZ5ZLe1ncivfGynsk9gfKReihm2UU,transaction|wallet,|0.385048,|0.385048,|0.334387
339095567,1,wallet,1KLdez7b7kjsnPNar4FPB2LLNCvKAaeaZD,True,True,2,339095567|1KLdez7b7kjsnPNar4FPB2LLNCvKAaeaZD,transaction|wallet,|0.385048,|0.385048,|0.337059
339097021,1,wallet,1MoiccGd9vaDh5B7bHxarphfExaCwgMDBV,True,True,2,339097021|1MoiccGd9vaDh5B7bHxarphfExaCwgMDBV,transaction|wallet,|0.385047,|0.385047,|0.311298
339097069,1,wallet,1EUCuiWBWuhk5aLZfxZQPsSXyQwD5NXGJa,True,True,2,339097069|1EUCuiWBWuhk5aLZfxZQPsSXyQwD5NXGJa,transaction|wallet,|0.385047,|0.385047,|0.321254
339120962,1,wallet,1qxRkzGcXfwEM2s21FN311u4FC9mgPKMN,True,True,2,339120962|1qxRkzGcXfwEM2s21FN311u4FC9mgPKMN,transaction|wallet,|0.402511,|0.201255,|0.133341
339964521,1,wallet,17gHrogzj76dFfpSP8tmvKdnUJ3QiBsjXf,True,True,2,339964521|17gHrogzj76dFfpSP8tmvKdnUJ3QiBsjXf,transaction|wallet,|0.0347658,|0.0173829,|0.299249
14948822,1,wallet,15ExVBwQxt1g8v2ctyRb9P9nUUGzr22m59,True,True,2,14948822|15ExVBwQxt1g8v2ctyRb9P9nUUGzr22m59,transaction|wallet,|0.385064,|0.385064,|0.170754
15235784,1,wallet,14crHnBRGCKVQEXgTqQz8wMRmd2Gkbv6gY,True,True,2,15235784|14crHnBRGCKVQEXgTqQz8wMRmd2Gkbv6gY,transaction|wallet,|0.333352,|0.166676,|0.0973482
15236485,1,wallet,1Hd8BUPf2zk3MNqNPhz9fo9MboyBb8nYeY,True,True,2,15236485|1Hd8BUPf2zk3MNqNPhz9fo9MboyBb8nYeY,transaction|wallet,|0.385053,|0.385053,|0.338827
16155707,1,wallet,1KW7WEQF6mZVZ62WjtHmFYQAndCP3Yq6hc,True,True,2,16155707|1KW7WEQF6mZVZ62WjtHmFYQAndCP3Yq6hc,transaction|wallet,|0.144372,|0.0721861,|0.123889
238216105,1,wallet,156C3dmbWqhhEpsoXZVwqQzPsHx9C3yrPV,True,True,2,238216105|156C3dmbWqhhEpsoXZVwqQzPsHx9C3yrPV,transaction|wallet,|0.385059,|0.385059,|0.313731
243780852,1,wallet,18N32VTpWKzR1PjPRXNngjxwJVBEAmfbeb,True,True,2,243780852|18N32VTpWKzR1PjPRXNngjxwJVBEAmfbeb,transaction|wallet,|0.315387,|0.157694,|0.00410146
244629141,1,wallet,1KQhdSBbWFamuNxNJu5xGopVEgoibaWkF3,True,True,2,244629141|1KQhdSBbWFamuNxNJu5xGopVEgoibaWkF3,transaction|wallet,|0.385059,|0.385059,|0.34019
244629224,1,wallet,12gG1HDTAbpJeVZosSzRW3rmF2ZPEitae5,True,True,2,244629224|12gG1HDTAbpJeVZosSzRW3rmF2ZPEitae5,transaction|wallet,|0.385059,|0.385059,|0.340706
244629522,1,wallet,1P93GPiwaZe8DLNQ8nEF7jrfYkr9oDdNh2,True,True,2,244629522|1P93GPiwaZe8DLNQ8nEF7jrfYkr9oDdNh2,transaction|wallet,|0.385059,|0.385059,|0.339108
244629936,1,wallet,1EMdrFm1kMJLGTCkSyJQzh6EkF8yNZV9Ni,True,True,2,244629936|1EMdrFm1kMJLGTCkSyJQzh6EkF8yNZV9Ni,transaction|wallet,|0.385059,|0.385059,|0.338854
244629967,1,wallet,18UDL4e1ejMEJi27cFMx1JY3iDM9tU3g7w,True,True,2,244629967|18UDL4e1ejMEJi27cFMx1JY3iDM9tU3g7w,transaction|wallet,|0.385059,|0.385059,|0.338203
244630878,1,wallet,13dVkSkAxG1pn4KXGLYdgsL3Y1yQgAEMqw,True,True,2,244630878|13dVkSkAxG1pn4KXGLYdgsL3Y1yQgAEMqw,transaction|wallet,|0.385059,|0.385059,|0.337915
378059853,1,wallet,1Lyf8PEVsHBtVJcDUW5jMWfrAbkUxNQncf,True,True,2,378059853|1Lyf8PEVsHBtVJcDUW5jMWfrAbkUxNQncf,transaction|wallet,|0.385065,|0.385065,|0.332872
378103023,1,wallet,1PmsWJxSMTYouT2Kvwpxp4g8o8aVg8xron,True,True,2,378103023|1PmsWJxSMTYouT2Kvwpxp4g8o8aVg8xron,transaction|wallet,|0.385048,|0.128349,|0.000179609
378330462,1,wallet,1M3AWdp1Zp8jScKvCk2JwTjgUfz8hnaFHb,True,True,2,378330462|1M3AWdp1Zp8jScKvCk2JwTjgUfz8hnaFHb,transaction|wallet,|0.385053,|0.385053,|0.32113
390582026,1,wallet,16RGzwzJbU5qNnfv3GDKkPnEvhWYYnKyoq,True,True,2,390582026|16RGzwzJbU5qNnfv3GDKkPnEvhWYYnKyoq,transaction|wallet,|0.38507,|0.38507,|0.311228
248886903,1,wallet,1MfGB9Ny1joE9ATUVGupbkqi1EknZHAPAU,True,True,2,248886903|1MfGB9Ny1joE9ATUVGupbkqi1EknZHAPAU,transaction|wallet,|0.385077,|0.385077,|0.308475
363087236,1,wallet,1PBx1BmhUdeMEZA87SagYthyY3LXD9Vanb,True,True,2,363087236|1PBx1BmhUdeMEZA87SagYthyY3LXD9Vanb,transaction|wallet,|0.385082,|0.385082,|0.322004
363087644,1,wallet,17pHVnJ3kbYfLoBVwjT3fEGLFtjHtZ4Bw5,True,True,2,363087644|17pHVnJ3kbYfLoBVwjT3fEGLFtjHtZ4Bw5,transaction|wallet,|0.385082,|0.385082,|0.325175
363090925,1,wallet,151V7fuQL9WGYgbReYdywMiAkqGJ6Jtydu,True,True,2,363090925|151V7fuQL9WGYgbReYdywMiAkqGJ6Jtydu,transaction|wallet,|0.385081,|0.385081,|0.324273
363092551,1,wallet,1G2EbB7n5CFJnt4rW7oYWbF3jz8kGn81W2,True,True,2,363092551|1G2EbB7n5CFJnt4rW7oYWbF3jz8kGn81W2,transaction|wallet,|0.38508,|0.38508,|0.327119
43531652,1,wallet,1KjnHsViHG5roTfJDP8kHNEP86nx16VoWk,True,True,2,43531652|1KjnHsViHG5roTfJDP8kHNEP86nx16VoWk,transaction|wallet,|0.298196,|0.149098,|0.0130424
208930291,1,wallet,12pR45uxoPdLcrSLzoLmurTcLUSLJ7aCXo,True,True,2,208930291|12pR45uxoPdLcrSLzoLmurTcLUSLJ7aCXo,transaction|wallet,|0.385082,|0.385082,|0.352024
208930307,1,wallet,1GaNXC4Gef3Uj6MJzvnoSUEXGAdtKNWZ6o,True,True,2,208930307|1GaNXC4Gef3Uj6MJzvnoSUEXGAdtKNWZ6o,transaction|wallet,|0.385083,|0.385083,|0.304965
209050859,1,wallet,14wdxjRQNwbQAbkVJR5rrYHM8ZFexaLcy2,True,True,2,209050859|14wdxjRQNwbQAbkVJR5rrYHM8ZFexaLcy2,transaction|wallet,|0.256261,|0.128131,|0.472993
209124207,1,wallet,148pGdC15ByoviDGq2sc9mRHXYkPS7ctif,True,True,2,209124207|148pGdC15ByoviDGq2sc9mRHXYkPS7ctif,transaction|wallet,|0.38508,|0.38508,|0.340934
209525915,1,wallet,12jmqvagUms5MxvyXHhKHn84ztvvqXQZgc,True,True,2,209525915|12jmqvagUms5MxvyXHhKHn84ztvvqXQZgc,transaction|wallet,|0.38509,|0.38509,|0.319117
209525931,1,wallet,12X3PEw4XJ3yqyHrCXDXKYbTyQY3XN6t82,True,True,2,209525931|12X3PEw4XJ3yqyHrCXDXKYbTyQY3XN6t82,transaction|wallet,|0.403026,|0.201513,|0.00650644
209526041,1,wallet,1NQWMy1pcjQ6NaA5tw46nNRh2MLDWyfZ1U,True,True,2,209526041|1NQWMy1pcjQ6NaA5tw46nNRh2MLDWyfZ1U,transaction|wallet,|0.385089,|0.385089,|0.319554
209527121,1,wallet,1LMFyCq8Fhkb6MPGbYoNKj4yiGe5r6CZCf,True,True,2,209527121|1LMFyCq8Fhkb6MPGbYoNKj4yiGe5r6CZCf,transaction|wallet,|0.385088,|0.385088,|0.318311
209681254,1,wallet,1HtUPLQWu1k1ZBmcvmiS6D8qREzjaFcdoD,True,True,2,209681254|1HtUPLQWu1k1ZBmcvmiS6D8qREzjaFcdoD,transaction|wallet,|0.385092,|0.385092,|0.224704
209682855,1,wallet,17oerazzPnR5TQ3k84cecHUTgG5KfCsxbY,True,True,2,209682855|17oerazzPnR5TQ3k84cecHUTgG5KfCsxbY,transaction|wallet,|0.385088,|0.385088,|0.320266
209682872,1,wallet,1ABA7RC7t4RzmX8XF9pNB51PkCnPr7TZ29,True,True,2,209682872|1ABA7RC7t4RzmX8XF9pNB51PkCnPr7TZ29,transaction|wallet,|0.385088,|0.385088,|0.321356
209683152,1,wallet,1EgxcwcKMzGx2qnK1n633jxA5BNtCmGeba,True,True,2,209683152|1EgxcwcKMzGx2qnK1n633jxA5BNtCmGeba,transaction|wallet,|0.385091,|0.385091,|0.260965
209701748,1,wallet,1BzLTBQw8m11DdZhyhMUrxNXdXx4X5TLEv,True,True,2,209701748|1BzLTBQw8m11DdZhyhMUrxNXdXx4X5TLEv,transaction|wallet,|0.38509,|0.38509,|0.28533
209722177,1,wallet,15ZjVqFPLhqoKVCrWPjKjY5p2tWgUZ5152,True,True,2,209722177|15ZjVqFPLhqoKVCrWPjKjY5p2tWgUZ5152,transaction|wallet,|0.385088,|0.385088,|0.319232
209921280,1,wallet,15sNhF6rwRfeK6ozEXAf8XbwDNm2821Y7B,True,True,2,209921280|15sNhF6rwRfeK6ozEXAf8XbwDNm2821Y7B,transaction|wallet,|0.385091,|0.385091,|0.313748
209921981,1,wallet,19mfdWbH7Ydfysrb3Z9bFNomYQzHNUXPcg,True,True,2,209921981|19mfdWbH7Ydfysrb3Z9bFNomYQzHNUXPcg,transaction|wallet,|0.385092,|0.385092,|0.284759
209922223,1,wallet,1QBgQpiFHPKx9MmvtnqduaLMHqChUr4QgN,True,True,2,209922223|1QBgQpiFHPKx9MmvtnqduaLMHqChUr4QgN,transaction|wallet,|0.385093,|0.385093,|0.3111
99258542,1,wallet,1MwfWXeBn33QzZDmzYiFeWbwKjp6r4yM9Z,True,True,2,99258542|1MwfWXeBn33QzZDmzYiFeWbwKjp6r4yM9Z,transaction|wallet,|0.385092,|0.385092,|0.323075
310425436,1,wallet,179KVb4Lmtf1baTnTjFiipv7JBKeQWsfNW,True,True,2,310425436|179KVb4Lmtf1baTnTjFiipv7JBKeQWsfNW,transaction|wallet,|0.385104,|0.385104,|0.2938
312451640,1,wallet,12bR61PNckxkBB6HPG7uGZqpPENEuxTfYQ,True,True,2,312451640|12bR61PNckxkBB6HPG7uGZqpPENEuxTfYQ,transaction|wallet,|0.385107,|0.192554,|-0.00658301
353402588,1,wallet,1989jRdpBHyps6xEz98yCp52gFitv6ZKtC,True,True,2,353402588|1989jRdpBHyps6xEz98yCp52gFitv6ZKtC,transaction|wallet,|0.38511,|0.0550158,|-0.00241807
368746484,1,wallet,1KNZfnY2RJkVqZGGZ2XrTbew76k8QjsYMT,True,True,2,368746484|1KNZfnY2RJkVqZGGZ2XrTbew76k8QjsYMT,transaction|wallet,|0.378704,|0.189352,|0.335563
372726107,1,wallet,1BMx7ZWxY1nVW2T481LHk4Bx311mt1HQPA,True,True,2,372726107|1BMx7ZWxY1nVW2T481LHk4Bx311mt1HQPA,transaction|wallet,|0.399353,|0.199677,|0.218145
372960919,1,wallet,1NYPXcFtfTMQMyHCVHrkPgMTb1nyGvJAeV,True,True,2,372960919|1NYPXcFtfTMQMyHCVHrkPgMTb1nyGvJAeV,transaction|wallet,|0.385104,|0.385104,|0.305712
228445982,1,wallet,1Km7wQf9yUgwhhc6RybdTaLmp6cb4YQyCW,True,True,2,228445982|1Km7wQf9yUgwhhc6RybdTaLmp6cb4YQyCW,transaction|wallet,|0.385108,|0.192554,|-0.00426331
331566091,1,wallet,14t4f9iEXx8AXnppBjTMKMhyqzBgRTKH1W,True,True,2,331566091|14t4f9iEXx8AXnppBjTMKMhyqzBgRTKH1W,transaction|wallet,|0.385106,|0.0962766,|0.0761683
333792508,1,wallet,1F6muGSqLhEmbQrFvAPxFippxFNJ6NywXt,True,True,2,333792508|1F6muGSqLhEmbQrFvAPxFippxFNJ6NywXt,transaction|wallet,|0.334872,|0.167436,|0.199387
336424735,1,wallet,1BTx4raV9zSunqEmHg1yeJNH9zuE3fEThZ,True,True,2,336424735|1BTx4raV9zSunqEmHg1yeJNH9zuE3fEThZ,transaction|wallet,|0.40317,|0.201585,|0.0564999
228443875,1,wallet,12wcUe5iW14MwLAn6dXa3wSE75mgiZ6fm1,True,True,2,228443875|12wcUe5iW14MwLAn6dXa3wSE75mgiZ6fm1,transaction|wallet,|0.385121,|0.128374,|-0.00462846
272153910,1,wallet,1FFbTwkCBG4XNRSv5ePJvnr138tP1SgFVz,True,True,2,272153910|1FFbTwkCBG4XNRSv5ePJvnr138tP1SgFVz,transaction|wallet,|0.385121,|0.19256,|-0.00726557
272432438,1,wallet,1PgJchfjStvmfsemadJZs8F3uP2MmkEzJV,True,True,2,272432438|1PgJchfjStvmfsemadJZs8F3uP2MmkEzJV,transaction|wallet,|0.38512,|0.38512,|0.294006
272432446,1,wallet,15Uh9FTkzP9srMDTpecSuPyJ26cFefDq1A,True,True,2,272432446|15Uh9FTkzP9srMDTpecSuPyJ26cFefDq1A,transaction|wallet,|0.385121,|0.385121,|0.278735
272529611,1,wallet,1KZzKAiz8WRRysJLktZRiP3QuHmrbSoBzc,True,True,2,272529611|1KZzKAiz8WRRysJLktZRiP3QuHmrbSoBzc,transaction|wallet,|0.385121,|0.385121,|0.2594
269459825,1,wallet,1N37pdjgzr1kMiZco39CSWj3Kd7nbZEHBQ,True,True,2,269459825|1N37pdjgzr1kMiZco39CSWj3Kd7nbZEHBQ,transaction|wallet,|0.385134,|0.385134,|0.272021
269501301,1,wallet,1BrfVr22cBixbESyFz793FqFiCbv6gSvFq,True,True,2,269501301|1BrfVr22cBixbESyFz793FqFiCbv6gSvFq,transaction|wallet,|0.38513,|0.38513,|0.283834
276992171,1,wallet,1NvzGmcU4QXeMuPD8oDUutoiLT1RQTSJVP,True,True,2,276992171|1NvzGmcU4QXeMuPD8oDUutoiLT1RQTSJVP,transaction|wallet,|0.237196,|0.118598,|0.338515
84321605,1,wallet,1JNac7ZHRf1qr9MT5cNgCTb6WzfqvuxyVU,True,True,2,84321605|1JNac7ZHRf1qr9MT5cNgCTb6WzfqvuxyVU,transaction|wallet,|0.385144,|0.385144,|0.271185
84720559,1,wallet,1BGHnvRy2r6S2AK6QJypdqr9EWUYjMoSxt,True,True,2,84720559|1BGHnvRy2r6S2AK6QJypdqr9EWUYjMoSxt,transaction|wallet,|0.405143,|0.202571,|0.0921735
85002291,1,wallet,1GDYsY9M7Mg9SiF2D3vXAAAdDH8W3u27ku,True,True,2,85002291|1GDYsY9M7Mg9SiF2D3vXAAAdDH8W3u27ku,transaction|wallet,|0.406212,|0.0451346,|0.000397934
294270491,1,wallet,13iRn2kKjvFXTNFpV9RmHRgxU4R4pbTPDj,True,True,2,294270491|13iRn2kKjvFXTNFpV9RmHRgxU4R4pbTPDj,transaction|wallet,|0.385151,|0.385151,|0.261632
139232036,1,wallet,1Q2AU9WgnjwaN2uL53eiZWCNRZAg841Aya,True,True,2,139232036|1Q2AU9WgnjwaN2uL53eiZWCNRZAg841Aya,transaction|wallet,|0.385155,|0.385155,|0.255638
139273999,1,wallet,1toW4TErghFzw1USw5a6dCACMaJfoYZ7x,True,True,2,139273999|1toW4TErghFzw1USw5a6dCACMaJfoYZ7x,transaction|wallet,|0.385158,|0.385158,|0.253975
139274004,1,wallet,1KzU3xx4Xt1RXFVfKRC8qDTCqQCf9bnpUF,True,True,2,139274004|1KzU3xx4Xt1RXFVfKRC8qDTCqQCf9bnpUF,transaction|wallet,|0.385161,|0.385161,|0.250649
139274008,1,wallet,1ah4nxgypNVJ8VAfePRU5cdNHT2gJQHEB,True,True,2,139274008|1ah4nxgypNVJ8VAfePRU5cdNHT2gJQHEB,transaction|wallet,|0.385159,|0.385159,|0.257143
139274010,1,wallet,1AZD3rDQcJQRsTZhdJ8ajnpSGj59YVo9yL,True,True,2,139274010|1AZD3rDQcJQRsTZhdJ8ajnpSGj59YVo9yL,transaction|wallet,|0.385157,|0.385157,|0.258905
139274022,1,wallet,1Jz8aHxdayN9akuKTsTgV2jDmF1kx2RtCy,True,True,2,139274022|1Jz8aHxdayN9akuKTsTgV2jDmF1kx2RtCy,transaction|wallet,|0.319217,|0.159608,|0.309002
139274029,1,wallet,1Prr84VSQ15w674XEyyhMhn6eTiYKcRpWA,True,True,2,139274029|1Prr84VSQ15w674XEyyhMhn6eTiYKcRpWA,transaction|wallet,|0.302059,|0.151029,|0.308994
139274511,1,wallet,1K7aJqxSscM3EyJXy9YiBsznbwaRiRZYAi,True,True,2,139274511|1K7aJqxSscM3EyJXy9YiBsznbwaRiRZYAi,transaction|wallet,|0.38516,|0.38516,|0.255989
139274512,1,wallet,1HKjfT7kZ9jPZP9sQymGRDpKYNS1zk8MMx,True,True,2,139274512|1HKjfT7kZ9jPZP9sQymGRDpKYNS1zk8MMx,transaction|wallet,|0.385156,|0.385156,|0.25996
139274518,1,wallet,1NSh8it1tB1WAYbYKDQssx3o7KC3jc8VRZ,True,True,2,139274518|1NSh8it1tB1WAYbYKDQssx3o7KC3jc8VRZ,transaction|wallet,|0.385156,|0.385156,|0.258612
139274527,1,wallet,16SKmr6n8UW7a14aytuz1PDzmjceU2EMMC,True,True,2,139274527|16SKmr6n8UW7a14aytuz1PDzmjceU2EMMC,transaction|wallet,|0.385156,|0.385156,|0.262163
139274529,1,wallet,1Ph3crf9G5ATGzr73fdBUKVjgaJfSUP8aV,True,True,2,139274529|1Ph3crf9G5ATGzr73fdBUKVjgaJfSUP8aV,transaction|wallet,|0.385155,|0.385155,|0.263511
246066679,1,wallet,17FFTC4LNW8trKdRd677gBzeSRnBR7q1zX,True,True,2,246066679|17FFTC4LNW8trKdRd677gBzeSRnBR7q1zX,transaction|wallet,|0.385161,|0.385161,|0.25079
246066712,1,wallet,1P1tygTzJ31TVZqF6xPQ6dAecUYBV5rKxW,True,True,2,246066712|1P1tygTzJ31TVZqF6xPQ6dAecUYBV5rKxW,transaction|wallet,|0.385161,|0.385161,|0.249793
402911309,1,wallet,1GwwAKLzXnwAsJz9RgFmHQSJXsDxvwoAYX,True,True,2,402911309|1GwwAKLzXnwAsJz9RgFmHQSJXsDxvwoAYX,transaction|wallet,|0.385159,|0.385159,|0.249074
163584923,1,wallet,1G37fkkyL9Tbd75GiX524s1SYHP1tPJx5L,True,True,2,163584923|1G37fkkyL9Tbd75GiX524s1SYHP1tPJx5L,transaction|wallet,|0.385182,|0.385182,|0.220124
163585085,1,wallet,115UUJyHkepRzoskJ4MPunyxfK1gxEz9qQ,True,True,2,163585085|115UUJyHkepRzoskJ4MPunyxfK1gxEz9qQ,transaction|wallet,|0.385179,|0.385179,|0.223663
163653262,1,wallet,149FbDgoqocXDoaE7rBJnft56BAC1x2sWc,True,True,2,163653262|149FbDgoqocXDoaE7rBJnft56BAC1x2sWc,transaction|wallet,|0.385177,|0.385177,|0.212808
163694920,1,wallet,1GyjDW6exdy9a3x5VGaunG2t4oVynHmXNs,True,True,2,163694920|1GyjDW6exdy9a3x5VGaunG2t4oVynHmXNs,transaction|wallet,|0.385193,|0.192597,|0.0888353
166069553,1,wallet,177XXvx9jx3xEBZkT5Wdu4JQDX6jVBgagr,True,True,2,166069553|177XXvx9jx3xEBZkT5Wdu4JQDX6jVBgagr,transaction|wallet,|0.385181,|0.385181,|0.224667
166070349,1,wallet,1LXKnxjHsoLcJ4z6Fq2muzgNsqwXdhWLkT,True,True,2,166070349|1LXKnxjHsoLcJ4z6Fq2muzgNsqwXdhWLkT,transaction|wallet,|0.385178,|0.385178,|0.198271
166507034,1,wallet,1DFeSwYmjpfHvC5fBBgn1C1AxKEMK4DeTe,True,True,2,166507034|1DFeSwYmjpfHvC5fBBgn1C1AxKEMK4DeTe,transaction|wallet,|0.385175,|0.385175,|0.231027
298687200,1,wallet,151AiCJcGdL6Q1TDJbyN22xJ9ZLWMcFaYh,True,True,2,298687200|151AiCJcGdL6Q1TDJbyN22xJ9ZLWMcFaYh,transaction|wallet,|0.385188,|0.385188,|0.2089
299044844,1,wallet,1Hf6VoZ4sEb4Ghg7ymRRTfMqhU8PPFpcPA,True,True,2,299044844|1Hf6VoZ4sEb4Ghg7ymRRTfMqhU8PPFpcPA,transaction|wallet,|0.390386,|0.195193,|0.381785
299178846,1,wallet,19vTYtBVYWMNUEzA21UYjbDNPwxnuPDjzk,True,True,2,299178846|19vTYtBVYWMNUEzA21UYjbDNPwxnuPDjzk,transaction|wallet,|0.402932,|0.201466,|0.10563
376241459,1,wallet,1NmSa6kLBuBLC62WgAAVRug6VG8ATAFVsy,True,True,2,376241459|1NmSa6kLBuBLC62WgAAVRug6VG8ATAFVsy,transaction|wallet,|0.385201,|0.385201,|0.129588
378009964,1,wallet,13j4SaQXDttom45mQa9iaZs5Ap9hebNnYS,True,True,2,378009964|13j4SaQXDttom45mQa9iaZs5Ap9hebNnYS,transaction|wallet,|0.396211,|0.198105,|0.453191
383048751,1,wallet,13jw4ZFdXJgzo7hUwicpSPz279LKZ7q6Sm,True,True,2,383048751|13jw4ZFdXJgzo7hUwicpSPz279LKZ7q6Sm,transaction|wallet,|0.398994,|0.199497,|0.201096
385982620,1,wallet,12wQEoCHtV7x9iPGVaJQphtY1RDp3hB2KG,True,True,2,385982620|12wQEoCHtV7x9iPGVaJQphtY1RDp3hB2KG,transaction|wallet,|0.385201,|0.385201,|0.200411
31228978,1,wallet,132xSg5U3uojtSFZstHjtx6m9npzp54Jnq,True,True,2,31228978|132xSg5U3uojtSFZstHjtx6m9npzp54Jnq,transaction|wallet,|0.385193,|0.192596,|-0.000305355
58507158,1,wallet,1Kgc4L9MtD3GDsXkWqRbbdTh63pWxsAAzY,True,True,2,58507158|1Kgc4L9MtD3GDsXkWqRbbdTh63pWxsAAzY,transaction|wallet,|0.318146,|0.159073,|0.420222
355004156,1,wallet,16r9nAKR6DLpSQPzxBbiBfepbGJaGFLTWt,True,True,2,355004156|16r9nAKR6DLpSQPzxBbiBfepbGJaGFLTWt,transaction|wallet,|0.385213,|0.385213,|0.187214
355006770,1,wallet,18XVLpwYiYgAosA3xmFysqSo2jHNhhrm96,True,True,2,355006770|18XVLpwYiYgAosA3xmFysqSo2jHNhhrm96,transaction|wallet,|0.385212,|0.385212,|0.187062
355006868,1,wallet,1o67g8B6pkBPxgVDTiqDd6f1mE6xm53x2,True,True,2,355006868|1o67g8B6pkBPxgVDTiqDd6f1mE6xm53x2,transaction|wallet,|0.385213,|0.385213,|0.176758
355007596,1,wallet,12SXWZncWRYjyFgURU7nXUFd1vTWfoBV9X,True,True,2,355007596|12SXWZncWRYjyFgURU7nXUFd1vTWfoBV9X,transaction|wallet,|0.38521,|0.38521,|0.193835
355008957,1,wallet,1HFLQgbv4fYXPv861JwpH8sDCohsWDANi6,True,True,2,355008957|1HFLQgbv4fYXPv861JwpH8sDCohsWDANi6,transaction|wallet,|0.385207,|0.385207,|0.200326
355009246,1,wallet,1C8x1oEk6Dx1wHcYun8skmWW6oPHMzWGkw,True,True,2,355009246|1C8x1oEk6Dx1wHcYun8skmWW6oPHMzWGkw,transaction|wallet,|0.385123,|0.385123,|0.400517
355090390,1,wallet,17vRjBtHZPehN8znooY3a7nEBt8RZ3th1G,True,True,2,355090390|17vRjBtHZPehN8znooY3a7nEBt8RZ3th1G,transaction|wallet,|0.385215,|0.385215,|0.179411
355090934,1,wallet,1BZZ79JTumkKJkLjgT7WJN6DvUAV7vqVxw,True,True,2,355090934|1BZZ79JTumkKJkLjgT7WJN6DvUAV7vqVxw,transaction|wallet,|0.397224,|0.198612,|0.134053
355092822,1,wallet,1E6raL6sJFGzpHBnb1oLQ79bJvAeLUxARP,True,True,2,355092822|1E6raL6sJFGzpHBnb1oLQ79bJvAeLUxARP,transaction|wallet,|0.385209,|0.385209,|0.188294
355102312,1,wallet,1FxhRzzMADGLS2HxTVfSmyFXBkQ1ncGTL9,True,True,2,355102312|1FxhRzzMADGLS2HxTVfSmyFXBkQ1ncGTL9,transaction|wallet,|0.385206,|0.385206,|0.19827
355102377,1,wallet,18vXiyjC27ZyRTfkeHZjeHrGSC6vPNWomX,True,True,2,355102377|18vXiyjC27ZyRTfkeHZjeHrGSC6vPNWomX,transaction|wallet,|0.385205,|0.385205,|0.203043
355102448,1,wallet,1JaMsFbZkLfZoxtoWVMxCRyzmbdLx83JFg,True,True,2,355102448|1JaMsFbZkLfZoxtoWVMxCRyzmbdLx83JFg,transaction|wallet,|0.385205,|0.385205,|0.203137
355175641,1,wallet,1LUUwQ3es7Uyj4eYscHX5GVYrNCPYBWJbq,True,True,2,355175641|1LUUwQ3es7Uyj4eYscHX5GVYrNCPYBWJbq,transaction|wallet,|0.385225,|0.385225,|0.19576
91879985,1,wallet,1HyBpq3o3zDV6o5XyHjJTnoYuQXVmv1nqM,True,True,2,91879985|1HyBpq3o3zDV6o5XyHjJTnoYuQXVmv1nqM,transaction|wallet,|0.385232,|0.385232,|0.148601
288430422,1,wallet,148iVzBvB3XkK8DmmYAofxiAv8oJnd6RkZ,True,True,2,288430422|148iVzBvB3XkK8DmmYAofxiAv8oJnd6RkZ,transaction|wallet,|0.404125,|0.202063,|0.0419902
288475823,1,wallet,1J87a8pTvt26H9V4nRGDV2yMZQZKJJ87n2,True,True,2,288475823|1J87a8pTvt26H9V4nRGDV2yMZQZKJJ87n2,transaction|wallet,|0.393938,|0.196969,|0.338409
54771037,1,wallet,12weWdn1XYpg8BAY5iNrUvYf8b9H6jWqQ4,True,True,2,54771037|12weWdn1XYpg8BAY5iNrUvYf8b9H6jWqQ4,transaction|wallet,|0.385252,|0.385252,|0.127266
54912141,1,wallet,1MTGu5U2UVWCZ7bCtnC3BbDJV8RAAYYiKM,True,True,2,54912141|1MTGu5U2UVWCZ7bCtnC3BbDJV8RAAYYiKM,transaction|wallet,|0.404854,|0.202427,|0.268877
67575965,1,wallet,1P8MnjCzS9p78VWyK7FctKimoLdGPztxAy,True,True,2,67575965|1P8MnjCzS9p78VWyK7FctKimoLdGPztxAy,transaction|wallet,|0.385253,|0.385253,|0.0980608
76863076,1,wallet,17wJgWixe7kGmWYp8Vied8eY7SSEvRjJts,True,True,2,76863076|17wJgWixe7kGmWYp8Vied8eY7SSEvRjJts,transaction|wallet,|0.0321183,|0.0160591,|0.101586
97150074,1,wallet,12UBU5qprpkGBXZqBmrd2mhaLSMKW6cMpd,True,True,2,97150074|12UBU5qprpkGBXZqBmrd2mhaLSMKW6cMpd,transaction|wallet,|0.400208,|0.200104,|0.352286
120019032,1,wallet,1nxodPZsYuuXAJUfPSvF5SaiLLDteUNvW,True,True,2,120019032|1nxodPZsYuuXAJUfPSvF5SaiLLDteUNvW,transaction|wallet,|0.406121,|0.00148219,|0
28997148,1,wallet,16fmGYaeM7ULSpwB9Q2NpZgXchTn8nzLLR,True,True,2,28997148|16fmGYaeM7ULSpwB9Q2NpZgXchTn8nzLLR,transaction|wallet,|0.385263,|0.385263,|0.126925
29611862,1,wallet,1A8yQSpBkm6rR1MeT7fKCPaxmEQYgmk3qg,True,True,2,29611862|1A8yQSpBkm6rR1MeT7fKCPaxmEQYgmk3qg,transaction|wallet,|0.385268,|0.385268,|0.114352
29615095,1,wallet,12Z8U4j1UX7zvdPdQvK5dSkuQsMmVRQHuk,True,True,2,29615095|12Z8U4j1UX7zvdPdQvK5dSkuQsMmVRQHuk,transaction|wallet,|0.385274,|0.385274,|0.0945095
31319568,1,wallet,1GZUQvetM42AKAFopSaFtqMphYd94N3zLu,True,True,2,31319568|1GZUQvetM42AKAFopSaFtqMphYd94N3zLu,transaction|wallet,|0.320834,|0.160417,|0.217503
40467487,1,wallet,1278sruFP5a4edT6YoVcCjWhgdRq6oUyo9,True,True,2,40467487|1278sruFP5a4edT6YoVcCjWhgdRq6oUyo9,transaction|wallet,|0.404598,|0.202299,|0.486002
114507940,1,wallet,1MbRAZ6hSBXJWDLtkRCFHKNvTg7TWSxttz,True,True,2,114507940|1MbRAZ6hSBXJWDLtkRCFHKNvTg7TWSxttz,transaction|wallet,|0.385289,|0.385289,|0.0555322
115723389,1,wallet,1NGD8Dv1De8iY3iLf6EsjUnTSK3BiX8XYi,True,True,2,115723389|1NGD8Dv1De8iY3iLf6EsjUnTSK3BiX8XYi,transaction|wallet,|0.401048,|0.200524,|0.363577
116052901,1,wallet,1oJ7YFfZM8x6qVZyqL3xQy4kdV4EMLnHT,True,True,2,116052901|1oJ7YFfZM8x6qVZyqL3xQy4kdV4EMLnHT,transaction|wallet,|0.303722,|0.151861,|0.435217
116069421,1,wallet,12bpZw4RGJKKnCMaCavWUyrRh9ebgWY76n,True,True,2,116069421|12bpZw4RGJKKnCMaCavWUyrRh9ebgWY76n,transaction|wallet,|0.249207,|0.124603,|0.413769
116107405,1,wallet,19s4PWc7wgud9qPv7L4pKVfRcYEsMZ6WR9,True,True,2,116107405|19s4PWc7wgud9qPv7L4pKVfRcYEsMZ6WR9,transaction|wallet,|0.283498,|0.141749,|0.213446
116115792,1,wallet,1BU6xHWgLs6Hz5EZ33fhAC2Bc4W9PbY1V8,True,True,2,116115792|1BU6xHWgLs6Hz5EZ33fhAC2Bc4W9PbY1V8,transaction|wallet,|0.26845,|0.134225,|0.413782
148612093,1,wallet,1D4vwHXHUe8JkVXQZAN4LDJ5oDBhbBFEwj,True,True,2,148612093|1D4vwHXHUe8JkVXQZAN4LDJ5oDBhbBFEwj,transaction|wallet,|0.385333,|0.385333,|-0.0363764
149662178,1,wallet,12dptRwYZA2XRvRPryBsgLkA7r9Pdqjhko,True,True,2,149662178|12dptRwYZA2XRvRPryBsgLkA7r9Pdqjhko,transaction|wallet,|0.37227,|0.186135,|0.374722
45432747,1,wallet,1LqpZBhZVvTL7cHHgvQcJaZ26trmBWUCmt,True,True,2,45432747|1LqpZBhZVvTL7cHHgvQcJaZ26trmBWUCmt,transaction|wallet,|0.385401,|0.385401,|0.0199483
96975033,1,wallet,132ByMwkhz7WhZdtoho5ztA8mWfiDeW5s2,True,True,2,96975033|132ByMwkhz7WhZdtoho5ztA8mWfiDeW5s2,transaction|wallet,|0.0172218,|0.0086109,|0.41576
97066702,1,wallet,1J7weDrdR4Fcp28zUW6Zu5dGkdJnB355Xc,True,True,2,97066702|1J7weDrdR4Fcp28zUW6Zu5dGkdJnB355Xc,transaction|wallet,|0.385343,|0.385343,|-0.057094
97069017,1,wallet,1A5m58tVFqvG55HLwbPkc5MWnkp9dPn3NN,True,True,2,97069017|1A5m58tVFqvG55HLwbPkc5MWnkp9dPn3NN,transaction|wallet,|0.38535,|0.12845,|-0.0217046
97387433,1,wallet,16QqSGyN5jr5oGTHjuwHTMb8SEbKqUeVFB,True,True,2,97387433|16QqSGyN5jr5oGTHjuwHTMb8SEbKqUeVFB,transaction|wallet,|0.385784,|0.192892,|0.148862
97976919,1,wallet,1DXGiEktngXwwnQk67PGgW9tE4BuK28bST,True,True,2,97976919|1DXGiEktngXwwnQk67PGgW9tE4BuK28bST,transaction|wallet,|0.38537,|0.0550529,|-0.0138883
12661305,1,wallet,1Ph6pAZbKo8rR6GdLiFUdsUxstevVwH8D6,True,True,2,12661305|1Ph6pAZbKo8rR6GdLiFUdsUxstevVwH8D6,transaction|wallet,|0.401837,|0.200918,|0.0749889
12662269,1,wallet,1FXvymTcLMTpUyXzkFzyhe1ZMEVomWQgwf,True,True,2,12662269|1FXvymTcLMTpUyXzkFzyhe1ZMEVomWQgwf,transaction|wallet,|0.405006,|0.202503,|0.249403
12662336,1,wallet,1PMrKZH3F7L6PcsTUoYf9nipSe2ip2qWZU,True,True,2,12662336|1PMrKZH3F7L6PcsTUoYf9nipSe2ip2qWZU,transaction|wallet,|0.396603,|0.198301,|0.203472
12662937,1,wallet,13ZWYwHd8uyCb89GBjqzdXcin3Sc95Czn4,True,True,2,12662937|13ZWYwHd8uyCb89GBjqzdXcin3Sc95Czn4,transaction|wallet,|0.399394,|0.199697,|0.0168662
12778573,1,wallet,18dzADDfgu41Zvro5yfFzYZLzgUXhSjFhE,True,True,2,12778573|18dzADDfgu41Zvro5yfFzYZLzgUXhSjFhE,transaction|wallet,|0.400984,|0.200492,|0.0225241
12780368,1,wallet,1Pt7nkYY3rS5jnSoN7sCY8sB3pz8KKbhup,True,True,2,12780368|1Pt7nkYY3rS5jnSoN7sCY8sB3pz8KKbhup,transaction|wallet,|0.267768,|0.133884,|0.0212951
71748770,1,wallet,13Wb1vBXdbF7CimibvbcsArqmyt9CecUEt,True,True,2,71748770|13Wb1vBXdbF7CimibvbcsArqmyt9CecUEt,transaction|wallet,|0.397605,|0.198803,|0.251901
72295072,1,wallet,113Wb3pHLuTqAejERCo9bTnyJ45VdoLUQZ,True,True,2,72295072|113Wb3pHLuTqAejERCo9bTnyJ45VdoLUQZ,transaction|wallet,|0.148014,|0.074007,|0.43797
72297314,1,wallet,1FJoDkZdhQAB4hsDG3CBGMHb2UxLod59Xv,True,True,2,72297314|1FJoDkZdhQAB4hsDG3CBGMHb2UxLod59Xv,transaction|wallet,|0.299767,|0.149884,|0.471684
72376896,1,wallet,1CUm4eyVHL28mXepTcBNvH3McEMensd7vn,True,True,2,72376896|1CUm4eyVHL28mXepTcBNvH3McEMensd7vn,transaction|wallet,|0.385363,|0.128454,|-0.0223244
72601509,1,wallet,18HCb1AdTVcFyyFd3uSMrkXGMwCjUj7L3,True,True,2,72601509|18HCb1AdTVcFyyFd3uSMrkXGMwCjUj7L3,transaction|wallet,|0.345304,|0.172652,|0.151658
72640345,1,wallet,16v5ahgB5brGLTuRaYr9KpWCHD6sbYQjza,True,True,2,72640345|16v5ahgB5brGLTuRaYr9KpWCHD6sbYQjza,transaction|wallet,|0.401117,|0.200558,|0.115204
72641071,1,wallet,1FHh6L5FWKJ67aLAaSypCAMMcQXn3C9L9p,True,True,2,72641071|1FHh6L5FWKJ67aLAaSypCAMMcQXn3C9L9p,transaction|wallet,|0.399165,|0.199583,|0.150826
73154819,1,wallet,19DeMGHSEyDrup7aw9S7XXN5Yfw5os1Emj,True,True,2,73154819|19DeMGHSEyDrup7aw9S7XXN5Yfw5os1Emj,transaction|wallet,|0.385316,|0.128439,|0.0199003
91235255,1,wallet,1AqbtdryPZQqUbMFG6E94Sdvr4kpiWQAH4,True,True,2,91235255|1AqbtdryPZQqUbMFG6E94Sdvr4kpiWQAH4,transaction|wallet,|0.385333,|0.192667,|0.0117902
91857277,1,wallet,1Q7YEnr3xGTiZL5tSUzNu46nZQAj5CB5JH,True,True,2,91857277|1Q7YEnr3xGTiZL5tSUzNu46nZQAj5CB5JH,transaction|wallet,|0.385335,|0.0963337,|-0.00292501
94152708,1,wallet,1CZ1oz6VpotdMS4SL6cbupUhBvh73ud11C,True,True,2,94152708|1CZ1oz6VpotdMS4SL6cbupUhBvh73ud11C,transaction|wallet,|0.385356,|0.096339,|-0.00398098
94341464,1,wallet,1FYSgWEMUEtT1QweFaPGsy2Ej6K8Eoka5,True,True,2,94341464|1FYSgWEMUEtT1QweFaPGsy2Ej6K8Eoka5,transaction|wallet,|0.385344,|0.385344,|-0.000671148
105434922,1,wallet,1Q25N9Y4geeEbNGAd8UH5FfeQ6yyJWjtQU,True,True,2,105434922|1Q25N9Y4geeEbNGAd8UH5FfeQ6yyJWjtQU,transaction|wallet,|0.385352,|0.128451,|-0.0147848
105594874,1,wallet,1AibnvggxwnWzyVAq6Gfny1Uxx7w2NpzDf,True,True,2,105594874|1AibnvggxwnWzyVAq6Gfny1Uxx7w2NpzDf,transaction|wallet,|0.385348,|0.385348,|-0.0196061
164649961,1,wallet,1BSTkkg11AWZ4KS5wy4mPrRSZHfdWsteHb,True,True,2,164649961|1BSTkkg11AWZ4KS5wy4mPrRSZHfdWsteHb,transaction|wallet,|0.385355,|0.128452,|-0.0187835
218091566,1,wallet,1AwkjjRQ5HvDDaGr5BD1dWAXRByxFUS1Co,True,True,2,218091566|1AwkjjRQ5HvDDaGr5BD1dWAXRByxFUS1Co,transaction|wallet,|0.385376,|0.0963441,|-0.00330605
219565918,1,wallet,16FLwej44eCtjWT1V4dZZKW7eDSWxnptTb,True,True,2,219565918|16FLwej44eCtjWT1V4dZZKW7eDSWxnptTb,transaction|wallet,|0.402296,|0.0154729,|0.00718335
11566029,1,wallet,18xbmyuzHDzEDBBtV8DTDt6Sq3EKQ1ar6n,True,True,2,11566029|18xbmyuzHDzEDBBtV8DTDt6Sq3EKQ1ar6n,transaction|wallet,|0.385385,|0.192692,|-0.00925094
11567844,1,wallet,139bHTkhPXxWWr7uPzwyeMZq8ZpaYiRVip,True,True,2,11567844|139bHTkhPXxWWr7uPzwyeMZq8ZpaYiRVip,transaction|wallet,|0.385384,|0.0963461,|-0.00507213
11579855,1,wallet,1LG9wqjWWZ4gQM5YUSPeyfq8XsDnC89efP,True,True,2,11579855|1LG9wqjWWZ4gQM5YUSPeyfq8XsDnC89efP,transaction|wallet,|0.385377,|0.128459,|-0.00177826
19501341,1,wallet,18Yy72qbz8gAa7F5TaFV5prbt9MbQXp8Nz,True,True,2,19501341|18Yy72qbz8gAa7F5TaFV5prbt9MbQXp8Nz,transaction|wallet,|0.385432,|0.0296486,|-0.00674094
158360758,1,wallet,1Knqirs6HSpQqPX7PZFDZ8rdHxfZP167j2,True,True,2,158360758|1Knqirs6HSpQqPX7PZFDZ8rdHxfZP167j2,transaction|wallet,|0.385409,|0.12847,|-0.0354144
158374219,1,wallet,15xLrxJ9cFEu128tqLe1GHAg949PdjzxER,True,True,2,158374219|15xLrxJ9cFEu128tqLe1GHAg949PdjzxER,transaction|wallet,|0.385416,|0.0296474,|-0.0017034
158375408,1,wallet,13Kp1GYXFRFq2uHo5hxqKvz8bL8PZChMGw,True,True,2,158375408|13Kp1GYXFRFq2uHo5hxqKvz8bL8PZChMGw,transaction|wallet,|0.385394,|0.128465,|-0.00410914
158378325,1,wallet,1HvKtMMXVxJfnhCWN7qcF3Ysu6Vcp3H61B,True,True,2,158378325|1HvKtMMXVxJfnhCWN7qcF3Ysu6Vcp3H61B,transaction|wallet,|0.385395,|0.128465,|-0.0113058
159032608,1,wallet,17n4zgc6wuAo3c7MRDPX85EfhyLSjZnhEK,True,True,2,159032608|17n4zgc6wuAo3c7MRDPX85EfhyLSjZnhEK,transaction|wallet,|0.385388,|0.385388,|-0.0232626
159041022,1,wallet,18jjNJA5M9wtzyXV8R6oWJ3Rt2RUhBcRe1,True,True,2,159041022|18jjNJA5M9wtzyXV8R6oWJ3Rt2RUhBcRe1,transaction|wallet,|0.385392,|0.0642319,|-0.000754327
123KBbJSbQZzBpp9ugyKVSHJhRABmhcYqV,1,transaction,234836328,True,True,2,123KBbJSbQZzBpp9ugyKVSHJhRABmhcYqV|234836328,wallet|transaction,|0.35294,|0.117647,|
12igAb84wUJ5LVoetojTXuUe9ELLVtQr4Y,1,transaction,64580922,True,True,2,12igAb84wUJ5LVoetojTXuUe9ELLVtQr4Y|64580922,wallet|transaction,|0.351524,|0.351524,|
13QgzEvR5bjem87kA4N5mctNPdE2DS2eYT,1,transaction,124942061,True,True,2,13QgzEvR5bjem87kA4N5mctNPdE2DS2eYT|124942061,wallet|transaction,|0.35222,|0.17611,|
13py6FaMb5TRMWdEnZRQobCLFrLPJvR9gP,1,transaction,339642924,True,True,2,13py6FaMb5TRMWdEnZRQobCLFrLPJvR9gP|339642924,wallet|transaction,|0.353081,|0.0706161,|
145uP9Suy7ejTGnXWZhUCZdgBP2EP4vki7,1,transaction,211084916,True,True,2,145uP9Suy7ejTGnXWZhUCZdgBP2EP4vki7|211084916,wallet|transaction,|0.35308,|0.070616,|
14UR7yiAScRkA6Nd9xcjeXyJ1nxcMWwJXx,1,transaction,355239158,True,True,2,14UR7yiAScRkA6Nd9xcjeXyJ1nxcMWwJXx|355239158,wallet|transaction,|0.353085,|0.353085,|
14WhsQhTasspQEr9BQHXnMus1937JSfRmG,1,transaction,154061463,True,True,2,14WhsQhTasspQEr9BQHXnMus1937JSfRmG|154061463,wallet|transaction,|0.245978,|0.245978,|
15S5KGkVbfr9WwVmAvLXr2Dja7BxETvnPf,1,transaction,12661090,True,True,2,15S5KGkVbfr9WwVmAvLXr2Dja7BxETvnPf|12661090,wallet|transaction,|0.352459,|0.0503512,|
15U1VEby693UW8QWSX9EGDu6rmXX73xMor,1,transaction,209483930,True,True,2,15U1VEby693UW8QWSX9EGDu6rmXX73xMor|209483930,wallet|transaction,|0.353012,|0.0882529,|
15tTA9CaZMArZfHZK8KLqmC56nhWBRhdUc,1,transaction,73219228,True,True,2,15tTA9CaZMArZfHZK8KLqmC56nhWBRhdUc|73219228,wallet|transaction,|0.353065,|0.0207685,|
162quYhHpSRNT3mfq994fV2mG4iKVQt9Yj,1,transaction,272148432,True,True,2,162quYhHpSRNT3mfq994fV2mG4iKVQt9Yj|272148432,wallet|transaction,|0.352927,|0.352927,|
16fqJ23TKVm8z38MhHwfbp3hJ3Ru8g66TS,1,transaction,163811747,True,True,2,16fqJ23TKVm8z38MhHwfbp3hJ3Ru8g66TS|163811747,wallet|transaction,|0.352957,|0.0705914,|
17GGEd35RHJje1gtR5t2kdoghuNFVRA2x8,1,transaction,73219430,True,True,2,17GGEd35RHJje1gtR5t2kdoghuNFVRA2x8|73219430,wallet|transaction,|0.352794,|0.117598,|
17k2L2LNxVmgdezYqWE7ReJXBcE5tfZivN,1,transaction,353699854,True,True,2,17k2L2LNxVmgdezYqWE7ReJXBcE5tfZivN|353699854,wallet|transaction,|0.353011,|0.176505,|
18o7SiZdP4fnqHba1apmddjrevK9g9a8tU,1,transaction,339095576,True,True,2,18o7SiZdP4fnqHba1apmddjrevK9g9a8tU|339095576,wallet|transaction,|0.350593,|0.350593,|
19WXhdRrHZr4AkzkgcEfPJucJD6D2PaLfp,1,transaction,380181286,True,True,2,19WXhdRrHZr4AkzkgcEfPJucJD6D2PaLfp|380181286,wallet|transaction,|0.352797,|0.176398,|
1AM6YETwLM8JenQRgBq3cs94Pu9GThJfGP,1,transaction,149138176,True,True,2,1AM6YETwLM8JenQRgBq3cs94Pu9GThJfGP|149138176,wallet|transaction,|0.352431,|0.352431,|
1BKRs69RkmR99aHaDhAtCjebkhipkXWauF,1,transaction,339512721,True,True,2,1BKRs69RkmR99aHaDhAtCjebkhipkXWauF|339512721,wallet|transaction,|0.353096,|0.117699,|
1CK54oYdAX2wA3onQjRbsnQ1BMw7LqMJjS,1,transaction,141574560,True,True,2,1CK54oYdAX2wA3onQjRbsnQ1BMw7LqMJjS|141574560,wallet|transaction,|0.350832,|0.350832,|
1DGqRXbpExNU2PRh219rJMdHZ9zJuZsHV,1,transaction,191111259,True,True,2,1DGqRXbpExNU2PRh219rJMdHZ9zJuZsHV|191111259,wallet|transaction,|0.350337,|0.350337,|
1EX3Sqmz9eh4VzfEoQn9CbVhfP9mcPj1M4,1,transaction,191111259,True,True,2,1EX3Sqmz9eh4VzfEoQn9CbVhfP9mcPj1M4|191111259,wallet|transaction,|0.350337,|0.175168,|
1G6NkMxM1upv2JBGroK8S9F53ojzyQmMpL,1,transaction,195823686,True,True,2,1G6NkMxM1upv2JBGroK8S9F53ojzyQmMpL|195823686,wallet|transaction,|0.352285,|0.352285,|
1G9M7U6KHYxFbr6aKLBcm5ty4FfAR6QU1n,1,transaction,355155563,True,True,2,1G9M7U6KHYxFbr6aKLBcm5ty4FfAR6QU1n|355155563,wallet|transaction,|0.346709,|0.173355,|
1GMtqu9EQRgS25fTadUnMnixctJcRr4CUF,1,transaction,94654142,True,True,2,1GMtqu9EQRgS25fTadUnMnixctJcRr4CUF|94654142,wallet|transaction,|0.352334,|0.352334,|
1GXRSerqFmWEya6giGRYNoLatrFbwAM3bt,1,transaction,41520412,True,True,2,1GXRSerqFmWEya6giGRYNoLatrFbwAM3bt|41520412,wallet|transaction,|0.352396,|0.088099,|
1H1TcKzseAVk2XatDXA9xsYoGHcDZUjLCM,1,transaction,238363563,True,True,2,1H1TcKzseAVk2XatDXA9xsYoGHcDZUjLCM|238363563,wallet|transaction,|0.349505,|0.349505,|
1HsA5XccnkVwqbi3aHvz3KCXmDD8wksEbn,1,transaction,210640144,True,True,2,1HsA5XccnkVwqbi3aHvz3KCXmDD8wksEbn|210640144,wallet|transaction,|0.35303,|0.176515,|
1JGmSA9LUwp2G3Rt42bb6QRZCnyBpRMLe,1,transaction,269502435,True,True,2,1JGmSA9LUwp2G3Rt42bb6QRZCnyBpRMLe|269502435,wallet|transaction,|0.353033,|0.353033,|
1K3DwaXLLSyxwZyrWKWnab56HA9N5LQy18,1,transaction,210636338,True,True,2,1K3DwaXLLSyxwZyrWKWnab56HA9N5LQy18|210636338,wallet|transaction,|0.28583,|0.28583,|
1KYzuhyXNebSYZU5va8oMHwzagqvM5vHc4,1,transaction,313647326,True,True,2,1KYzuhyXNebSYZU5va8oMHwzagqvM5vHc4|313647326,wallet|transaction,|0.353048,|0.0706096,|
1L2xBGrr4sA1KfKfh9jMQ8jzsC3MWtVdvX,1,transaction,38365030,True,True,2,1L2xBGrr4sA1KfKfh9jMQ8jzsC3MWtVdvX|38365030,wallet|transaction,|0.353072,|0.0252194,|
1L8Vyw46QDoxhHZs6f8WBUxpepfQvBwav1,1,transaction,34535373,True,True,2,1L8Vyw46QDoxhHZs6f8WBUxpepfQvBwav1|34535373,wallet|transaction,|0.348976,|0.174488,|
1LgZyKQqwcQWzjjDoryoPMLAxVM7YLpvJU,1,transaction,43525228,True,True,2,1LgZyKQqwcQWzjjDoryoPMLAxVM7YLpvJU|43525228,wallet|transaction,|0.352842,|0.352842,|
1MVJFvuDf5kzjdYBABUekDtxBzNQULQSfY,1,transaction,4264482,True,True,2,1MVJFvuDf5kzjdYBABUekDtxBzNQULQSfY|4264482,wallet|transaction,|0.352564,|0.088141,|
1Micm93qCtE6s2CKafvfLtYc4PkPwfpUe2,1,transaction,191108914,True,True,2,1Micm93qCtE6s2CKafvfLtYc4PkPwfpUe2|191108914,wallet|transaction,|0.352875,|0.117625,|
189798829,0,transaction,189798829,True,True,1,189798829,transaction,,,
190427446,0,transaction,190427446,True,True,1,190427446,transaction,,,
175757130,0,transaction,175757130,True,True,1,175757130,transaction,,,
179039073,0,transaction,179039073,True,True,1,179039073,transaction,,,
179039624,0,transaction,179039624,True,True,1,179039624,transaction,,,
179582590,0,transaction,179582590,True,True,1,179582590,transaction,,,
205921701,0,transaction,205921701,True,True,1,205921701,transaction,,,
216384921,0,transaction,216384921,True,True,1,216384921,transaction,,,
3152098,0,transaction,3152098,True,True,1,3152098,transaction,,,
234559578,0,transaction,234559578,True,True,1,234559578,transaction,,,
234559580,0,transaction,234559580,True,True,1,234559580,transaction,,,
234561907,0,transaction,234561907,True,True,1,234561907,transaction,,,
234574642,0,transaction,234574642,True,True,1,234574642,transaction,,,
339553108,0,transaction,339553108,True,True,1,339553108,transaction,,,
339642957,0,transaction,339642957,True,True,1,339642957,transaction,,,
339964561,0,transaction,339964561,True,True,1,339964561,transaction,,,
15235793,0,transaction,15235793,True,True,1,15235793,transaction,,,
238193262,0,transaction,238193262,True,True,1,238193262,transaction,,,
238363563,0,transaction,238363563,True,True,1,238363563,transaction,,,
244630846,0,transaction,244630846,True,True,1,244630846,transaction,,,
304683944,0,transaction,304683944,True,True,1,304683944,transaction,,,
390420061,0,transaction,390420061,True,True,1,390420061,transaction,,,
390498171,0,transaction,390498171,True,True,1,390498171,transaction,,,
390577639,0,transaction,390577639,True,True,1,390577639,transaction,,,
390578692,0,transaction,390578692,True,True,1,390578692,transaction,,,
248915366,0,transaction,248915366,True,True,1,248915366,transaction,,,
248915737,0,transaction,248915737,True,True,1,248915737,transaction,,,
54618280,0,transaction,54618280,True,True,1,54618280,transaction,,,
60102676,0,transaction,60102676,True,True,1,60102676,transaction,,,
60114653,0,transaction,60114653,True,True,1,60114653,transaction,,,
209483930,0,transaction,209483930,True,True,1,209483930,transaction,,,
209522526,0,transaction,209522526,True,True,1,209522526,transaction,,,
209539733,0,transaction,209539733,True,True,1,209539733,transaction,,,
209682060,0,transaction,209682060,True,True,1,209682060,transaction,,,
209807092,0,transaction,209807092,True,True,1,209807092,transaction,,,
209918443,0,transaction,209918443,True,True,1,209918443,transaction,,,
210638701,0,transaction,210638701,True,True,1,210638701,transaction,,,
210639339,0,transaction,210639339,True,True,1,210639339,transaction,,,
210642699,0,transaction,210642699,True,True,1,210642699,transaction,,,
99191418,0,transaction,99191418,True,True,1,99191418,transaction,,,
313646496,0,transaction,313646496,True,True,1,313646496,transaction,,,
372726695,0,transaction,372726695,True,True,1,372726695,transaction,,,
372726753,0,transaction,372726753,True,True,1,372726753,transaction,,,
372812275,0,transaction,372812275,True,True,1,372812275,transaction,,,
372960056,0,transaction,372960056,True,True,1,372960056,transaction,,,
372960115,0,transaction,372960115,True,True,1,372960115,transaction,,,
336427475,0,transaction,336427475,True,True,1,336427475,transaction,,,
336429216,0,transaction,336429216,True,True,1,336429216,transaction,,,
363337440,0,transaction,363337440,True,True,1,363337440,transaction,,,
370643056,0,transaction,370643056,True,True,1,370643056,transaction,,,
85000157,0,transaction,85000157,True,True,1,85000157,transaction,,,
85626501,0,transaction,85626501,True,True,1,85626501,transaction,,,
163656150,0,transaction,163656150,True,True,1,163656150,transaction,,,
163808019,0,transaction,163808019,True,True,1,163808019,transaction,,,
299172428,0,transaction,299172428,True,True,1,299172428,transaction,,,
299176148,0,transaction,299176148,True,True,1,299176148,transaction,,,
383048748,0,transaction,383048748,True,True,1,383048748,transaction,,,
386321759,0,transaction,386321759,True,True,1,386321759,transaction,,,
122932784,0,transaction,122932784,True,True,1,122932784,transaction,,,
274526544,0,transaction,274526544,True,True,1,274526544,transaction,,,
274526557,0,transaction,274526557,True,True,1,274526557,transaction,,,
355008037,0,transaction,355008037,True,True,1,355008037,transaction,,,
355008601,0,transaction,355008601,True,True,1,355008601,transaction,,,
355090366,0,transaction,355090366,True,True,1,355090366,transaction,,,
355090375,0,transaction,355090375,True,True,1,355090375,transaction,,,
355090509,0,transaction,355090509,True,True,1,355090509,transaction,,,
355092389,0,transaction,355092389,True,True,1,355092389,transaction,,,
355102309,0,transaction,355102309,True,True,1,355102309,transaction,,,
355102434,0,transaction,355102434,True,True,1,355102434,transaction,,,
355236712,0,transaction,355236712,True,True,1,355236712,transaction,,,
355293540,0,transaction,355293540,True,True,1,355293540,transaction,,,
77410785,0,transaction,77410785,True,True,1,77410785,transaction,,,
289025367,0,transaction,289025367,True,True,1,289025367,transaction,,,
67575835,0,transaction,67575835,True,True,1,67575835,transaction,,,
67682556,0,transaction,67682556,True,True,1,67682556,transaction,,,
69330928,0,transaction,69330928,True,True,1,69330928,transaction,,,
70383882,0,transaction,70383882,True,True,1,70383882,transaction,,,
70406447,0,transaction,70406447,True,True,1,70406447,transaction,,,
70424581,0,transaction,70424581,True,True,1,70424581,transaction,,,
44562478,0,transaction,44562478,True,True,1,44562478,transaction,,,
200718750,0,transaction,200718750,True,True,1,200718750,transaction,,,
202828595,0,transaction,202828595,True,True,1,202828595,transaction,,,
39724214,0,transaction,39724214,True,True,1,39724214,transaction,,,
39728377,0,transaction,39728377,True,True,1,39728377,transaction,,,
12830021,0,transaction,12830021,True,True,1,12830021,transaction,,,
149129504,0,transaction,149129504,True,True,1,149129504,transaction,,,
149134786,0,transaction,149134786,True,True,1,149134786,transaction,,,
151193455,0,transaction,151193455,True,True,1,151193455,transaction,,,
151206980,0,transaction,151206980,True,True,1,151206980,transaction,,,
151752242,0,transaction,151752242,True,True,1,151752242,transaction,,,
162419259,0,transaction,162419259,True,True,1,162419259,transaction,,,
162424247,0,transaction,162424247,True,True,1,162424247,transaction,,,
162435482,0,transaction,162435482,True,True,1,162435482,transaction,,,
96928334,0,transaction,96928334,True,True,1,96928334,transaction,,,
96930118,0,transaction,96930118,True,True,1,96930118,transaction,,,
12661090,0,transaction,12661090,True,True,1,12661090,transaction,,,
12661812,0,transaction,12661812,True,True,1,12661812,transaction,,,
12673136,0,transaction,12673136,True,True,1,12673136,transaction,,,
12778505,0,transaction,12778505,True,True,1,12778505,transaction,,,
12778668,0,transaction,12778668,True,True,1,12778668,transaction,,,
12780332,0,transaction,12780332,True,True,1,12780332,transaction,,,
12780436,0,transaction,12780436,True,True,1,12780436,transaction,,,
12780483,0,transaction,12780483,True,True,1,12780483,transaction,,,
71988426,0,transaction,71988426,True,True,1,71988426,transaction,,,
71989358,0,transaction,71989358,True,True,1,71989358,transaction,,,
72292587,0,transaction,72292587,True,True,1,72292587,transaction,,,
73000655,0,transaction,73000655,True,True,1,73000655,transaction,,,
73220440,0,transaction,73220440,True,True,1,73220440,transaction,,,
73220620,0,transaction,73220620,True,True,1,73220620,transaction,,,
73231155,0,transaction,73231155,True,True,1,73231155,transaction,,,
113UD7kW6Tm6eGUSdx1nxbyJUXDmPgh9YY,0,wallet,113UD7kW6Tm6eGUSdx1nxbyJUXDmPgh9YY,True,True,1,113UD7kW6Tm6eGUSdx1nxbyJUXDmPgh9YY,wallet,,,
124wkTiD8UieQBmBQmk9Ko3PsvU53d5oLu,0,wallet,124wkTiD8UieQBmBQmk9Ko3PsvU53d5oLu,True,True,1,124wkTiD8UieQBmBQmk9Ko3PsvU53d5oLu,wallet,,,
125cDvGg4c7ySbfmmrsdTmaRpcg8E7uRZD,0,wallet,125cDvGg4c7ySbfmmrsdTmaRpcg8E7uRZD,True,True,1,125cDvGg4c7ySbfmmrsdTmaRpcg8E7uRZD,wallet,,,
129EJwmfpK8eznhJD2ysSTQMt8nPa69vgx,0,wallet,129EJwmfpK8eznhJD2ysSTQMt8nPa69vgx,True,True,1,129EJwmfpK8eznhJD2ysSTQMt8nPa69vgx,wallet,,,
12EHhxkFooMedrdRJ65BLSwr5i1scvBF1n,0,wallet,12EHhxkFooMedrdRJ65BLSwr5i1scvBF1n,True,True,1,12EHhxkFooMedrdRJ65BLSwr5i1scvBF1n,wallet,,,
12FMf4Gj85eYPLWmuVAndnjgL55vUsBJrG,0,wallet,12FMf4Gj85eYPLWmuVAndnjgL55vUsBJrG,True,True,1,12FMf4Gj85eYPLWmuVAndnjgL55vUsBJrG,wallet,,,
12MdsVrFK6nPMKiNMzcy4NS6G9yb9qTsRR,0,wallet,12MdsVrFK6nPMKiNMzcy4NS6G9yb9qTsRR,True,True,1,12MdsVrFK6nPMKiNMzcy4NS6G9yb9qTsRR,wallet,,,
12Mdv8mtNqr8s1wS3TVTkc3XczS9wnyg1z,0,wallet,12Mdv8mtNqr8s1wS3TVTkc3XczS9wnyg1z,True,True,1,12Mdv8mtNqr8s1wS3TVTkc3XczS9wnyg1z,wallet,,,
12QnsysFgXJ4mUP8WCPCVBi38CBHgxvxW3,0,wallet,12QnsysFgXJ4mUP8WCPCVBi38CBHgxvxW3,True,True,1,12QnsysFgXJ4mUP8WCPCVBi38CBHgxvxW3,wallet,,,
12RQsZMjE2UWCw2Xy6FC2ZMP9E5edqUCQt,0,wallet,12RQsZMjE2UWCw2Xy6FC2ZMP9E5edqUCQt,True,True,1,12RQsZMjE2UWCw2Xy6FC2ZMP9E5edqUCQt,wallet,,,
12SS3XKwT1fxCQo1ZjCqTt1iheQUHFosJm,0,wallet,12SS3XKwT1fxCQo1ZjCqTt1iheQUHFosJm,True,True,1,12SS3XKwT1fxCQo1ZjCqTt1iheQUHFosJm,wallet,,,
12UdfjGWDqt6xsKCjwhe3YabpzHij8anfB,0,wallet,12UdfjGWDqt6xsKCjwhe3YabpzHij8anfB,True,True,1,12UdfjGWDqt6xsKCjwhe3YabpzHij8anfB,wallet,,,
12ZgeytYEfSJf3S28FegkBErxBciwbcPAR,0,wallet,12ZgeytYEfSJf3S28FegkBErxBciwbcPAR,True,True,1,12ZgeytYEfSJf3S28FegkBErxBciwbcPAR,wallet,,,
12ec93ju3WrFzYFuD4NURdYwrT2K5aowht,0,wallet,12ec93ju3WrFzYFuD4NURdYwrT2K5aowht,True,True,1,12ec93ju3WrFzYFuD4NURdYwrT2K5aowht,wallet,,,
12gxr2cGBGjTc5bzVccaiTeZ1fQvatvixj,0,wallet,12gxr2cGBGjTc5bzVccaiTeZ1fQvatvixj,True,True,1,12gxr2cGBGjTc5bzVccaiTeZ1fQvatvixj,wallet,,,
12quKG72gEXyQJ18ohPTzCgrS2zURpBujw,0,wallet,12quKG72gEXyQJ18ohPTzCgrS2zURpBujw,True,True,1,12quKG72gEXyQJ18ohPTzCgrS2zURpBujw,wallet,,,
12tqvAAymbxeE3ouUEhyJK9u1QA7ZyW4N5,0,wallet,12tqvAAymbxeE3ouUEhyJK9u1QA7ZyW4N5,True,True,1,12tqvAAymbxeE3ouUEhyJK9u1QA7ZyW4N5,wallet,,,
12y7hG18ZRMHRLYH7g8Ndv7C8L2QwxPi5w,0,wallet,12y7hG18ZRMHRLYH7g8Ndv7C8L2QwxPi5w,True,True,1,12y7hG18ZRMHRLYH7g8Ndv7C8L2QwxPi5w,wallet,,,
133UQg2tgAwQQva2kP6rGGcaWssJTGqBxg,0,wallet,133UQg2tgAwQQva2kP6rGGcaWssJTGqBxg,True,True,1,133UQg2tgAwQQva2kP6rGGcaWssJTGqBxg,wallet,,,
136vFELaBg11sBHvHD5fCuS9H6ZdeKjG2j,0,wallet,136vFELaBg11sBHvHD5fCuS9H6ZdeKjG2j,True,True,1,136vFELaBg11sBHvHD5fCuS9H6ZdeKjG2j,wallet,,,
13G8Jj2ST3FSU8usq8LqGyJQbi1Muo9ib7,0,wallet,13G8Jj2ST3FSU8usq8LqGyJQbi1Muo9ib7,True,True,1,13G8Jj2ST3FSU8usq8LqGyJQbi1Muo9ib7,wallet,,,
13Ntho7CZ1oauGpJQdTBu1AJ1Zb9QVVnmn,0,wallet,13Ntho7CZ1oauGpJQdTBu1AJ1Zb9QVVnmn,True,True,1,13Ntho7CZ1oauGpJQdTBu1AJ1Zb9QVVnmn,wallet,,,
13PJ8cjLBxyLmDGuJqYWuvbkAruSsvR2bk,0,wallet,13PJ8cjLBxyLmDGuJqYWuvbkAruSsvR2bk,True,True,1,13PJ8cjLBxyLmDGuJqYWuvbkAruSsvR2bk,wallet,,,
13QgDT5bNPMCKFKc5yYs1cN7oJpW7ZQhA2,0,wallet,13QgDT5bNPMCKFKc5yYs1cN7oJpW7ZQhA2,True,True,1,13QgDT5bNPMCKFKc5yYs1cN7oJpW7ZQhA2,wallet,,,
13Wb1vBXdbF7CimibvbcsArqmyt9CecUEt,0,wallet,13Wb1vBXdbF7CimibvbcsArqmyt9CecUEt,True,True,1,13Wb1vBXdbF7CimibvbcsArqmyt9CecUEt,wallet,,,
13aWVf2fNYceWUMBZnWCJvGLN6pz8XWv8D,0,wallet,13aWVf2fNYceWUMBZnWCJvGLN6pz8XWv8D,True,True,1,13aWVf2fNYceWUMBZnWCJvGLN6pz8XWv8D,wallet,,,
13drxYCymEKJZ51gLfRfCU3uXvvwF5XU5T,0,wallet,13drxYCymEKJZ51gLfRfCU3uXvvwF5XU5T,True,True,1,13drxYCymEKJZ51gLfRfCU3uXvvwF5XU5T,wallet,,,
13dtAaWV3RVJA2DtjvPfi3qfRjhB5HGo8J,0,wallet,13dtAaWV3RVJA2DtjvPfi3qfRjhB5HGo8J,True,True,1,13dtAaWV3RVJA2DtjvPfi3qfRjhB5HGo8J,wallet,,,
13e9a4yM6oGJ9TBnmSrvGBBELkf19E8CEp,0,wallet,13e9a4yM6oGJ9TBnmSrvGBBELkf19E8CEp,True,True,1,13e9a4yM6oGJ9TBnmSrvGBBELkf19E8CEp,wallet,,,
13eGZRd58X9SmARBerDhJV4TYvoCwyVPnL,0,wallet,13eGZRd58X9SmARBerDhJV4TYvoCwyVPnL,True,True,1,13eGZRd58X9SmARBerDhJV4TYvoCwyVPnL,wallet,,,
13fBrzqGwZ4TPToADrR4pJFyAKmzjj2Kuk,0,wallet,13fBrzqGwZ4TPToADrR4pJFyAKmzjj2Kuk,True,True,1,13fBrzqGwZ4TPToADrR4pJFyAKmzjj2Kuk,wallet,,,
13jmHuv9exM1NTJpYKfJhq6RLoKbTKQXMW,0,wallet,13jmHuv9exM1NTJpYKfJhq6RLoKbTKQXMW,True,True,1,13jmHuv9exM1NTJpYKfJhq6RLoKbTKQXMW,wallet,,,
13mNQEazD6yMbLyKvoeS6ViUndXxPEfUu9,0,wallet,13mNQEazD6yMbLyKvoeS6ViUndXxPEfUu9,True,True,1,13mNQEazD6yMbLyKvoeS6ViUndXxPEfUu9,wallet,,,
13w24MKsYhBwysjqtnzg5sc3wVwanz2Ypm,0,wallet,13w24MKsYhBwysjqtnzg5sc3wVwanz2Ypm,True,True,1,13w24MKsYhBwysjqtnzg5sc3wVwanz2Ypm,wallet,,,
1437cUeECbfW1KaQzpJTRunDnTP1LifEtZ,0,wallet,1437cUeECbfW1KaQzpJTRunDnTP1LifEtZ,True,True,1,1437cUeECbfW1KaQzpJTRunDnTP1LifEtZ,wallet,,,
143ZVypVgvoomQqQ8pGTHTCho3ojG4WaC3,0,wallet,143ZVypVgvoomQqQ8pGTHTCho3ojG4WaC3,True,True,1,143ZVypVgvoomQqQ8pGTHTCho3ojG4WaC3,wallet,,,
145dvAkRnpejWf2hdgH1LBbspN9ZeBHGst,0,wallet,145dvAkRnpejWf2hdgH1LBbspN9ZeBHGst,True,True,1,145dvAkRnpejWf2hdgH1LBbspN9ZeBHGst,wallet,,,
14BnZZWz9JnX5TeR4vPjcFvge6u6v2UJQ7,0,wallet,14BnZZWz9JnX5TeR4vPjcFvge6u6v2UJQ7,True,True,1,14BnZZWz9JnX5TeR4vPjcFvge6u6v2UJQ7,wallet,,,
14C3nas8FP7q8vozF1WVQHR5e3zR8DMCJP,0,wallet,14C3nas8FP7q8vozF1WVQHR5e3zR8DMCJP,True,True,1,14C3nas8FP7q8vozF1WVQHR5e3zR8DMCJP,wallet,,,
14FLkudvztaUJzCatbPJi3WLigZLcYvs5H,0,wallet,14FLkudvztaUJzCatbPJi3WLigZLcYvs5H,True,True,1,14FLkudvztaUJzCatbPJi3WLigZLcYvs5H,wallet,,,
14Sha1J6pSUJPuA23pExYi22CB2sphUVz4,0,wallet,14Sha1J6pSUJPuA23pExYi22CB2sphUVz4,True,True,1,14Sha1J6pSUJPuA23pExYi22CB2sphUVz4,wallet,,,
14T39Tz1Ls4GSBTLE6WKkstfdUAmSj8CJh,0,wallet,14T39Tz1Ls4GSBTLE6WKkstfdUAmSj8CJh,True,True,1,14T39Tz1Ls4GSBTLE6WKkstfdUAmSj8CJh,wallet,,,
14Tu1AC8ZMg51dy1jGXtqkpr2EkZpsuKZk,0,wallet,14Tu1AC8ZMg51dy1jGXtqkpr2EkZpsuKZk,True,True,1,14Tu1AC8ZMg51dy1jGXtqkpr2EkZpsuKZk,wallet,,,
14VisL6uJYtF8suriF1wjJfFPTffua89yv,0,wallet,14VisL6uJYtF8suriF1wjJfFPTffua89yv,True,True,1,14VisL6uJYtF8suriF1wjJfFPTffua89yv,wallet,,,
14XegGUCfzJ5GBrcDMmAWwzECQQFRM6nnt,0,wallet,14XegGUCfzJ5GBrcDMmAWwzECQQFRM6nnt,True,True,1,14XegGUCfzJ5GBrcDMmAWwzECQQFRM6nnt,wallet,,,
14dUskV8M5cLjsLHaiKsbPT6kB8fNFDebm,0,wallet,14dUskV8M5cLjsLHaiKsbPT6kB8fNFDebm,True,True,1,14dUskV8M5cLjsLHaiKsbPT6kB8fNFDebm,wallet,,,
14fGeTASTGoe8K9YNBQqig9CQzqRCmUWsY,0,wallet,14fGeTASTGoe8K9YNBQqig9CQzqRCmUWsY,True,True,1,14fGeTASTGoe8K9YNBQqig9CQzqRCmUWsY,wallet,,,
14n2xUHDgV1A3UJfh6D57CXgJKrusMQnRt,0,wallet,14n2xUHDgV1A3UJfh6D57CXgJKrusMQnRt,True,True,1,14n2xUHDgV1A3UJfh6D57CXgJKrusMQnRt,wallet,,,
14qiedTYtne9hTwyFEf2UQKLwEAdPPfpXh,0,wallet,14qiedTYtne9hTwyFEf2UQKLwEAdPPfpXh,True,True,1,14qiedTYtne9hTwyFEf2UQKLwEAdPPfpXh,wallet,,,
14rWrJkP1QFDer5LDHPRe2b5GYNCuo4VVP,0,wallet,14rWrJkP1QFDer5LDHPRe2b5GYNCuo4VVP,True,True,1,14rWrJkP1QFDer5LDHPRe2b5GYNCuo4VVP,wallet,,,
14rZw61CjPMvDanG2R2pyn6LHmBBmsQrm2,0,wallet,14rZw61CjPMvDanG2R2pyn6LHmBBmsQrm2,True,True,1,14rZw61CjPMvDanG2R2pyn6LHmBBmsQrm2,wallet,,,
14vfPuBFF9EhMPfJ7Y4U7SthQNPwkyDuv4,0,wallet,14vfPuBFF9EhMPfJ7Y4U7SthQNPwkyDuv4,True,True,1,14vfPuBFF9EhMPfJ7Y4U7SthQNPwkyDuv4,wallet,,,
14ySZQsK7ww2rVcPv4GTG4qXArFNgukfDZ,0,wallet,14ySZQsK7ww2rVcPv4GTG4qXArFNgukfDZ,True,True,1,14ySZQsK7ww2rVcPv4GTG4qXArFNgukfDZ,wallet,,,
152g9b3faLLZHw7oZrw1WrnLFUi5S4hKd9,0,wallet,152g9b3faLLZHw7oZrw1WrnLFUi5S4hKd9,True,True,1,152g9b3faLLZHw7oZrw1WrnLFUi5S4hKd9,wallet,,,
153vgpYc8pVJ5vDP5Mcgkrb51ra5V6sbTh,0,wallet,153vgpYc8pVJ5vDP5Mcgkrb51ra5V6sbTh,True,True,1,153vgpYc8pVJ5vDP5Mcgkrb51ra5V6sbTh,wallet,,,
154WbyPSJPfS4ksay17pZg7P3nubEAf8Bp,0,wallet,154WbyPSJPfS4ksay17pZg7P3nubEAf8Bp,True,True,1,154WbyPSJPfS4ksay17pZg7P3nubEAf8Bp,wallet,,,
156SzJF2fSE8YZUjLSRWRWjhGDXzmPX7HX,0,wallet,156SzJF2fSE8YZUjLSRWRWjhGDXzmPX7HX,True,True,1,156SzJF2fSE8YZUjLSRWRWjhGDXzmPX7HX,wallet,,,
15AHFVdj9nJyxuZNSh2nDAkxPompNoDZeb,0,wallet,15AHFVdj9nJyxuZNSh2nDAkxPompNoDZeb,True,True,1,15AHFVdj9nJyxuZNSh2nDAkxPompNoDZeb,wallet,,,
15HY6EBvRDaHP3WtfquyRrVYsYt4nNAgxK,0,wallet,15HY6EBvRDaHP3WtfquyRrVYsYt4nNAgxK,True,True,1,15HY6EBvRDaHP3WtfquyRrVYsYt4nNAgxK,wallet,,,
15JCJQjdQMWaU3JFc4Eo8jTrUk32tXK8iS,0,wallet,15JCJQjdQMWaU3JFc4Eo8jTrUk32tXK8iS,True,True,1,15JCJQjdQMWaU3JFc4Eo8jTrUk32tXK8iS,wallet,,,
15NHnFuqK4pVkKZQCxGdfpCeg1ZcneV9en,0,wallet,15NHnFuqK4pVkKZQCxGdfpCeg1ZcneV9en,True,True,1,15NHnFuqK4pVkKZQCxGdfpCeg1ZcneV9en,wallet,,,
15NUbEbq3vtnhb9DvLH3CZiTKWM8yra7zv,0,wallet,15NUbEbq3vtnhb9DvLH3CZiTKWM8yra7zv,True,True,1,15NUbEbq3vtnhb9DvLH3CZiTKWM8yra7zv,wallet,,,
15TiDjTFrBNDVjDY4cQN888tR5sGQ8T599,0,wallet,15TiDjTFrBNDVjDY4cQN888tR5sGQ8T599,True,True,1,15TiDjTFrBNDVjDY4cQN888tR5sGQ8T599,wallet,,,
15XqFYZNP9aBdumeGnH5GQzk7sydTuQroz,0,wallet,15XqFYZNP9aBdumeGnH5GQzk7sydTuQroz,True,True,1,15XqFYZNP9aBdumeGnH5GQzk7sydTuQroz,wallet,,,
15ZnXriJiezVyjhKyFWB1ZQX6Ho5h1fkXB,0,wallet,15ZnXriJiezVyjhKyFWB1ZQX6Ho5h1fkXB,True,True,1,15ZnXriJiezVyjhKyFWB1ZQX6Ho5h1fkXB,wallet,,,
15fEjetaRTXEZZK1PPG3iYZhFzRy3MV47U,0,wallet,15fEjetaRTXEZZK1PPG3iYZhFzRy3MV47U,True,True,1,15fEjetaRTXEZZK1PPG3iYZhFzRy3MV47U,wallet,,,
15g2ZDL8nG9ZiPLxGm4wMy1gumcVHJTfRj,0,wallet,15g2ZDL8nG9ZiPLxGm4wMy1gumcVHJTfRj,True,True,1,15g2ZDL8nG9ZiPLxGm4wMy1gumcVHJTfRj,wallet,,,
15gLXAmh6o9UnrEb6mCZ5XMGhSM1EDD2jJ,0,wallet,15gLXAmh6o9UnrEb6mCZ5XMGhSM1EDD2jJ,True,True,1,15gLXAmh6o9UnrEb6mCZ5XMGhSM1EDD2jJ,wallet,,,
15kbfCvgBDWGS3aRNbxTesPFcpbA2KVa3N,0,wallet,15kbfCvgBDWGS3aRNbxTesPFcpbA2KVa3N,True,True,1,15kbfCvgBDWGS3aRNbxTesPFcpbA2KVa3N,wallet,,,
15sD5fZQDXsktA3wxUoDqwtjCpb69qDHfo,0,wallet,15sD5fZQDXsktA3wxUoDqwtjCpb69qDHfo,True,True,1,15sD5fZQDXsktA3wxUoDqwtjCpb69qDHfo,wallet,,,
15vZmv9G6nGWpo7nF27NM6M9tPshqDxnyD,0,wallet,15vZmv9G6nGWpo7nF27NM6M9tPshqDxnyD,True,True,1,15vZmv9G6nGWpo7nF27NM6M9tPshqDxnyD,wallet,,,
15xLLnHWtHF36nLpwoHekdo4jBhXbjVTuu,0,wallet,15xLLnHWtHF36nLpwoHekdo4jBhXbjVTuu,True,True,1,15xLLnHWtHF36nLpwoHekdo4jBhXbjVTuu,wallet,,,
161uuFYKzKaNupTop6tRvFEFLZvUFrAWdt,0,wallet,161uuFYKzKaNupTop6tRvFEFLZvUFrAWdt,True,True,1,161uuFYKzKaNupTop6tRvFEFLZvUFrAWdt,wallet,,,
1653dJ71bo3H5pR3Cw8ZTE29AGtKK1GNGs,0,wallet,1653dJ71bo3H5pR3Cw8ZTE29AGtKK1GNGs,True,True,1,1653dJ71bo3H5pR3Cw8ZTE29AGtKK1GNGs,wallet,,,
1668sDewS38v53FNshiGd8WHLMr8YAJoBL,0,wallet,1668sDewS38v53FNshiGd8WHLMr8YAJoBL,True,True,1,1668sDewS38v53FNshiGd8WHLMr8YAJoBL,wallet,,,
166XQjeB87Eruq7mK4yHQUjccu3et1NtCV,0,wallet,166XQjeB87Eruq7mK4yHQUjccu3et1NtCV,True,True,1,166XQjeB87Eruq7mK4yHQUjccu3et1NtCV,wallet,,,
16B5vBKbuu9wCYbQMzRE8tCoUMkWUpYAwy,0,wallet,16B5vBKbuu9wCYbQMzRE8tCoUMkWUpYAwy,True,True,1,16B5vBKbuu9wCYbQMzRE8tCoUMkWUpYAwy,wallet,,,
16Dt2AsozzUrVApehZtFUYatiG2LTnrMtj,0,wallet,16Dt2AsozzUrVApehZtFUYatiG2LTnrMtj,True,True,1,16Dt2AsozzUrVApehZtFUYatiG2LTnrMtj,wallet,,,
16EWVNgruRqCqFrWtwjMKDqZRwHcsg1VBv,0,wallet,16EWVNgruRqCqFrWtwjMKDqZRwHcsg1VBv,True,True,1,16EWVNgruRqCqFrWtwjMKDqZRwHcsg1VBv,wallet,,,
16KDz1hdNf3WWC3sZzhxc3cbJDuyHuQkvV,0,wallet,16KDz1hdNf3WWC3sZzhxc3cbJDuyHuQkvV,True,True,1,16KDz1hdNf3WWC3sZzhxc3cbJDuyHuQkvV,wallet,,,
16M66BF9MyzfzKDgaRe3nHhjw2tHb29q9M,0,wallet,16M66BF9MyzfzKDgaRe3nHhjw2tHb29q9M,True,True,1,16M66BF9MyzfzKDgaRe3nHhjw2tHb29q9M,wallet,,,
16NSm4pYiGZ5KGnTrzoTAQnpJ3BTgEYtAw,0,wallet,16NSm4pYiGZ5KGnTrzoTAQnpJ3BTgEYtAw,True,True,1,16NSm4pYiGZ5KGnTrzoTAQnpJ3BTgEYtAw,wallet,,,
16SopwFbeuQzn1jdXD2x7ukXqLRvgeskYD,0,wallet,16SopwFbeuQzn1jdXD2x7ukXqLRvgeskYD,True,True,1,16SopwFbeuQzn1jdXD2x7ukXqLRvgeskYD,wallet,,,
16VPXQWup54MCCHucJRt2xDpGuuN1EHZme,0,wallet,16VPXQWup54MCCHucJRt2xDpGuuN1EHZme,True,True,1,16VPXQWup54MCCHucJRt2xDpGuuN1EHZme,wallet,,,
16ePrYmo4j68cEFoV4sHRodqqp9ScNkQMT,0,wallet,16ePrYmo4j68cEFoV4sHRodqqp9ScNkQMT,True,True,1,16ePrYmo4j68cEFoV4sHRodqqp9ScNkQMT,wallet,,,
16j5NhoUhMefDnaznJSQHYHG6PxMkAJbnb,0,wallet,16j5NhoUhMefDnaznJSQHYHG6PxMkAJbnb,True,True,1,16j5NhoUhMefDnaznJSQHYHG6PxMkAJbnb,wallet,,,
16nnERq4nhjUWJaEmpRjLwGL3gg6VLTHBP,0,wallet,16nnERq4nhjUWJaEmpRjLwGL3gg6VLTHBP,True,True,1,16nnERq4nhjUWJaEmpRjLwGL3gg6VLTHBP,wallet,,,
16rkthP97SsnbXmqvEjMBjPrnM3K7FTGzb,0,wallet,16rkthP97SsnbXmqvEjMBjPrnM3K7FTGzb,True,True,1,16rkthP97SsnbXmqvEjMBjPrnM3K7FTGzb,wallet,,,
16shRdrgSCDnjA6j5Z6VELkDrWfWH4uVdf,0,wallet,16shRdrgSCDnjA6j5Z6VELkDrWfWH4uVdf,True,True,1,16shRdrgSCDnjA6j5Z6VELkDrWfWH4uVdf,wallet,,,
16tgwuHsF5m8D2FzQazuZAyMKcJcbskGZh,0,wallet,16tgwuHsF5m8D2FzQazuZAyMKcJcbskGZh,True,True,1,16tgwuHsF5m8D2FzQazuZAyMKcJcbskGZh,wallet,,,
16z8Jt7HP9pGJX7WSf3AJVAGcArzjG9KJK,0,wallet,16z8Jt7HP9pGJX7WSf3AJVAGcArzjG9KJK,True,True,1,16z8Jt7HP9pGJX7WSf3AJVAGcArzjG9KJK,wallet,,,
172q8bv8kGyHfqTYMQfqTUUY4srodYsna,0,wallet,172q8bv8kGyHfqTYMQfqTUUY4srodYsna,True,True,1,172q8bv8kGyHfqTYMQfqTUUY4srodYsna,wallet,,,
173XUz3fmXV7G48vDM6s8UfepDT52bAHKp,0,wallet,173XUz3fmXV7G48vDM6s8UfepDT52bAHKp,True,True,1,173XUz3fmXV7G48vDM6s8UfepDT52bAHKp,wallet,,,
173yAzoM3cVMYtXDoC7XimHnEMKAfMUzdt,0,wallet,173yAzoM3cVMYtXDoC7XimHnEMKAfMUzdt,True,True,1,173yAzoM3cVMYtXDoC7XimHnEMKAfMUzdt,wallet,,,
17476UdHQugw9BbsVeURGhtVRGZuptJFF6,0,wallet,17476UdHQugw9BbsVeURGhtVRGZuptJFF6,True,True,1,17476UdHQugw9BbsVeURGhtVRGZuptJFF6,wallet,,,
1749JCseTY8ihzChYcRdnUL8hto1Aquyi9,0,wallet,1749JCseTY8ihzChYcRdnUL8hto1Aquyi9,True,True,1,1749JCseTY8ihzChYcRdnUL8hto1Aquyi9,wallet,,,
175h3PP18MpAXfQiQxJEeGidqeXhD4Y7hT,0,wallet,175h3PP18MpAXfQiQxJEeGidqeXhD4Y7hT,True,True,1,175h3PP18MpAXfQiQxJEeGidqeXhD4Y7hT,wallet,,,
17A4W5L1eFqtCsUMcrrGWbyG8HZgh11Q3n,0,wallet,17A4W5L1eFqtCsUMcrrGWbyG8HZgh11Q3n,True,True,1,17A4W5L1eFqtCsUMcrrGWbyG8HZgh11Q3n,wallet,,,
17AukWbejGNSeAmR7GtCCpsdHiAYFWVJG2,0,wallet,17AukWbejGNSeAmR7GtCCpsdHiAYFWVJG2,True,True,1,17AukWbejGNSeAmR7GtCCpsdHiAYFWVJG2,wallet,,,
17GEHLcmzYkf1SamSzWU671BJCY8gWiwv,0,wallet,17GEHLcmzYkf1SamSzWU671BJCY8gWiwv,True,True,1,17GEHLcmzYkf1SamSzWU671BJCY8gWiwv,wallet,,,
17J5jCdtQrzhCNJcyCteqUv5LMudhkLr2X,0,wallet,17J5jCdtQrzhCNJcyCteqUv5LMudhkLr2X,True,True,1,17J5jCdtQrzhCNJcyCteqUv5LMudhkLr2X,wallet,,,
17LaLUbodUfDhcjRWw94UnRieU5nXXzmKN,0,wallet,17LaLUbodUfDhcjRWw94UnRieU5nXXzmKN,True,True,1,17LaLUbodUfDhcjRWw94UnRieU5nXXzmKN,wallet,,,
17N8nQ9uhLa4pCGTjExDfTjhSWUurAVVbN,0,wallet,17N8nQ9uhLa4pCGTjExDfTjhSWUurAVVbN,True,True,1,17N8nQ9uhLa4pCGTjExDfTjhSWUurAVVbN,wallet,,,
17QWxAj8ZuQaTqF4of2s2TZUVWibUu42Cf,0,wallet,17QWxAj8ZuQaTqF4of2s2TZUVWibUu42Cf,True,True,1,17QWxAj8ZuQaTqF4of2s2TZUVWibUu42Cf,wallet,,,
17mpUu126YjqKQa2U8NpjQVoUPDRphzCKx,0,wallet,17mpUu126YjqKQa2U8NpjQVoUPDRphzCKx,True,True,1,17mpUu126YjqKQa2U8NpjQVoUPDRphzCKx,wallet,,,
17mtt18Kh3k3CgrzzND9vEsDj3TKEMCLy4,0,wallet,17mtt18Kh3k3CgrzzND9vEsDj3TKEMCLy4,True,True,1,17mtt18Kh3k3CgrzzND9vEsDj3TKEMCLy4,wallet,,,
17qLafpipUVmLssXzm3hLgxB1mqfn2MJTU,0,wallet,17qLafpipUVmLssXzm3hLgxB1mqfn2MJTU,True,True,1,17qLafpipUVmLssXzm3hLgxB1mqfn2MJTU,wallet,,,
17sA1yvLeJpP25XfMX3AGjhgrojwzYfH7y,0,wallet,17sA1yvLeJpP25XfMX3AGjhgrojwzYfH7y,True,True,1,17sA1yvLeJpP25XfMX3AGjhgrojwzYfH7y,wallet,,,
17tRkZH3C2FmbCWGqsJLc1zy4jzm6x7JRg,0,wallet,17tRkZH3C2FmbCWGqsJLc1zy4jzm6x7JRg,True,True,1,17tRkZH3C2FmbCWGqsJLc1zy4jzm6x7JRg,wallet,,,
17wt5FfSnR9HpsRhad9Tm937W68K4Fa2WX,0,wallet,17wt5FfSnR9HpsRhad9Tm937W68K4Fa2WX,True,True,1,17wt5FfSnR9HpsRhad9Tm937W68K4Fa2WX,wallet,,,
17zowQjhSrcX9y2gojS52LCg7QsS1iA7wY,0,wallet,17zowQjhSrcX9y2gojS52LCg7QsS1iA7wY,True,True,1,17zowQjhSrcX9y2gojS52LCg7QsS1iA7wY,wallet,,,
18CQSBxriW5r53xGKnRy7GmSin3yMXfQ8P,0,wallet,18CQSBxriW5r53xGKnRy7GmSin3yMXfQ8P,True,True,1,18CQSBxriW5r53xGKnRy7GmSin3yMXfQ8P,wallet,,,
18E96y3Gy9WkPcxqaRXrubb2JT3kVEpFcG,0,wallet,18E96y3Gy9WkPcxqaRXrubb2JT3kVEpFcG,True,True,1,18E96y3Gy9WkPcxqaRXrubb2JT3kVEpFcG,wallet,,,
18H2NS8ngY6iDSJnKkG2qmMhkZUTUk1G3L,0,wallet,18H2NS8ngY6iDSJnKkG2qmMhkZUTUk1G3L,True,True,1,18H2NS8ngY6iDSJnKkG2qmMhkZUTUk1G3L,wallet,,,
18N32VTpWKzR1PjPRXNngjxwJVBEAmfbeb,0,wallet,18N32VTpWKzR1PjPRXNngjxwJVBEAmfbeb,True,True,1,18N32VTpWKzR1PjPRXNngjxwJVBEAmfbeb,wallet,,,
18NmhXfS1dFn8w9ZdzPb7yd4EUy9TncAGZ,0,wallet,18NmhXfS1dFn8w9ZdzPb7yd4EUy9TncAGZ,True,True,1,18NmhXfS1dFn8w9ZdzPb7yd4EUy9TncAGZ,wallet,,,
18VseARNK1JTrWV1sB5P3vhQSaxsbZp5HM,0,wallet,18VseARNK1JTrWV1sB5P3vhQSaxsbZp5HM,True,True,1,18VseARNK1JTrWV1sB5P3vhQSaxsbZp5HM,wallet,,,
18X7ZvjM6zxFzSCzA8DT1EUhwaY5K2xQyq,0,wallet,18X7ZvjM6zxFzSCzA8DT1EUhwaY5K2xQyq,True,True,1,18X7ZvjM6zxFzSCzA8DT1EUhwaY5K2xQyq,wallet,,,
18dQ4s3d5gxyfxDQ6SZ6gpZ2f9jhqDSFF6,0,wallet,18dQ4s3d5gxyfxDQ6SZ6gpZ2f9jhqDSFF6,True,True,1,18dQ4s3d5gxyfxDQ6SZ6gpZ2f9jhqDSFF6,wallet,,,
18qDQ2CeLfNzJSNjR738WLQfxN6E8sE6L8,0,wallet,18qDQ2CeLfNzJSNjR738WLQfxN6E8sE6L8,True,True,1,18qDQ2CeLfNzJSNjR738WLQfxN6E8sE6L8,wallet,,,
18uieCYizT2zrg1zgivdrgUnUc4Y5EPUJZ,0,wallet,18uieCYizT2zrg1zgivdrgUnUc4Y5EPUJZ,True,True,1,18uieCYizT2zrg1zgivdrgUnUc4Y5EPUJZ,wallet,,,
191tAAapWjwFcwxHAHHknUyFfcri9GdGX1,0,wallet,191tAAapWjwFcwxHAHHknUyFfcri9GdGX1,True,True,1,191tAAapWjwFcwxHAHHknUyFfcri9GdGX1,wallet,,,
197s6kUPfweD8N4hTJ71TzM6yakS1NXyKD,0,wallet,197s6kUPfweD8N4hTJ71TzM6yakS1NXyKD,True,True,1,197s6kUPfweD8N4hTJ71TzM6yakS1NXyKD,wallet,,,
199bqTUxZrsKDNQgzdLc4DsMHPJFgt2z6e,0,wallet,199bqTUxZrsKDNQgzdLc4DsMHPJFgt2z6e,True,True,1,199bqTUxZrsKDNQgzdLc4DsMHPJFgt2z6e,wallet,,,
19BrkJWkMJ2CPHSFdfj9syivTCu5HcBNMk,0,wallet,19BrkJWkMJ2CPHSFdfj9syivTCu5HcBNMk,True,True,1,19BrkJWkMJ2CPHSFdfj9syivTCu5HcBNMk,wallet,,,
19aeaUawh3hsjLa8rHS2oqscXdGNVz8XEb,0,wallet,19aeaUawh3hsjLa8rHS2oqscXdGNVz8XEb,True,True,1,19aeaUawh3hsjLa8rHS2oqscXdGNVz8XEb,wallet,,,
19gpfUDjUHm9nR6U7j1NZEUUjQ3rCPeRb5,0,wallet,19gpfUDjUHm9nR6U7j1NZEUUjQ3rCPeRb5,True,True,1,19gpfUDjUHm9nR6U7j1NZEUUjQ3rCPeRb5,wallet,,,
19jFzmUHbfA8e4RvWy36o5dG7As1BRDAhi,0,wallet,19jFzmUHbfA8e4RvWy36o5dG7As1BRDAhi,True,True,1,19jFzmUHbfA8e4RvWy36o5dG7As1BRDAhi,wallet,,,
19ouoxaugCU8eXFYE1xuz1HmRTf2JVgkmN,0,wallet,19ouoxaugCU8eXFYE1xuz1HmRTf2JVgkmN,True,True,1,19ouoxaugCU8eXFYE1xuz1HmRTf2JVgkmN,wallet,,,
19qSUk2YQBpqXZECjEdHU3LXR5CeDCrNVc,0,wallet,19qSUk2YQBpqXZECjEdHU3LXR5CeDCrNVc,True,True,1,19qSUk2YQBpqXZECjEdHU3LXR5CeDCrNVc,wallet,,,
19sE2HsS8z2aND1CZ54QZkei98PBT3yjvR,0,wallet,19sE2HsS8z2aND1CZ54QZkei98PBT3yjvR,True,True,1,19sE2HsS8z2aND1CZ54QZkei98PBT3yjvR,wallet,,,
1A1CZSa4YQHeuaGhCFtEigaRodmTnnpaF,0,wallet,1A1CZSa4YQHeuaGhCFtEigaRodmTnnpaF,True,True,1,1A1CZSa4YQHeuaGhCFtEigaRodmTnnpaF,wallet,,,
1A2PhcW2ikS8jtoBkNpo4y3bMwQqSrGrRt,0,wallet,1A2PhcW2ikS8jtoBkNpo4y3bMwQqSrGrRt,True,True,1,1A2PhcW2ikS8jtoBkNpo4y3bMwQqSrGrRt,wallet,,,
1A62esfxUJdKG7NpZDzHr7zqjDJEjMwsHg,0,wallet,1A62esfxUJdKG7NpZDzHr7zqjDJEjMwsHg,True,True,1,1A62esfxUJdKG7NpZDzHr7zqjDJEjMwsHg,wallet,,,
1ABg7HLx3viW4sjj3ViCUkxr6HqQ5qJT4P,0,wallet,1ABg7HLx3viW4sjj3ViCUkxr6HqQ5qJT4P,True,True,1,1ABg7HLx3viW4sjj3ViCUkxr6HqQ5qJT4P,wallet,,,
1ABigCQYGYXPGRChRX8JkJxXEfuCDVdeEg,0,wallet,1ABigCQYGYXPGRChRX8JkJxXEfuCDVdeEg,True,True,1,1ABigCQYGYXPGRChRX8JkJxXEfuCDVdeEg,wallet,,,
1ACNnGMgcguSiujMV1Uss9W7ujo4Yej4BU,0,wallet,1ACNnGMgcguSiujMV1Uss9W7ujo4Yej4BU,True,True,1,1ACNnGMgcguSiujMV1Uss9W7ujo4Yej4BU,wallet,,,
1ADwq8aVzCVWHysRwJm887a1EECzPR2mBb,0,wallet,1ADwq8aVzCVWHysRwJm887a1EECzPR2mBb,True,True,1,1ADwq8aVzCVWHysRwJm887a1EECzPR2mBb,wallet,,,
1AEAGhm5tBQnfrHPV7WLrLENbyj1pFDdhR,0,wallet,1AEAGhm5tBQnfrHPV7WLrLENbyj1pFDdhR,True,True,1,1AEAGhm5tBQnfrHPV7WLrLENbyj1pFDdhR,wallet,,,
1AERAogZ6epUpgsQMKH4GMLuwhCVhAigWS,0,wallet,1AERAogZ6epUpgsQMKH4GMLuwhCVhAigWS,True,True,1,1AERAogZ6epUpgsQMKH4GMLuwhCVhAigWS,wallet,,,
1APMyySxba6yKBCxvWXZnQFdHdwiXVi8af,0,wallet,1APMyySxba6yKBCxvWXZnQFdHdwiXVi8af,True,True,1,1APMyySxba6yKBCxvWXZnQFdHdwiXVi8af,wallet,,,
1ASkefTZYKsR1gYXPZnG4vYCuMdxwnEcyL,0,wallet,1ASkefTZYKsR1gYXPZnG4vYCuMdxwnEcyL,True,True,1,1ASkefTZYKsR1gYXPZnG4vYCuMdxwnEcyL,wallet,,,
1AVQKoVwELD9cKeFsR8V17RVzR7XQgYSz6,0,wallet,1AVQKoVwELD9cKeFsR8V17RVzR7XQgYSz6,True,True,1,1AVQKoVwELD9cKeFsR8V17RVzR7XQgYSz6,wallet,,,
1AyDEfUkrFofAw1vv3SYP4FLj2qJ2Hjt8V,0,wallet,1AyDEfUkrFofAw1vv3SYP4FLj2qJ2Hjt8V,True,True,1,1AyDEfUkrFofAw1vv3SYP4FLj2qJ2Hjt8V,wallet,,,
1B7Xk16meGnzvXgGuZdnvV69PU7TrRgi8R,0,wallet,1B7Xk16meGnzvXgGuZdnvV69PU7TrRgi8R,True,True,1,1B7Xk16meGnzvXgGuZdnvV69PU7TrRgi8R,wallet,,,
1BBLwrZpbAvYX5HZbwxVFGMQL9vVQrMpxk,0,wallet,1BBLwrZpbAvYX5HZbwxVFGMQL9vVQrMpxk,True,True,1,1BBLwrZpbAvYX5HZbwxVFGMQL9vVQrMpxk,wallet,,,
1BGHnvRy2r6S2AK6QJypdqr9EWUYjMoSxt,0,wallet,1BGHnvRy2r6S2AK6QJypdqr9EWUYjMoSxt,True,True,1,1BGHnvRy2r6S2AK6QJypdqr9EWUYjMoSxt,wallet,,,
1BKZFEHbb7kShbczAq4JV4nRVwWTxmN69D,0,wallet,1BKZFEHbb7kShbczAq4JV4nRVwWTxmN69D,True,True,1,1BKZFEHbb7kShbczAq4JV4nRVwWTxmN69D,wallet,,,
1BMjQqBC2rxyCcM36q9xmkmMh2F3gAntnG,0,wallet,1BMjQqBC2rxyCcM36q9xmkmMh2F3gAntnG,True,True,1,1BMjQqBC2rxyCcM36q9xmkmMh2F3gAntnG,wallet,,,
1BPRNmt3R5Snh7t69sgr1fMJMsVKuDfdYe,0,wallet,1BPRNmt3R5Snh7t69sgr1fMJMsVKuDfdYe,True,True,1,1BPRNmt3R5Snh7t69sgr1fMJMsVKuDfdYe,wallet,,,
1BRPy6XgiYMrbYUgCsxPrPC2TbwsTBj6MN,0,wallet,1BRPy6XgiYMrbYUgCsxPrPC2TbwsTBj6MN,True,True,1,1BRPy6XgiYMrbYUgCsxPrPC2TbwsTBj6MN,wallet,,,
1BWorHpKhE9nr3mjn4SE8RWcvGpLdDq2a,0,wallet,1BWorHpKhE9nr3mjn4SE8RWcvGpLdDq2a,True,True,1,1BWorHpKhE9nr3mjn4SE8RWcvGpLdDq2a,wallet,,,
1BaTRCtx3WPStM6j3dWBw8e6KEa1EkRpJN,0,wallet,1BaTRCtx3WPStM6j3dWBw8e6KEa1EkRpJN,True,True,1,1BaTRCtx3WPStM6j3dWBw8e6KEa1EkRpJN,wallet,,,
1Bhu1CWnxWUAdjpH5kqsqMrFFyHfRmTUzX,0,wallet,1Bhu1CWnxWUAdjpH5kqsqMrFFyHfRmTUzX,True,True,1,1Bhu1CWnxWUAdjpH5kqsqMrFFyHfRmTUzX,wallet,,,
1BjcsfVtrrJS2rK4ENnk18JZJmQRxZrpjR,0,wallet,1BjcsfVtrrJS2rK4ENnk18JZJmQRxZrpjR,True,True,1,1BjcsfVtrrJS2rK4ENnk18JZJmQRxZrpjR,wallet,,,
1BmWjBnMnJcbw2JEcBjoDdrDC6Ps5J2FU5,0,wallet,1BmWjBnMnJcbw2JEcBjoDdrDC6Ps5J2FU5,True,True,1,1BmWjBnMnJcbw2JEcBjoDdrDC6Ps5J2FU5,wallet,,,
1BnSgXni8RoQ2f87h82DSj2bHW9B9wWj7j,0,wallet,1BnSgXni8RoQ2f87h82DSj2bHW9B9wWj7j,True,True,1,1BnSgXni8RoQ2f87h82DSj2bHW9B9wWj7j,wallet,,,
1Bo7FuiVd3qFzks4xqt5MC4xdMnwMgS1wd,0,wallet,1Bo7FuiVd3qFzks4xqt5MC4xdMnwMgS1wd,True,True,1,1Bo7FuiVd3qFzks4xqt5MC4xdMnwMgS1wd,wallet,,,
1BsJqx5rZa49TDVMV96YJk154HdxD8kwEe,0,wallet,1BsJqx5rZa49TDVMV96YJk154HdxD8kwEe,True,True,1,1BsJqx5rZa49TDVMV96YJk154HdxD8kwEe,wallet,,,
1C3LmxSHgKdhodo9CzYqbcKhZcRFesMe81,0,wallet,1C3LmxSHgKdhodo9CzYqbcKhZcRFesMe81,True,True,1,1C3LmxSHgKdhodo9CzYqbcKhZcRFesMe81,wallet,,,
1CALMbS2A9AFfFdXYGw6rRVZW9A3FVz7fo,0,wallet,1CALMbS2A9AFfFdXYGw6rRVZW9A3FVz7fo,True,True,1,1CALMbS2A9AFfFdXYGw6rRVZW9A3FVz7fo,wallet,,,
1CEn9pKVyoQ49byd9L6xZ9oifkZ586w46j,0,wallet,1CEn9pKVyoQ49byd9L6xZ9oifkZ586w46j,True,True,1,1CEn9pKVyoQ49byd9L6xZ9oifkZ586w46j,wallet,,,
1CGh4xex2bkeJTbuBHCkyD1fuD9JsSsvvf,0,wallet,1CGh4xex2bkeJTbuBHCkyD1fuD9JsSsvvf,True,True,1,1CGh4xex2bkeJTbuBHCkyD1fuD9JsSsvvf,wallet,,,
1CM2TuD18LM8uMHZa2azNEZcsF7Hw57GH7,0,wallet,1CM2TuD18LM8uMHZa2azNEZcsF7Hw57GH7,True,True,1,1CM2TuD18LM8uMHZa2azNEZcsF7Hw57GH7,wallet,,,
1CQBsgNNqo4Z93DhUADC1v8vP1fdRsmwZR,0,wallet,1CQBsgNNqo4Z93DhUADC1v8vP1fdRsmwZR,True,True,1,1CQBsgNNqo4Z93DhUADC1v8vP1fdRsmwZR,wallet,,,
1CSt6qGLpgc5XcAocUNLj7fhF7BTGkwkk3,0,wallet,1CSt6qGLpgc5XcAocUNLj7fhF7BTGkwkk3,True,True,1,1CSt6qGLpgc5XcAocUNLj7fhF7BTGkwkk3,wallet,,,
1CTiGAkNARoZYajt5xESKN25HxBmhXNQVE,0,wallet,1CTiGAkNARoZYajt5xESKN25HxBmhXNQVE,True,True,1,1CTiGAkNARoZYajt5xESKN25HxBmhXNQVE,wallet,,,
1CUT1eS3k79dqtzo4QjUscvaBjkYfJonnz,0,wallet,1CUT1eS3k79dqtzo4QjUscvaBjkYfJonnz,True,True,1,1CUT1eS3k79dqtzo4QjUscvaBjkYfJonnz,wallet,,,
1CWzYbHpu13cqFwo2pFH52xt2uQy1kdcrc,0,wallet,1CWzYbHpu13cqFwo2pFH52xt2uQy1kdcrc,True,True,1,1CWzYbHpu13cqFwo2pFH52xt2uQy1kdcrc,wallet,,,
1CZXpKdHdJkeojC8sQLoAAa1PFBaCk3SKM,0,wallet,1CZXpKdHdJkeojC8sQLoAAa1PFBaCk3SKM,True,True,1,1CZXpKdHdJkeojC8sQLoAAa1PFBaCk3SKM,wallet,,,
1CaGv1ZGh96MQVdGcUCJdHWreTmDYvFmQD,0,wallet,1CaGv1ZGh96MQVdGcUCJdHWreTmDYvFmQD,True,True,1,1CaGv1ZGh96MQVdGcUCJdHWreTmDYvFmQD,wallet,,,
1Cr53Doa3kJiricseWoepF93Lb9GmKu14W,0,wallet,1Cr53Doa3kJiricseWoepF93Lb9GmKu14W,True,True,1,1Cr53Doa3kJiricseWoepF93Lb9GmKu14W,wallet,,,
1CuqubCb1USMYc3M5Eh54RhnM23tW5mvKE,0,wallet,1CuqubCb1USMYc3M5Eh54RhnM23tW5mvKE,True,True,1,1CuqubCb1USMYc3M5Eh54RhnM23tW5mvKE,wallet,,,
1Cxo3NSXay2ix57jPQBiKEovy9p6GryJFd,0,wallet,1Cxo3NSXay2ix57jPQBiKEovy9p6GryJFd,True,True,1,1Cxo3NSXay2ix57jPQBiKEovy9p6GryJFd,wallet,,,
1DCMVoybDHetxJJSW1ZW5qaTE1HN3z396b,0,wallet,1DCMVoybDHetxJJSW1ZW5qaTE1HN3z396b,True,True,1,1DCMVoybDHetxJJSW1ZW5qaTE1HN3z396b,wallet,,,
1DHHJdsakHN7tCuLziQqfUHFK5RKpJB6RN,0,wallet,1DHHJdsakHN7tCuLziQqfUHFK5RKpJB6RN,True,True,1,1DHHJdsakHN7tCuLziQqfUHFK5RKpJB6RN,wallet,,,
1DHcJjecWDupUb47bQXddFPZPUAwfVQn2K,0,wallet,1DHcJjecWDupUb47bQXddFPZPUAwfVQn2K,True,True,1,1DHcJjecWDupUb47bQXddFPZPUAwfVQn2K,wallet,,,
1DMFfYxFkSL9mNVpXYnRuqrPNj7nCbphro,0,wallet,1DMFfYxFkSL9mNVpXYnRuqrPNj7nCbphro,True,True,1,1DMFfYxFkSL9mNVpXYnRuqrPNj7nCbphro,wallet,,,
1DRduqEZ51H7qZPuxVCQiuchmPYKnmAvRw,0,wallet,1DRduqEZ51H7qZPuxVCQiuchmPYKnmAvRw,True,True,1,1DRduqEZ51H7qZPuxVCQiuchmPYKnmAvRw,wallet,,,
1DSda4aWVokNsqQjLvb3UqmJm7FkpwAfuw,0,wallet,1DSda4aWVokNsqQjLvb3UqmJm7FkpwAfuw,True,True,1,1DSda4aWVokNsqQjLvb3UqmJm7FkpwAfuw,wallet,,,
1DbJUJXpoufwjCNPqMmRunxwFUDuDwdhQZ,0,wallet,1DbJUJXpoufwjCNPqMmRunxwFUDuDwdhQZ,True,True,1,1DbJUJXpoufwjCNPqMmRunxwFUDuDwdhQZ,wallet,,,
1DgudzUm8imK8Z4Dbc9QD6LwoGScVoX8Sc,0,wallet,1DgudzUm8imK8Z4Dbc9QD6LwoGScVoX8Sc,True,True,1,1DgudzUm8imK8Z4Dbc9QD6LwoGScVoX8Sc,wallet,,,
1Dt5E7nKWunyaovqixUCCQs6YyADqsLcSh,0,wallet,1Dt5E7nKWunyaovqixUCCQs6YyADqsLcSh,True,True,1,1Dt5E7nKWunyaovqixUCCQs6YyADqsLcSh,wallet,,,
1DtXu2JhdfxUQuZF8y3CmQ4xnhmzBtpzqg,0,wallet,1DtXu2JhdfxUQuZF8y3CmQ4xnhmzBtpzqg,True,True,1,1DtXu2JhdfxUQuZF8y3CmQ4xnhmzBtpzqg,wallet,,,
1DyiUUazTR6XwSbPXpdh3gzRtQoJokWUdN,0,wallet,1DyiUUazTR6XwSbPXpdh3gzRtQoJokWUdN,True,True,1,1DyiUUazTR6XwSbPXpdh3gzRtQoJokWUdN,wallet,,,
1EBqp37EQ4A3x1n87RtiY486iJpNSV7TBh,0,wallet,1EBqp37EQ4A3x1n87RtiY486iJpNSV7TBh,True,True,1,1EBqp37EQ4A3x1n87RtiY486iJpNSV7TBh,wallet,,,
1EDNHmXqUX3GXpiA6TaEyNZ7hgJkFuNkqf,0,wallet,1EDNHmXqUX3GXpiA6TaEyNZ7hgJkFuNkqf,True,True,1,1EDNHmXqUX3GXpiA6TaEyNZ7hgJkFuNkqf,wallet,,,
1EEE25dm1UmWq7T4buvTHZBvHkHfFuR64S,0,wallet,1EEE25dm1UmWq7T4buvTHZBvHkHfFuR64S,True,True,1,1EEE25dm1UmWq7T4buvTHZBvHkHfFuR64S,wallet,,,
1ET5nYBfiUqhLtpUoFd1MgpvhWzkRTq1YY,0,wallet,1ET5nYBfiUqhLtpUoFd1MgpvhWzkRTq1YY,True,True,1,1ET5nYBfiUqhLtpUoFd1MgpvhWzkRTq1YY,wallet,,,
1EUkwfqQfqjAkGzQ8q5Ep745uuzL89UXn4,0,wallet,1EUkwfqQfqjAkGzQ8q5Ep745uuzL89UXn4,True,True,1,1EUkwfqQfqjAkGzQ8q5Ep745uuzL89UXn4,wallet,,,
1Ebeoz8NkGUnFu6wWavg3tEUD5tokUVvZB,0,wallet,1Ebeoz8NkGUnFu6wWavg3tEUD5tokUVvZB,True,True,1,1Ebeoz8NkGUnFu6wWavg3tEUD5tokUVvZB,wallet,,,
1EftEfZhQnniFQ4zspDvwP2XcZ1GGuiVVs,0,wallet,1EftEfZhQnniFQ4zspDvwP2XcZ1GGuiVVs,True,True,1,1EftEfZhQnniFQ4zspDvwP2XcZ1GGuiVVs,wallet,,,
1Ek2NLvf1y3kDJZG4Gcxg9aSopHr2gFZeU,0,wallet,1Ek2NLvf1y3kDJZG4Gcxg9aSopHr2gFZeU,True,True,1,1Ek2NLvf1y3kDJZG4Gcxg9aSopHr2gFZeU,wallet,,,
1EpC9eBqX5N7S7JvsAKsQRqeYkYZ6HHxZV,0,wallet,1EpC9eBqX5N7S7JvsAKsQRqeYkYZ6HHxZV,True,True,1,1EpC9eBqX5N7S7JvsAKsQRqeYkYZ6HHxZV,wallet,,,
1EpN67u4zRM75cvjgvt2bnTpiyW89zNjix,0,wallet,1EpN67u4zRM75cvjgvt2bnTpiyW89zNjix,True,True,1,1EpN67u4zRM75cvjgvt2bnTpiyW89zNjix,wallet,,,
1EuZfNetnytRJQqyBkjdqtcUYKPyPgBMWN,0,wallet,1EuZfNetnytRJQqyBkjdqtcUYKPyPgBMWN,True,True,1,1EuZfNetnytRJQqyBkjdqtcUYKPyPgBMWN,wallet,,,
1FDLxxzC8roiGQzCk42sAN22a585GYhqfU,0,wallet,1FDLxxzC8roiGQzCk42sAN22a585GYhqfU,True,True,1,1FDLxxzC8roiGQzCk42sAN22a585GYhqfU,wallet,,,
1FPMsFMyZjVb8s5toDBgZMcWp5LtMa4T2L,0,wallet,1FPMsFMyZjVb8s5toDBgZMcWp5LtMa4T2L,True,True,1,1FPMsFMyZjVb8s5toDBgZMcWp5LtMa4T2L,wallet,,,
1FPWf5PzYU2jWbwmuDHSpAUQxSsbfBdqWh,0,wallet,1FPWf5PzYU2jWbwmuDHSpAUQxSsbfBdqWh,True,True,1,1FPWf5PzYU2jWbwmuDHSpAUQxSsbfBdqWh,wallet,,,
1FU8h6WDyeoMKATLRHNWe4iABWLikuqBL7,0,wallet,1FU8h6WDyeoMKATLRHNWe4iABWLikuqBL7,True,True,1,1FU8h6WDyeoMKATLRHNWe4iABWLikuqBL7,wallet,,,
1FUEt8itNJ9eYsYpHC3FkTnF8xsGpbgX52,0,wallet,1FUEt8itNJ9eYsYpHC3FkTnF8xsGpbgX52,True,True,1,1FUEt8itNJ9eYsYpHC3FkTnF8xsGpbgX52,wallet,,,
1FW2VB4NVmmH6q2MfuCuSxPhp6juXE7f3y,0,wallet,1FW2VB4NVmmH6q2MfuCuSxPhp6juXE7f3y,True,True,1,1FW2VB4NVmmH6q2MfuCuSxPhp6juXE7f3y,wallet,,,
1FXerNAX7ERwnMemWkCB9wVaBFX3ApzARn,0,wallet,1FXerNAX7ERwnMemWkCB9wVaBFX3ApzARn,True,True,1,1FXerNAX7ERwnMemWkCB9wVaBFX3ApzARn,wallet,,,
1FYZyBjDmNh3au9BEv1WyPNZTrD7xiAFqz,0,wallet,1FYZyBjDmNh3au9BEv1WyPNZTrD7xiAFqz,True,True,1,1FYZyBjDmNh3au9BEv1WyPNZTrD7xiAFqz,wallet,,,
1Fa9KqUqxuAgcdwYTgpUZ5Rf6ZPPEWkxn7,0,wallet,1Fa9KqUqxuAgcdwYTgpUZ5Rf6ZPPEWkxn7,True,True,1,1Fa9KqUqxuAgcdwYTgpUZ5Rf6ZPPEWkxn7,wallet,,,
1Fapany5MjJ51ArkS1zidgefPi66zToxQ,0,wallet,1Fapany5MjJ51ArkS1zidgefPi66zToxQ,True,True,1,1Fapany5MjJ51ArkS1zidgefPi66zToxQ,wallet,,,
1FasbCxU9KVQhtmHzShUs2QVcqHDM95z9g,0,wallet,1FasbCxU9KVQhtmHzShUs2QVcqHDM95z9g,True,True,1,1FasbCxU9KVQhtmHzShUs2QVcqHDM95z9g,wallet,,,
1Fb3qtb5uPMsy6KhRB7Bvm5QaGirNaHLXJ,0,wallet,1Fb3qtb5uPMsy6KhRB7Bvm5QaGirNaHLXJ,True,True,1,1Fb3qtb5uPMsy6KhRB7Bvm5QaGirNaHLXJ,wallet,,,
1Fh9RtEDWHPG2QL1G3WFadukW5VgP4dfYP,0,wallet,1Fh9RtEDWHPG2QL1G3WFadukW5VgP4dfYP,True,True,1,1Fh9RtEDWHPG2QL1G3WFadukW5VgP4dfYP,wallet,,,
1FvSbfwcLEuZJsQEqhEvbZWRw4ww2P6Ggq,0,wallet,1FvSbfwcLEuZJsQEqhEvbZWRw4ww2P6Ggq,True,True,1,1FvSbfwcLEuZJsQEqhEvbZWRw4ww2P6Ggq,wallet,,,
1FwYNJseyYKxDH8ippeL9dLPQqN4WJrdcY,0,wallet,1FwYNJseyYKxDH8ippeL9dLPQqN4WJrdcY,True,True,1,1FwYNJseyYKxDH8ippeL9dLPQqN4WJrdcY,wallet,,,
1G6zM9DMC2bBLN9SNvaq8osjsEKz5Gbenx,0,wallet,1G6zM9DMC2bBLN9SNvaq8osjsEKz5Gbenx,True,True,1,1G6zM9DMC2bBLN9SNvaq8osjsEKz5Gbenx,wallet,,,
1G8kLqobttQXQtMvNeM594JdrdMXvcva5Q,0,wallet,1G8kLqobttQXQtMvNeM594JdrdMXvcva5Q,True,True,1,1G8kLqobttQXQtMvNeM594JdrdMXvcva5Q,wallet,,,
1G9EgCwYbjTXJX2CX2s1BVoFxVstAaPkDh,0,wallet,1G9EgCwYbjTXJX2CX2s1BVoFxVstAaPkDh,True,True,1,1G9EgCwYbjTXJX2CX2s1BVoFxVstAaPkDh,wallet,,,
1G9ssZdjzjMFa6KrPq7gaiRcf3bDYAyKrB,0,wallet,1G9ssZdjzjMFa6KrPq7gaiRcf3bDYAyKrB,True,True,1,1G9ssZdjzjMFa6KrPq7gaiRcf3bDYAyKrB,wallet,,,
1GBYznpMywEh4kwy7GbDjG9YA9PnUzYMRZ,0,wallet,1GBYznpMywEh4kwy7GbDjG9YA9PnUzYMRZ,True,True,1,1GBYznpMywEh4kwy7GbDjG9YA9PnUzYMRZ,wallet,,,
1GDEhvVbDBaR6Wro6GXve3xp2gDKtDpRQr,0,wallet,1GDEhvVbDBaR6Wro6GXve3xp2gDKtDpRQr,True,True,1,1GDEhvVbDBaR6Wro6GXve3xp2gDKtDpRQr,wallet,,,
1GQ5MT4pWKyeUdfThrdYrcicPasi7YEJxq,0,wallet,1GQ5MT4pWKyeUdfThrdYrcicPasi7YEJxq,True,True,1,1GQ5MT4pWKyeUdfThrdYrcicPasi7YEJxq,wallet,,,
1GU1B4cjFP6YshJgU4er2HqfHAB5t2K3fb,0,wallet,1GU1B4cjFP6YshJgU4er2HqfHAB5t2K3fb,True,True,1,1GU1B4cjFP6YshJgU4er2HqfHAB5t2K3fb,wallet,,,
1GW5C464c726jG3HzYBirpKbGpHWLtEQ2p,0,wallet,1GW5C464c726jG3HzYBirpKbGpHWLtEQ2p,True,True,1,1GW5C464c726jG3HzYBirpKbGpHWLtEQ2p,wallet,,,
1Gay4Z6kUcJ8waMVzbmGCXDXyNtaBzc9r2,0,wallet,1Gay4Z6kUcJ8waMVzbmGCXDXyNtaBzc9r2,True,True,1,1Gay4Z6kUcJ8waMVzbmGCXDXyNtaBzc9r2,wallet,,,
1GgNM14LmR6JmJ3T65Wd6hgk9kdK2GU81X,0,wallet,1GgNM14LmR6JmJ3T65Wd6hgk9kdK2GU81X,True,True,1,1GgNM14LmR6JmJ3T65Wd6hgk9kdK2GU81X,wallet,,,
1GgYtchLhG9df4uWL1czP9xBSieWaaGZeJ,0,wallet,1GgYtchLhG9df4uWL1czP9xBSieWaaGZeJ,True,True,1,1GgYtchLhG9df4uWL1czP9xBSieWaaGZeJ,wallet,,,
1GigAjvg6nFGRyMpL2EXUUYnEos3tgrnqy,0,wallet,1GigAjvg6nFGRyMpL2EXUUYnEos3tgrnqy,True,True,1,1GigAjvg6nFGRyMpL2EXUUYnEos3tgrnqy,wallet,,,
1GnJxdDh5D9LffAUJtUWqFfA2kniuWVuvj,0,wallet,1GnJxdDh5D9LffAUJtUWqFfA2kniuWVuvj,True,True,1,1GnJxdDh5D9LffAUJtUWqFfA2kniuWVuvj,wallet,,,
1GwNamFAE2DZCHUXWrqCgGB4mM46ynEpSS,0,wallet,1GwNamFAE2DZCHUXWrqCgGB4mM46ynEpSS,True,True,1,1GwNamFAE2DZCHUXWrqCgGB4mM46ynEpSS,wallet,,,
1H8LGXv7UKSUm2MYP5qAPQnuUKu8CzAbLE,0,wallet,1H8LGXv7UKSUm2MYP5qAPQnuUKu8CzAbLE,True,True,1,1H8LGXv7UKSUm2MYP5qAPQnuUKu8CzAbLE,wallet,,,
1HCx3xX3Ut7v6GjMEyjj7tivTnStWA4qRV,0,wallet,1HCx3xX3Ut7v6GjMEyjj7tivTnStWA4qRV,True,True,1,1HCx3xX3Ut7v6GjMEyjj7tivTnStWA4qRV,wallet,,,
1HHRGJ52hfaXLjLMB6DhS8fRiLYrN4nfbc,0,wallet,1HHRGJ52hfaXLjLMB6DhS8fRiLYrN4nfbc,True,True,1,1HHRGJ52hfaXLjLMB6DhS8fRiLYrN4nfbc,wallet,,,
1HKMNhhxdZVT8TuqPt1JzqoadF4N9hu5L6,0,wallet,1HKMNhhxdZVT8TuqPt1JzqoadF4N9hu5L6,True,True,1,1HKMNhhxdZVT8TuqPt1JzqoadF4N9hu5L6,wallet,,,
1HLGbik88uLbJGnCoYJF1h5qTFaUV8Aiv6,0,wallet,1HLGbik88uLbJGnCoYJF1h5qTFaUV8Aiv6,True,True,1,1HLGbik88uLbJGnCoYJF1h5qTFaUV8Aiv6,wallet,,,
1HQfXfrtw7zZVq3ouzdDKSeF42xgBgnY5t,0,wallet,1HQfXfrtw7zZVq3ouzdDKSeF42xgBgnY5t,True,True,1,1HQfXfrtw7zZVq3ouzdDKSeF42xgBgnY5t,wallet,,,
1HRTJvohJfEnmEw7TpH7RZwoECw5eqZDmf,0,wallet,1HRTJvohJfEnmEw7TpH7RZwoECw5eqZDmf,True,True,1,1HRTJvohJfEnmEw7TpH7RZwoECw5eqZDmf,wallet,,,
1HTrkiQsa7bXK6DBCat5MXGzguZDz6PGGR,0,wallet,1HTrkiQsa7bXK6DBCat5MXGzguZDz6PGGR,True,True,1,1HTrkiQsa7bXK6DBCat5MXGzguZDz6PGGR,wallet,,,
1Hf6VoZ4sEb4Ghg7ymRRTfMqhU8PPFpcPA,0,wallet,1Hf6VoZ4sEb4Ghg7ymRRTfMqhU8PPFpcPA,True,True,1,1Hf6VoZ4sEb4Ghg7ymRRTfMqhU8PPFpcPA,wallet,,,
1Hgc7mpsZhWhcugd1scZAouewJCNy9kuzj,0,wallet,1Hgc7mpsZhWhcugd1scZAouewJCNy9kuzj,True,True,1,1Hgc7mpsZhWhcugd1scZAouewJCNy9kuzj,wallet,,,
1HrVadBipcfHqpKFAoJUvusAFh4VBJmjmq,0,wallet,1HrVadBipcfHqpKFAoJUvusAFh4VBJmjmq,True,True,1,1HrVadBipcfHqpKFAoJUvusAFh4VBJmjmq,wallet,,,
1Hsb3THwNED2auaqvBwXqBceGA5XPYMdgu,0,wallet,1Hsb3THwNED2auaqvBwXqBceGA5XPYMdgu,True,True,1,1Hsb3THwNED2auaqvBwXqBceGA5XPYMdgu,wallet,,,
1Hw7y1Bntk3kc5FYUjWbbLDccHtceAQtTk,0,wallet,1Hw7y1Bntk3kc5FYUjWbbLDccHtceAQtTk,True,True,1,1Hw7y1Bntk3kc5FYUjWbbLDccHtceAQtTk,wallet,,,
1HwEDAFREJaEY5V8inLTC5NQL2Vi6Seaeh,0,wallet,1HwEDAFREJaEY5V8inLTC5NQL2Vi6Seaeh,True,True,1,1HwEDAFREJaEY5V8inLTC5NQL2Vi6Seaeh,wallet,,,
1HxdXeCepjteiTJRKoN5wgRHgHwu7XW3Z,0,wallet,1HxdXeCepjteiTJRKoN5wgRHgHwu7XW3Z,True,True,1,1HxdXeCepjteiTJRKoN5wgRHgHwu7XW3Z,wallet,,,
1J33riwcPtmCVPdtnhh95dM6fiypg4dgDb,0,wallet,1J33riwcPtmCVPdtnhh95dM6fiypg4dgDb,True,True,1,1J33riwcPtmCVPdtnhh95dM6fiypg4dgDb,wallet,,,
1J63FGhqbC8PxHjEnePRWjmJKrr7VGtr3J,0,wallet,1J63FGhqbC8PxHjEnePRWjmJKrr7VGtr3J,True,True,1,1J63FGhqbC8PxHjEnePRWjmJKrr7VGtr3J,wallet,,,
1J7DwXCNZnhJn1HGmdP2ogQcGjqzFRzEz4,0,wallet,1J7DwXCNZnhJn1HGmdP2ogQcGjqzFRzEz4,True,True,1,1J7DwXCNZnhJn1HGmdP2ogQcGjqzFRzEz4,wallet,,,
1J87a8pTvt26H9V4nRGDV2yMZQZKJJ87n2,0,wallet,1J87a8pTvt26H9V4nRGDV2yMZQZKJJ87n2,True,True,1,1J87a8pTvt26H9V4nRGDV2yMZQZKJJ87n2,wallet,,,
1JCRM3o11HL8nMYoryXsPJMGattUpVuEtm,0,wallet,1JCRM3o11HL8nMYoryXsPJMGattUpVuEtm,True,True,1,1JCRM3o11HL8nMYoryXsPJMGattUpVuEtm,wallet,,,
1JDYnj2gSwpSz32wAoTyTv6MuZYVUvmGy6,0,wallet,1JDYnj2gSwpSz32wAoTyTv6MuZYVUvmGy6,True,True,1,1JDYnj2gSwpSz32wAoTyTv6MuZYVUvmGy6,wallet,,,
1JP84sUvUL5RmQNVbSnCvtRD9Wmhhsem88,0,wallet,1JP84sUvUL5RmQNVbSnCvtRD9Wmhhsem88,True,True,1,1JP84sUvUL5RmQNVbSnCvtRD9Wmhhsem88,wallet,,,
1JQAcChp1XPCHW4Qf5WvKPVM5vADTG39HV,0,wallet,1JQAcChp1XPCHW4Qf5WvKPVM5vADTG39HV,True,True,1,1JQAcChp1XPCHW4Qf5WvKPVM5vADTG39HV,wallet,,,
1JQfujkbY8z3jNq4LAMQ5fAhznp73j6TZD,0,wallet,1JQfujkbY8z3jNq4LAMQ5fAhznp73j6TZD,True,True,1,1JQfujkbY8z3jNq4LAMQ5fAhznp73j6TZD,wallet,,,
1JUGGE3M9DSXJkAzZRb9cKoCemdZtqh8WL,0,wallet,1JUGGE3M9DSXJkAzZRb9cKoCemdZtqh8WL,True,True,1,1JUGGE3M9DSXJkAzZRb9cKoCemdZtqh8WL,wallet,,,
1JUtUpMu16tE83ANXMVQKHpAbmBch7xxQo,0,wallet,1JUtUpMu16tE83ANXMVQKHpAbmBch7xxQo,True,True,1,1JUtUpMu16tE83ANXMVQKHpAbmBch7xxQo,wallet,,,
1JXHrzoTzzfXBVjX1Dp1aGvrRjtHfjRimr,0,wallet,1JXHrzoTzzfXBVjX1Dp1aGvrRjtHfjRimr,True,True,1,1JXHrzoTzzfXBVjX1Dp1aGvrRjtHfjRimr,wallet,,,
1JgyupKg1AoJyBoKm6iNpsqKcRXCTarcrL,0,wallet,1JgyupKg1AoJyBoKm6iNpsqKcRXCTarcrL,True,True,1,1JgyupKg1AoJyBoKm6iNpsqKcRXCTarcrL,wallet,,,
1JhyYwqm3hJAKJTaohAbCUe34Nzbx1g4Bz,0,wallet,1JhyYwqm3hJAKJTaohAbCUe34Nzbx1g4Bz,True,True,1,1JhyYwqm3hJAKJTaohAbCUe34Nzbx1g4Bz,wallet,,,
1JjnK9u5NecDrxk5KUPdaaop579biTUar3,0,wallet,1JjnK9u5NecDrxk5KUPdaaop579biTUar3,True,True,1,1JjnK9u5NecDrxk5KUPdaaop579biTUar3,wallet,,,
1JoqgsPaTmfAyTb8DdZ41kjJ12USqpj7LK,0,wallet,1JoqgsPaTmfAyTb8DdZ41kjJ12USqpj7LK,True,True,1,1JoqgsPaTmfAyTb8DdZ41kjJ12USqpj7LK,wallet,,,
1Jykszpp2f7brc8mBBgZKH5iTVSAUt5Mnw,0,wallet,1Jykszpp2f7brc8mBBgZKH5iTVSAUt5Mnw,True,True,1,1Jykszpp2f7brc8mBBgZKH5iTVSAUt5Mnw,wallet,,,
1JzPqsUEaTHgkRj2qVDkrcXBA3tTnSQdxW,0,wallet,1JzPqsUEaTHgkRj2qVDkrcXBA3tTnSQdxW,True,True,1,1JzPqsUEaTHgkRj2qVDkrcXBA3tTnSQdxW,wallet,,,
1K3HrqBsoamR8RvNq7x4bNgbpd7m5VH4iJ,0,wallet,1K3HrqBsoamR8RvNq7x4bNgbpd7m5VH4iJ,True,True,1,1K3HrqBsoamR8RvNq7x4bNgbpd7m5VH4iJ,wallet,,,
1K3iK5DjeEzseBRiPnGpK15Nm2MMdi3MVe,0,wallet,1K3iK5DjeEzseBRiPnGpK15Nm2MMdi3MVe,True,True,1,1K3iK5DjeEzseBRiPnGpK15Nm2MMdi3MVe,wallet,,,
1K7XKM3KGbNrPEPeHqYXTQMVMDJgsEfCjF,0,wallet,1K7XKM3KGbNrPEPeHqYXTQMVMDJgsEfCjF,True,True,1,1K7XKM3KGbNrPEPeHqYXTQMVMDJgsEfCjF,wallet,,,
1K9NwGYFuL5tukdkUPSfvuC94vvMrF2dC6,0,wallet,1K9NwGYFuL5tukdkUPSfvuC94vvMrF2dC6,True,True,1,1K9NwGYFuL5tukdkUPSfvuC94vvMrF2dC6,wallet,,,
1K9kJQWzVFeLN7aDD2iU71w7QuugwMaz57,0,wallet,1K9kJQWzVFeLN7aDD2iU71w7QuugwMaz57,True,True,1,1K9kJQWzVFeLN7aDD2iU71w7QuugwMaz57,wallet,,,
1KDAow64UYTLfU1wadUGXuZjdAYP6aRuTa,0,wallet,1KDAow64UYTLfU1wadUGXuZjdAYP6aRuTa,True,True,1,1KDAow64UYTLfU1wadUGXuZjdAYP6aRuTa,wallet,,,
1KMpBsLA6bJXpuAbgWsEommcwGHRdJau72,0,wallet,1KMpBsLA6bJXpuAbgWsEommcwGHRdJau72,True,True,1,1KMpBsLA6bJXpuAbgWsEommcwGHRdJau72,wallet,,,
1KW7WEQF6mZVZ62WjtHmFYQAndCP3Yq6hc,0,wallet,1KW7WEQF6mZVZ62WjtHmFYQAndCP3Yq6hc,True,True,1,1KW7WEQF6mZVZ62WjtHmFYQAndCP3Yq6hc,wallet,,,
1KacrxgxFiYE1rjKB8PNEAbUZQp9uJGX9p,0,wallet,1KacrxgxFiYE1rjKB8PNEAbUZQp9uJGX9p,True,True,1,1KacrxgxFiYE1rjKB8PNEAbUZQp9uJGX9p,wallet,,,
1Kgc4L9MtD3GDsXkWqRbbdTh63pWxsAAzY,0,wallet,1Kgc4L9MtD3GDsXkWqRbbdTh63pWxsAAzY,True,True,1,1Kgc4L9MtD3GDsXkWqRbbdTh63pWxsAAzY,wallet,,,
1Kp9bSWQFSkopuc2fcpZMnwzGj4kRotaGQ,0,wallet,1Kp9bSWQFSkopuc2fcpZMnwzGj4kRotaGQ,True,True,1,1Kp9bSWQFSkopuc2fcpZMnwzGj4kRotaGQ,wallet,,,
1KqtBNpjJdk9QzyqyfPaXdiGg93mewmnzL,0,wallet,1KqtBNpjJdk9QzyqyfPaXdiGg93mewmnzL,True,True,1,1KqtBNpjJdk9QzyqyfPaXdiGg93mewmnzL,wallet,,,
1KtJwR52ZAvK476XBFR4157r1nyXBMBPjn,0,wallet,1KtJwR52ZAvK476XBFR4157r1nyXBMBPjn,True,True,1,1KtJwR52ZAvK476XBFR4157r1nyXBMBPjn,wallet,,,
1KyvjyH8QZReT2xuuX1VkN1HgME7VS3XDs,0,wallet,1KyvjyH8QZReT2xuuX1VkN1HgME7VS3XDs,True,True,1,1KyvjyH8QZReT2xuuX1VkN1HgME7VS3XDs,wallet,,,
1L1i1Kqfd6w5Wz4G3xV39vq6cLKxbi2Yra,0,wallet,1L1i1Kqfd6w5Wz4G3xV39vq6cLKxbi2Yra,True,True,1,1L1i1Kqfd6w5Wz4G3xV39vq6cLKxbi2Yra,wallet,,,
1L3QW4S46ofCxBfeNb37q8uSBPv2hZ2y3J,0,wallet,1L3QW4S46ofCxBfeNb37q8uSBPv2hZ2y3J,True,True,1,1L3QW4S46ofCxBfeNb37q8uSBPv2hZ2y3J,wallet,,,
1LCwwzZXRFDuX2wbJFtEsrk9dJgT6jDqAm,0,wallet,1LCwwzZXRFDuX2wbJFtEsrk9dJgT6jDqAm,True,True,1,1LCwwzZXRFDuX2wbJFtEsrk9dJgT6jDqAm,wallet,,,
1LDtKBCxF1vNuNKHv1j4MsUq7Jja8Q6DWt,0,wallet,1LDtKBCxF1vNuNKHv1j4MsUq7Jja8Q6DWt,True,True,1,1LDtKBCxF1vNuNKHv1j4MsUq7Jja8Q6DWt,wallet,,,
1LF8WVoSEMiWYd4AfrTDWRiENau7E22yQw,0,wallet,1LF8WVoSEMiWYd4AfrTDWRiENau7E22yQw,True,True,1,1LF8WVoSEMiWYd4AfrTDWRiENau7E22yQw,wallet,,,
1LFt7eKYa8nF2tDA7e78ux9r3qzU6ujPoj,0,wallet,1LFt7eKYa8nF2tDA7e78ux9r3qzU6ujPoj,True,True,1,1LFt7eKYa8nF2tDA7e78ux9r3qzU6ujPoj,wallet,,,
1LFyJrJ2nZXiPQ45tRp2Br79LuCCavR1HJ,0,wallet,1LFyJrJ2nZXiPQ45tRp2Br79LuCCavR1HJ,True,True,1,1LFyJrJ2nZXiPQ45tRp2Br79LuCCavR1HJ,wallet,,,
1LHmBwvxWYG5uKAKTfqfTNX7nSrReZGxxP,0,wallet,1LHmBwvxWYG5uKAKTfqfTNX7nSrReZGxxP,True,True,1,1LHmBwvxWYG5uKAKTfqfTNX7nSrReZGxxP,wallet,,,
1LXKUtNH2L6ALNKy6T1bWSCtQYhexJNViX,0,wallet,1LXKUtNH2L6ALNKy6T1bWSCtQYhexJNViX,True,True,1,1LXKUtNH2L6ALNKy6T1bWSCtQYhexJNViX,wallet,,,
1LZm4gA2kJzKJvKBNmKKmfjwqLY61fen7M,0,wallet,1LZm4gA2kJzKJvKBNmKKmfjwqLY61fen7M,True,True,1,1LZm4gA2kJzKJvKBNmKKmfjwqLY61fen7M,wallet,,,
1LgaiM89zJVxAiSWMqmRoQq3JZ6ugMRJMf,0,wallet,1LgaiM89zJVxAiSWMqmRoQq3JZ6ugMRJMf,True,True,1,1LgaiM89zJVxAiSWMqmRoQq3JZ6ugMRJMf,wallet,,,
1LjQWdyM4Ra4NosgDqS9HjzMCXmDRMgmDj,0,wallet,1LjQWdyM4Ra4NosgDqS9HjzMCXmDRMgmDj,True,True,1,1LjQWdyM4Ra4NosgDqS9HjzMCXmDRMgmDj,wallet,,,
1Lmhvx9dwm3NpXXiCNwADWhJ4NNMYmmLAe,0,wallet,1Lmhvx9dwm3NpXXiCNwADWhJ4NNMYmmLAe,True,True,1,1Lmhvx9dwm3NpXXiCNwADWhJ4NNMYmmLAe,wallet,,,
1Lvtgk1sxen4ssGhNqHtmynP8r4pTsVrBb,0,wallet,1Lvtgk1sxen4ssGhNqHtmynP8r4pTsVrBb,True,True,1,1Lvtgk1sxen4ssGhNqHtmynP8r4pTsVrBb,wallet,,,
1LwV1voDFzVuAsrTiPp9bRYJjsrCM6aWJr,0,wallet,1LwV1voDFzVuAsrTiPp9bRYJjsrCM6aWJr,True,True,1,1LwV1voDFzVuAsrTiPp9bRYJjsrCM6aWJr,wallet,,,
1LxVj9P2maFj6HFEeeNTHjp8GS5vpuDdoN,0,wallet,1LxVj9P2maFj6HFEeeNTHjp8GS5vpuDdoN,True,True,1,1LxVj9P2maFj6HFEeeNTHjp8GS5vpuDdoN,wallet,,,
1LxfkgoTYKJZWjUdtxvhf8ZtbG3515eQzc,0,wallet,1LxfkgoTYKJZWjUdtxvhf8ZtbG3515eQzc,True,True,1,1LxfkgoTYKJZWjUdtxvhf8ZtbG3515eQzc,wallet,,,
1M2kxJ6ANeQPjMjMwot484TuU7JR9TwwGB,0,wallet,1M2kxJ6ANeQPjMjMwot484TuU7JR9TwwGB,True,True,1,1M2kxJ6ANeQPjMjMwot484TuU7JR9TwwGB,wallet,,,
1MANkm8fKy4N5TU93qYVzvrn7wpRjg4cxN,0,wallet,1MANkm8fKy4N5TU93qYVzvrn7wpRjg4cxN,True,True,1,1MANkm8fKy4N5TU93qYVzvrn7wpRjg4cxN,wallet,,,
1MCXGUW8VLJbf9rWC7PpojJCzwuMD4KMPL,0,wallet,1MCXGUW8VLJbf9rWC7PpojJCzwuMD4KMPL,True,True,1,1MCXGUW8VLJbf9rWC7PpojJCzwuMD4KMPL,wallet,,,
1MMbWWaNms5M8jmLuNuAvdpKFDspuWrPGi,0,wallet,1MMbWWaNms5M8jmLuNuAvdpKFDspuWrPGi,True,True,1,1MMbWWaNms5M8jmLuNuAvdpKFDspuWrPGi,wallet,,,
1MPfnTCCwNVg9BSLvjA4X3zAboZUCJyxYp,0,wallet,1MPfnTCCwNVg9BSLvjA4X3zAboZUCJyxYp,True,True,1,1MPfnTCCwNVg9BSLvjA4X3zAboZUCJyxYp,wallet,,,
1MXxyxPNAQZJVnV5Bb8NhCKNZcruqF6N9X,0,wallet,1MXxyxPNAQZJVnV5Bb8NhCKNZcruqF6N9X,True,True,1,1MXxyxPNAQZJVnV5Bb8NhCKNZcruqF6N9X,wallet,,,
1MdKDR818Vnq2w4w5FrvczHSiLnjBCnvZ7,0,wallet,1MdKDR818Vnq2w4w5FrvczHSiLnjBCnvZ7,True,True,1,1MdKDR818Vnq2w4w5FrvczHSiLnjBCnvZ7,wallet,,,
1MeLQ3rV6CNKXyjS4HXuKPtx2ZaXAaCwTa,0,wallet,1MeLQ3rV6CNKXyjS4HXuKPtx2ZaXAaCwTa,True,True,1,1MeLQ3rV6CNKXyjS4HXuKPtx2ZaXAaCwTa,wallet,,,
1Mhq2r96soeUVLR2WcunimH7m4nLF5Vnsv,0,wallet,1Mhq2r96soeUVLR2WcunimH7m4nLF5Vnsv,True,True,1,1Mhq2r96soeUVLR2WcunimH7m4nLF5Vnsv,wallet,,,
1MqPjmY3ZSEiN8xCPvamfSiTGZZJPc6sw9,0,wallet,1MqPjmY3ZSEiN8xCPvamfSiTGZZJPc6sw9,True,True,1,1MqPjmY3ZSEiN8xCPvamfSiTGZZJPc6sw9,wallet,,,
1MqrDEv5uZtjYvPEz52nmKvPSmVNVDpDj2,0,wallet,1MqrDEv5uZtjYvPEz52nmKvPSmVNVDpDj2,True,True,1,1MqrDEv5uZtjYvPEz52nmKvPSmVNVDpDj2,wallet,,,
1MtY7TqeaTsPb1ZWBgZDNotCun6uBwegwq,0,wallet,1MtY7TqeaTsPb1ZWBgZDNotCun6uBwegwq,True,True,1,1MtY7TqeaTsPb1ZWBgZDNotCun6uBwegwq,wallet,,,
1N42NsZFoebNc4PCh4QcqAWriopURt66cy,0,wallet,1N42NsZFoebNc4PCh4QcqAWriopURt66cy,True,True,1,1N42NsZFoebNc4PCh4QcqAWriopURt66cy,wallet,,,
146n8m4S4Zc1B7s4CKn54NorrnBaQZ36R5,12,wallet,1741r3S1h6CmQAZp38BDxhC53L3m8T9yr8,False,True,13,146n8m4S4Zc1B7s4CKn54NorrnBaQZ36R5|85005005|19p6vXatmksUMD66vT1zkFkSeWH6DGD5ck|84359449|1P3CoreSSJEULAPkJMQiBLCBQjFDoayER|84359444|1Fo9witfsyt4P8NtRojMh6uziT4mJpL51g|84359438|171eXCAj6b3ykoz6TWDJWdwMaVn9oirxpi|84359428|18e8wNvxG5zspijD8VYokV8BneCv3Fr2Ww|84359422|1741r3S1h6CmQAZp38BDxhC53L3m8T9yr8,wallet|transaction|wallet|transaction|wallet|transaction|wallet|transaction|wallet|transaction|wallet|transaction|wallet,|0.313791|0.402966|0.335761|0.403719|0.278651|0.403241|0.347442|0.402625|0.225826|0.404337|0.3504|0.38514,|0.313791|0.201483|0.335761|0.201859|0.278651|0.20162|0.347442|0.201313|0.225826|0.202168|0.3504|0.38514,||0.160703|-0.179146|0.0280218|0.186983|0.276239|0.0638037|0.322739|0.22519|-0.0115803|0.641215|0.264847
1HhMuN8MkqdXRW812tXr8Ctdy4N8Jo3LBm,12,wallet,1H8BAhQw2YwhVREwRwKB6mikKc86ApkGs3,False,True,13,1HhMuN8MkqdXRW812tXr8Ctdy4N8Jo3LBm|30179400|1BkZJXyWHDjqKNxsTwwuEfg41mUSvQaRob|30179398|17PaYsk1HoFbCgLLa9ahTfJiYsP35i8mXs|30179397|144VvxaYQ665gQY8RvJZyF6LsmNEkErLPm|30179395|1AJAPYyv2f3wvwiZH9ypnqoctfcf9ZYLi7|30179394|19Jy3b1jQCY8UJwx7z3jf3jWc4C7pzvoyv|30179393|1H8BAhQw2YwhVREwRwKB6mikKc86ApkGs3,wallet|transaction|wallet|transaction|wallet|transaction|wallet|transaction|wallet|transaction|wallet|transaction|wallet,|0.34374|0.404136|0.341976|0.402609|0.329426|0.403137|0.345427|0.403902|0.336961|0.404128|0.345581|0.385264,|0.34374|0.202068|0.341976|0.201305|0.329426|0.201569|0.345427|0.201951|0.336961|0.202064|0.345581|0.385264,||0.0202267|-0.00141257|0.113233|0.149534|0.281656|0.165809|-0.00938457|0.189152|-0.000938654|0.449544|0.122705
1A263oPkyaGxsZC2yntVVUXxoos59fzfDe,10,wallet,1HD5Mz5EutsTF2bBKQiZPd4Ho5BWJvgsDM,False,True,11,1A263oPkyaGxsZC2yntVVUXxoos59fzfDe|30180256|19oEJmKEKNL78nyAWXYz5LKpKTC9qoF4X1|30180257|15sgmMYSXXJrZPfcCu9eFgaqXbWufKG7Qm|30179417|152mj5PYfqnSToeuWbdZVopUoTs5Acoyz6|30179348|1MqiMKPw6vXd2jkRHFkABo1c3i9moskd1H|30179334|1HD5Mz5EutsTF2bBKQiZPd4Ho5BWJvgsDM,wallet|transaction|wallet|transaction|wallet|transaction|wallet|transaction|wallet|transaction|wallet,|0.316638|0.402605|0.337877|0.402925|0.339241|0.402331|0.30959|0.404104|0.345539|0.385264,|0.316638|0.201303|0.337877|0.201463|0.339241|0.201165|0.30959|0.202052|0.345539|0.385264,||0.251275|0.100261|0.0628441|0.508955|0.284763|0.0929244|-0.0447119|0.76365|0.121052
1Ds3LdXRJoAzysuDaydw7uj5323Vf2FJkx,10,wallet,1NPUPVKsJknhs1gLJsijvNebQk24FCzt9E,False,True,11,1Ds3LdXRJoAzysuDaydw7uj5323Vf2FJkx|268996440|1GdeZpQRkhedRxUWJnrAmHzFwrXdamyBqS|268996252|14je2fdcMGKxL9XuHQmMpebs9ADT6LopYB|268996244|1KG7aBnBuxJxZ7kHiosu2GAGtVPkD4oYE4|268964432|17Qja4FFh2YTxCuqVsjvLECJLMUoMowYP7|268964426|1NPUPVKsJknhs1gLJsijvNebQk24FCzt9E,wallet|transaction|wallet|transaction|wallet|transaction|wallet|transaction|wallet|transaction|wallet,|0.344346|0.404427|0.344298|0.404714|0.348597|0.404833|0.340129|0.40486|0.350552|0.385122,|0.344346|0.202213|0.344298|0.202357|0.348597|0.202417|0.340129|0.20243|0.350552|0.385122,||-0.00114989|-0.0406351|-0.00107533|-0.0407991|-0.0070926|-0.0342866|-0.00524577|0.0619324|0.291404
226668066,8,transaction,174774267,False,True,9,226668066|1AX5oZuY4v39CeXziAC1XMTm7cfFUrMpKZ|218190265|19X1ZDPV1neY7bH2VSxArUWmvTkQAmJy75|175789563|1A27P6JvVqY14ssne4eKZZJvnYsX7BwqCE|175433937|17WZo15h71VJwMTdzbkJsyNEJHymASqheC|174774267,transaction|wallet|transaction|wallet|transaction|wallet|transaction|wallet|transaction,|0.404478|0.352781|0.398462|0.341486|0.402262|0.266381|0.399822|0.294327,|0.202239|0.352781|0.199231|0.341486|0.057466|0.266381|0.199911|0.294327,|0.00175735|0.00025928|0.298518|0.00407791|0.0461993|0.065286|-0.154557|0.154311
14RjaziZ7GWFUXSffhmRyg1RLBGJRwXeSf,8,wallet,1L9pd8iebANDk8Ypmn3cqDamFxjgUmjis9,False,True,9,14RjaziZ7GWFUXSffhmRyg1RLBGJRwXeSf|210638488|1KkSDKg3YmvHrYFTx12akk8f2uvje4WFaA|209482588|1AS8XnJMt7NiEuhaTZe9hTpDrZScAtHeB3|209041260|1DiPgvBtBQWuCNmdtiahBuLhZrwMZ16syF|51018430|1L9pd8iebANDk8Ypmn3cqDamFxjgUmjis9,wallet|transaction|wallet|transaction|wallet|transaction|wallet|transaction|wallet,|0.345537|0.402938|0.332517|0.398832|0.30533|0.404995|0.350564|0.385096,|0.345537|0.100735|0.0665034|0.199416|0.30533|0.202497|0.350564|0.192548,||0.242429|8.11219e-05|-0.136458|-0.608097|-0.041285|0.231042|-0.0114231
17wNai6ihM673HSnXeG5V3wYuYTyHqx8P2,8,wallet,17ZddYm2WLxVpE4sJ8MX1tN4ZsUbBjidps,False,True,9,17wNai6ihM673HSnXeG5V3wYuYTyHqx8P2|30179589|1N6gBtQvoQpFR8sV1FQyxUck8DLGvwbjfq|30179422|1CMw7mNHexfKDt5oHiuyBMpwMCioCMkDxd|30179375|1kwbZ4dFcHZTg9D4VrvVhT5AHJLzPCgJb|30179325|17ZddYm2WLxVpE4sJ8MX1tN4ZsUbBjidps,wallet|transaction|wallet|transaction|wallet|transaction|wallet|transaction|wallet,|0.334624|0.403169|0.336811|0.402206|0.341273|0.404241|0.345587|0.385264,|0.334624|0.201584|0.336811|0.201103|0.341273|0.134747|0.345587|0.385264,||0.0377308|0.452709|-0.0829031|-0.0313642|-0.0216299|0.103019|0.122921
18onVYk1TACKnQRuJss67DremM2iUVWXqt,8,wallet,17449eF7RZzkijqwoVAm9GstJq5DNmzFkK,False,True,9,18onVYk1TACKnQRuJss67DremM2iUVWXqt|67674079|1J9RwcLEBBtRuATXYoZD71vyKSSeAMdLuA|67674082|1LUUG6c8Bg9Q31fw5TmqTmr7VS8Yv5VZxE|69980128|17D6N6YYaRnAZ7kGtfEnYnUHX22JtSnhDW|69268129|17449eF7RZzkijqwoVAm9GstJq5DNmzFkK,wallet|transaction|wallet|transaction|wallet|transaction|wallet|transaction|wallet,|0.35282|0.404852|0.315592|0.400998|0.297626|0.399735|0.0328937|0.399183,|0.17641|0.202426|0.315592|0.133666|0.297626|0.199868|0.0328937|0.199591,||0.0931055|0.00142312|-0.0460869|0.340979|0.186463|0.417509|0.109729
18wJ1tiuP1wWj4ghPtRLjta6KSUyXNzrsb,8,wallet,1F2LAWZrxmuEA3H7geC7MBFNPtsx1GBuYW,False,True,9,18wJ1tiuP1wWj4ghPtRLjta6KSUyXNzrsb|85004966|16EYAU8mWYivcUZtXs7ypXnnjwVwZjweDG|84368163|1GQBsjszHKdSXfNCS4f6MXHhGDfGoZxhJC|84368154|1XXXiBzQN1wviTjDcWynueESqYPgSEuDG|84368148|1F2LAWZrxmuEA3H7geC7MBFNPtsx1GBuYW,wallet|transaction|wallet|transaction|wallet|transaction|wallet|transaction|wallet,|0.348662|0.405646|0.351112|0.405262|0.344698|0.404334|0.350491|0.385137,|0.348662|0.202823|0.351112|0.202631|0.344698|0.202167|0.350491|0.385137,||0.00360554|-0.00934404|0.0104524|-0.00325334|0.0443272|0.0439668|0.271161
1CGNZN9vxoufjbN1GWKgRVXCZVdb78dc3v,8,wallet,1CbXbBmuqCzi3d6otHEYsBjhoZ1XUYrD17,False,True,9,1CGNZN9vxoufjbN1GWKgRVXCZVdb78dc3v|183035845|15vo1daHA3U16gNJfuwnvtYbJvB1PXEwUt|179008056|1BkbJwqkXJdQEC5vBdgAUommGfk6byjBUP|175437539|1HKJHZzJ1SyvgCppsWLi7JXaCp5QcMcHKu|175061416|1CbXbBmuqCzi3d6otHEYsBjhoZ1XUYrD17,wallet|transaction|wallet|transaction|wallet|transaction|wallet|transaction|wallet,|0.35136|0.335833|0.33521|0.404519|0.348611|0.402478|0.341633|0.38502,|0.35136|0.167916|0.33521|0.10113|0.348611|0.201239|0.341633|0.38502,||0.468433|0.000256181|0.0317098|-0.038703|0.0784177|0.011788|-0.0560502
226669358,7,wallet,15YKPYqvhBEGn9HAVnA8i6ug3ZoLmMqfe9,False,True,8,226669358|15JU67WfD3RL6sBBq9GcdKcYBuTz2FdPJH|179038099|1Nhx9QXubx6mvkbE9raYc6dPzzjvWUzxBT|179023743|182AVvqwwgXvwYHQh47r42aMqr6sZW6swi|179023750|15YKPYqvhBEGn9HAVnA8i6ug3ZoLmMqfe9,transaction|wallet|transaction|wallet|transaction|wallet|transaction|wallet,|0.405377|0.335539|0.40425|0.0905619|0.403713|0.347429|0.397967,|0.202689|0.0838847|0.202125|0.0905619|0.201856|0.347429|0.198984,|0.206414|-3.39895e-05|0.121549|0.720843|-0.316724|0.00148091|0.0476597
16f6voK72PdTC49AZ6Cp5kZ3xqozF8N3J,7,transaction,175507922,False,True,8,16f6voK72PdTC49AZ6Cp5kZ3xqozF8N3J|5298349|1N4samqrnJKxCofimySnyxUxEVKW8Rf4zy|205922315|1K7juZ2patA5ffK5Mruoa7WQdcukYTQmat|175755628|1bUWccCP1kkTQ6Po8Zd5pLeaPYEiXpGnj|175507922,wallet|transaction|wallet|transaction|wallet|transaction|wallet|transaction,|0.346265|0.401902|0.351838|0.403432|0.352102|0.383933|0.263883,|0.346265|0.200951|0.351838|0.201716|0.352102|0.191967|0.263883,||0.0720983|0.0231769|0.0133162|-0.00443459|0.333216|-0.00841409
1DPwrZCrcivHnGuCBH2wotdccV5LVgUHG8,7,transaction,298981935,False,True,8,1DPwrZCrcivHnGuCBH2wotdccV5LVgUHG8|299381341|1GtPGnx9fRzBGwsSFe6FaVWM74xMVVF8iM|299125779|1JXauK6DWUBJ9KD1Z3HoX5TGMNJq3WDMrL|298981930|1JtGXrS5x2TAVysgRbkPF2zNmRthPTbgY9|298981935,wallet|transaction|wallet|transaction|wallet|transaction|wallet|transaction,|0.348938|0.403242|0.350616|0.400841|0.319542|0.404329|0.347372,|0.348938|0.057606|0.350616|0.20042|0.319542|0.101082|0.347372,||0.00965914|0.0280865|0.317725|0.0740635|0.0791492|0.328825
1J4zJzYPKJmBiRJfEFcQNjNtsjfhbnpNnM,7,transaction,355124110,False,True,8,1J4zJzYPKJmBiRJfEFcQNjNtsjfhbnpNnM|355090489|14rFnEeajgrkUGN6BAcxQnTL1GENjgXR96|182313355|15C4iGjiERw2ZwaTrhsRmsgSFBydKjPoQd|355124108|1EVmeeBuxj5jzUitfAjAiSYZwM6A6owyFS|355124110,wallet|transaction|wallet|transaction|wallet|transaction|wallet|transaction,|0.325294|0.403349|0.347045|0.405023|0.35203|0.402933|0.347342,|0.325294|0.201675|0.347045|0.202511|0.070406|0.201467|0.347342,||0.0433569|0.472049|0.00910044|-1.74403e-05|0.156372|0.0174638
179100915,6,transaction,175455423,False,True,7,179100915|16sWqTtnAVW6546x1WFnqaYaGTUSKYFER8|178920090|1H9o9TB4Be5fVA52EB93yueMpjnusd357o|179026575|13GAftL5wZmkHbjjAvkpciQMNhQiVa4Xdh|175455423,transaction|wallet|transaction|wallet|transaction|wallet|transaction,|0.401716|0.346862|0.395408|0.271674|0.401278|0.333549,|0.200858|0.346862|0.197704|0.271674|0.200639|0.333549,|0.343699|0.0038479|0.0667147|-0.0203926|-0.209124|0.0526551
43523018,6,wallet,1Ak8dtRLebgn5DF9HYyGigHAUcxxvLX261,False,True,7,43523018|1eZrqTx6cdwTtoNN1wavMqJ4EViXfq3td|43321917|1AjxVv8jXx4TwWP7cEcB2Z8WPNppmtzWzC|43321921|42960789|1Ak8dtRLebgn5DF9HYyGigHAUcxxvLX261,transaction|wallet|transaction|wallet|transaction|transaction|wallet,|0.403962|0.335656|0.40107|0.1257|0.161931|0.262388,|0.201981|0.0839141|0.200535|0.1257|0.161931|0.131194,|0.295256|0.000911206|-0.139195|-0.233472|-0.120486|-0.0663972
299381341,6,transaction,298981935,False,True,7,299381341|1GtPGnx9fRzBGwsSFe6FaVWM74xMVVF8iM|299125779|1JXauK6DWUBJ9KD1Z3HoX5TGMNJq3WDMrL|298981930|1JtGXrS5x2TAVysgRbkPF2zNmRthPTbgY9|298981935,transaction|wallet|transaction|wallet|transaction|wallet|transaction,|0.403242|0.350616|0.400841|0.319542|0.404329|0.347372,|0.057606|0.350616|0.20042|0.319542|0.101082|0.347372,|0.00965914|0.0280865|0.317725|0.0740635|0.0791492|0.328825
13udL5vExk8u2BEvXVzGvRpsCLvDH8gY1U,6,wallet,17NMeKWrWTkB1ubBcC1yViFGYL5eLjhymC,False,True,7,13udL5vExk8u2BEvXVzGvRpsCLvDH8gY1U|72637933|18iR8gJVbC2jnuQziLpUkCnHRb2JwwPm4J|72295265|1EhxErrVybpVyi97Jw5RGFQdYfdFDWHVR4|71777432|17NMeKWrWTkB1ubBcC1yViFGYL5eLjhymC,wallet|transaction|wallet|transaction|wallet|transaction|wallet,|0.317804|0.405015|0.352321|0.393013|0.329526|0.385388,|0.317804|0.202508|0.0503316|0.196507|0.0823815|0.385388,||0.00131318|9.29322e-05|0.102919|0.00185373|-0.180887
15vo1daHA3U16gNJfuwnvtYbJvB1PXEwUt,6,wallet,1CbXbBmuqCzi3d6otHEYsBjhoZ1XUYrD17,False,True,7,15vo1daHA3U16gNJfuwnvtYbJvB1PXEwUt|179008056|1BkbJwqkXJdQEC5vBdgAUommGfk6byjBUP|175437539|1HKJHZzJ1SyvgCppsWLi7JXaCp5QcMcHKu|175061416|1CbXbBmuqCzi3d6otHEYsBjhoZ1XUYrD17,wallet|transaction|wallet|transaction|wallet|transaction|wallet,|0.33521|0.404519|0.348611|0.402478|0.341633|0.38502,|0.33521|0.10113|0.348611|0.201239|0.341633|0.38502,||0.0317098|-0.038703|0.0784177|0.011788|-0.0560502
16MXo1Vprw9emkm3xmGRgECX5QqDyTjyva,6,wallet,1NGCh1haeuAhD8aJyE3BgR98wkywmqBYqM,False,True,7,16MXo1Vprw9emkm3xmGRgECX5QqDyTjyva|339095527|1D9iy6Eo7NADPKeuMbxLj2CaPHuuADaH9b|339059332|15ovwb8jQ1kfALQTrNcEGv6pwgpJ33v5SA|339057165|1NGCh1haeuAhD8aJyE3BgR98wkywmqBYqM,wallet|transaction|wallet|transaction|wallet|transaction|wallet,|0.3527|0.325143|0.261824|0.405119|0.350986|0.385086,|0.3527|0.162572|0.261824|0.0506398|0.350986|0.385086,||0.033716|0.00290489|0.0557665|0.191352|0.240395
17shn5YvyYFhWsc789uR3PrY1jSixjhn3u,6,wallet,3DHwSm3Q5Z3PHHVKWE43FiUKo9ijo6LrUe,False,True,7,17shn5YvyYFhWsc789uR3PrY1jSixjhn3u|67665312|1DZf89SbCh8yCaajJzRf8SAufFX8K9LyGB|67665318|13wg2fUoYQPpzJrAZN6Poh7MhwZuYJeFeT|54767680|3DHwSm3Q5Z3PHHVKWE43FiUKo9ijo6LrUe,wallet|transaction|wallet|transaction|wallet|transaction|wallet,|0.352951|0.334975|0.322003|0.405057|0.18532|0.385438,|0.0352951|0.167488|0.322003|0.202528|0.18532|0.385438,||0.100617|-0.000347614|0.127256|0.869398|-0.472231
185PRptkue1GRHVHFS9YvzV8Fv8XYSh5N3,6,wallet,1KPgc1oAD6t4VPTQZD8PeYx2HP49ybSHUP,False,True,7,185PRptkue1GRHVHFS9YvzV8Fv8XYSh5N3|339964553|1FAorvBoBSZaL22xttUDuKtzEPNvpgKPU8|339110575|1K8Ubmt2gpoYc1aXM6fjjj3QbP6mggW3LG|201869681|1KPgc1oAD6t4VPTQZD8PeYx2HP49ybSHUP,wallet|transaction|wallet|transaction|wallet|transaction|wallet,|0.352852|0.403397|0.112521|0.404067|0.346171|0.385064,|0.0705705|0.201698|0.112521|0.202033|0.346171|0.0550091,||0.0122311|-0.000218391|-0.100405|0.558759|0.0377139
18ri8MzFchLhRnK8PLU3X5PW59rJNBmnK1,6,wallet,1MeFBRNnT91GY227gh1iwuxbMP9sL59w1K,False,True,7,18ri8MzFchLhRnK8PLU3X5PW59rJNBmnK1|30179614|1K4uf331DSSZ6paGoqY7mKqqWNY13LsvhY|30180254|12SUDbsVPQToMcfSahpWELJS32EvzMd1Tm|30179367|1MeFBRNnT91GY227gh1iwuxbMP9sL59w1K,wallet|transaction|wallet|transaction|wallet|transaction|wallet,|0.346336|0.401454|0.0717618|0.403062|0.345991|0.385264,|0.346336|0.200727|0.0717618|0.201531|0.345991|0.385264,||0.336333|0.491681|0.021789|0.582398|0.117294
18tWUyN12VfkTFyTmu1ceiRa8HQvVapNDu,6,wallet,18zFZR13Vn1vXFM9y4wJLCWPu2qQvEZiD,False,True,7,18tWUyN12VfkTFyTmu1ceiRa8HQvVapNDu|294510766|1AR5z7Sch8Tbi7q9D33Txn4wV5Jqk6f2gy|294376159|17eVypNeX782JBjn8tJi2KdHqsj1B5MAK4|294329505|18zFZR13Vn1vXFM9y4wJLCWPu2qQvEZiD,wallet|transaction|wallet|transaction|wallet|transaction|wallet,|0.352618|0.402691|0.036828|0.404818|0.347444|0.385173,|0.352618|0.201346|0.036828|0.202409|0.347444|0.385173,||0.21989|0.00105399|-0.0627367|0.769148|0.100698
1A48fDhhW51aagh1nqEG2Q7YNX3VhEQLL7,6,wallet,124rVCnhuWwvqaKhMWbn9rruCHF9szQCM4,False,True,7,1A48fDhhW51aagh1nqEG2Q7YNX3VhEQLL7|355110987|16cWx86Xa6MCaqDXeshLUasNkCRyJUzBb1|355110888|1GDgbGhUeeBafQDXhyxKN6pxymPgevvNG|355012175|124rVCnhuWwvqaKhMWbn9rruCHF9szQCM4,wallet|transaction|wallet|transaction|wallet|transaction|wallet,|0.342417|0.403665|0.330376|0.401583|0.239615|0.399832,|0.342417|0.201832|0.330376|0.200791|0.239615|0.199916,||0.0202472|-0.00236773|0.103005|0.3988|0.138029
1CUs4ixkE68Ld85Zy1wwqyBWw7nwehZ3jE,6,wallet,1PTR2yxafrrXES1ju8J2pLss992xjaGZQZ,False,True,7,1CUs4ixkE68Ld85Zy1wwqyBWw7nwehZ3jE|378156284|13eEC5ZWwtruzsbdcM43qm58tKMvhu19Pq|378066434|12JorEyJptuF8Xm1ACBP8K1vQWtEEnAdAk|308263588|1PTR2yxafrrXES1ju8J2pLss992xjaGZQZ,wallet|transaction|wallet|transaction|wallet|transaction|wallet,|0.352251|0.40371|0.344096|0.383135|0.141485|0.385341,|0.352251|0.201855|0.344096|0.383135|0.141485|0.385341,||0.000996411|-0.00337178|0.442695|0.999712|-0.431454
1EBXtxpxK9XN716nvy7RyKrh4eYm6jq7nU,6,wallet,1y8aTeChWd96w1baLxc4EGU7uUXhC5MPE,False,True,7,1EBXtxpxK9XN716nvy7RyKrh4eYm6jq7nU|269019588|1ApzH1ZUVjbzXJz23x9kun5J74LDJ5mVtZ|269019582|12ajTUf3BTBgRg5o4zzkCa75Ek3TxaCix7|269019578|1y8aTeChWd96w1baLxc4EGU7uUXhC5MPE,wallet|transaction|wallet|transaction|wallet|transaction|wallet,|0.349149|0.404998|0.341116|0.404916|0.350651|0.385122,|0.349149|0.202499|0.341116|0.202458|0.350651|0.385122,||-0.00217244|-0.0252624|-0.00387099|0.0540787|0.298528
1EkwWZBCmu36eYdrVQ5AWGBbqBkwozVv9q,6,wallet,1KTWoQSEpxkYnqBFgFUMpTsJ31PaVZmHCb,False,True,7,1EkwWZBCmu36eYdrVQ5AWGBbqBkwozVv9q|248937018|12G1psDRnegCAuYojknuRA1cs3XiRtJAra|249236899|1HCrhrG4DgnarZFhNNSXwi9ybWQmrzKv6V|248888440|1KTWoQSEpxkYnqBFgFUMpTsJ31PaVZmHCb,wallet|transaction|wallet|transaction|wallet|transaction|wallet,|0.352835|0.405228|0.352438|0.405262|0.351405|0.385075,|0.352835|0.202614|0.352438|0.202631|0.351405|0.385075,||0.000986993|-0.000208437|0.00140366|0.000820577|0.319791
1FRvx1xziHQY1qsEp8pbGJMeAThSSukvCs,6,wallet,18pyZpq4iEze3H4JYREZhXxetttZNn1dYu,False,True,7,1FRvx1xziHQY1qsEp8pbGJMeAThSSukvCs|269501612|1HMs4Uk8xrq4wZekErC3ijSskdQJ7TzxZC|269128821|1HBLNGqUd7Jep4r2FLiQDjzXZPWCDNZnY7|28443663|18pyZpq4iEze3H4JYREZhXxetttZNn1dYu,wallet|transaction|wallet|transaction|wallet|transaction|wallet,|0.179053|0.404341|0.342348|0.404817|0.347614|0.385147,|0.179053|0.101085|0.342348|0.202408|0.347614|0.385147,||-0.0139391|-0.0124016|0.114089|0.313878|0.0710292
1Fj6MdQSWFpPkryJqdvKGiLJBKR9Rx9nch,6,wallet,18NeTEfcZeZyzfUSAv2PNYTsA1xPFrqLzq,False,True,7,1Fj6MdQSWFpPkryJqdvKGiLJBKR9Rx9nch|99676705|1NhvP8D6aJRyu9fYvdwFX2d5KsppwdHkUD|99676510|1JQhfodwGU85f1TPsUpbVqwAKKS5yGwqNk|99676503|18NeTEfcZeZyzfUSAv2PNYTsA1xPFrqLzq,wallet|transaction|wallet|transaction|wallet|transaction|wallet,|0.323818|0.403738|0.289361|0.401638|0.163485|0.40076,|0.323818|0.201869|0.289361|0.200819|0.163485|0.20038,||-0.0843938|0.00292718|0.0696883|0.403856|0.0415983
1GWEuRoaACHcdHU3YK4fNfAHW34wLksVCd,6,wallet,1G1G8VATkYejtH1HFMEYfKQ2v6B8ubCSnP,False,True,7,1GWEuRoaACHcdHU3YK4fNfAHW34wLksVCd|209490127|1PtAoU8488Jvp3z5eFdQyKbxcrPpc3cu28|209710576|128FsrS1JvhaoPuqXP6WdkqUgX3K1NWtiJ|208931431|1G1G8VATkYejtH1HFMEYfKQ2v6B8ubCSnP,wallet|transaction|wallet|transaction|wallet|transaction|wallet,|0.350954|0.401668|0.346611|0.405153|0.351287|0.385083,|0.350954|0.100417|0.346611|0.057879|0.351287|0.385083,||-0.00193448|-0.000807822|-0.00481875|-0.0250348|0.322371
1J9RwcLEBBtRuATXYoZD71vyKSSeAMdLuA,6,wallet,17449eF7RZzkijqwoVAm9GstJq5DNmzFkK,False,True,7,1J9RwcLEBBtRuATXYoZD71vyKSSeAMdLuA|67674082|1LUUG6c8Bg9Q31fw5TmqTmr7VS8Yv5VZxE|69980128|17D6N6YYaRnAZ7kGtfEnYnUHX22JtSnhDW|69268129|17449eF7RZzkijqwoVAm9GstJq5DNmzFkK,wallet|transaction|wallet|transaction|wallet|transaction|wallet,|0.315592|0.400998|0.297626|0.399735|0.0328937|0.399183,|0.315592|0.133666|0.297626|0.199868|0.0328937|0.199591,||-0.0460869|0.340979|0.186463|0.417509|0.109729
1JktTzNVshQ4sxdiKSKFyrZwytc6RVsoy,6,wallet,1A2mb4Bzf7kjnNW8s12Ck3kyhunLyV19ce,False,True,7,1JktTzNVshQ4sxdiKSKFyrZwytc6RVsoy|378414379|1J78rdoMqf9YiTtAmGQF46X3vFTDXQBJoW|378255660|1LwvStMXKVYGoKgXMWH9KkCiCUEQLJmV4u|378073029|1A2mb4Bzf7kjnNW8s12Ck3kyhunLyV19ce,wallet|transaction|wallet|transaction|wallet|transaction|wallet,|0.351812|0.405782|0.352434|0.404201|0.351483|0.385059,|0.351812|0.202891|0.352434|0.202101|0.351483|0.128353,||0.0207455|-0.00294036|0.00442168|0.000866354|0.00408117
1Kgd5h3sJAUmcrei4MkaoDs5a4vUPHy1V6,6,wallet,18sANZJ2bXCnvY84GqDzcHig3auJqMMRYe,False,True,7,1Kgd5h3sJAUmcrei4MkaoDs5a4vUPHy1V6|209541747|1KDJ3aZEtJEZZ8u32zbx1GaB6wJkAZjPTZ|209709679|1H5Dhk1jKV9n6TN2ZEqdpaPD8souPHKmbq|208915415|18sANZJ2bXCnvY84GqDzcHig3auJqMMRYe,wallet|transaction|wallet|transaction|wallet|transaction|wallet,|0.350994|0.392866|0.28081|0.405352|0.351249|0.385098,|0.350994|0.130955|0.28081|0.0675586|0.351249|0.192549,||0.111118|0.0157584|0.0848051|0.486503|0.143557
1Lf912ACBzsTRr1dwrt5tnKqavmsHzfYXv,6,wallet,14ARi6Jh8dbxXFoTdbA8ipR8EK5RsF5gUv,False,True,7,1Lf912ACBzsTRr1dwrt5tnKqavmsHzfYXv|269870093|1AuoecxuqxUZszHQjcxqy8jgKEZPg1ad5h|191347647|1JPebcuXkcCjeg4c8gDLEyJhLeNK9tTgy6|87494797|14ARi6Jh8dbxXFoTdbA8ipR8EK5RsF5gUv,wallet|transaction|wallet|transaction|wallet|transaction|wallet,|0.35039|0.403621|0.351459|0.402109|0.338689|0.385249,|0.35039|0.20181|0.351459|0.201055|0.338689|0.0963123,||0.000980943|0.0157333|0.0404841|0.00949782|-0.00853625
1LzdCsdy4zb442X9Lh2MmHcxajnFFBjvxY,6,wallet,1P3PfxfB4KeGryDUgDyWZzNwZqna59sSFK,False,True,7,1LzdCsdy4zb442X9Lh2MmHcxajnFFBjvxY|288452590|1KQwVbucQXkVUKH6sD1a7Q1E5ZxPUVXrfD|288452380|115u8uEP1j1x8Q6rpU9RtrJuDBa5EB4RHz|288338048|1P3PfxfB4KeGryDUgDyWZzNwZqna59sSFK,wallet|transaction|wallet|transaction|wallet|transaction|wallet,|0.347719|0.404|0.334391|0.40436|0.346126|0.385247,|0.347719|0.202|0.334391|0.20218|0.346126|0.385247,||0.00614843|-0.0235609|-0.0105841|0.473804|0.124425
94654172,5,wallet,1F7Ak96BzRQd68ZjqAzLkN7nEJrbysrS1F,False,True,6,94654172|1BCWLkdTHF8QxmJHv8c5WmjJMjiNCyzeBK|94361708|1PB1hihP8MQwMCBmd57dvFk5ekQXnvuvM7|94297768|1F7Ak96BzRQd68ZjqAzLkN7nEJrbysrS1F,transaction|wallet|transaction|wallet|transaction|wallet,|0.404621|0.348342|0.405178|0.346376|0.271636,|0.20231|0.0870855|0.202589|0.346376|0.135818,|0.0554673|0.000934407|-0.000323921|-0.00781488|0.26407
94654269,5,wallet,1CmD7imW4KCK4PVwsnfHgyWvWWtEFvujdc,False,True,6,94654269|17LRWQhoyC69j1FAMnN9LVZ6MC4pjUucMx|94654255|1NTE2fBsTsCzvrTYgd1vSA66daZiRX5amG|94357349|1CmD7imW4KCK4PVwsnfHgyWvWWtEFvujdc,transaction|wallet|transaction|wallet|transaction|wallet,|0.405272|0.352825|0.0689984|0.30948|0.385061,|0.202636|0.352825|0.0344992|0.30948|0.385061,|0.0024597|0.000496387|0.143942|0.000533104|-0.424785
339095579,5,wallet,15V8BH27kJVwrsJbp4bUFNaMwQ2QtLXNAX,False,True,6,339095579|1646XwyKsF8fj7q1MGJ3YabBr5JW4N4sb3|339093289|1Ax9XmXmwfp5CvCQ3BqT7qMVxAcaLBzwdF|339064388|15V8BH27kJVwrsJbp4bUFNaMwQ2QtLXNAX,transaction|wallet|transaction|wallet|transaction|wallet,|0.40535|0.35194|0.404754|0.349889|0.385038,|0.202675|0.17597|0.202377|0.349889|0.385038,|0.0573213|0.00076282|0.0019536|0.00137478|0.234885
339553269,5,wallet,13tEzmoPZPvMsfiT41wrfW2xwHmjbQH1wM,False,True,6,339553269|19MfqBgdiEBt5bFuy6VDFD5ADnuoBVn5Mv|339079292|1Bkd9FgEWY5DS6fjPybKsAESKdEcwaBjZx|132726049|13tEzmoPZPvMsfiT41wrfW2xwHmjbQH1wM,transaction|wallet|transaction|wallet|transaction|wallet,|0.403753|0.321807|0.40488|0.349893|0.385038,|0.201877|0.321807|0.20244|0.349893|0.385038,|0.273968|-0.00035733|-0.0248747|0.297715|0.220983
243780689,5,wallet,1Gjt3wkSsP9svuQTg92vgxXfqeDuvjFJuv,False,True,6,243780689|17yv9tsnce1FvkPmWUqrnKGsyXXEeYn5jR|241526883|12PxWvY9w7bAuPtsiQ8MWTRdThBT8YcstU|238506100|1Gjt3wkSsP9svuQTg92vgxXfqeDuvjFJuv,transaction|wallet|transaction|wallet|transaction|wallet,|0.403726|0.297964|0.404725|0.176765|0.385325,|0.201863|0.297964|0.134908|0.176765|0.385325,|0.000589848|-6.17504e-05|0.0697338|0.880108|-0.45929
378250041,5,wallet,1Y9Yx28wHJ9eLY9aR5QzYH5JPtDjgWUfT,False,True,6,378250041|183HANi6VEzN1K7ahw92vQTZQDHTsJsPiD|335081666|1PeU69AWqjkfMKEXSDKqVWQbMUFRS61pgR|378060826|1Y9Yx28wHJ9eLY9aR5QzYH5JPtDjgWUfT,transaction|wallet|transaction|wallet|transaction|wallet,|0.404745|0.348058|0.405211|0.348906|0.385104,|0.202372|0.348058|0.101303|0.348906|0.385104,|0.017824|-0.000166178|0.012705|0.0328885|0.0970033
248915482,5,wallet,1C9xFY9qmZbyRKK6Wm33XxoAPnq3TBWFjm,False,True,6,248915482|1s5rUF18idd7vpnobeMrkhD7KWL2WBFJC|248902840|13eYa86JMPp3rqjfLdnFUDn188JoBt7P7z|57140955|1C9xFY9qmZbyRKK6Wm33XxoAPnq3TBWFjm,transaction|wallet|transaction|wallet|transaction|wallet,|0.404287|0.352948|0.403851|0.247561|0.38527,|0.202143|0.352948|0.201925|0.247561|0.38527,|0.00202069|-6.96182e-05|0.233374|0.337683|-0.453882
209682048,5,wallet,1DaVD4N9LicN65k6wq82TPu3yWfU9GNb4S,False,True,6,209682048|14p3sTzV3ikZhZo5Cnru9ob4crF2fn3JES|209682050|17htBuQvt459DxbiMgK22r9Vprjn3t7i7L|209050993|1DaVD4N9LicN65k6wq82TPu3yWfU9GNb4S,transaction|wallet|transaction|wallet|transaction|wallet,|0.4039|0.304277|0.340135|0.342482|0.385143,|0.20195|0.304277|0.170068|0.0684963|0.385143,|0.0618981|-0.00039953|0.392431|0.00818504|-0.187843
313646350,5,wallet,3EcywyUAaoDYpxwLdxvc93X9nx95bzVEnw,False,True,6,313646350|177Vs3VBbj8YL63HYacFFDsfsW1miczfae|372961150|14dGwYSUxpy2swoS8QMkRFovXzGzL5aPbH|372824257|3EcywyUAaoDYpxwLdxvc93X9nx95bzVEnw,transaction|wallet|transaction|wallet|transaction|wallet,|0.403332|0.352962|0.404962|0.348664|0.385116,|0.201666|0.352962|0.202481|0.348664|0.192558,|0.000159621|-0.000191867|0.0169798|0.000555873|-0.0014115
215872199,5,wallet,1HJ6scVBtYqeL8VSZD7ZYtKhXoJeX6fsVz,False,True,6,215872199|1JfBw5EvP78j5SbLU9R9nvpT5aaAcN5xaY|84749894|18tYaUYkAxKas1pwqNFAjRa9PjFA68Xtse|84335456|1HJ6scVBtYqeL8VSZD7ZYtKhXoJeX6fsVz,transaction|wallet|transaction|wallet|transaction|wallet,|0.404046|0.352664|0.401082|0.350467|0.385143,|0.202023|0.352664|0.200541|0.350467|0.385143,|0.00215557|0.000672579|0.0437082|0.000496805|0.258748
288735697,5,wallet,1Nhw8A9o1TYZp8Cke2kbZdA4XqyixfdCfZ,False,True,6,288735697|1omyBZpKCdLbZmgMC5fsNGWSPjTgvpQRe|288490205|17emhKJsyMaiFQUi3u6g8WTthCZGc9YUkW|288210286|1Nhw8A9o1TYZp8Cke2kbZdA4XqyixfdCfZ,transaction|wallet|transaction|wallet|transaction|wallet,|0.403968|0.351928|0.403642|0.345694|0.38526,|0.201984|0.351928|0.201821|0.345694|0.38526,|0.0319298|-0.000306904|0.0538293|0.0240495|0.0886174
56242196,5,wallet,1L2BPfrYotv5ZJ4iuChUZgKmHTKqye6rG2,False,True,6,56242196|13MVxTh7orubAcCGdg1at6SbB79rCCZazM|69770247|1LFgusE2UTYrFjeGCx99q3uNNk6MkgdTMM|54725736|1L2BPfrYotv5ZJ4iuChUZgKmHTKqye6rG2,transaction|wallet|transaction|wallet|transaction|wallet,|0.39802|0.153276|0.331609|0.343707|0.385284,|0.19901|0.153276|0.165804|0.0687413|0.192642,|0.447042|0.0230764|-0.0687455|-0.00384328|-0.0181344
67576436,5,wallet,13tF5FsXSHT6uCpxG7B1HABrP7msQTTowq,False,True,6,67576436|16vky8Gm81mCjLpgP6hyS6ZGUtgnDRVBhx|67576439|1DN6Z1yr6V72QPjkMkYkgXMe7VHH5fZFsm|54855612|13tF5FsXSHT6uCpxG7B1HABrP7msQTTowq,transaction|wallet|transaction|wallet|transaction|wallet,|0.403767|0.351969|0.398541|0.346035|0.385256,|0.201884|0.351969|0.19927|0.346035|0.385256,|0.0607415|0.00196397|0.211414|0.0140982|0.102203
72629711,5,wallet,17NMeKWrWTkB1ubBcC1yViFGYL5eLjhymC,False,True,6,72629711|18iR8gJVbC2jnuQziLpUkCnHRb2JwwPm4J|72295265|1EhxErrVybpVyi97Jw5RGFQdYfdFDWHVR4|71777432|17NMeKWrWTkB1ubBcC1yViFGYL5eLjhymC,transaction|wallet|transaction|wallet|transaction|wallet,|0.405015|0.352321|0.393013|0.329526|0.385388,|0.202508|0.0503316|0.196507|0.0823815|0.385388,|0.00430802|2.74096e-05|0.102919|0.00185373|-0.180887
16Gme9xJNRjxb2xeS8RLypBfn6NiJnY8Cu,5,transaction,174759148,False,True,6,16Gme9xJNRjxb2xeS8RLypBfn6NiJnY8Cu|175411118|1P54pj8n1vxcW9o1PYyHApa6RpwwDnqUMG|175048827|1APhRhcm9xmbne1gNR8yDaZrAn67izCQd5|174759148,wallet|transaction|wallet|transaction|wallet|transaction,|0.352973|0.405618|0.352705|0.404879|0.35002,|0.352973|0.202809|0.352705|0.202439|0.35002,||0.000100553|-0.000116944|0.00205502|0.000325322
16cvB5yMgUb7LYjYfR8Yg31gh8vzo4by5h,5,transaction,390045727,False,True,6,16cvB5yMgUb7LYjYfR8Yg31gh8vzo4by5h|390327170|1MSMU5ynydjKp7WbeFt9S9nmKhyJrcTMYx|390327174|1CM8JfniBj3t63qEaGBropcFdqNQejBdqv|390045727,wallet|transaction|wallet|transaction|wallet|transaction,|0.352799|0.405029|0.345827|0.405186|0.351523,|0.352799|0.202515|0.345827|0.135062|0.351523,||8.58903e-05|-0.000183046|-0.00373576|0.000349402
18aSycHNRJqzoywqdXxPH3fqBscjCzNzXQ,5,transaction,312469239,False,True,6,18aSycHNRJqzoywqdXxPH3fqBscjCzNzXQ|372726664|1FmHAyBbtYBaLcizbUXbvob4wqeqSsw3bx|368747363|1JuboB9h2jx9oUq2n7Ms9vH775K8Z9CMg|312469239,wallet|transaction|wallet|transaction|wallet|transaction,|0.352725|0.405558|0.352498|0.405182|0.350946,|0.352725|0.202779|0.352498|0.202591|0.350946,||0.0127312|-0.00105637|0.000203907|0.00125831
198iXzkZKCcpWKt71M6ZipKCKTDc8Mv1wQ,5,transaction,248904109,False,True,6,198iXzkZKCcpWKt71M6ZipKCKTDc8Mv1wQ|248915711|1914T6qACv6M1dTMvGVcmqb4pC7xT6MWp8|248915712|1JyRNrt7PD2NaRypd7VPnjWAno2XXbakoA|248904109,wallet|transaction|wallet|transaction|wallet|transaction,|0.352568|0.404201|0.336368|0.405225|0.351498,|0.352568|0.202101|0.336368|0.202613|0.351498,||0.282054|-0.00104123|-0.00541568|0.145607
19BZW9Mqi8pREmYr8JmusBZoRJGCSdb9ZD,5,transaction,72405952,False,True,6,19BZW9Mqi8pREmYr8JmusBZoRJGCSdb9ZD|72629945|1G1Nqiar9zVqVZJdUVbaFccm6GoHkYkWQ4|72405949|15XCqmrMgfiAfypVCjHBY5jVrhvki2em9i|72405952,wallet|transaction|wallet|transaction|wallet|transaction,|0.352734|0.404869|0.346391|0.404535|0.350721,|0.0503905|0.202435|0.346391|0.202268|0.350721,||0.289964|-0.000488162|0.0314176|0.618307
19X1ZDPV1neY7bH2VSxArUWmvTkQAmJy75,5,transaction,174774267,False,True,6,19X1ZDPV1neY7bH2VSxArUWmvTkQAmJy75|175789563|1A27P6JvVqY14ssne4eKZZJvnYsX7BwqCE|175433937|17WZo15h71VJwMTdzbkJsyNEJHymASqheC|174774267,wallet|transaction|wallet|transaction|wallet|transaction,|0.341486|0.402262|0.266381|0.399822|0.294327,|0.341486|0.057466|0.266381|0.199911|0.294327,||0.0461993|0.065286|-0.154557|0.154311
19ZMNGYumF6TmRTyLzWTdBpQ2jzC5tGSXQ,5,transaction,238247439,False,True,6,19ZMNGYumF6TmRTyLzWTdBpQ2jzC5tGSXQ|241537479|1FRkzyBLhrMCeutxiBaR42vjUCbSvsUupN|241503779|13bQ6ewbvXMadmVNktsNANSujfYghdQ9ZH|238247439,wallet|transaction|wallet|transaction|wallet|transaction,|0.352972|0.404844|0.352668|0.402005|0.198301,|0.352972|0.202422|0.352668|0.201002|0.198301,||0.113115|-0.000130892|0.162717|0.969663
1A2iNz9kcEVn3oFS8agJwraQmCjFeExUGq,5,transaction,294602321,False,True,6,1A2iNz9kcEVn3oFS8agJwraQmCjFeExUGq|85004961|17tz8uYZ5sWRnGhWBP3qXPgULqjtJmS6Uv|85004953|1NgNNa6hFEoFYj9CnpYK4mX3v5GwEK1fiS|294602321,wallet|transaction|wallet|transaction|wallet|transaction,|0.327722|0.403836|0.350334|0.401294|0.338405,|0.327722|0.201918|0.350334|0.200647|0.338405,||0.0967574|0.229754|-0.00593695|0.00892365
1AUb3JXS7uLtoAx89qn5Z1Dusp5w1dqqyq,5,transaction,211118681,False,True,6,1AUb3JXS7uLtoAx89qn5Z1Dusp5w1dqqyq|210367157|1C7Y6bp6URUPhVEQT83wno2wTsFYYyfnmW|210642706|1GAy1qPgHkboWegAezYH5NYGu1QYGkieRY|211118681,wallet|transaction|wallet|transaction|wallet|transaction,|0.352403|0.405408|0.351444|0.402999|0.236486,|0.352403|0.202704|0.351444|0.201499|0.236486,||0.0197953|-0.000116825|0.00693238|-0.0117287
1Ah9JpJU5EhyHzZ9GetnzkifqjKHaXJnnN,5,transaction,29249217,False,True,6,1Ah9JpJU5EhyHzZ9GetnzkifqjKHaXJnnN|190432817|1B4Qr42JBbFjt2bYdBt19cRLXmJTfVWdev|64466460|15if52d2rL5BMaTbYfadF9V4NNTanyEfYR|29249217,wallet|transaction|wallet|transaction|wallet|transaction,|0.35308|0.404573|0.3514|0.405086|0.326701,|0.0706161|0.202287|0.3514|0.202543|0.326701,||0.0397222|-5.36442e-06|0.0835705|0.977643
1BLrPquffCZQ87nKSLciPkmAP5E5XAKWxP,5,transaction,272123653,False,True,6,1BLrPquffCZQ87nKSLciPkmAP5E5XAKWxP|272511054|1GpKJh4mE2DcVVGXW9pTmCb4vsrKMXvv1U|272507609|1BMpyVzydjSQPnwu1SY96ZXikfEAsmjPuT|272123653,wallet|transaction|wallet|transaction|wallet|transaction,|0.349075|0.405059|0.339329|0.404907|0.350754,|0.349075|0.202529|0.339329|0.202453|0.350754,||-0.00122938|-0.0248348|-0.00620121|0.0530349
1C5tpq2zV94H4mX8nwGhsKB7V4naxUC6qk,5,transaction,401217425,False,True,6,1C5tpq2zV94H4mX8nwGhsKB7V4naxUC6qk|339262401|1NTELqzP6bTddvUZdFwdxML3NGbvuRUB26|339261328|3QyUSB4eRYePHcvpS6k6YDMBUDGXRSSMPc|401217425,wallet|transaction|wallet|transaction|wallet|transaction,|0.353068|0.405933|0.352999|0.40587|0.353103,|0.353068|0.202967|0.0320908|0.202935|0.117701,||0.214416|0.000123436|0.0238728|3.97364e-08
1DucdXFCnVZ9pwfFTzvRC5w9JAqePggVjK,5,transaction,312453693,False,True,6,1DucdXFCnVZ9pwfFTzvRC5w9JAqePggVjK|372680075|139hw4F176hjZ8W9JF7CVdZVRLoLRCmX5A|372677158|1GhGq323bDDzGZxAEt3FHgUsff2rqUJFih|312453693,wallet|transaction|wallet|transaction|wallet|transaction,|0.349938|0.405211|0.341701|0.405066|0.351127,|0.349938|0.202606|0.341701|0.202533|0.351127,||-0.00135174|-0.0202918|-0.00326338|0.0359738
1EyhRLKWXkor6eZ7nUdsRudkuD5DVc9doc,5,transaction,226549201,False,True,6,1EyhRLKWXkor6eZ7nUdsRudkuD5DVc9doc|226629847|1DaKGsHBy7us9DfF5dVV8jWFVZB4TK7zzo|204022971|1v8jFTTwUunXhRYa4Rd5iJkwpw5axWM2p|226549201,wallet|transaction|wallet|transaction|wallet|transaction,|0.35289|0.402025|0.317082|0.400465|0.330673,|0.35289|0.201012|0.317082|0.200233|0.330673,||0.0362847|0.000339508|-0.0290427|-0.0755492
1FEsoMTRk9LFrrn4TT1SVhE6g6oo6TpK2S,5,transaction,237880926,False,True,6,1FEsoMTRk9LFrrn4TT1SVhE6g6oo6TpK2S|339261608|17tuuGqdcF5qLK9wzpubGh1KDdMzLc4txE|339642994|1GnPXMn1qSLT7WugYw4WWV5rQZCGewcMgN|237880926,wallet|transaction|wallet|transaction|wallet|transaction,|0.34771|0.395323|0.211205|0.403422|0.344472,|0.173855|0.197661|0.211205|0.100855|0.344472,||0.222508|-0.145214|0.0584186|0.127782
1FL8Zjh5DcYLTcw6KKRmquTth1ScoFA2Jy,5,transaction,401217425,False,True,6,1FL8Zjh5DcYLTcw6KKRmquTth1ScoFA2Jy|339261257|1NTELqzP6bTddvUZdFwdxML3NGbvuRUB26|339261328|3QyUSB4eRYePHcvpS6k6YDMBUDGXRSSMPc|401217425,wallet|transaction|wallet|transaction|wallet|transaction,|0.353068|0.405933|0.352999|0.40587|0.353103,|0.353068|0.202967|0.0320908|0.202935|0.117701,||0.0211294|0.000235563|0.0238728|3.97364e-08
1FvtWwP3ePJDeR6K7ZePGujUuusUTds8Vy,5,transaction,272102250,False,True,6,1FvtWwP3ePJDeR6K7ZePGujUuusUTds8Vy|277807108|1P6B2MzTSC6gXsApnsebpWfkEL47bt8fwk|272102257|18tdZz1pQovSexsnW7ML9qeiFv7wTXBsxU|272102250,wallet|transaction|wallet|transaction|wallet|transaction,|0.153458|0.406102|0.352644|0.404971|0.350665,|0.153458|0.00298604|0.352644|0.202485|0.350665,||0.0031824|-0.000104368|0.0127716|0.000701368
1JXpWdVz1jPMHhUESRFRv67A1keJGoBgbt,5,transaction,209075975,False,True,6,1JXpWdVz1jPMHhUESRFRv67A1keJGoBgbt|110276377|19D18Vr49rqFgQndY3vVCFMTUoZw4KpNSr|209106522|19wWcz9E9hS9VrDZMuE792JXGuqeXxamhm|209075975,wallet|transaction|wallet|transaction|wallet|transaction,|0.352485|0.404753|0.347701|0.404401|0.351383,|0.352485|0.0809506|0.347701|0.1348|0.351383,||2.03371e-05|0.000267386|-0.00576053|-0.000852227
1KLoncgbKCwDqhWo5EcYz9wSjDhz9rBEqN,5,transaction,355124110,False,True,6,1KLoncgbKCwDqhWo5EcYz9wSjDhz9rBEqN|182313355|15C4iGjiERw2ZwaTrhsRmsgSFBydKjPoQd|355124108|1EVmeeBuxj5jzUitfAjAiSYZwM6A6owyFS|355124110,wallet|transaction|wallet|transaction|wallet|transaction,|0.347045|0.405023|0.35203|0.402933|0.347342,|0.173522|0.202511|0.070406|0.201467|0.347342,||0.00910044|-1.74403e-05|0.156372|0.0174638
1KP8RFqGVzP5nBniHC8tiFftaHf2HyBGSq,5,transaction,271401688,False,True,6,1KP8RFqGVzP5nBniHC8tiFftaHf2HyBGSq|339662627|14jtmbWmWU9JigeFSoYihYgZoWDDue77zq|331556873|1CkG85tVpPuc2pTF97G2i3FFUf1CKKcWig|271401688,wallet|transaction|wallet|transaction|wallet|transaction,|0.35185|0.403631|0.346419|0.404477|0.351365,|0.175925|0.201816|0.346419|0.202239|0.351365,||0.424833|-0.00289088|0.0444859|-0.00567538
41249229,4,transaction,189805129,False,True,5,41249229|1Ankd48sB4LStxg1caZuUCjQcqMhdLLj6L|189805127|148TMmBdUKUP3ABarNVtLJnXkPaFwzzyxr|189805129,transaction|wallet|transaction|wallet|transaction,|0.401477|0.339629|0.399754|0.31943,|0.200739|0.339629|0.199877|0.31943,|0.0839028|-0.00321591|-0.0733133|0.135912
191107597,4,transaction,190014509,False,True,5,191107597|1Lk5Eax35hRrossE8bW3ZHsecsrtXWu6E7|190434068|1KJrajDEsMkh7VJtS1xnVaxh38fjVw25k3|190014509,transaction|wallet|transaction|wallet|transaction,|0.404365|0.352626|0.404296|0.352802,|0.202183|0.352626|0.202148|0.352802,|0.0292117|0.00156242|0.109978|0.0120352
175406302,4,transaction,49025732,False,True,5,175406302|17tV4BuGBV6yLxtnaGNeQx27qy4t3X4Pub|54465449|1CJmdGTk8M3S4n1sWA3e2QjNiDqJ5r3qUy|49025732,transaction|wallet|transaction|wallet|transaction,|0.403212|0.33339|0.399825|0.35097,|0.201606|0.33339|0.199913|0.35097,|0.156675|0.0116923|-0.0360732|0.00311142
226629481,4,transaction,77493314,False,True,5,226629481|1KeMjKwCG7ReoVMqqunFjw1jC5wxEWHoCn|179270531|133Wxvoywm3GLuwEMLCr727LdPA3TqLqzJ|77493314,transaction|wallet|transaction|wallet|transaction,|0.404546|0.351589|0.401872|0.342651,|0.202273|0.351589|0.200936|0.342651,|0.137017|0.00535548|0.0268472|0.00370461
226667659,4,transaction,175455423,False,True,5,226667659|12Tw2TQi6soy7r3vJLQoG5WcD1xvRiDo8N|179026575|13GAftL5wZmkHbjjAvkpciQMNhQiVa4Xdh|175455423,transaction|wallet|transaction|wallet|transaction,|0.400179|0.271674|0.401278|0.333549,|0.200089|0.271674|0.200639|0.333549,|0.117117|0.000355721|-0.209124|0.0526551
226668097,4,transaction,175079348,False,True,5,226668097|1Co9U42GYEvfLjh8aZbwno7pY7hVX7VKq7|226636763|1AT2uhss3R2ZPPkiKUrujXWzojXfr8V5FP|175079348,transaction|wallet|transaction|wallet|transaction,|0.404449|0.34474|0.401318|0.323685,|0.202225|0.34474|0.200659|0.323685,|0.00450668|-0.000457168|-0.0449889|0.0183233
43327208,4,transaction,68589101,False,True,5,43327208|16UREjCUa4bePVgeHXCDQNExjyukNJAqmv|43327209|19P8796tLoWa2FDavKwkQeSQsrQSc1BhMW|68589101,transaction|wallet|transaction|wallet|transaction,|0.406001|0.352795|0.40531|0.352512,|0.203001|0.352795|0.202655|0.352512,|0.0195785|-0.000710785|0.0030525|-0.00029546
43522396,4,transaction,37320780,False,True,5,43522396|14CRvg3vmqPACNZ3daBoJ7fnmHkp9w6Zuo|43522398|1948e7BW35k6xQukmBn9rLsFWmF5GRxTVk|37320780,transaction|wallet|transaction|wallet|transaction,|0.403999|0.311592|0.402241|0.351022,|0.201999|0.311592|0.20112|0.351022,|0.0203514|0.00133312|-0.0639749|-0.00160795
205031523,4,transaction,234661323,False,True,5,205031523|1KJGzunTGbp9VRDcHaWkm29A1gYtLxfyrD|234833833|1MSN6GDAReDthKFxakPsUVRMWWtKzYqGGh|234661323,transaction|wallet|transaction|wallet|transaction,|0.404916|0.345394|0.402634|0.336779,|0.202458|0.345394|0.201317|0.336779,|0.00460294|-0.000126958|-0.0167528|0.0317073
182668046,4,transaction,401217425,False,True,5,182668046|1D9qfFsVYspNFNEtmZ3KimC18HcWqwMQxf|339091120|3QyUSB4eRYePHcvpS6k6YDMBUDGXRSSMPc|401217425,transaction|wallet|transaction|wallet|transaction,|0.40627|0.352988|0.40587|0.353103,|0.203135|0.117663|0.202935|0.117701,|0.217759|0.00220966|0.0293995|3.97364e-08
185915034,4,transaction,339073238,False,True,5,185915034|1Fg3um6VX4ttAvx23ZdU6VUmxupKAE23YK|339093559|1FwcrkZicXhuuFu7pwNzJE4cX4W1rV8S5o|339073238,transaction|wallet|transaction|wallet|transaction,|0.402971|0.351967|0.396359|0.0965648,|0.201485|0.175983|0.19818|0.0965648,|0.405195|0.000847429|0.333152|-0.00142461
339057957,4,transaction,401217425,False,True,5,339057957|13VCCkD2GkVnsqhUBTV2Xr2vTuJGjCRcgG|339055906|3QyUSB4eRYePHcvpS6k6YDMBUDGXRSSMPc|401217425,transaction|wallet|transaction|wallet|transaction,|0.398792|0.20338|0.40587|0.353103,|0.199396|0.050845|0.40587|0.117701,|0.0244446|3.76403e-05|0.525704|0
339156510,4,transaction,401217425,False,True,5,339156510|1NTELqzP6bTddvUZdFwdxML3NGbvuRUB26|339261328|3QyUSB4eRYePHcvpS6k6YDMBUDGXRSSMPc|401217425,transaction|wallet|transaction|wallet|transaction,|0.405933|0.352999|0.40587|0.353103,|0.202967|0.0320908|0.202935|0.117701,|0.171852|0.000891626|0.0238728|3.97364e-08
243780678,4,transaction,238207981,False,True,5,243780678|1Fnn7JG5k9Yjd5nKXa8xpWapmuYfrW57Bw|242499837|12XRs7xQLj3GPceTkQiCjFioMf1PA3bhUK|238207981,transaction|wallet|transaction|wallet|transaction,|0.403642|0.342225|0.398653|0.305168,|0.201821|0.342225|0.199327|0.305168,|0.112592|0.00778079|0.162198|-0.147842
244629192,4,transaction,241552555,False,True,5,244629192|1GcDaQHDh1U8xPJKbdszT45j87J2ecUUj|243780869|1AJ4EnByhxkyk3EENDcmv5vFQrV1z1MUsw|241552555,transaction|wallet|transaction|wallet|transaction,|0.390328|0.276328|0.404056|0.351507,|0.195164|0.276328|0.202028|0.351507,|0.247214|-0.295639|-0.0664292|0.621616
378502032,4,transaction,401217425,False,True,5,378502032|1KwKLJTCWUQZwtBhgBQi5cwgnUip7L68z1|378320266|3QyUSB4eRYePHcvpS6k6YDMBUDGXRSSMPc|401217425,transaction|wallet|transaction|wallet|transaction,|0.385769|0.188971|0.40587|0.353103,|0.192884|0.188971|0.40587|0.117701,|-0.266253|-0.124988|0.544418|0
390327170,4,transaction,390045727,False,True,5,390327170|1MSMU5ynydjKp7WbeFt9S9nmKhyJrcTMYx|390327174|1CM8JfniBj3t63qEaGBropcFdqNQejBdqv|390045727,transaction|wallet|transaction|wallet|transaction,|0.405029|0.345827|0.405186|0.351523,|0.202515|0.345827|0.135062|0.351523,|8.58903e-05|-0.000183046|-0.00373576|0.000349402
390572513,4,transaction,319179298,False,True,5,390572513|148r4i1UDDQQa6vKywArbr9xhrSaGaMpvA|390502971|19AdLB6drbkhVvW3fyA1d9g9qcZwTQMPna|319179298,transaction|wallet|transaction|wallet|transaction,|0.404258|0.352725|0.404727|0.318915,|0.202129|0.352725|0.202363|0.318915,|0.00660807|-4.01735e-05|0.149235|0.18762
209522272,4,transaction,210508548,False,True,5,209522272|1NZhokbwv59VidrNN1xj6GMAzdzrGXpxjv|209522275|1NNAay4zuMvxJAyR3RXyF1nS1cRtKL8C5x|210508548,transaction|wallet|transaction|wallet|transaction,|0.404761|0.35232|0.401077|0.28088,|0.202381|0.35232|0.200539|0.28088,|0.104911|-0.000185966|0.177257|0.00607163
209522745,4,transaction,208951658,False,True,5,209522745|1MQf4z9K19YDVnAifjPhV7vUPyf1jiuQYD|209522746|1BaSQVRBzdpMc81Lq5u4xteVDUiMfRm8iE|208951658,transaction|wallet|transaction|wallet|transaction,|0.404777|0.351577|0.403794|0.348825,|0.202389|0.351577|0.201897|0.348825,|0.0117508|-0.000425279|0.133594|0.0190629
99180842,4,transaction,98972797,False,True,5,99180842|15XPupAvDGWsqHFmnZP6JPC4Bfm71fUW55|99182135|1LXxDS1hpVXxrJRTihz3V31UTigxTQi8Kv|98972797,transaction|wallet|transaction|wallet|transaction,|0.401822|0.338447|0.40357|0.3448,|0.200911|0.338447|0.201785|0.3448,|0.168686|0.00556016|0.190436|-0.0355673
99191146,4,transaction,98961129,False,True,5,99191146|1LcnN4SwcrHmue5Q5bM8DURRUfckahHrTQ|99191151|1Gq1yYrC8ovxK39YmkwPFkN4mHtaxCWokj|98961129,transaction|wallet|transaction|wallet|transaction,|0.403783|0.344794|0.405247|0.35104,|0.201891|0.344794|0.202623|0.35104,|0.323939|-0.00215924|-5.1707e-05|0.142171
368749102,4,transaction,368808768,False,True,5,368749102|1KeTPLVH9viTa3ALZUWbB7MiNTdo7bhcnj|368745825|121jUSgC9UFxtrP5U5nHmMRuLM3GubnTak|368808768,transaction|wallet|transaction|wallet|transaction,|0.403524|0.343905|0.404846|0.351041,|0.201762|0.343905|0.202423|0.351041,|0.257726|-0.00148171|0.0102109|0.0932412
372670818,4,transaction,368750371,False,True,5,372670818|1JZyc4dGC1iUHrsve6Q1cmZBFPrvoeeLhx|368775548|1BoEbKwDbWMXJzVhQsYBugSouTc6SgWysM|368750371,transaction|wallet|transaction|wallet|transaction,|0.390306|0.000890434|0.399852|0.350447,|0.195153|0.000890434|0.133284|0.350447,|0.457443|0.0287988|-0.0645058|-0.133406
372726401,4,transaction,311861787,False,True,5,372726401|1JQN4ThctNN2himNjnQ6rvdFhWMrLJkcYH|266113017|1CajuZVtXZBqaMMvGA3Fvkg9Z2RJpTHp6G|311861787,transaction|wallet|transaction|wallet|transaction,|0.402241|0.352214|0.404842|0.350018,|0.201121|0.352214|0.134947|0.350018,|0.0166197|0.000492573|-7.56979e-06|0.00242835
372726776,4,transaction,372684773,False,True,5,372726776|172oez7RAkfRZdndvHAkfCw3GSHiDX8ZzN|372684775|14uGQ6ZSGQimhKDHYmMAWSdsn5j9rNnEfK|372684773,transaction|wallet|transaction|wallet|transaction,|0.405106|0.34508|0.404864|0.351147,|0.202553|0.34508|0.202432|0.351147,|0.00880167|-0.00188744|-0.00194457|0.0206134
269501303,4,transaction,268829791,False,True,5,269501303|19Ezvt5sVwNG6K8ZtkvkMDUEnGCH7iLyEn|233549451|1DBxkstdgBNJy1tjsFb1ySksQ7k33U8kuQ|268829791,transaction|wallet|transaction|wallet|transaction,|0.403773|0.345529|0.40455|0.35006,|0.201887|0.0863821|0.202275|0.35006,|0.482393|0.00151071|-0.000225455|0.100296
85002444,4,transaction,84787032,False,True,5,85002444|1BmCB781s1tndzMBqXNp2B4SCprZqvkGMa|55326642|1LgWvPbgLS1nbXZrraYtUhNTgL31S77zHv|84787032,transaction|wallet|transaction|wallet|transaction,|0.404462|0.343093|0.404803|0.350395,|0.0505577|0.343093|0.202401|0.350395,|0.0104017|-0.119096|-0.00238669|0.0443326
355092783,4,transaction,355124110,False,True,5,355092783|15C4iGjiERw2ZwaTrhsRmsgSFBydKjPoQd|355124108|1EVmeeBuxj5jzUitfAjAiSYZwM6A6owyFS|355124110,transaction|wallet|transaction|wallet|transaction,|0.405023|0.35203|0.402933|0.347342,|0.202511|0.070406|0.201467|0.347342,|0.0342149|-2.24113e-06|0.156372|0.0174638
67584867,4,transaction,74031817,False,True,5,67584867|12ivRoovqCoG7vTfakTfJWVda65NP78U1N|67584869|1AvqoRuLaTSqXTL3ixsF7uzG2R2TH4AVnh|74031817,transaction|wallet|transaction|wallet|transaction,|0.39778|0.270393|0.397769|0.159605,|0.19889|0.270393|0.198884|0.159605,|0.457615|0.0470672|-0.263562|0.243688
70328739,4,transaction,54782496,False,True,5,70328739|1EYVJNjFAXbD7b2e1e4DrDiRmHRzVa2MXk|69352620|1Afaqj3LAsGxUtQTtZQpvehhu8xejMrP3e|54782496,transaction|wallet|transaction|wallet|transaction,|0.403632|0.352484|0.40345|0.336428,|0.201816|0.176242|0.201725|0.336428,|0.0207134|-0.000234067|0.258416|0.0321072
70408666,4,transaction,69599154,False,True,5,70408666|1MsErenLmMgcweVHEKtsX9exHaxvRo2xMs|69494347|18ft11PUHRVA4eDFUJktaBcs1ZQdLmrGZU|69599154,transaction|wallet|transaction|wallet|transaction,|0.400953|0.25778|0.401173|0.352129,|0.200476|0.25778|0.100293|0.352129,|0.475356|0.115984|-0.00288602|0.352668
115723125,4,transaction,56566464,False,True,5,115723125|16UbvGL4tnwN1N2NEPFJefkqmZXPXnv3xo|59039132|1J3wcVsNeGw4xnGbeSwzVGMVXyNF4d7SPR|56566464,transaction|wallet|transaction|wallet|transaction,|0.404266|0.34674|0.403755|0.344229,|0.202133|0.34674|0.201877|0.344229,|0.0146205|-0.00105721|0.0198915|0.102796
151195593,4,transaction,148889046,False,True,5,151195593|18uDAboVJfajC7fdnQ5s4uMXWYfHrma33e|148889057|17DK5dTJjMatwkrYB8PK2nyaTrZnoVnsvp|148889046,transaction|wallet|transaction|wallet|transaction,|0.40294|0.174558|0.392833|0.0024454,|0.20147|0.174558|0.196416|0.0024454,|0.191572|0.158631|0.0805514|0.167138
71989369,4,transaction,70804318,False,True,5,71989369|1Eziyq5LPL5Ra1FiT72TcTPVktwfVGtsfu|71450735|17iuZcX7VmkbnQPNhJaoG7jZRZquJ2aKAb|70804318,transaction|wallet|transaction|wallet|transaction,|0.401567|0.309916|0.397423|0.337179,|0.200784|0.309916|0.198712|0.337179,|0.128009|-0.000158548|0.322477|0.546328
71989678,4,transaction,16303907,False,True,5,71989678|1Eh9FmpaLTxyRa87YxCD8EnbTTqH6TCxKu|71769553|19xVdxnQr6D8QmVEGqSGRFsHBFUu4Jfdkf|16303907,transaction|wallet|transaction|wallet|transaction,|0.237466|0.29785|0.404124|0.271896,|0.118733|0.29785|0.134708|0.271896,|0.359177|0.0338722|0.222541|0.808286
113Y1qyts1FNejKhJJbXciDnasM9yT1EfZ,4,wallet,1672DJUMTLqxLJNbxC1JBRoTRZhFHKdgHa,False,True,5,113Y1qyts1FNejKhJJbXciDnasM9yT1EfZ|84748910|1FHV7A6ar3w8A1MpSKEVwZff4N3VTDtA6S|84332819|1672DJUMTLqxLJNbxC1JBRoTRZhFHKdgHa,wallet|transaction|wallet|transaction|wallet,|0.352772|0.402628|0.350172|0.385145,|0.176386|0.201314|0.350172|0.385145,||0.0814701|0.00065732|0.24468
122PuEnPGyVJ6rLmVBHpxywLeCvhozCHGh,4,wallet,18st1SFGuh2vx8f6TGC4UczuDvvC81b1e1,False,True,5,122PuEnPGyVJ6rLmVBHpxywLeCvhozCHGh|372826571|1Q5QqKRpQYxJcCZoiYXnqc1KkU8LpbLAwm|372749761|18st1SFGuh2vx8f6TGC4UczuDvvC81b1e1,wallet|transaction|wallet|transaction|wallet,|0.351701|0.401992|0.351304|0.385093,|0.17585|0.200996|0.351304|0.385093,||0.0712482|0.00864244|0.284207
126iVJut2nHUXeMoikE44Fo5mLdFMRVv5K,4,wallet,1CfTBEgz7Bm4Pxkd7tfSqB1GmjgrdLzLkB,False,True,5,126iVJut2nHUXeMoikE44Fo5mLdFMRVv5K|209058193|14EDRcJT46HNDE3AJGp9QjJoKh1KiDDXqb|208938499|1CfTBEgz7Bm4Pxkd7tfSqB1GmjgrdLzLkB,wallet|transaction|wallet|transaction|wallet,|0.352257|0.404419|0.35108|0.385083,|0.352257|0.20221|0.35108|0.385083,||0.000800163|0.00109941|0.313758
12KywPgC1KgDDsWRv2MsEhafYCTKogAST8,4,wallet,17tmTHgkB5C8Mpreo4NyDDXNaRC1AvTNib,False,True,5,12KywPgC1KgDDsWRv2MsEhafYCTKogAST8|372678485|1Cdm1xeWWsq7bkM555a9GLEvygWzhcFiyA|372678483|17tmTHgkB5C8Mpreo4NyDDXNaRC1AvTNib,wallet|transaction|wallet|transaction|wallet,|0.345454|0.405071|0.351183|0.385097,|0.345454|0.202536|0.351183|0.385097,||-0.000867009|0.0206594|0.320991
12LyDmU8LdQaLNcgTY4ouQzMrgrqfdAdna,4,wallet,3964G36rzvtYRdAULprDVzQsQLPrfWWhQi,False,True,5,12LyDmU8LdQaLNcgTY4ouQzMrgrqfdAdna|114675613|1ANXWpxRLq9BATf34J8tqP21hMngjnkqh|49875113|3964G36rzvtYRdAULprDVzQsQLPrfWWhQi,wallet|transaction|wallet|transaction|wallet,|0.346743|0.402488|0.331707|0.38539,|0.346743|0.201244|0.331707|0.38539,||0.0277345|0.941355|-0.202647
12M9LCLUBbfGFgWvpMnY4aoSR72e4YZEiy,4,wallet,16UDjgcakxhi3TCnTntctpHgYwc1dgkpE7,False,True,5,12M9LCLUBbfGFgWvpMnY4aoSR72e4YZEiy|241503295|1W5kyNEyQdwVduZ6kK9VrAmVwa3uavfcz|241494998|16UDjgcakxhi3TCnTntctpHgYwc1dgkpE7,wallet|transaction|wallet|transaction|wallet,|0.341856|0.402569|0.349959|0.385049,|0.341856|0.201285|0.349959|0.192525,||0.00801983|0.0452662|0.140856
12YVLSfnpNgkpuzN3FprkNc8Q7Au1zQjZn,4,wallet,1Fj9TE5oggLiWf5DNfprvN4prQCJUKXoCa,False,True,5,12YVLSfnpNgkpuzN3FprkNc8Q7Au1zQjZn|378409253|1Ar9tVASCat13r1FiXWFbnVavcxpAYYm6n|378279559|1Fj9TE5oggLiWf5DNfprvN4prQCJUKXoCa,wallet|transaction|wallet|transaction|wallet,|0.352544|0.403686|0.352012|0.403199,|0.0251817|0.201843|0.352012|0.403199,||0.214523|-0.000197113|0.503077
12hDGz5WEEeM9j4unPY4fMRbBJAyb84Y5n,4,wallet,1DvhWbCAJ5uwzQGYn1tJZVEAC4AqrhLHaH,False,True,5,12hDGz5WEEeM9j4unPY4fMRbBJAyb84Y5n|372726111|12WuDgXJgAgRZdBg6V1oWDqbeTwSqn4C9W|341692282|1DvhWbCAJ5uwzQGYn1tJZVEAC4AqrhLHaH,wallet|transaction|wallet|transaction|wallet,|0.352848|0.405181|0.351141|0.385103,|0.0252034|0.202591|0.351141|0.192552,||0.000385493|0.000198424|0.143446
12oqQzioksAqvgkth2bJSMAxHqMtaPkzfH,4,wallet,31r2SnDuXPkkd6WzNMTFZiayRfW47iYUto,False,True,5,12oqQzioksAqvgkth2bJSMAxHqMtaPkzfH|190006225|124ybw1QjNKcBTtKg6HkaSXsU8vS1qR8W3|190006242|31r2SnDuXPkkd6WzNMTFZiayRfW47iYUto,wallet|transaction|wallet|transaction|wallet,|0.351884|0.264147|0.308462|0.385018,|0.351884|0.132074|0.154231|0.192509,||0.216756|0.0292813|0.0787226
13UF5mLdrQL37dvijFo5wNg5wW5RJntDQu,4,wallet,1RtGxRyrBGkqq7ogjxHTbGnLYXikXJsfU,False,True,5,13UF5mLdrQL37dvijFo5wNg5wW5RJntDQu|299043430|16E8G8qLPMYgp16askUv6KHwQ6xpAG9NWr|298687023|1RtGxRyrBGkqq7ogjxHTbGnLYXikXJsfU,wallet|transaction|wallet|transaction|wallet,|0.353042|0.402528|0.309404|0.367966,|0.353042|0.201264|0.309404|0.183983,||0.0752538|-7.39098e-06|0.349087
13wGJdG5MJtr4jzMH6fSRKGw4FAY8HNkRQ,4,wallet,1ELRC7eRxcESge5i7Nx7nyZZwQDY6Snk2H,False,True,5,13wGJdG5MJtr4jzMH6fSRKGw4FAY8HNkRQ|6436559|12vfs2AyL4G6PXNaMCTnCnnfMPukMzaiwk|13114107|1ELRC7eRxcESge5i7Nx7nyZZwQDY6Snk2H,wallet|transaction|wallet|transaction|wallet,|0.352369|0.398434|0.33819|0.385059,|0.352369|0.132811|0.33819|0.0770119,||0.315309|-0.000222862|0.0737321
14AeKdYbsdAjTuotE4zep9erZgL3Q9JrkD,4,wallet,1FjHrXdENAZms7bTeNjwHZ8faPkC9Zw9CS,False,True,5,14AeKdYbsdAjTuotE4zep9erZgL3Q9JrkD|234169263|12TcFnW3nrBG4Ahu3Mzvqjzk345GvRkGoX|64103261|1FjHrXdENAZms7bTeNjwHZ8faPkC9Zw9CS,wallet|transaction|wallet|transaction|wallet,|0.351306|0.3726|0.34583|0.385062,|0.351306|0.1863|0.34583|0.385062,||0.00553763|-0.00174165|-0.0957648
14HVMGZEiPLaQySi15hfCAogVWmfjpWvS9,4,wallet,1HJ6scVBtYqeL8VSZD7ZYtKhXoJeX6fsVz,False,True,5,14HVMGZEiPLaQySi15hfCAogVWmfjpWvS9|84749894|18tYaUYkAxKas1pwqNFAjRa9PjFA68Xtse|84335456|1HJ6scVBtYqeL8VSZD7ZYtKhXoJeX6fsVz,wallet|transaction|wallet|transaction|wallet,|0.352664|0.401082|0.350467|0.385143,|0.0881661|0.200541|0.350467|0.385143,||0.0437082|0.000496805|0.258748
14UcbzMBCHRxcCJmPDEK9xn2GWZMHvrGWY,4,wallet,1ELRC7eRxcESge5i7Nx7nyZZwQDY6Snk2H,False,True,5,14UcbzMBCHRxcCJmPDEK9xn2GWZMHvrGWY|114770297|17tUu1tGp8okTL12BDDb12p2jzQJjCmhC3|13114107|1ELRC7eRxcESge5i7Nx7nyZZwQDY6Snk2H,wallet|transaction|wallet|transaction|wallet,|0.352148|0.401909|0.33819|0.385059,|0.352148|0.13397|0.33819|0.0770119,||0.325329|0.00149494|0.0737321
14p3sTzV3ikZhZo5Cnru9ob4crF2fn3JES,4,wallet,1DaVD4N9LicN65k6wq82TPu3yWfU9GNb4S,False,True,5,14p3sTzV3ikZhZo5Cnru9ob4crF2fn3JES|209682050|17htBuQvt459DxbiMgK22r9Vprjn3t7i7L|209050993|1DaVD4N9LicN65k6wq82TPu3yWfU9GNb4S,wallet|transaction|wallet|transaction|wallet,|0.304277|0.340135|0.342482|0.385143,|0.304277|0.170068|0.0684963|0.385143,||0.392431|0.00818504|-0.187843
15zictteFvZ9NT9t3nyTqbt1b4fybPgMMa,4,wallet,17Qn3FbssXZWKHyKf6nYyfC7J9yz5j3hgv,False,True,5,15zictteFvZ9NT9t3nyTqbt1b4fybPgMMa|45350873|18CR4MmYgRze9DWdgFJaNtRyouzSRLYcMQ|149627478|17Qn3FbssXZWKHyKf6nYyfC7J9yz5j3hgv,wallet|transaction|wallet|transaction|wallet,|0.352636|0.311564|0.305812|0.401572,|0.352636|0.155782|0.305812|0.200786,||0.124492|0.00389725|0.171102
16HL5g6Byc4vcCv8ZSYd9ya9U3fskFFfYn,4,wallet,115hcGDYGbbUjaB3Akb99yH2dXirkj3AHb,False,True,5,16HL5g6Byc4vcCv8ZSYd9ya9U3fskFFfYn|72632811|1EWVwzNmv5qL9TeSKnzYLcdK4fiELgQhho|72384062|115hcGDYGbbUjaB3Akb99yH2dXirkj3AHb,wallet|transaction|wallet|transaction|wallet,|0.350429|0.401084|0.250407|0.393336,|0.350429|0.200542|0.250407|0.196668,||0.081775|0.0149692|0.076376
16U55Ea3UZRXmf468ShHS9NrYxQC9ZZfXB,4,wallet,186bmjkGADHXqKWgLxPnuDE9HGZqB2QiZB,False,True,5,16U55Ea3UZRXmf468ShHS9NrYxQC9ZZfXB|283174298|14jsQnncUBhohk9GMDUm5exsXTteyrQB1E|211775517|186bmjkGADHXqKWgLxPnuDE9HGZqB2QiZB,wallet|transaction|wallet|transaction|wallet,|0.352796|0.403036|0.11485|0.374718,|0.176398|0.201518|0.11485|0.187359,||0.160789|0.000843883|0.227318
16a6acv5vbGpKVk17LLMSP3rrhCbPNZwyQ,4,wallet,1762XHHLtrkJoyoJCnf1X7ypQ9Xrw6cdxt,False,True,5,16a6acv5vbGpKVk17LLMSP3rrhCbPNZwyQ|241512596|12oTxdyBz6RPXLMZFdaYhjn4HRBsa6bHb9|240298507|1762XHHLtrkJoyoJCnf1X7ypQ9Xrw6cdxt,wallet|transaction|wallet|transaction|wallet,|0.338185|0.4053|0.350536|0.385073,|0.338185|0.1351|0.350536|0.385073,||-0.00719108|0.0307261|0.297797
16ixpF3S8cYwkYbDrhBZMJGyKKDhyoWTFW,4,wallet,3BbN4AXLktFAaby7ks2eLAc2kfu6ucWj9Y,False,True,5,16ixpF3S8cYwkYbDrhBZMJGyKKDhyoWTFW|299172427|1FA84FS8wLiFAA1WjoJaM1aCsisHVcJLXd|300317561|3BbN4AXLktFAaby7ks2eLAc2kfu6ucWj9Y,wallet|transaction|wallet|transaction|wallet,|0.352603|0.403702|0.348646|0.385197,|0.352603|0.201851|0.348646|0.385197,||0.106503|0.00284886|0.182123
17czPkYKUVbRZWc9LHbRGw2Axq4kLrLyxo,4,wallet,1MKX7UdPMN28cBTBDDtX7xhzFR8cF9tiEC,False,True,5,17czPkYKUVbRZWc9LHbRGw2Axq4kLrLyxo|16765806|1MqKmm2EWzrzm5pUazQg48Pw8mfQcNqMH9|61251121|1MKX7UdPMN28cBTBDDtX7xhzFR8cF9tiEC,wallet|transaction|wallet|transaction|wallet,|0.299965|0.405117|0.351172|0.392303,|0.299965|0.202558|0.351172|0.196152,||0.0251241|0.58487|0.292965
17eoRPx7wvBcAeJtX2QxEFuwda5nYJ3T7d,4,wallet,1LS1p2rJmugNhJnGKvrPaRacXG28fizTjs,False,True,5,17eoRPx7wvBcAeJtX2QxEFuwda5nYJ3T7d|92672488|1G3CVzLyzCkB2Q9i5aEEcmBsyqJRAw3Afm|92672483|1LS1p2rJmugNhJnGKvrPaRacXG28fizTjs,wallet|transaction|wallet|transaction|wallet,|0.340718|0.404229|0.347668|0.385217,|0.340718|0.202115|0.347668|0.385217,||-0.00351891|0.202894|0.181962
17ffWirkPwzAwi82kqdzocHvZ34BZyzpqL,4,wallet,1MeFBRNnT91GY227gh1iwuxbMP9sL59w1K,False,True,5,17ffWirkPwzAwi82kqdzocHvZ34BZyzpqL|30180254|12SUDbsVPQToMcfSahpWELJS32EvzMd1Tm|30179367|1MeFBRNnT91GY227gh1iwuxbMP9sL59w1K,wallet|transaction|wallet|transaction|wallet,|0.0717618|0.403062|0.345991|0.385264,|0.0717618|0.201531|0.345991|0.385264,||0.021789|0.582398|0.117294
17gqENPQKuSD8duDSXubJEwjhLKxNdPdrY,4,wallet,13xyyTymEp91gQr9iQ3AfTJX5LYe1LCxFK,False,True,5,17gqENPQKuSD8duDSXubJEwjhLKxNdPdrY|30179462|17uJBzLLnv9E1oP7t1Fh8TeBmUsi8BrALD|30179369|13xyyTymEp91gQr9iQ3AfTJX5LYe1LCxFK,wallet|transaction|wallet|transaction|wallet,|0.156366|0.403032|0.34599|0.385264,|0.156366|0.201516|0.34599|0.385264,||0.0459813|0.617144|0.117301
17y1YvgzjVGaZs1yAKNrpTszbAXUi8XSqb,4,wallet,14oJWXN66rJEczwDnWj3fRZ3UJq5bUyiHt,False,True,5,17y1YvgzjVGaZs1yAKNrpTszbAXUi8XSqb|336436020|1EYqejuA5FbqUmcxwsKtTb82kyXmNoqenv|331496023|14oJWXN66rJEczwDnWj3fRZ3UJq5bUyiHt,wallet|transaction|wallet|transaction|wallet,|0.345021|0.404969|0.35094|0.385105,|0.345021|0.202484|0.35094|0.385105,||-0.00112215|0.0233015|0.314202
188nmTCRevpJSMVHhS8wAj239QgbMqZjy4,4,wallet,1HrTtf4tCy9STMZyvDiuwcZhivAHndz7FR,False,True,5,188nmTCRevpJSMVHhS8wAj239QgbMqZjy4|30179618|12ngaHHBJFj5PbMRYqQtgWUGUW3vuERipw|30179328|1HrTtf4tCy9STMZyvDiuwcZhivAHndz7FR,wallet|transaction|wallet|transaction|wallet,|0.23302|0.403002|0.34596|0.385264,|0.23302|0.201501|0.34596|0.385264,||0.0639682|0.554687|0.116152
18tZGvM5sB7b8gZAp7kRGK7bvAe5ykjYi9,4,wallet,1A6PFkdF7axeFsyhpJYE1pRcCBQQhTviNm,False,True,5,18tZGvM5sB7b8gZAp7kRGK7bvAe5ykjYi9|71789594|17exTrafYtYn1eoXDaSqpgyApGhhgJ3bE2|71789586|1A6PFkdF7axeFsyhpJYE1pRcCBQQhTviNm,wallet|transaction|wallet|transaction|wallet,|0.344106|0.399686|0.344864|0.385316,|0.344106|0.133229|0.344864|0.385316,||-0.0264814|0.308614|-0.00978303
1927jdMauuzfZ4zWxuNZM1F4MGuJA7UZQk,4,wallet,1Q8YhgGgC7Movu8HgBH2gQEAE7bZWWLGot,False,True,5,1927jdMauuzfZ4zWxuNZM1F4MGuJA7UZQk|209050851|1GgM2yygXXQ5iAWyCbgkUiVWnbWH2xx1Fq|9565016|1Q8YhgGgC7Movu8HgBH2gQEAE7bZWWLGot,wallet|transaction|wallet|transaction|wallet,|0.35295|0.400542|0.103059|0.385338,|0.11765|0.200271|0.103059|0.385338,||0.371197|0.643838|-0.422017
199ajGn11hBQWbAyA1FzdhLJehG6fnnY4z,4,wallet,16ECuRD6zkYStkwMwhDarbrUgFwbhCsNk7,False,True,5,199ajGn11hBQWbAyA1FzdhLJehG6fnnY4z|339851480|158W92YqUUwW54RAyVHNB9koaVkJ1TTCmi|305080357|16ECuRD6zkYStkwMwhDarbrUgFwbhCsNk7,wallet|transaction|wallet|transaction|wallet,|0.097683|0.40524|0.350417|0.385097,|0.097683|0.03377|0.350417|0.385097,||0.0457216|0.0287085|0.23552
19E49RfNrnWYhh411QrHoB5pMf68kwk4SX,4,wallet,1294YBChtMxM1S36kHA12psHi8Ny6iDpWj,False,True,5,19E49RfNrnWYhh411QrHoB5pMf68kwk4SX|71450697|12cBJfbVg5QmUM2cKPpC5jjFiVwVQweZDJ|70782417|1294YBChtMxM1S36kHA12psHi8Ny6iDpWj,wallet|transaction|wallet|transaction|wallet,|0.340358|0.402009|0.333823|0.38538,|0.340358|0.201004|0.333823|0.38538,||0.0338826|0.528905|-0.118634
19zm69Hy6o3mi1sYx5SCXTc4XMYjdtxdEr,4,wallet,13wdkDasM1KcscU89hKGbLXmguebkX18JT,False,True,5,19zm69Hy6o3mi1sYx5SCXTc4XMYjdtxdEr|99636195|13WwySyNYefSW8Rmkb4g1UjAdnNDstPvtS|99497255|13wdkDasM1KcscU89hKGbLXmguebkX18JT,wallet|transaction|wallet|transaction|wallet,|0.342182|0.405052|0.351318|0.385089,|0.342182|0.202526|0.351318|0.385089,||-0.00136027|0.0445467|0.325941
1A7qUFDbaPSRxWhP8HnJXDzUHFycDVgp7z,4,wallet,1H1z8H9F6YSmpgc3dZ2zy811CEHLLbGRVP,False,True,5,1A7qUFDbaPSRxWhP8HnJXDzUHFycDVgp7z|362960728|1Jj3t3nnxfRE6Y2q6oQongPaRRV11TaSo3|362855605|1H1z8H9F6YSmpgc3dZ2zy811CEHLLbGRVP,wallet|transaction|wallet|transaction|wallet,|0.346632|0.405245|0.351124|0.385087,|0.346632|0.202623|0.351124|0.385087,||-0.000286192|0.0556983|0.300492
1AGrgp2XNdXyw45rfyEEMpgG6Gr3UySfBZ,4,wallet,1FLiLtQMASJPAx77ZkFkxyQb5F7p3fBuqf,False,True,5,1AGrgp2XNdXyw45rfyEEMpgG6Gr3UySfBZ|241503808|18ejknucGKiFEN25E1DMsUG8qovFKroqTr|241489128|1FLiLtQMASJPAx77ZkFkxyQb5F7p3fBuqf,wallet|transaction|wallet|transaction|wallet,|0.35091|0.4053|0.351645|0.385059,|0.35091|0.20265|0.351645|0.385059,||0.000689477|0.00468618|0.326809
1B8n5tbQJEk9k87QXhjJtiNvXmc99HDzzu,4,wallet,1HMyR4vC96MjKkMLEDDk9bDorPUPxoUsbL,False,True,5,1B8n5tbQJEk9k87QXhjJtiNvXmc99HDzzu|209526419|14EuYnzMMRv2Bj4Mcjky6ZKwSSVpeTktZ6|209059427|1HMyR4vC96MjKkMLEDDk9bDorPUPxoUsbL,wallet|transaction|wallet|transaction|wallet,|0.352692|0.405012|0.351275|0.385089,|0.0587819|0.202506|0.351275|0.385089,||0.00159356|0.000496805|0.325693
1BEfK5nNJhMVkL7Ysii7UFctnbjp9GW9Pt,4,wallet,1FsEy4KpsMKAK28qS8PAdpNTLB6G7SdCxu,False,True,5,1BEfK5nNJhMVkL7Ysii7UFctnbjp9GW9Pt|71749633|1HfUdAgLpWgd6qgzPrPXji7MB4YubBKN88|29949646|1FsEy4KpsMKAK28qS8PAdpNTLB6G7SdCxu,wallet|transaction|wallet|transaction|wallet,|0.352896|0.404059|0.23379|0.385556,|0.0588159|0.202029|0.23379|0.385556,||0.16772|0.201416|-0.460509
1BHeTKX56dxYfB1e3vujLiFfDd6gvcQU3R,4,wallet,1C8BrqmwdMTmZ7hJxTaBGaQDf63WsJG8Rk,False,True,5,1BHeTKX56dxYfB1e3vujLiFfDd6gvcQU3R|57017238|1FaPMuczf7UfTVV87mDyVFSESiXRNExAiM|54813121|1C8BrqmwdMTmZ7hJxTaBGaQDf63WsJG8Rk,wallet|transaction|wallet|transaction|wallet,|0.350365|0.398425|0.346693|0.385255,|0.175183|0.199213|0.346693|0.385255,||0.14062|0.101716|0.108249
1BXCcT9kdmVhAjrzFqZxamBY19jzEuhmGo,4,wallet,1HgmC12yMXouXuaSNH2XgSYBzkR19E4WRD,False,True,5,1BXCcT9kdmVhAjrzFqZxamBY19jzEuhmGo|355003726|19b9easgZuTi3ivLixTRk7oZ1S545sSe5a|355003727|1HgmC12yMXouXuaSNH2XgSYBzkR19E4WRD,wallet|transaction|wallet|transaction|wallet,|0.352474|0.402752|0.349114|0.385185,|0.0440593|0.201376|0.349114|0.385185,||0.0336057|0.00320411|0.243122
1BfnRGdiPbPnyQRQxdgLQwcd5b7k4UchCr,4,wallet,1HnonTFcYdnksX7tdPUdD3cbdBWHHct9nG,False,True,5,1BfnRGdiPbPnyQRQxdgLQwcd5b7k4UchCr|67682778|1PoJfJM84bHofDcsGaYsfPbZsaCRUC8nxc|67682780|1HnonTFcYdnksX7tdPUdD3cbdBWHHct9nG,wallet|transaction|wallet|transaction|wallet,|0.33977|0.402843|0.284432|0.38338,|0.33977|0.201422|0.284432|0.19169,||0.11202|0.571225|0.224686
1BjS6UbosMK4vEK2vQopaCaa3wRRswjb6H,4,wallet,1xJNjCft7AvmNAfrFh19atXzgDrE36ShY,False,True,5,1BjS6UbosMK4vEK2vQopaCaa3wRRswjb6H|355008334|1NoTZBqaxdXUn9RWZ45zmPwA3CMoTwVe8f|192942618|1xJNjCft7AvmNAfrFh19atXzgDrE36ShY,wallet|transaction|wallet|transaction|wallet,|0.30514|0.395198|0.348539|0.385198,|0.30514|0.197599|0.348539|0.128399,||-0.262438|-0.252446|-0.00536317
1CQeeF2rEFdNjKhSq1PzPCC4okRrcYvh15,4,wallet,1B2RJxhVZTxE5B9QRA2zMprMUnGLVoHDoe,False,True,5,1CQeeF2rEFdNjKhSq1PzPCC4okRrcYvh15|115732172|141XtDGFQjtGsrNA9CK1sxu65Bu2LVGZfV|179081583|1B2RJxhVZTxE5B9QRA2zMprMUnGLVoHDoe,wallet|transaction|wallet|transaction|wallet,|0.32133|0.405002|0.349395|0.385365,|0.0803326|0.202501|0.349395|0.192683,||-0.0722618|-0.0626975|0.114665
1CjFP9w321hu8Ety2e7wxCVoGrMQuSBnED,4,wallet,1CvZ8CA8jrPVzZ216BAx3q9tt7eWaDhM8b,False,True,5,1CjFP9w321hu8Ety2e7wxCVoGrMQuSBnED|209091416|1EX2H8gP7P9qSDc9waCHFcG5QsDjy3DTMd|208930302|1CvZ8CA8jrPVzZ216BAx3q9tt7eWaDhM8b,wallet|transaction|wallet|transaction|wallet,|0.352385|0.405057|0.351364|0.385082,|0.352385|0.0506322|0.351364|0.385082,||0.000428922|0.000582516|0.328471
1DH9yCUA33vRi8QaN5jUVsfJs2ioJ9aiXS,4,wallet,1DYmQndRngYDJKK9xdxshFHdR5WbHJpqwv,False,True,5,1DH9yCUA33vRi8QaN5jUVsfJs2ioJ9aiXS|339093790|1Goct8xVqHcgVNy8C24ktUtzSFY5ZRmEvT|339553711|1DYmQndRngYDJKK9xdxshFHdR5WbHJpqwv,wallet|transaction|wallet|transaction|wallet,|0.344954|0.404533|0.350532|0.402137,|0.344954|0.202267|0.350532|0.402137,||-0.00531766|0.0102388|0.425101
1DTcKy3U6TXUeNeDE7brxWb9uoffRsng7w,4,wallet,1ACAByYkHYebJLWB49ZztoNmBX5r8f7p4i,False,True,5,1DTcKy3U6TXUeNeDE7brxWb9uoffRsng7w|372812263|1441pPQEq8qAUZ8y2PuQKyfQRccabqQLtP|372727670|1ACAByYkHYebJLWB49ZztoNmBX5r8f7p4i,wallet|transaction|wallet|transaction|wallet,|0.352551|0.405074|0.35107|0.385102,|0.0881377|0.202537|0.35107|0.385102,||0.00199538|0.000886142|0.311615
1DVyXCbNpmByYFFhnVRnp8wWMtyFSK7b1g,4,wallet,144fAkgQphjXFPBEx6Ljv1YZneasnhTKFH,False,True,5,1DVyXCbNpmByYFFhnVRnp8wWMtyFSK7b1g|92606197|1KCgF3EJJKoHoWfCNjfu8vxwoVKqUHKh7u|92606152|144fAkgQphjXFPBEx6Ljv1YZneasnhTKFH,wallet|transaction|wallet|transaction|wallet,|0.340868|0.404288|0.347739|0.385217,|0.340868|0.202144|0.347739|0.385217,||-0.00287145|0.197121|0.185411
1Detvh6CX4R2e36yNSKKX2FUFG8tNnFeje,4,wallet,16sDbUwm662QtuCH6P1gzxyZH1R7Yv1KHs,False,True,5,1Detvh6CX4R2e36yNSKKX2FUFG8tNnFeje|70408671|1QCQe7LbFeAwoy8gVuMLN6munprkEWQz5P|67605387|16sDbUwm662QtuCH6P1gzxyZH1R7Yv1KHs,wallet|transaction|wallet|transaction|wallet,|0.352598|0.398351|0.346865|0.0855333,|0.117533|0.199176|0.346865|0.0427666,||-0.135522|0.0036332|-0.0981825
1DfDNE5Y4tdukqJ9qtsoWdZfV4KFHUtvSB,4,wallet,1FmdoeTYx82j8iAJxPgUKPsJ4FmhvTmeg7,False,True,5,1DfDNE5Y4tdukqJ9qtsoWdZfV4KFHUtvSB|306911718|1372KT5myi66VchhmmKyN5VL84KxJYAjBp|129110519|1FmdoeTYx82j8iAJxPgUKPsJ4FmhvTmeg7,wallet|transaction|wallet|transaction|wallet,|0.347934|0.40478|0.35141|0.385072,|0.347934|0.20239|0.35141|0.385072,||-0.00142831|0.017215|0.335985
1E9svKrWb7fu1kw9cAbuVbcCAxvUVCGWTU,4,wallet,1AXUxG34S8JSZ7J54wp85qALcwsnyD5ioy,False,True,5,1E9svKrWb7fu1kw9cAbuVbcCAxvUVCGWTU|339553019|1MtX79zBtEckWd3bDboup92dDXkexmwx3J|339054155|1AXUxG34S8JSZ7J54wp85qALcwsnyD5ioy,wallet|transaction|wallet|transaction|wallet,|0.350763|0.405645|0.349119|0.385098,|0.175382|0.202823|0.0698238|0.385098,||0.0266194|8.66413e-05|0.0623263
1ETvkrDgzAzNKXwzEFQVr1S42CMe2tqhPb,4,wallet,1B3k6vUs1LFNkDvfdkBcAmT3EWszruyTRc,False,True,5,1ETvkrDgzAzNKXwzEFQVr1S42CMe2tqhPb|30179461|198RB7eq3K97J8mjgshG9kiUTKJMNTDSNP|30179376|1B3k6vUs1LFNkDvfdkBcAmT3EWszruyTRc,wallet|transaction|wallet|transaction|wallet,|0.295305|0.403831|0.3453|0.385264,|0.295305|0.201915|0.3453|0.385264,||-0.0644974|0.706522|0.124178
1EYVmRKbJUwby7s6T6qyJ65sp3rwcUJhNo,4,wallet,1DPRVebTZwUkMFTDZk83bNGNnNaWK5vB6r,False,True,5,1EYVmRKbJUwby7s6T6qyJ65sp3rwcUJhNo|99676798|1AFK7NNo2gL62whs6h6zfTMSwWx51F1RVp|99676794|1DPRVebTZwUkMFTDZk83bNGNnNaWK5vB6r,wallet|transaction|wallet|transaction|wallet,|0.102623|0.39997|0.295248|0.402693,|0.102623|0.199985|0.295248|0.201346,||0.0124085|-0.338711|-0.134264
1EafVDYF8D292BRErRcRfJcUMm5P1kw1wW,4,wallet,147qD1wif5CqPdtmgsaobtvuPX3D7zvMj7,False,True,5,1EafVDYF8D292BRErRcRfJcUMm5P1kw1wW|240772643|1EfVgwUcTCjKk88jeVMx62T3XnFkxkCUqo|240790220|147qD1wif5CqPdtmgsaobtvuPX3D7zvMj7,wallet|transaction|wallet|transaction|wallet,|0.352829|0.405147|0.350937|0.385068,|0.352829|0.202573|0.350937|0.385068,||0.0116007|0.000482202|0.256148
1EtPrGFjikndxppP43E2RC4nErLiTGPA8u,4,wallet,12u7HHw1mjEeV2Q6Z3uxk18aRd2Q14QRvB,False,True,5,1EtPrGFjikndxppP43E2RC4nErLiTGPA8u|69351361|1qVaaT4262ydf9HVHigs69s9KpeSCBHvE|54741315|12u7HHw1mjEeV2Q6Z3uxk18aRd2Q14QRvB,wallet|transaction|wallet|transaction|wallet,|0.352526|0.402316|0.343323|0.385269,|0.0503609|0.201158|0.343323|0.385269,||0.247871|0.00822198|-0.00953925
1F46SjXCbQJzoHUv6fWbLKxJoyWYXSfoGa,4,wallet,1MRVmD1V2xBD8QGFVhXc2xXP5sJv5BH7Wd,False,True,5,1F46SjXCbQJzoHUv6fWbLKxJoyWYXSfoGa|99191240|1BsUNUGM5MQF6Es1qZbt7xjA5YiSiJ7t8X|98975509|1MRVmD1V2xBD8QGFVhXc2xXP5sJv5BH7Wd,wallet|transaction|wallet|transaction|wallet,|0.348497|0.405152|0.350878|0.385092,|0.348497|0.202576|0.350878|0.385092,||0.00105748|0.0460517|0.286336
1FAorvBoBSZaL22xttUDuKtzEPNvpgKPU8,4,wallet,1KPgc1oAD6t4VPTQZD8PeYx2HP49ybSHUP,False,True,5,1FAorvBoBSZaL22xttUDuKtzEPNvpgKPU8|339110575|1K8Ubmt2gpoYc1aXM6fjjj3QbP6mggW3LG|201869681|1KPgc1oAD6t4VPTQZD8PeYx2HP49ybSHUP,wallet|transaction|wallet|transaction|wallet,|0.112521|0.404067|0.346171|0.385064,|0.112521|0.202033|0.346171|0.0550091,||-0.100405|0.558759|0.0377139
1G2BKjjy2YSaZteV626k8Ka4WorkfkmRqt,4,wallet,181HEZrwm2tZN5miLTv1RrJM2foTQGbKeC,False,True,5,1G2BKjjy2YSaZteV626k8Ka4WorkfkmRqt|268885335|1J6a7T5trMyWXQmEMjuaezZYCuPC6Vy3e6|268874025|181HEZrwm2tZN5miLTv1RrJM2foTQGbKeC,wallet|transaction|wallet|transaction|wallet,|0.33093|0.401942|0.350708|0.38512,|0.33093|0.100486|0.350708|0.19256,||-0.0263592|-0.176639|-9.50992e-05
1GPxCxkToLStr66tsM4LjNAt5LPBuT19nP,4,wallet,1PkCbt1Hd9r5RPaffYRUzhapGm6mtwJBXE,False,True,5,1GPxCxkToLStr66tsM4LjNAt5LPBuT19nP|372691618|1BHn94jmtvVnSws1djX6gGamtSAhWHk5YH|372691611|1PkCbt1Hd9r5RPaffYRUzhapGm6mtwJBXE,wallet|transaction|wallet|transaction|wallet,|0.275991|0.404832|0.351216|0.385091,|0.275991|0.202416|0.351216|0.385091,||-0.0444984|0.309711|0.328625
1GvVxz291Nx7QYjcBaNP2shXtfPSuGpCqp,4,wallet,1Lnr2mG3pwzdMV2JYszKkjLZ9wSH21nfgy,False,True,5,1GvVxz291Nx7QYjcBaNP2shXtfPSuGpCqp|288594849|1FUadU6Xm6SEcgwtEkBmVXBrZJYU6yH5ej|288594845|1Lnr2mG3pwzdMV2JYszKkjLZ9wSH21nfgy,wallet|transaction|wallet|transaction|wallet,|0.126518|0.403157|0.346284|0.385243,|0.126518|0.201578|0.346284|0.385243,||-0.14334|0.636282|0.133355
1GzutoyZtS27d74gxzm2L9fm6jMnaA6vK4,4,wallet,1Khe9rcNMbvHoq4Xrr2nGzfCfWfpnnyopr,False,True,5,1GzutoyZtS27d74gxzm2L9fm6jMnaA6vK4|209522305|12qzXRb9PvhY3b9FF2supNEjFJR5LGCcAF|50875717|1Khe9rcNMbvHoq4Xrr2nGzfCfWfpnnyopr,wallet|transaction|wallet|transaction|wallet,|0.353051|0.404873|0.350338|0.255232,|0.176525|0.202437|0.350338|0.127616,||0.0013676|-1.26362e-05|0.471979
1H1amSxfpyjrLMhn1DQcGciTiBm6VcN98L,4,wallet,1CHepyTpPwknbqQtz6xPMvYF4teJR8iFRX,False,True,5,1H1amSxfpyjrLMhn1DQcGciTiBm6VcN98L|12782435|19t9pcGWFEupMh1y1TNTRycgab2DsFEVpF|12782437|1CHepyTpPwknbqQtz6xPMvYF4teJR8iFRX,wallet|transaction|wallet|transaction|wallet,|0.352867|0.404056|0.272155|0.385492,|0.0705734|0.202028|0.272155|0.385492,||0.245302|0.106258|-0.443757
1HWKMcXYEcDo4tYTFao7SCbi7B1Kv98hUH,4,wallet,197FgF9iCXAZbBsbGu7Wvny9MnwyRH59uu,False,True,5,1HWKMcXYEcDo4tYTFao7SCbi7B1Kv98hUH|96367838|1ECb4ousitLjggVGjA36DFKbUTRccNx7CK|92728959|197FgF9iCXAZbBsbGu7Wvny9MnwyRH59uu,wallet|transaction|wallet|transaction|wallet,|0.334181|0.403646|0.347062|0.385229,|0.334181|0.201823|0.347062|0.385229,||-0.0247747|0.387352|0.158231
1HXhSdbCHG2psLhDA3c18nLVM2qnfwZfTF,4,wallet,1L9pd8iebANDk8Ypmn3cqDamFxjgUmjis9,False,True,5,1HXhSdbCHG2psLhDA3c18nLVM2qnfwZfTF|210635984|16MsDB4hEJGabYmqkWbNoSSz9V2VRtHLyZ|51018430|1L9pd8iebANDk8Ypmn3cqDamFxjgUmjis9,wallet|transaction|wallet|transaction|wallet,|0.352606|0.405351|0.350564|0.385096,|0.352606|0.202675|0.0701128|0.192548,||0.029149|2.36392e-05|-0.0114231
1HvTWPZj6xhj79XoayPMdZU9HpAqPRq28B,4,wallet,15b7teTjLi3Tac66SA71eM2w2oXZ4eCZQK,False,True,5,1HvTWPZj6xhj79XoayPMdZU9HpAqPRq28B|283161040|1HhouB3hF6M3sR1M7aq7hYAQLXAxbwQ3GM|269535382|15b7teTjLi3Tac66SA71eM2w2oXZ4eCZQK,wallet|transaction|wallet|transaction|wallet,|0.35257|0.404948|0.350348|0.385128,|0.117523|0.202474|0.350348|0.385128,||0.00408718|0.00112098|0.282278
1Hy8WS1JjLgixL19Se5tXd98TPpnmvgKXH,4,wallet,38dWYjJim5CEhABQxYLxdFjxAATcCxjdnE,False,True,5,1Hy8WS1JjLgixL19Se5tXd98TPpnmvgKXH|175467844|17qzS84md7jf5JpRLdaLe5i7AoDSpQba7r|111174830|38dWYjJim5CEhABQxYLxdFjxAATcCxjdnE,wallet|transaction|wallet|transaction|wallet,|0.34166|0.40282|0.329291|0.385016,|0.34166|0.20141|0.329291|0.385016,||0.0300765|0.438637|-0.227774
1J78rdoMqf9YiTtAmGQF46X3vFTDXQBJoW,4,wallet,1A2mb4Bzf7kjnNW8s12Ck3kyhunLyV19ce,False,True,5,1J78rdoMqf9YiTtAmGQF46X3vFTDXQBJoW|378255660|1LwvStMXKVYGoKgXMWH9KkCiCUEQLJmV4u|378073029|1A2mb4Bzf7kjnNW8s12Ck3kyhunLyV19ce,wallet|transaction|wallet|transaction|wallet,|0.352434|0.404201|0.351483|0.385059,|0.352434|0.202101|0.351483|0.128353,||0.00442168|0.000866354|0.00408117
1JJ7zGYd7xBqQbjScf3Sf9EV9NLNvzCjWP,4,wallet,1KNsUiHNsrx4UEXWvN9QTmStvTsDsfPQmX,False,True,5,1JJ7zGYd7xBqQbjScf3Sf9EV9NLNvzCjWP|363528251|13MXfBKHhPicDQm1uYWBvEU5Vfq7w69BgF|363316305|1KNsUiHNsrx4UEXWvN9QTmStvTsDsfPQmX,wallet|transaction|wallet|transaction|wallet,|0.343461|0.403478|0.348929|0.348523,|0.343461|0.201739|0.348929|0.174261,||0.0618867|0.100022|0.390716
1JJidpwXBsxibio835Pkj2hrwCf7KDJ1zA,4,wallet,1Pcz8hmDkreU71EVRj8eaAP81sf12Z4wms,False,True,5,1JJidpwXBsxibio835Pkj2hrwCf7KDJ1zA|92622793|197BFu2Y2VLWh86eTV5Yar78bmgkgfDjNr|92622789|1Pcz8hmDkreU71EVRj8eaAP81sf12Z4wms,wallet|transaction|wallet|transaction|wallet,|0.340885|0.404297|0.347741|0.385217,|0.340885|0.202149|0.347741|0.385217,||-0.00272879|0.196578|0.185542
1JxdBNFxr81tBAHbtLXYQLBw7bM4Hi4ozH,4,wallet,14UeNJU5f29JsgbnsPvQpd3621BoBEJh5W,False,True,5,1JxdBNFxr81tBAHbtLXYQLBw7bM4Hi4ozH|307435871|1MQaBvuWwSQgTmrqiJT72NvYByiqUwdGjn|362907076|14UeNJU5f29JsgbnsPvQpd3621BoBEJh5W,wallet|transaction|wallet|transaction|wallet,|0.351948|0.398268|0.351232|0.385073,|0.351948|0.199134|0.351232|0.385073,||0.0423177|0.000707567|0.315099
1K4XFbP3kPn5ro6BKS4tHnYeNLdBLFB4C2,4,wallet,12UPcNfYE4uX87ePCp2Cg88xpTUBKWHX27,False,True,5,1K4XFbP3kPn5ro6BKS4tHnYeNLdBLFB4C2|163867633|16afwbhjGabLw52fVc5rbFHC8K5ShAXL5m|163867636|12UPcNfYE4uX87ePCp2Cg88xpTUBKWHX27,wallet|transaction|wallet|transaction|wallet,|0.342419|0.403934|0.349732|0.385155,|0.342419|0.0448815|0.349732|0.385155,||-0.00263422|0.0158558|0.273069
1KDJ3aZEtJEZZ8u32zbx1GaB6wJkAZjPTZ,4,wallet,18sANZJ2bXCnvY84GqDzcHig3auJqMMRYe,False,True,5,1KDJ3aZEtJEZZ8u32zbx1GaB6wJkAZjPTZ|209709679|1H5Dhk1jKV9n6TN2ZEqdpaPD8souPHKmbq|208915415|18sANZJ2bXCnvY84GqDzcHig3auJqMMRYe,wallet|transaction|wallet|transaction|wallet,|0.28081|0.405352|0.351249|0.385098,|0.28081|0.0675586|0.351249|0.192549,||0.0848051|0.486503|0.143557
1Kp8dYpisNkDzamaWdh8zDhhfCGk26dQ7Q,4,wallet,1F47pLzQkmmmv49TCC6B8nTvTYZwnBXiV,False,True,5,1Kp8dYpisNkDzamaWdh8zDhhfCGk26dQ7Q|139233124|19pbmALF1QgVNbvQ6hXfV6TCs8GEg7ygrT|51551341|1F47pLzQkmmmv49TCC6B8nTvTYZwnBXiV,wallet|transaction|wallet|transaction|wallet,|0.018549|0.131993|0.155099|0.385317,|0.018549|0.0659966|0.155099|0.385317,||0.25185|0.758968|-0.40711
1LW6sdaMkzuYa7mFTg7mmvgzj4pBeiL6Yk,4,wallet,16aD9RURyfv5AxJDzsN9vXufmty6Q7DPVe,False,True,5,1LW6sdaMkzuYa7mFTg7mmvgzj4pBeiL6Yk|69713600|1fXeAYHNspZ8T183yNx8zBX7DXFxDtVZo|69302157|16aD9RURyfv5AxJDzsN9vXufmty6Q7DPVe,wallet|transaction|wallet|transaction|wallet,|0.352395|0.403316|0.335025|0.385277,|0.0880987|0.201658|0.335025|0.385277,||0.0555275|0.0255986|-0.171575
1LvXpB6jHWUYpQbmGBzFXXS3KHxBzx2wcR,4,wallet,14rBy53QMqGMGqhQ6JZa3ECm4XofVHzRx3,False,True,5,1LvXpB6jHWUYpQbmGBzFXXS3KHxBzx2wcR|84734162|1DCnyDcNM2aT2KtYTq9FRuroKBxJutdG76|84460349|14rBy53QMqGMGqhQ6JZa3ECm4XofVHzRx3,wallet|transaction|wallet|transaction|wallet,|0.269544|0.404197|0.350392|0.385141,|0.269544|0.101049|0.350392|0.385141,||-0.0398773|0.573319|0.263285
1MH4LSx53UPTdqt4CFM215giRSWHrraX4i,4,wallet,1KWxuvPpYmUsxz3qnpRtJSD5QAd5gBjSZb,False,True,5,1MH4LSx53UPTdqt4CFM215giRSWHrraX4i|234169860|1GPj54G15Z2LJpaVionQsCLxFkLU5Ad457|234151304|1KWxuvPpYmUsxz3qnpRtJSD5QAd5gBjSZb,wallet|transaction|wallet|transaction|wallet,|0.346712|0.405755|0.351747|0.385074,|0.346712|0.202878|0.0879368|0.385074,||0.00606942|0.000380546|0.308739
1MNGdEvUuX793VyHn3QkTtpMXEDjzLbwvL,4,wallet,14ARi6Jh8dbxXFoTdbA8ipR8EK5RsF5gUv,False,True,5,1MNGdEvUuX793VyHn3QkTtpMXEDjzLbwvL|191347647|1JPebcuXkcCjeg4c8gDLEyJhLeNK9tTgy6|87494797|14ARi6Jh8dbxXFoTdbA8ipR8EK5RsF5gUv,wallet|transaction|wallet|transaction|wallet,|0.351459|0.402109|0.338689|0.385249,|0.351459|0.201055|0.338689|0.0963123,||0.0404841|0.00949782|-0.00853625
1MTr338akrVvETAp21FEYi5vCtG1v3zvWb,4,wallet,1HEF7JSsnXfEDko9skuENa3ngMBT9Jz42s,False,True,5,1MTr338akrVvETAp21FEYi5vCtG1v3zvWb|209701749|1Q3d8GAEFpdvfAFbD5uPSgpFpSnY6go4mK|209039942|1HEF7JSsnXfEDko9skuENa3ngMBT9Jz42s,wallet|transaction|wallet|transaction|wallet,|0.352677|0.405328|0.347438|0.385153,|0.0251912|0.202664|0.347438|0.385153,||0.00793561|0.00412583|0.0413401
1MdWCUoQr7E9uQErLp6BT19fVfqEY1Bqsm,4,wallet,19Jq7AssQczgxQdpxgmYiFVD8t2vKuVVUZ,False,True,5,1MdWCUoQr7E9uQErLp6BT19fVfqEY1Bqsm|355221977|1Kqh9LbU5qwrRvrcBRFzQHqHiogJT69tdV|355109280|19Jq7AssQczgxQdpxgmYiFVD8t2vKuVVUZ,wallet|transaction|wallet|transaction|wallet,|0.352982|0.405288|0.297711|0.385415,|0.0882454|0.202644|0.297711|0.385415,||0.120781|0.0471122|-0.441903
27742555,3,wallet,13LLpbhPXaRXe2iwgkaRZPdkHoLR8E7UtR,False,True,4,27742555|1MQQmV5PdHQMgdS3yzGiAReP4kahFWs5CZ|113518012|13LLpbhPXaRXe2iwgkaRZPdkHoLR8E7UtR,transaction|wallet|transaction|wallet,|0.395128|0.15601|0.385347,|0.197564|0.15601|0.385347,|0.157564|0.95717|-0.470471
94299051,3,wallet,17ZfpvEG7cVDSLBQxeMFxpycXF5zu38R2T,False,True,4,94299051|1C2DQXszJLd8Jbei3kW4BRw6MYs1RBaQs6|94119995|17ZfpvEG7cVDSLBQxeMFxpycXF5zu38R2T,transaction|wallet|transaction|wallet,|0.405455|0.307913|0.395592,|0.202727|0.0769782|0.197796,|0.398378|2.83569e-05|0.067649
94654130,3,wallet,1HsuECjWNQmVL5K4jUjGA2xz77zjMXMHBQ,False,True,4,94654130|17HivXjD3M37ukmmMof8uiWtW5pLCMW8Mn|94498568|1HsuECjWNQmVL5K4jUjGA2xz77zjMXMHBQ,transaction|wallet|transaction|wallet,|0.405789|0.352847|0.403415,|0.202894|0.352847|0.201708,|0.000609964|3.82662e-05|0.14948
94654134,3,wallet,1F13YwHww9kYVpBzatUoAiLF4moPUHhFzd,False,True,4,94654134|1C478sndNEt14bt3xQHBWzabuuoEQaYavN|94366773|1F13YwHww9kYVpBzatUoAiLF4moPUHhFzd,transaction|wallet|transaction|wallet,|0.403676|0.351493|0.385033,|0.201838|0.351493|0.385033,|0.000586182|0.000119865|0.328012
98623628,3,wallet,14r4HwZJQrQEkotN5WigufbXguBkhguDFb,False,True,4,98623628|16aiiBXia1rTfYXmsuPogMAXtWtaxz4GuY|94048575|14r4HwZJQrQEkotN5WigufbXguBkhguDFb,transaction|wallet|transaction|wallet,|0.403166|0.327838|0.385015,|0.201583|0.327838|0.385015,|0.0721848|0.00132471|-0.207003
190427652,3,wallet,1HUV2ZMcquDcYreJVwSwKyj6CPTfi9xaib,False,True,4,190427652|15coFKYspwMKwZu8wzpsyv2ief4awTvyev|190411982|1HUV2ZMcquDcYreJVwSwKyj6CPTfi9xaib,transaction|wallet|transaction|wallet,|0.404208|0.349891|0.40108,|0.202104|0.0874728|0.20054,|0.154598|8.02875e-05|0.0228653
191632187,3,transaction,190857303,False,True,4,191632187|191232763|14YYieBN3r92yeKvu7Rc8wQCh1gdF7RmAF|190857303,transaction|transaction|wallet|transaction,|0.41123|0.40504|0.351734,|0.205615|0.10126|0.351734,|-0.267527|0.000200704|6.20054e-06
175046937,3,wallet,14ynG2Zff4ZB1nbHZm4ZrTpiJPnqodeSQY,False,True,4,175046937|1DtQvSAAK4vNgsQ74zA3bE4CFnDQmj5YVR|117536420|14ynG2Zff4ZB1nbHZm4ZrTpiJPnqodeSQY,transaction|wallet|transaction|wallet,|0.40311|0.350559|0.38503,|0.201555|0.350559|0.38503,|0.0213943|0.000187576|0.216938
175405586,3,wallet,1CbXbBmuqCzi3d6otHEYsBjhoZ1XUYrD17,False,True,4,175405586|1vmqho6EyeBNB3k2zxYajDihctDBtGf7L|175061416|1CbXbBmuqCzi3d6otHEYsBjhoZ1XUYrD17,transaction|wallet|transaction|wallet,|0.402726|0.341633|0.38502,|0.201363|0.341633|0.38502,|0.0908064|0.000468612|-0.0560502
175405815,3,wallet,1K1Paj5k8fkRCuQAvnjHWu97CQBbcQvKmY,False,True,4,175405815|1BZjszTnBvZFgu8LjQxkZ2dQR4sf6Rba64|175042800|1K1Paj5k8fkRCuQAvnjHWu97CQBbcQvKmY,transaction|wallet|transaction|wallet,|0.395031|0.35098|0.385066,|0.197515|0.35098|0.385066,|0.00165072|-0.000876069|0.344258
179039634,3,wallet,1F54F3YEUDBTR8yrKhxcES2yxZWrPkuHQs,False,True,4,179039634|12SzAeT4vprf3EjKCmLHHDtdtu2AyLgLH4|198221240|1F54F3YEUDBTR8yrKhxcES2yxZWrPkuHQs,transaction|wallet|transaction|wallet,|0.403813|0.35062|0.38503,|0.201906|0.35062|0.38503,|0.0481344|0.000693917|0.214705
226629469,3,wallet,1AntAvWeK9sQVUK6HZVacEv8hJNqYqScmk,False,True,4,226629469|1Jr37rxhKsnEfsQmdLsHATBuPEVZbocFHK|226591521|1AntAvWeK9sQVUK6HZVacEv8hJNqYqScmk,transaction|wallet|transaction|wallet,|0.329336|0.019606|0.402404,|0.164668|0.019606|0.201202,|0.0253867|0.540453|-0.250639
226668567,3,wallet,15YKPYqvhBEGn9HAVnA8i6ug3ZoLmMqfe9,False,True,4,226668567|1MJCa2xozw1xWLGpahNCJHW26s9RbUzJ5M|179023750|15YKPYqvhBEGn9HAVnA8i6ug3ZoLmMqfe9,transaction|wallet|transaction|wallet,|0.3901|0.347429|0.397967,|0.19505|0.0694857|0.198984,|0.470173|0.113699|0.0476597
234166489,3,wallet,1ETbaTcveb2J6KrCvCVXWeB8rvDx6Amtkk,False,True,4,234166489|1Arki7pkZS4jTPbkiEgpwxiSEGx3PN9EVW|6184520|1ETbaTcveb2J6KrCvCVXWeB8rvDx6Amtkk,transaction|wallet|transaction|wallet,|0.364222|0.0293755|0.385346,|0.182111|0.0293755|0.385346,|0.0932652|0.153556|-0.517392
234560113,3,wallet,13rD6M1EKjqyGJRqHtjX2YnDGyqFaYLj86,False,True,4,234560113|14WKSHZdqqBmewn8nK8okXYkeK3eZu4cDg|234181138|13rD6M1EKjqyGJRqHtjX2YnDGyqFaYLj86,transaction|wallet|transaction|wallet,|0.404303|0.346764|0.385028,|0.202152|0.346764|0.385028,|0.00559109|0.000216961|0.117489
234574630,3,wallet,1peGsiJivoR7oHJkkyXoZcY2kAYytLbf6,False,True,4,234574630|1F3Ut52G3p5qsaW4ynVrGGW5QLf5nhwdx3|234661332|1peGsiJivoR7oHJkkyXoZcY2kAYytLbf6,transaction|wallet|transaction|wallet,|0.401619|0.335674|0.385022,|0.20081|0.335674|0.385022,|0.0246788|-0.000780702|-0.085622
234574632,3,wallet,13F4PsYorApP1wbvaEJSZ1tKFwrNcA4ggX,False,True,4,234574632|12RtXkhno25eS2A3tU4C6Ps9t8TngH1oVX|234834140|13F4PsYorApP1wbvaEJSZ1tKFwrNcA4ggX,transaction|wallet|transaction|wallet,|0.390922|0.323335|0.385021,|0.195461|0.323335|0.12834,|0.389343|0.0012809|0.00307563
236114869,3,wallet,1CaYycuMictarLAaAM6TpEjLy8sCAM2zky,False,True,4,236114869|1EM3rtRzpPSUfb9T7YCsojqza5FbXTvArM|234836387|1CaYycuMictarLAaAM6TpEjLy8sCAM2zky,transaction|wallet|transaction|wallet,|0.405854|0.3529|0.0504633,|0.202927|0.3529|0.0252316,|0.0415076|-0.000366688|0.21579
7783087,3,wallet,13GHRaovmKYQtPbckpnFhtPUbTLjzcwUkf,False,True,4,7783087|1HPRtUDkrkmWqNbLjS7P3pcx9t7ymTe57V|339058403|13GHRaovmKYQtPbckpnFhtPUbTLjzcwUkf,transaction|wallet|transaction|wallet,|0.404761|0.350145|0.385037,|0.20238|0.350145|0.385037,|0.00194019|0.000739515|0.252453
339057155,3,wallet,3MEbqyNoUEddy8AvytRWKYJgnZ1y8d5uy1,False,True,4,339057155|1AHwzByyxQT3Dm5NkEN4bY8NZEMeQtnDbz|339057158|3MEbqyNoUEddy8AvytRWKYJgnZ1y8d5uy1,transaction|wallet|transaction|wallet,|0.404611|0.351171|0.385045,|0.202306|0.351171|0.385045,|0.0132586|0.000785112|0.291224
339057349,3,wallet,1JzWmaKroPhmTXeJRc7GmAUhQZK4kTaweT,False,True,4,339057349|1DNCzhL5A11mHoUXcX5N7u8fawPiGezHGB|339057351|1JzWmaKroPhmTXeJRc7GmAUhQZK4kTaweT,transaction|wallet|transaction|wallet,|0.404618|0.35033|0.385037,|0.202309|0.35033|0.385037,|0.00629604|0.000469446|0.250989
339057505,3,wallet,12SDpXvezLw94KpC5Ezz8tXe53yqsE4Cre,False,True,4,339057505|1ArZufVwoygS6BgjuVZifSD9MkNXF95hcr|339057507|12SDpXvezLw94KpC5Ezz8tXe53yqsE4Cre,transaction|wallet|transaction|wallet,|0.404471|0.350015|0.385036,|0.202235|0.350015|0.385036,|0.00733066|0.000556827|0.239776
339057962,3,wallet,137Wa3DJThod2qY7H3SwBwEZZmkypchfzX,False,True,4,339057962|1ELqWpKNGK83FUsJuJQY4C3NkN1HFBas2T|339057963|137Wa3DJThod2qY7H3SwBwEZZmkypchfzX,transaction|wallet|transaction|wallet,|0.404871|0.349764|0.385037,|0.202435|0.349764|0.385037,|0.00249031|0.000473499|0.231559
339093920,3,wallet,1P8vES2MpBU11ECuqvi2KbD5WZw6aZgxnT,False,True,4,339093920|1J3z8PMnUiG7Brv3N8vprprhTaodQzEsnz|220134222|1P8vES2MpBU11ECuqvi2KbD5WZw6aZgxnT,transaction|wallet|transaction|wallet,|0.405085|0.351686|0.385047,|0.202542|0.351686|0.385047,|0.00153196|0.00107867|0.330311
339094183,3,wallet,16HQL6ZUqwBbhSaxsWAsJok7tPDfAni4SL,False,True,4,339094183|17QV85afVHqVTTVk6j828bsma5bB3aMWdC|76548833|16HQL6ZUqwBbhSaxsWAsJok7tPDfAni4SL,transaction|wallet|transaction|wallet,|0.32034|0.344564|0.385109,|0.16017|0.0689128|0.385109,|0.350268|0.0613143|-0.15402
339094197,3,wallet,16HQL6ZUqwBbhSaxsWAsJok7tPDfAni4SL,False,True,4,339094197|17QV85afVHqVTTVk6j828bsma5bB3aMWdC|76548833|16HQL6ZUqwBbhSaxsWAsJok7tPDfAni4SL,transaction|wallet|transaction|wallet,|0.32034|0.344564|0.385109,|0.16017|0.0689128|0.385109,|0.344234|0.0309433|-0.15402
339094219,3,wallet,33eHY9jb6rPEkWrwbZY8K5evEsECAoGBeX,False,True,4,339094219|1CLsU3mEEi1WoJK4oPf4fBUtrcbARaKcC3|339094221|33eHY9jb6rPEkWrwbZY8K5evEsECAoGBeX,transaction|wallet|transaction|wallet,|0.405181|0.351296|0.385042,|0.202591|0.351296|0.385042,|0.00113103|0.000353158|0.307188
339095197,3,wallet,1JENymRc89THW9KMinnJM6Te7Tmayzks61,False,True,4,339095197|1BCJT92oUB652a7dJWTNpnXMzq9ZT7pfD|339095199|1JENymRc89THW9KMinnJM6Te7Tmayzks61,transaction|wallet|transaction|wallet,|0.404855|0.351818|0.385047,|0.202427|0.351818|0.385047,|0.00599894|0.000524998|0.322393
339095214,3,wallet,1FfNRHtsMMuArGUtfBKY7j4gqA3D51KZja,False,True,4,339095214|1752TWFHDsJRApgMAYw2pv8BXmvvggRBes|339095217|1FfNRHtsMMuArGUtfBKY7j4gqA3D51KZja,transaction|wallet|transaction|wallet,|0.395814|0.350165|0.385036,|0.197907|0.175082|0.385036,|0.00397661|0.000427961|0.233443
339095636,3,wallet,157rZAeMrMt4xNXWJfVPBZadkW7BcTtK2t,False,True,4,339095636|1gXmuNaxhpToW6QqPiiaaVfUhEps19aXN|339095637|157rZAeMrMt4xNXWJfVPBZadkW7BcTtK2t,transaction|wallet|transaction|wallet,|0.404199|0.285736|0.294843,|0.2021|0.285736|0.147422,|0.00681993|-0.000923812|0.108452
339096343,3,wallet,1E5Rfw1kRFPRgyjpZieagkmqZM3LoAVkc,False,True,4,339096343|1HwqaXghUZi5jG8UXek9u9mLcVhcWjkQUF|339083963|1E5Rfw1kRFPRgyjpZieagkmqZM3LoAVkc,transaction|wallet|transaction|wallet,|0.403654|0.3469|0.385032,|0.201827|0.3469|0.385032,|0.0161488|0.000598371|0.117789
339096348,3,wallet,1jFSL2Ng2efuSqbew8UnNjoWa448NDzrJ,False,True,4,339096348|18Eb3gMvVDEAbetaxoydt7JEcUXg5diXP2|339060115|1jFSL2Ng2efuSqbew8UnNjoWa448NDzrJ,transaction|wallet|transaction|wallet,|0.403387|0.350438|0.385042,|0.201694|0.350438|0.385042,|0.0303845|0.000234723|0.226053
339096356,3,wallet,1GSuvgnGQj6p5oqvUd6DFnoCpdaFPrxFH4,False,True,4,339096356|19BYzAVLLev4vYV18KztyGS1b8MKQnRo2c|339063176|1GSuvgnGQj6p5oqvUd6DFnoCpdaFPrxFH4,transaction|wallet|transaction|wallet,|0.403945|0.35053|0.385037,|0.201972|0.35053|0.385037,|0.0314427|0.000708818|0.24584
339120984,3,wallet,1FfNRHtsMMuArGUtfBKY7j4gqA3D51KZja,False,True,4,339120984|1752TWFHDsJRApgMAYw2pv8BXmvvggRBes|339095217|1FfNRHtsMMuArGUtfBKY7j4gqA3D51KZja,transaction|wallet|transaction|wallet,|0.395814|0.350165|0.385036,|0.197907|0.175082|0.385036,|0.145336|0.00379884|0.233443
339642966,3,wallet,1DyDTcKMrB8x7ZpeyDrWfsgKsfzzWas1ES,False,True,4,339642966|1EWKrswwVjN3rfZXq59zFosktekKsSXV3D|339642967|1DyDTcKMrB8x7ZpeyDrWfsgKsfzzWas1ES,transaction|wallet|transaction|wallet,|0.403431|0.350728|0.385037,|0.201715|0.350728|0.385037,|0.020743|0.000847101|0.246185
15235799,3,wallet,1DNywpCpgdBurPpkK8XqBxuFSPcbLLky1X,False,True,4,15235799|193LUh82c22XqxD1DuJHAzcAfRkyUw85b9|15199978|1DNywpCpgdBurPpkK8XqBxuFSPcbLLky1X,transaction|wallet|transaction|wallet,|0.40513|0.351056|0.385043,|0.202565|0.351056|0.385043,|0.00147185|0.000677645|0.304365
15236007,3,wallet,156RsL92UHS8B7i3B7U1hdPU3Cf51ND9kv,False,True,4,15236007|1ADVdL9GaqJtxg9f6SqdXz1wrBiG5nEJup|15092612|156RsL92UHS8B7i3B7U1hdPU3Cf51ND9kv,transaction|wallet|transaction|wallet,|0.40411|0.348854|0.385059,|0.202055|0.348854|0.385059,|0.0114276|0.000774622|0.19349
15236494,3,wallet,14tNuPzkjGwpFRN2oNBZDKXa4VBE1CrZwc,False,True,4,15236494|1H6ypkJ1aXhecEgwM8rcb9GZjuBY4GSuWJ|14063348|14tNuPzkjGwpFRN2oNBZDKXa4VBE1CrZwc,transaction|wallet|transaction|wallet,|0.356017|0.101855|0.385384,|0.178009|0.101855|0.385384,|0.299665|0.371516|-0.4237
241537041,3,wallet,19dhPh2yqNketwY3y1xicsvnF6pcX1vEX6,False,True,4,241537041|1AqyB3AkXUWW1bwqcE3DjfspP5Vong9Vum|238337095|19dhPh2yqNketwY3y1xicsvnF6pcX1vEX6,transaction|wallet|transaction|wallet,|0.404293|0.321438|0.385155,|0.202147|0.321438|0.385155,|0.123977|0.155491|-0.334697
241537638,3,wallet,189njsRRMPLuUNYNqMB8ts3RktSxVFdSk1,False,True,4,241537638|1BucskXDXiPusbBLLuMFKCViEB5RoU7gnL|238191643|189njsRRMPLuUNYNqMB8ts3RktSxVFdSk1,transaction|wallet|transaction|wallet,|0.405443|0.34299|0.385185,|0.202722|0.34299|0.385185,|0.00618625|0.859699|-0.165473
241537655,3,wallet,19dhPh2yqNketwY3y1xicsvnF6pcX1vEX6,False,True,4,241537655|1Fr2hRZFm1Zfbgq1grMgAfKk2GTPCpSvxH|238337095|19dhPh2yqNketwY3y1xicsvnF6pcX1vEX6,transaction|wallet|transaction|wallet,|0.404264|0.321438|0.385155,|0.202132|0.321438|0.385155,|0.0186689|0.785913|-0.334697
243780683,3,wallet,17MaLwZozFxsAH9XJMypC7S4hp5FqdhJQY,False,True,4,243780683|1KyXhQCijGdWEjHMH38G5bUVrB5YY5Zdmt|238205198|17MaLwZozFxsAH9XJMypC7S4hp5FqdhJQY,transaction|wallet|transaction|wallet,|0.405251|0.294536|0.385276,|0.202625|0.294536|0.385276,|0.111311|0.244669|-0.447471
243780808,3,wallet,14rmLkC6Bej7FkQQ8wP98zsJer1YDKPw85,False,True,4,243780808|186ruave9TN5xEZTP2tLGbNc37g2cQsj4W|238247335|14rmLkC6Bej7FkQQ8wP98zsJer1YDKPw85,transaction|wallet|transaction|wallet,|0.405165|0.351432|0.385051,|0.202582|0.351432|0.385051,|0.00111508|0.000680089|0.321685
244629168,3,wallet,16dxymxBo4shTCwbKYcoogYNAex9Dp4uWm,False,True,4,244629168|1AwtvfXfV7eZuqMXWyiy53THtPAw3BQVjZ|241507377|16dxymxBo4shTCwbKYcoogYNAex9Dp4uWm,transaction|wallet|transaction|wallet,|0.405169|0.351453|0.38505,|0.202584|0.351453|0.38505,|0.00108281|0.000707567|0.324172
297098648,3,wallet,1LoR48uDFQ3MZVX7DZz9eQfyjvYSx8MSiu,False,True,4,297098648|1AqyCDYatN2hxnmYJGugbgftPerJ9xkNEr|291271105|1LoR48uDFQ3MZVX7DZz9eQfyjvYSx8MSiu,transaction|wallet|transaction|wallet,|0.404898|0.334971|0.385138,|0.202449|0.334971|0.385138,|0.12555|0.0577705|-0.2831
378066434,3,wallet,1PTR2yxafrrXES1ju8J2pLss992xjaGZQZ,False,True,4,378066434|12JorEyJptuF8Xm1ACBP8K1vQWtEEnAdAk|308263588|1PTR2yxafrrXES1ju8J2pLss992xjaGZQZ,transaction|wallet|transaction|wallet,|0.383135|0.141485|0.385341,|0.383135|0.141485|0.385341,|0.442695|0.999712|-0.431454
378151922,3,wallet,1BST7WP6ojsa4n6VsmoxKqWd5pBrs6deES,False,True,4,378151922|1om4hkVmTn8gE52vs9uPgs4qoybV9g2e8|344453848|1BST7WP6ojsa4n6VsmoxKqWd5pBrs6deES,transaction|wallet|transaction|wallet,|0.390249|0.351066|0.385055,|0.195124|0.351066|0.192527,|0.073094|-0.0533968|0.0640991
378249003,3,wallet,173o6k1HoC3YTCKV5i3rW9fq6fhHHzZLHz,False,True,4,378249003|1AG2JBtWiXVZ3Z28BUX9d6btoJM9oBNG27|331228202|173o6k1HoC3YTCKV5i3rW9fq6fhHHzZLHz,transaction|wallet|transaction|wallet,|0.405426|0.343319|0.385132,|0.202713|0.343319|0.385132,|0.0794914|0.0143912|-0.136048
378249399,3,wallet,1PTR2yxafrrXES1ju8J2pLss992xjaGZQZ,False,True,4,378249399|12JorEyJptuF8Xm1ACBP8K1vQWtEEnAdAk|308263588|1PTR2yxafrrXES1ju8J2pLss992xjaGZQZ,transaction|wallet|transaction|wallet,|0.383135|0.141485|0.385341,|0.191568|0.141485|0.385341,|0.266289|0.193261|-0.431454
378250397,3,wallet,1621cNyGnnRN7coAaA1wV2sEzW5BigxsSU,False,True,4,378250397|115M8hMMDvJPdGsTidQosvpUgDzE564Q9A|171153608|1621cNyGnnRN7coAaA1wV2sEzW5BigxsSU,transaction|wallet|transaction|wallet,|0.40535|0.343749|0.385138,|0.202675|0.343749|0.385138,|0.0981016|0.012142|-0.143536
378250957,3,wallet,1DzUaymsG6iMSir8WHKKbpQzsyG7YT293z,False,True,4,378250957|1HG8Kq57yUJPG4btXqvWejhLWbkoB13KeH|378162704|1DzUaymsG6iMSir8WHKKbpQzsyG7YT293z,transaction|wallet|transaction|wallet,|0.404181|0.347434|0.385076,|0.20209|0.347434|0.385076,|0.0733823|0.00397438|-0.00736117
378251094,3,wallet,1J9ssunR6jjZR3b5WS6wW5BeMh4BMxfo6L,False,True,4,378251094|1DUXXJBccfVUnvsW5ZoheYNUo81A6UTx6S|29371514|1J9ssunR6jjZR3b5WS6wW5BeMh4BMxfo6L,transaction|wallet|transaction|wallet,|0.402626|0.351134|0.385056,|0.201313|0.351134|0.192528,|0.00585335|0.00174165|0.0188461
378251284,3,wallet,12brcYfN56E7BCbcBxru2PENgKtBUXNrFU,False,True,4,378251284|1LdGB8E8d9dkxjnv7YSStGdXLBAK7BRtvG|378160913|12brcYfN56E7BCbcBxru2PENgKtBUXNrFU,transaction|wallet|transaction|wallet,|0.405008|0.351567|0.385056,|0.202504|0.175783|0.385056,|0.0035181|0.00028944|0.323954
378251619,3,wallet,1NLMDmKNoA2dy7UziWDXcHPXXYfi19E3hh,False,True,4,378251619|18RDytZT7d3btp3aCxdtVyMVsNTboGH3GA|378177546|1NLMDmKNoA2dy7UziWDXcHPXXYfi19E3hh,transaction|wallet|transaction|wallet,|0.402294|0.35141|0.385085,|0.201147|0.35141|0.0641808,|0.00446782|0.000727713|0.0109039
378256202,3,wallet,12brcYfN56E7BCbcBxru2PENgKtBUXNrFU,False,True,4,378256202|1LdGB8E8d9dkxjnv7YSStGdXLBAK7BRtvG|378160913|12brcYfN56E7BCbcBxru2PENgKtBUXNrFU,transaction|wallet|transaction|wallet,|0.405008|0.351567|0.385056,|0.202504|0.175783|0.385056,|0.00343749|0.000216007|0.323954
378601867,3,wallet,15gpxEpKYnYjk4HNtaE9tKFixHNLT2rmV8,False,True,4,378601867|1FFmdPSQChhFiFa36fk9Q9Y9GND3hnDQC8|378417863|15gpxEpKYnYjk4HNtaE9tKFixHNLT2rmV8,transaction|wallet|transaction|wallet,|0.399254|0.189336|0.385314,|0.199627|0.189336|0.385314,|0.254486|0.993886|-0.456773
390572355,3,wallet,1B8t69Acj9SM82cMex9yLzoTZjYcoT2wyk,False,True,4,390572355|17Vxec4GTWHqWaquBNmz9bwQhQMsRq2WYn|390329719|1B8t69Acj9SM82cMex9yLzoTZjYcoT2wyk,transaction|wallet|transaction|wallet,|0.404419|0.325428|0.389222,|0.20221|0.325428|0.194611,|0.00200781|-1.35899e-05|0.373717
390577552,3,wallet,1FHeK3j8UM2z8N81Pbu8z4ezm628JsXyRU,False,True,4,390577552|1JCmMDLjqRpgZY2CifehH4AoHEMwy9GZgB|162295800|1FHeK3j8UM2z8N81Pbu8z4ezm628JsXyRU,transaction|wallet|transaction|wallet,|0.405074|0.351106|0.385075,|0.202537|0.351106|0.385075,|0.00573209|0.000765204|0.303196
249236899,3,wallet,1KTWoQSEpxkYnqBFgFUMpTsJ31PaVZmHCb,False,True,4,249236899|1HCrhrG4DgnarZFhNNSXwi9ybWQmrzKv6V|248888440|1KTWoQSEpxkYnqBFgFUMpTsJ31PaVZmHCb,transaction|wallet|transaction|wallet,|0.405262|0.351405|0.385075,|0.202631|0.351405|0.385075,|0.00140366|0.000820577|0.319791
249336360,3,wallet,1H3cXg4w53MoaEELcWsW8NnPqMAdimZ3FW,False,True,4,249336360|14kHC63LVteaWj6hRPNcZWH7JugGcRxiEL|248887450|1H3cXg4w53MoaEELcWsW8NnPqMAdimZ3FW,transaction|wallet|transaction|wallet,|0.404032|0.298837|0.385223,|0.202016|0.298837|0.385223,|0.116957|0.0842836|-0.442652
249338762,3,wallet,1EFbYDVC6Exw5RNwUxdH558j3fT8sdZyKk,False,True,4,249338762|177tn2ibvpxYqJufPNuZuGoB5SThPDc1z|248888577|1EFbYDVC6Exw5RNwUxdH558j3fT8sdZyKk,transaction|wallet|transaction|wallet,|0.403487|0.351649|0.385074,|0.201743|0.351649|0.385074,|0.0141551|0.000395|0.305502
250413117,3,wallet,1BiJ3aiFXGBw6CAR8Y2udGj5Hutb5UCVxL,False,True,4,250413117|18uz8B3MHV6HpUCLBL1wYo2DfcMoBBo6zG|248887402|1BiJ3aiFXGBw6CAR8Y2udGj5Hutb5UCVxL,transaction|wallet|transaction|wallet,|0.404559|0.347397|0.385111,|0.20228|0.347397|0.192555,|0.152485|0.00406593|-0.0128278
339851480,3,wallet,16ECuRD6zkYStkwMwhDarbrUgFwbhCsNk7,False,True,4,339851480|158W92YqUUwW54RAyVHNB9koaVkJ1TTCmi|305080357|16ECuRD6zkYStkwMwhDarbrUgFwbhCsNk7,transaction|wallet|transaction|wallet,|0.40524|0.350417|0.385097,|0.03377|0.350417|0.385097,|0.0457216|0.0287085|0.23552
363079549,3,wallet,1F17kgbjj2G3hQ6kpU9XZ3hNKt9UkEDBZy,False,True,4,363079549|13PKV7jc3cXMyubj2LEkNL36xrrx9JZgGs|362965635|1F17kgbjj2G3hQ6kpU9XZ3hNKt9UkEDBZy,transaction|wallet|transaction|wallet,|0.404671|0.351494|0.385076,|0.202336|0.351494|0.385076,|0.0039244|0.000726461|0.333602
363085361,3,wallet,1Htqy35Weyk8CvF9V986MLqLVovuNdSQb3,False,True,4,363085361|1txh3WiuxS7aWxCcGRGJcpSVVH6zRQrUi|362839933|1Htqy35Weyk8CvF9V986MLqLVovuNdSQb3,transaction|wallet|transaction|wallet,|0.405007|0.348077|0.385134,|0.202503|0.0696154|0.385134,|0.246593|0.00661515|0.0685446
363300945,3,wallet,15WgMaTk1YLKMjRbDuzAkyWwyddG9QkqXA,False,True,4,363300945|1JUNYt6yaxRGF9cqZ6g55jdGoWFap6RE8g|157623694|15WgMaTk1YLKMjRbDuzAkyWwyddG9QkqXA,transaction|wallet|transaction|wallet,|0.398162|0.310838|0.238037,|0.199081|0.0621675|0.119019,|0.465769|0.00221241|-0.0960586
209053064,3,wallet,1L9pd8iebANDk8Ypmn3cqDamFxjgUmjis9,False,True,4,209053064|16MsDB4hEJGabYmqkWbNoSSz9V2VRtHLyZ|51018430|1L9pd8iebANDk8Ypmn3cqDamFxjgUmjis9,transaction|wallet|transaction|wallet,|0.405351|0.350564|0.385096,|0.202675|0.0701128|0.192548,|0.00709146|4.57764e-06|-0.0114231
209054313,3,wallet,1L9pd8iebANDk8Ypmn3cqDamFxjgUmjis9,False,True,4,209054313|1PZgKyEU14od6bowy5yPrzy9aD4E7g3mFV|51018430|1L9pd8iebANDk8Ypmn3cqDamFxjgUmjis9,transaction|wallet|transaction|wallet,|0.405338|0.350564|0.385096,|0.202669|0.0701128|0.192548,|0.00708884|1.33514e-06|-0.0114231
209946182,3,wallet,1Q4oGNAaeEcM6UpantSE6xxxiuj8pZTDu6,False,True,4,209946182|1JtzaQLhbdscW4mPGPmjAV5VCbdDixwtmN|65263113|1Q4oGNAaeEcM6UpantSE6xxxiuj8pZTDu6,transaction|wallet|transaction|wallet,|0.399134|0.188306|0.38524,|0.199567|0.188306|0.38524,|0.419662|0.220186|-0.408558
209946889,3,wallet,1Q4oGNAaeEcM6UpantSE6xxxiuj8pZTDu6,False,True,4,209946889|15EYFApnotyaetyD4EEdWLf2nFU7ZXybQe|65263113|1Q4oGNAaeEcM6UpantSE6xxxiuj8pZTDu6,transaction|wallet|transaction|wallet,|0.399402|0.188306|0.38524,|0.199701|0.188306|0.38524,|0.419617|0.269077|-0.408558
99175888,3,wallet,1DGThuQ6XqQ385W5NFEPc1kdb8YPoZrqnJ,False,True,4,99175888|1Cz6xyMqXjpVKWQB8XNDLyoKJnFwM52xLw|99175889|1DGThuQ6XqQ385W5NFEPc1kdb8YPoZrqnJ,transaction|wallet|transaction|wallet,|0.405183|0.351109|0.385096,|0.202591|0.351109|0.385096,|0.00216225|0.000464559|0.314145
99191240,3,wallet,1MRVmD1V2xBD8QGFVhXc2xXP5sJv5BH7Wd,False,True,4,99191240|1BsUNUGM5MQF6Es1qZbt7xjA5YiSiJ7t8X|98975509|1MRVmD1V2xBD8QGFVhXc2xXP5sJv5BH7Wd,transaction|wallet|transaction|wallet,|0.405152|0.350878|0.385092,|0.202576|0.350878|0.385092,|0.00105748|0.0460517|0.286336
115072067,3,wallet,1NXnygEYdytTVwDivnT2iJWrSAqv4Np4gn,False,True,4,115072067|1CXtTgTpHVmMX8iqiurnNbaybEjYEEDvqn|113841828|1NXnygEYdytTVwDivnT2iJWrSAqv4Np4gn,transaction|wallet|transaction|wallet,|0.405668|0.352624|0.400568,|0.202834|0.352624|0.200284,|0.0716866|-0.00118649|0.367285
372725878,3,wallet,1Q4qnuHcWeCFYeVkJ5QoiHDpj9a6kUWs2U,False,True,4,372725878|1DhpJ4mmeEfbKZuhNuwUid5avpLiFRandb|372671156|1Q4qnuHcWeCFYeVkJ5QoiHDpj9a6kUWs2U,transaction|wallet|transaction|wallet,|0.405103|0.351061|0.385106,|0.202551|0.351061|0.385106,|0.00389239|0.000566959|0.295339
372725884,3,wallet,12eCEAXyk4m7Pg2ijQPLRRX6At188Y1fwh,False,True,4,372725884|173caA2Vm2Y77B2tovS84rrHFRJ5uehC2A|156193778|12eCEAXyk4m7Pg2ijQPLRRX6At188Y1fwh,transaction|wallet|transaction|wallet,|0.405163|0.351473|0.38509,|0.202581|0.175737|0.38509,|0.00390336|0.000327229|0.309465
372726149,3,wallet,19HEhV6EKQ3B5jGYyCqdXRosdcKhgbk2Vx,False,True,4,372726149|1KM1jEXXJq6LXohLmT2EoRrys653DExzQX|368741023|19HEhV6EKQ3B5jGYyCqdXRosdcKhgbk2Vx,transaction|wallet|transaction|wallet,|0.404626|0.337528|0.385168,|0.202313|0.337528|0.385168,|0.105304|0.0159665|-0.269179
372726702,3,wallet,1EJhBABAHtdDF2wCsTbGKAC3vUnKuUqCTD,False,True,4,372726702|1CqCFUnMZa8XYQ7n56L8oyVPAtzNEMH39G|372696706|1EJhBABAHtdDF2wCsTbGKAC3vUnKuUqCTD,transaction|wallet|transaction|wallet,|0.401671|0.35159|0.385086,|0.200835|0.35159|0.192543,|0.0445452|0.000957549|-0.000392139
372812145,3,wallet,1K78mAuqH8cX5HZGqgN9mukjRc8ANUXsXA,False,True,4,372812145|1EQfFexXuKdi4W2fawGnJPFh9G9W9ocaNx|372728275|1K78mAuqH8cX5HZGqgN9mukjRc8ANUXsXA,transaction|wallet|transaction|wallet,|0.404885|0.35122|0.385099,|0.202442|0.35122|0.385099,|0.00635946|0.000937521|0.310941
372961150,3,wallet,3EcywyUAaoDYpxwLdxvc93X9nx95bzVEnw,False,True,4,372961150|14dGwYSUxpy2swoS8QMkRFovXzGzL5aPbH|372824257|3EcywyUAaoDYpxwLdxvc93X9nx95bzVEnw,transaction|wallet|transaction|wallet,|0.404962|0.348664|0.385116,|0.202481|0.348664|0.192558,|0.0169798|0.000555873|-0.0014115
262479651,3,wallet,13DjRPm7EQGPxdpamzuG6HxEiJbiNQweYw,False,True,4,262479651|19sUScEdky5zKjgwxKWt2unZba1SbYEJZS|273248735|13DjRPm7EQGPxdpamzuG6HxEiJbiNQweYw,transaction|wallet|transaction|wallet,|0.404905|0.350417|0.385121,|0.202452|0.350417|0.385121,|0.0165319|0.000534713|0.245798
87474785,3,wallet,12v6yTLFj45SAiyqE67KFQoABjZNRFCGpp,False,True,4,87474785|1GA1LKt9vAMdXuCeAyMXR1YPd4FDK8e19t|268794150|12v6yTLFj45SAiyqE67KFQoABjZNRFCGpp,transaction|wallet|transaction|wallet,|0.404383|0.350612|0.385133,|0.202192|0.350612|0.385133,|0.0490787|0.00392735|0.269094
269511424,3,wallet,1KK9bqcaNd4kocVZtgZnrxKa51hVK7yhdh,False,True,4,269511424|17AF2eZG6G1FUor77J6hgvww1ind8WGLze|268916245|1KK9bqcaNd4kocVZtgZnrxKa51hVK7yhdh,transaction|wallet|transaction|wallet,|0.404885|0.350603|0.385122,|0.202442|0.350603|0.385122,|0.00311634|0.000786245|0.293842
276938352,3,wallet,1NQRnXz59SuzN7sbxTRBJeA6Wprpyrx4F6,False,True,4,276938352|1Nn5CnHsTkptP2UMTMeKtujbFhAFnmzqkn|268886525|1NQRnXz59SuzN7sbxTRBJeA6Wprpyrx4F6,transaction|wallet|transaction|wallet,|0.404148|0.350633|0.38513,|0.202074|0.350633|0.192565,|0.00255075|0.000585318|0.133335
283190987,3,wallet,1Bqdtk4gBvzvWpHhthfBL2VUL2HB9fFU7K,False,True,4,283190987|14qu3LpLeHez2QkegCSFBVhVzJ1y3AsJeE|269578648|1Bqdtk4gBvzvWpHhthfBL2VUL2HB9fFU7K,transaction|wallet|transaction|wallet,|0.404265|0.35069|0.385124,|0.202133|0.35069|0.385124,|0.0108435|0.00134718|0.295227
283192691,3,wallet,1KA6GZDzqRcjnc8WR47rLAnvB1x7CyZNMg,False,True,4,283192691|1AGsZ8mt8azWjrJypLMCpkvhGmZqYaGgpu|269555711|1KA6GZDzqRcjnc8WR47rLAnvB1x7CyZNMg,transaction|wallet|transaction|wallet,|0.399413|0.350612|0.385142,|0.199706|0.175306|0.0962855,|0.0662848|-0.000566274|0.0605036
283195181,3,wallet,1LFjQw13qyknvmWhwKaWxxoE2LAh9xHJ4o,False,True,4,283195181|13BDk2P1g5XgJp2HUfqSV6bQhFBXJnUD2i|276961374|1LFjQw13qyknvmWhwKaWxxoE2LAh9xHJ4o,transaction|wallet|transaction|wallet,|0.404405|0.350157|0.38513,|0.202203|0.350157|0.38513,|0.00326055|0.00117362|0.283316
294461448,3,wallet,1Q3cNkYh3nRQZhtxbqdaPzcBRX1wTYrGao,False,True,4,294461448|1J3zb6abPd6onUppAS6wkEtdgDSeW5J2eB|294271272|1Q3cNkYh3nRQZhtxbqdaPzcBRX1wTYrGao,transaction|wallet|transaction|wallet,|0.404023|0.349216|0.385158,|0.202011|0.174608|0.385158,|0.00719759|0.000460327|0.218502
294478105,3,wallet,1K14cwNxqfAKNNJM78d5rtW6XSFUDftZUe,False,True,4,294478105|16rLm3YDKgh6H95AKK8mkTDWr9yshMZhdZ|10773179|1K14cwNxqfAKNNJM78d5rtW6XSFUDftZUe,transaction|wallet|transaction|wallet,|0.405231|0.258617|0.385324,|0.202615|0.258617|0.385324,|0.199346|0.686113|-0.398836
294484659,3,wallet,1K14cwNxqfAKNNJM78d5rtW6XSFUDftZUe,False,True,4,294484659|1MZrPZn8TUoSEC5sFofviXBUqtffZrXHoa|10773179|1K14cwNxqfAKNNJM78d5rtW6XSFUDftZUe,transaction|wallet|transaction|wallet,|0.405232|0.258617|0.385324,|0.202616|0.258617|0.385324,|0.199181|0.522025|-0.398836
294494800,3,wallet,1H51eK7QgdA4e3ZXWbvM5Wy7jqxFWYxuM,False,True,4,294494800|13S3cXppT8XLEu2q9PeQyHFXAT4Wx3qbmo|294378201|1H51eK7QgdA4e3ZXWbvM5Wy7jqxFWYxuM,transaction|wallet|transaction|wallet,|0.400354|0.350482|0.385145,|0.200177|0.350482|0.192573,|0.0839316|0.00383645|0.12691
294581070,3,wallet,1Q3cNkYh3nRQZhtxbqdaPzcBRX1wTYrGao,False,True,4,294581070|18b1BtHnhjhpXjpUFLhViLHDht9Q6yQxqy|294271272|1Q3cNkYh3nRQZhtxbqdaPzcBRX1wTYrGao,transaction|wallet|transaction|wallet,|0.404947|0.349216|0.385158,|0.202473|0.174608|0.385158,|0.0297191|-1.42455e-05|0.218502
139273998,3,wallet,1KvWkr62rNrDfR1XobAnSDyT9AN6afYnKu,False,True,4,139273998|1PE3yaxiSydQgzDouxDU1LBh8oWz3ZSSju|216971322|1KvWkr62rNrDfR1XobAnSDyT9AN6afYnKu,transaction|wallet|transaction|wallet,|0.401177|0.349684|0.385162,|0.200589|0.349684|0.0962905,|0.00139353|0.00045383|-0.00219332
163654972,3,wallet,12yus3i538kEVjXereEMHcKpRSYRKkvoAM,False,True,4,163654972|1BDRf8caLLmGJghmfdbz4WXhPrwLLoTorp|163654973|12yus3i538kEVjXereEMHcKpRSYRKkvoAM,transaction|wallet|transaction|wallet,|0.401998|0.337404|0.3852,|0.200999|0.337404|0.3852,|0.267541|0.0449312|-0.219644
163807102,3,wallet,1PZDmCMfvu8z3dTzVbCBKZK61f4EWCCtAp,False,True,4,163807102|13hxJDJjMGXGXm5GWNtaHmtrYFkychJYyz|163711912|1PZDmCMfvu8z3dTzVbCBKZK61f4EWCCtAp,transaction|wallet|transaction|wallet,|0.403388|0.342994|0.385188,|0.201694|0.342994|0.385188,|0.170074|0.0108939|-0.0605233
163808988,3,wallet,14NzEyFanq6EDqZ2zePszDET8Jgsjs6yLz,False,True,4,163808988|12ajN1KUZRV2xzwrNMsjPnp6uyY6DaNDA4|163808990|14NzEyFanq6EDqZ2zePszDET8Jgsjs6yLz,transaction|wallet|transaction|wallet,|0.404248|0.333506|0.403893,|0.202124|0.333506|0.201947,|0.0731093|-0.000231385|0.0499338
299172430,3,wallet,1Ap6CJKJhkDNMxJNumpibsS6SzRaM8BMXi,False,True,4,299172430|17Qi4U1Vvj7UhaKBvceZhzyfL5EyZAGYqR|299175508|1Ap6CJKJhkDNMxJNumpibsS6SzRaM8BMXi,transaction|wallet|transaction|wallet,|0.398364|0.34379|0.385222,|0.199182|0.34379|0.385222,|0.171457|0.0107416|-0.0294337
385989246,3,wallet,17Qq4RZ2AXvr7MxThnvWsCC9v48RsprXA5,False,True,4,385989246|1AJ17Ck9XtzzxwWwajQB7KCPcLPNx4Khr2|376275922|17Qq4RZ2AXvr7MxThnvWsCC9v48RsprXA5,transaction|wallet|transaction|wallet,|0.404533|0.348326|0.385189,|0.202266|0.348326|0.385189,|0.0121099|0.00302041|0.208454
58506728,3,wallet,19VKhHijceoaRjQAoNKjaMiQ1gTZb7dfUn,False,True,4,58506728|1ByabSAM8LLEdtsYXWn6DVmW3YWU5uUUQk|153718713|19VKhHijceoaRjQAoNKjaMiQ1gTZb7dfUn,transaction|wallet|transaction|wallet,|0.402793|0.220004|0.385355,|0.201397|0.220004|0.385355,|0.236148|0.0902414|-0.486933
355004152,3,wallet,189h8XwQeHe4kxKf5GP2qZK9iUS9cRRSKa,False,True,4,355004152|17PKwsTWJPqZfZskSk7aXwc4UKD34VW8Dv|355004153|189h8XwQeHe4kxKf5GP2qZK9iUS9cRRSKa,transaction|wallet|transaction|wallet,|0.40284|0.341059|0.38523,|0.20142|0.341059|0.38523,|0.269975|0.0227065|-0.105675
355007581,3,wallet,15AvLetQyqsfR9xbF5M25VXU7aSyYBK2vk,False,True,4,355007581|1CPzwgjVSUgkNmkqRVjvTM5DXg442TCyHZ|355007582|15AvLetQyqsfR9xbF5M25VXU7aSyYBK2vk,transaction|wallet|transaction|wallet,|0.40087|0.349226|0.385187,|0.200435|0.349226|0.385187,|0.148598|0.00509745|0.225104
355009183,3,wallet,1CsbGDtXDVjHMrG4vPnviaHG1Bn8E3Aytf,False,True,4,355009183|1LwwGZhzbsexmDYn6GwiqPUHBMSjuGeMf8|355009184|1CsbGDtXDVjHMrG4vPnviaHG1Bn8E3Aytf,transaction|wallet|transaction|wallet,|0.397755|0.34927|0.385188,|0.198877|0.34927|0.0770375,|0.0582903|0.0157166|-0.000482929
355090229,3,wallet,172R8jhVDnSE8KTqQpTbmUqhfRQaz87yhw,False,True,4,355090229|15DogNEvcdnaMhXGXcD4RjTrhd8H1ecigX|255588914|172R8jhVDnSE8KTqQpTbmUqhfRQaz87yhw,transaction|wallet|transaction|wallet,|0.404489|0.325213|0.385297,|0.202245|0.325213|0.385297,|0.214397|0.0720581|-0.313099
355091552,3,wallet,1C3txwu5hoVHCLnKyEJyGj45avtjyP898j,False,True,4,355091552|15VyQPB7phJkr8iPVh1psJYCrzPChtrsFX|355091556|1C3txwu5hoVHCLnKyEJyGj45avtjyP898j,transaction|wallet|transaction|wallet,|0.403127|0.348069|0.38522,|0.201564|0.348069|0.38522,|0.150917|0.00646627|0.154784
355091558,3,wallet,1Nh99ko4fkrE9gwxWAM6sXLUYupf8W1bAF,False,True,4,355091558|1G4zmKEYb8jpqZVoyxf7FazgCV9uUKfpuz|355029095|1Nh99ko4fkrE9gwxWAM6sXLUYupf8W1bAF,transaction|wallet|transaction|wallet,|0.397318|0.344835|0.392019,|0.198659|0.344835|0.130673,|0.142811|0.0288239|-0.0513997
355092070,3,wallet,17mFV4MGXQrrewaEZkTJoFi2rDTScJqHkA,False,True,4,355092070|1EPBMFwX7zNu8mXDMwGa3hVX4PM5v6L1qc|355092073|17mFV4MGXQrrewaEZkTJoFi2rDTScJqHkA,transaction|wallet|transaction|wallet,|0.317838|0.341794|0.385297,|0.158919|0.341794|0.385297,|0.3312|-0.0422031|-0.0729691
355102322,3,wallet,14HhFQQ3rjWVzm7xHX38WN7vj6SB5XZjfV,False,True,4,355102322|1A7T6sKeyMNVKPbDbSfMn5PkDoGaFq8x1B|355009187|14HhFQQ3rjWVzm7xHX38WN7vj6SB5XZjfV,transaction|wallet|transaction|wallet,|0.400896|0.348457|0.385212,|0.200448|0.348457|0.385212,|0.114119|0.00174922|0.155026
355102430,3,wallet,1KeRshMGXJZksLtnQpuvFnDVo8ZvavgtPv,False,True,4,355102430|17CpJ9bXexfFw9BUt6ovqaFC4iiMcpmvxM|355102432|1KeRshMGXJZksLtnQpuvFnDVo8ZvavgtPv,transaction|wallet|transaction|wallet,|0.40397|0.349522|0.385175,|0.201985|0.349522|0.192588,|0.00570798|0.00134045|-0.00166175
355238659,3,wallet,1EJeVMD5APgmRbaXkjktgMfXbzetgJWjMs,False,True,4,355238659|1LxjAhbzjQskt4pUQyMMt8ZBy6XeEJy5ep|175165963|1EJeVMD5APgmRbaXkjktgMfXbzetgJWjMs,transaction|wallet|transaction|wallet,|0.400447|0.348982|0.385187,|0.200224|0.348982|0.128396,|0.0240888|0.00630498|-0.000270168
355238661,3,wallet,17xUuLzu3sn8TCNAWhdYoRWCQuYbxpZTeK,False,True,4,355238661|191V3X6r5fTE5r9EJ6s9MPkVjNHgNn7PUf|355940710|17xUuLzu3sn8TCNAWhdYoRWCQuYbxpZTeK,transaction|wallet|transaction|wallet,|0.40439|0.347252|0.385219,|0.202195|0.347252|0.385219,|0.0138865|0.00350541|0.159455
92508031,3,wallet,1JtMSZqGMh9KXLVTDstSefhgseLvTETHyn,False,True,4,92508031|1AcrVa8Pq5BVJL5SNVtvaGWQ6FxHCFoUrn|92491023|1JtMSZqGMh9KXLVTDstSefhgseLvTETHyn,transaction|wallet|transaction|wallet,|0.4043|0.340071|0.385267,|0.20215|0.0850177|0.385267,|0.116989|0.000318378|-0.0984628
67572674,3,wallet,1NxNC85efna1L3SGra7zSJTKniuZPmrw1a,False,True,4,67572674|1Mwm6Hnma13nvcQSxTijVCBawtBuRwwXby|70410916|1NxNC85efna1L3SGra7zSJTKniuZPmrw1a,transaction|wallet|transaction|wallet,|0.40254|0.346924|0.385249,|0.20127|0.346924|0.385249,|0.203454|0.0095495|0.124601
67657849,3,wallet,3KgYwQXrKqvYBtuGwQnuR9vYcVXjKMBRaN,False,True,4,67657849|1Mo9AdE18T7TkZNLJwfuPcqAbus4skWDDT|57127103|3KgYwQXrKqvYBtuGwQnuR9vYcVXjKMBRaN,transaction|wallet|transaction|wallet,|0.403865|0.337444|0.38531,|0.201932|0.337444|0.38531,|0.129071|0.0146188|-0.126219
70408671,3,wallet,16sDbUwm662QtuCH6P1gzxyZH1R7Yv1KHs,False,True,4,70408671|1QCQe7LbFeAwoy8gVuMLN6munprkEWQz5P|67605387|16sDbUwm662QtuCH6P1gzxyZH1R7Yv1KHs,transaction|wallet|transaction|wallet,|0.398351|0.346865|0.0855333,|0.199176|0.346865|0.0427666,|-0.135522|0.0036332|-0.0981825
30204891,3,wallet,1LB55CiF2spr2nZnRoMUyHAYpqrh8xTXPG,False,True,4,30204891|1NMZhhgWndRYeodFRaThDWSYFkfDBMVVCF|28910861|1LB55CiF2spr2nZnRoMUyHAYpqrh8xTXPG,transaction|wallet|transaction|wallet,|0.403553|0.33837|0.385309,|0.201776|0.169185|0.385309,|0.106036|0.0106723|-0.110838
39747107,3,wallet,14PfjVegUuf2GhBaW44ogLVtssGzkDnzjv,False,True,4,39747107|1CsaarDVnrxCMucL84idbUfJzXv4QWhRDy|28902293|14PfjVegUuf2GhBaW44ogLVtssGzkDnzjv,transaction|wallet|transaction|wallet,|0.403451|0.308642|0.385321,|0.201726|0.308642|0.385321,|0.182826|0.0463175|-0.384809
12830001,3,wallet,1LuPrdLe66AYJpNQukNDHcQ7yD7dhiVLZ7,False,True,4,12830001|17c8h7Zj3ymXcmJDaCubvz2YGtQpoLesja|114741864|1LuPrdLe66AYJpNQukNDHcQ7yD7dhiVLZ7,transaction|wallet|transaction|wallet,|0.400178|0.345717|0.38528,|0.200089|0.345717|0.38528,|0.21046|0.00861627|0.0793933
12830017,3,wallet,18deH174o3NUAvhNjWh66N42fNS4nHDqLQ,False,True,4,12830017|1GoqSZd9YrYZoxQQbiYuyarYetPHpFgEpD|115607026|18deH174o3NUAvhNjWh66N42fNS4nHDqLQ,transaction|wallet|transaction|wallet,|0.400084|0.345943|0.385279,|0.200042|0.345943|0.385279,|0.2062|0.00367773|0.0898232
12830801,3,wallet,1AspeaxLUGXm7s3gPU1Aaf2ndW5sK6Cvbo,False,True,4,12830801|14myAm4kbVugVEmCoX9W8mi4wTLDYiMQtP|115202285|1AspeaxLUGXm7s3gPU1Aaf2ndW5sK6Cvbo,transaction|wallet|transaction|wallet,|0.403452|0.336988|0.38531,|0.201726|0.336988|0.38531,|0.051071|0.0144466|-0.107968
116053428,3,wallet,1FzE7ok2AoW9jGvLp5aLhBmvYGt3eaxjbT,False,True,4,116053428|14GnDvAcGbXC6xCaXrfY49imkDCDJKfELM|21426992|1FzE7ok2AoW9jGvLp5aLhBmvYGt3eaxjbT,transaction|wallet|transaction|wallet,|0.40027|0.345809|0.385279,|0.200135|0.345809|0.385279,|0.20263|0.0283533|0.0817632
116075693,3,wallet,1JKcQAwKRJSgmYYbpSzfdMYYjmvfusDgyA,False,True,4,116075693|1GaEhDayETot75aXF5rkQp9tAoYd7PUBHg|114681814|1JKcQAwKRJSgmYYbpSzfdMYYjmvfusDgyA,transaction|wallet|transaction|wallet,|0.403679|0.344194|0.38528,|0.201839|0.344194|0.38528,|0.0325326|0.0104792|0.0938031
116112202,3,wallet,18iUjpf4Whg4Gcsdwkt6phj418GaA4BPQU,False,True,4,116112202|13Tfe2SSNVdAwcSzv5bpBfi6dZDgjqirko|115630232|18iUjpf4Whg4Gcsdwkt6phj418GaA4BPQU,transaction|wallet|transaction|wallet,|0.402083|0.344027|0.385279,|0.201041|0.344027|0.385279,|0.0294174|0.00901479|0.0935809
116173763,3,wallet,1PEHLajmWYbY4NMNzCntdWVR22Nb2PUFqe,False,True,4,116173763|1N7M5tSeQjEVrQUE1wMn6ybQiLG4oMSypx|115523320|1PEHLajmWYbY4NMNzCntdWVR22Nb2PUFqe,transaction|wallet|transaction|wallet,|0.400528|0.345458|0.385252,|0.200264|0.172729|0.385252,|0.098838|0.0133944|0.166609
96925114,3,wallet,345pEV1yZfofxdigeRh3C8FiergefkNRiC,False,True,4,96925114|1MqypzBKAk9sxuahDzKt7YUQT8CT6gsuwP|23344709|345pEV1yZfofxdigeRh3C8FiergefkNRiC,transaction|wallet|transaction|wallet,|0.404719|0.26957|0.385529,|0.20236|0.26957|0.385529,|0.140837|0.066352|-0.437768
96929850,3,wallet,12BRiG2j2Wt2JAmdY6TfVyBGZ9oGfMAuaD,False,True,4,96929850|15aCuYCqMAW2V3PmmLN5i6FehCiQrxBYZ4|96928354|12BRiG2j2Wt2JAmdY6TfVyBGZ9oGfMAuaD,transaction|wallet|transaction|wallet,|0.403318|0.311753|0.385421,|0.201659|0.311753|0.385421,|0.132916|0.0417106|-0.343097
12661226,3,wallet,13bwNjYYESRwk6XNswq6HHA16xqcZN5SQk,False,True,4,12661226|152RbjQxTKi8WPa23gAUuScquYCu5gzLDG|13214987|13bwNjYYESRwk6XNswq6HHA16xqcZN5SQk,transaction|wallet|transaction|wallet,|0.400678|0.332078|0.385381,|0.200339|0.332078|0.385381,|0.0523224|0.0432895|-0.163602
71987847,3,wallet,323YzRkeEnLVDvPCS3hRgM6cN34DsJGDgV,False,True,4,71987847|1HSoJiWP21LqCimAaR17UA2BPjWDRt32zn|71811939|323YzRkeEnLVDvPCS3hRgM6cN34DsJGDgV,transaction|wallet|transaction|wallet,|0.403061|0.341516|0.385294,|0.201531|0.341516|0.385294,|0.236364|0.0211096|0.0505592
71988925,3,wallet,17Wau7YAJfDGf3pRsEpyF4cV9EJbDXSBfp,False,True,4,71988925|1CuA5oovqTnzddkW3fBjesap6cNYddbFeC|70807890|17Wau7YAJfDGf3pRsEpyF4cV9EJbDXSBfp,transaction|wallet|transaction|wallet,|0.403319|0.327417|0.385403,|0.20166|0.327417|0.385403,|0.0709497|0.0212343|-0.216287
71988968,3,wallet,197TrcrBn8yLc3Sf8j9P53HTaXHTaZUMY6,False,True,4,71988968|1KGTmaaa8G8i8J3vdNfAU9sP6h1SXLDjsV|71462116|197TrcrBn8yLc3Sf8j9P53HTaXHTaZUMY6,transaction|wallet|transaction|wallet,|0.398579|0.329931|0.385385,|0.199289|0.329931|0.385385,|0.168268|0.516557|-0.227001
73000845,3,wallet,1JcWawH8dUg7wBg2EskWu89X1C53pLqvKX,False,True,4,73000845|1FzfRNPPF5UY6YRVVbPuwUaVhy3mcgLbVo|72630297|1JcWawH8dUg7wBg2EskWu89X1C53pLqvKX,transaction|wallet|transaction|wallet,|0.389773|0.312351|0.385498,|0.194887|0.312351|0.385498,|0.0796658|0.978299|-0.348678
73003525,3,wallet,1AFZQ2GdfDuwk6Yecgb49Z4QWGhmaF5zvX,False,True,4,73003525|158meK2xYj5vTVkSXiv3Qcq4W4SZGfxUSD|72735773|1AFZQ2GdfDuwk6Yecgb49Z4QWGhmaF5zvX,transaction|wallet|transaction|wallet,|0.401242|0.335416|0.385371,|0.200621|0.335416|0.385371,|0.0638752|0.0449|-0.084448
164710543,3,wallet,182e744mKBPaZmU9eZDeCP6iaJpW8SJgiS,False,True,4,164710543|1LowN6gVUeFRBKkprbVmvEtHRFQi51MCTW|155845073|182e744mKBPaZmU9eZDeCP6iaJpW8SJgiS,transaction|wallet|transaction|wallet,|0.392398|0.334229|0.38535,|0.130799|0.334229|0.38535,|-0.0134533|0.0235307|0.0127251
11C2wvhHd5BEAcUnvisfQrBi87g2J63TV,3,transaction,94120314,False,True,4,11C2wvhHd5BEAcUnvisfQrBi87g2J63TV|94297154|12wDHq1Faq6AqYJmCLqrbz6gXpBziwwB2B|94120314,wallet|transaction|wallet|transaction,|0.349822|0.403302|0.347613,|0.349822|0.201651|0.347613,||0.198655|-0.0876948
12TZtnj5ywAURL2wesWBkqyPdKcs1smTf5,3,transaction,355098142,False,True,4,12TZtnj5ywAURL2wesWBkqyPdKcs1smTf5|355110991|1NPmH6RbpWvamdv88cq8dMrwrTwumExyFE|355098142,wallet|transaction|wallet|transaction,|0.352174|0.403247|0.306968,|0.352174|0.201623|0.306968,||0.0438356|-0.00249517
12iBytyEBLetMuX7y92jNogjkLoizejCTf,3,transaction,372970040,False,True,4,12iBytyEBLetMuX7y92jNogjkLoizejCTf|372970048|1F56BuGKVbq6ja773jfZc1KGJjTJ9ZAEfv|372970040,wallet|transaction|wallet|transaction,|0.320985|0.403865|0.350998,|0.320985|0.100966|0.350998,||0.0435192|0.0696269
12vQ6E7SbKMACkLSvdudaxvB1BT7uNUpTM,3,transaction,272297085,False,True,4,12vQ6E7SbKMACkLSvdudaxvB1BT7uNUpTM|272292592|1KHnUpiJq5p63wMnRy1VQRJ9L1iLbzRH8a|272297085,wallet|transaction|wallet|transaction,|0.349458|0.40101|0.351729,|0.349458|0.200505|0.0351729,||-0.00974229|0.023067
12xXS1QCNim8KLtUL67VysxmnFA2rd9uKD,3,transaction,98902486,False,True,4,12xXS1QCNim8KLtUL67VysxmnFA2rd9uKD|99245166|1MeqCgUkEu6Vaf9HLnTPsVgbvY9TWRSW5P|98902486,wallet|transaction|wallet|transaction,|0.344226|0.405082|0.350657,|0.344226|0.0810164|0.350657,||0.00245634|0.0396025
13Sad4RwGyB5v1UEe281pppi6kgwSp868k,3,transaction,84338075,False,True,4,13Sad4RwGyB5v1UEe281pppi6kgwSp868k|84732708|168wG2zaRmaN31sGgj2DTbyGJQXu6o9ToQ|84338075,wallet|transaction|wallet|transaction,|0.15097|0.404948|0.35019,|0.15097|0.101237|0.35019,||-0.012127|0.432835
13mcDLgoUHZPpfE8sVVzSY24pPRyHpUiBx,3,transaction,241494296,False,True,4,13mcDLgoUHZPpfE8sVVzSY24pPRyHpUiBx|241518508|13m2oCmZyj4vRGRpfqyRZgxfiX1ZmKQxKT|241494296,wallet|transaction|wallet|transaction,|0.222113|0.401709|0.344822,|0.222113|0.200855|0.344822,||-0.122582|0.204186
13swdzVgAqHWKCAgejX1Kqr68ZKzvsWHYW,3,transaction,339064942,False,True,4,13swdzVgAqHWKCAgejX1Kqr68ZKzvsWHYW|339064834|15vm4pprunhwZUnc4NtkvWTCG416H1Gda6|339064942,wallet|transaction|wallet|transaction,|0.24676|0.40445|0.350455,|0.24676|0.0808899|0.350455,||0.000622618|-0.0186901
148miPtpwJQ48tgDcRRMUffWoVjyzBdtEh,3,transaction,379046067,False,True,4,148miPtpwJQ48tgDcRRMUffWoVjyzBdtEh|336437136|12QRP71BUw7xBMwLZ9AEUyMscXWqppDyhz|379046067,wallet|transaction|wallet|transaction,|0.342721|0.403196|0.350916,|0.342721|0.201598|0.350916,||-0.011649|0.0225241
14DJ2AKFntaCpGzT1q2JNut5sQprs1BQBA,3,transaction,269599775,False,True,4,14DJ2AKFntaCpGzT1q2JNut5sQprs1BQBA|269599771|19XGkrdfpHy7xKkLeExFFXf4cJ96XD8hM4|269599775,wallet|transaction|wallet|transaction,|0.346796|0.404382|0.342828,|0.346796|0.202191|0.342828,||-0.0237231|-0.0104619
14MKJbhJSkn78pswW4UNCQDkvvQHCmftRb,3,transaction,175122972,False,True,4,14MKJbhJSkn78pswW4UNCQDkvvQHCmftRb|175759428|175472351|175122972,wallet|transaction|transaction|transaction,|0.185456|0.00889547|0.15057,|0.185456|0.00444774|0.0752848,||-0.259406|-0.103398
14b9bpTgf7DxeokHabbWGtBaf76seknMt5,3,transaction,115056829,False,True,4,14b9bpTgf7DxeokHabbWGtBaf76seknMt5|100075384|1DUSYE8wiwXqJGM36cayd6TmWzxybieyFG|115056829,wallet|transaction|wallet|transaction,|0.35214|0.400229|0.35094,|0.35214|0.13341|0.35094,||-0.000507534|-0.000817001
156hr4RNsANVvaXBpyZxSzSfJGAeidGnWM,3,transaction,312469997,False,True,4,156hr4RNsANVvaXBpyZxSzSfJGAeidGnWM|372673770|1PZAMeist9MKFJDTnLgCTavDUf2RWkKcJc|312469997,wallet|transaction|wallet|transaction,|0.342159|0.405014|0.351099,|0.342159|0.202507|0.351099,||-0.00310358|0.0308002
15C4iGjiERw2ZwaTrhsRmsgSFBydKjPoQd,3,transaction,355124110,False,True,4,15C4iGjiERw2ZwaTrhsRmsgSFBydKjPoQd|355124108|1EVmeeBuxj5jzUitfAjAiSYZwM6A6owyFS|355124110,wallet|transaction|wallet|transaction,|0.35203|0.402933|0.347342,|0.070406|0.201467|0.347342,||0.156372|0.0174638
15ahvubjdW3X5reCRydTceYUkoUxgPiLUR,3,transaction,356902018,False,True,4,15ahvubjdW3X5reCRydTceYUkoUxgPiLUR|363528680|1C45AkCFRAZwmMxGJqLWJ72KJn8aTUQy1X|356902018,wallet|transaction|wallet|transaction,|0.342981|0.403672|0.345691,|0.342981|0.201836|0.345691,||0.187901|-0.13336
15awF74GqmnSQcqoDsMB1xY2P5nLij17aG,3,transaction,288401071,False,True,4,15awF74GqmnSQcqoDsMB1xY2P5nLij17aG|288401420|1LU4SqRr18uSYchuHFgrk2VUyYNaH2Kk9b|288401071,wallet|transaction|wallet|transaction,|0.348559|0.403653|0.349045,|0.348559|0.134551|0.349045,||-0.00781796|-0.0234076
15dKuw1knjv8qm1VxeLNSUqrkws82s5PG5,3,transaction,339058549,False,True,4,15dKuw1knjv8qm1VxeLNSUqrkws82s5PG5|339094214|1KrycbahyJKzFDtJdF3838xZR3xyikHkPy|339058549,wallet|transaction|wallet|transaction,|0.341967|0.400642|0.206143,|0.341967|0.200321|0.206143,||0.297301|-0.105777
162714kvzBmmRik7JSb9rzGC9EnF5UFwMX,3,transaction,98975273,False,True,4,162714kvzBmmRik7JSb9rzGC9EnF5UFwMX|99206831|15SM4bhGtDEzxSG4XztA1zeNm91QScXCcY|98975273,wallet|transaction|wallet|transaction,|0.347118|0.403128|0.246101,|0.347118|0.201564|0.246101,||-0.00204927|-0.00774765
16ZQVbjJH81keu7HqjT69T8EgCtmZzRP4y,3,transaction,241507480,False,True,4,16ZQVbjJH81keu7HqjT69T8EgCtmZzRP4y|238546004|17R9No7yNpgrQ41fqZvRmnNqcVfatFrt6Z|241507480,wallet|transaction|wallet|transaction,|0.344382|0.397657|0.350501,|0.344382|0.198828|0.350501,||-0.0128259|-0.0117571
17tV4BuGBV6yLxtnaGNeQx27qy4t3X4Pub,3,transaction,49025732,False,True,4,17tV4BuGBV6yLxtnaGNeQx27qy4t3X4Pub|54465449|1CJmdGTk8M3S4n1sWA3e2QjNiDqJ5r3qUy|49025732,wallet|transaction|wallet|transaction,|0.33339|0.399825|0.35097,|0.33339|0.199913|0.35097,||-0.0360732|0.00311142
18gtsvEmoV5wA2rBk6q9cJn6V7WGw6dewE,3,transaction,378047224,False,True,4,18gtsvEmoV5wA2rBk6q9cJn6V7WGw6dewE|378255036|1Eq1vcHC4GJcfsW1KUyubEZAj6pXbWRyxb|378047224,wallet|transaction|wallet|transaction,|0.348998|0.405049|0.350628,|0.348998|0.405049|0.350628,||0.436696|0.67515
19638JLC6XEzAY32voToAHjgrvw9XvZf9K,3,transaction,96995895,False,True,4,19638JLC6XEzAY32voToAHjgrvw9XvZf9K|96995890|1PMYeF6gokwEtm4LFYe7x8DkgSLqKt68n4|96995895,wallet|transaction|wallet|transaction,|0.272263|0.403504|0.327585,|0.272263|0.201752|0.327585,||-0.0887456|0.723069
19tD7f6o9whavMSxWUyXJE5ytegyH25tcN,3,transaction,99200944,False,True,4,19tD7f6o9whavMSxWUyXJE5ytegyH25tcN|99676516|19QT9yrazMZw7FWnrkV9bs64wpVwbDPzyS|99200944,wallet|transaction|wallet|transaction,|0.34827|0.405133|0.350912,|0.34827|0.135044|0.350912,||-0.00375022|0.00191575
1AJcpoHeymvR1zGqDMFu8SWcEerG5xfg4M,3,transaction,175411114,False,True,4,1AJcpoHeymvR1zGqDMFu8SWcEerG5xfg4M|175758689|18bXZqpPALGN22hLrmPoCXN2iPUm2NM2L2|175411114,wallet|transaction|wallet|transaction,|0.352917|0.404718|0.352315,|0.352917|0.202359|0.352315,||0.00156996|-0.000226259
1ALCet8iMKesGu5oo3XD2XRui3SdAZeGH4,3,transaction,84757163,False,True,4,1ALCet8iMKesGu5oo3XD2XRui3SdAZeGH4|294494349|1x215EjVwY5s5gPac4F6EbLY5V4u2pWuW|84757163,wallet|transaction|wallet|transaction,|0.352901|0.4054|0.353065,|0.0705801|0.2027|0.353065,||0.00138381|-6.9499e-05
1AT3GEcR3ma3Lm4N36M6VeAEgswejcTwoR,3,transaction,311861787,False,True,4,1AT3GEcR3ma3Lm4N36M6VeAEgswejcTwoR|368746953|1Jkxo5FrdB8G4spD1qbXoVBcRYQHjGot54|311861787,wallet|transaction|wallet|transaction,|0.353056|0.405535|0.350018,|0.117685|0.202768|0.175009,||0.335559|0.0211346
1Ankd48sB4LStxg1caZuUCjQcqMhdLLj6L,3,transaction,189805129,False,True,4,1Ankd48sB4LStxg1caZuUCjQcqMhdLLj6L|189805127|148TMmBdUKUP3ABarNVtLJnXkPaFwzzyxr|189805129,wallet|transaction|wallet|transaction,|0.339629|0.399754|0.31943,|0.339629|0.199877|0.31943,||-0.0733133|0.135912
1B2mkRV1S1NW3z3iLFzBNBhkHnUi5KiutF,3,transaction,272106011,False,True,4,1B2mkRV1S1NW3z3iLFzBNBhkHnUi5KiutF|272106010|17ueFNsaNfMZcnzvgTBWA1ABEryGVzyqJX|272106011,wallet|transaction|wallet|transaction,|0.0923099|0.404245|0.350979,|0.0923099|0.202123|0.350979,||-0.104557|0.0632087
1B5F1oWBLS6u1iNs3rprvGT8PS6s9VQX9m,3,transaction,248887342,False,True,4,1B5F1oWBLS6u1iNs3rprvGT8PS6s9VQX9m|249236463|1LjcN13H2mTBCP16LNFEhfTD44eh8yi5v9|248887342,wallet|transaction|wallet|transaction,|0.21696|0.385185|0.0933027,|0.21696|0.192593|0.0933027,||0.200946|0.878994
1BS2baifcjeBXRBq8Nn1ApsuERxectbr9H,3,transaction,339088477,False,True,4,1BS2baifcjeBXRBq8Nn1ApsuERxectbr9H|339095203|1HUSdQuMDsYuj3SjwwoBR5WM6HcTsY5Wqv|339088477,wallet|transaction|wallet|transaction,|0.338075|0.396788|0.245312,|0.338075|0.198394|0.245312,||0.00382015|0.813782
1C7Y6bp6URUPhVEQT83wno2wTsFYYyfnmW,3,transaction,211118681,False,True,4,1C7Y6bp6URUPhVEQT83wno2wTsFYYyfnmW|210642706|1GAy1qPgHkboWegAezYH5NYGu1QYGkieRY|211118681,wallet|transaction|wallet|transaction,|0.351444|0.402999|0.236486,|0.351444|0.201499|0.236486,||0.00693238|-0.0117287
1DQydqD1eT1Y9XeBiic94JeLr1kRvWFTck,3,transaction,277029739,False,True,4,1DQydqD1eT1Y9XeBiic94JeLr1kRvWFTck|275233252|1N3qfyiCoCQ7CBLHEwG6ST5QvgA6yuemBT|277029739,wallet|transaction|wallet|transaction,|0.351485|0.40539|0.345548,|0.351485|0.202695|0.345548,||0.0172517|-0.00297993
1DSsh1Wf74a2V9JoHhhSZfsX9NVxNvSVih,3,transaction,99675351,False,True,4,1DSsh1Wf74a2V9JoHhhSZfsX9NVxNvSVih|100075057|12q3nKf7EDhdqPPRUhGLbdds9SvpWCDQ5D|99675351,wallet|transaction|wallet|transaction,|0.289653|0.404808|0.351197,|0.289653|0.202404|0.351197,||-0.0439349|0.204886
1DnvH1h2KccBumSXakYpnyWvBp8Rxotrob,3,transaction,234561299,False,True,4,1DnvH1h2KccBumSXakYpnyWvBp8Rxotrob|113788742|1Ma4Ys1wTUcvbsrDfeGmQTCft7KeepJTWj|234561299,wallet|transaction|wallet|transaction,|0.353043|0.405407|0.352879,|0.117681|0.202704|0.352879,||0.0241291|-4.36306e-05
1EfaUk4CzJr36J3Nuw3BRNkHfo7gB8BJTd,3,transaction,91844922,False,True,4,1EfaUk4CzJr36J3Nuw3BRNkHfo7gB8BJTd|91845019|1BE3e8QUkHt4H9PbfsVYAaM88FXJtMT7A2|91844922,wallet|transaction|wallet|transaction,|0.332477|0.402371|0.346085,|0.332477|0.134124|0.346085,||-0.0679967|0.221768
1EitoeKAUzWZuybhoGbPao8XwbfMTj6w2Z,3,transaction,99675390,False,True,4,1EitoeKAUzWZuybhoGbPao8XwbfMTj6w2Z|100075829|1Cv6trvjmfj8m13assPpgEEY47kQLnBFPd|99675390,wallet|transaction|wallet|transaction,|0.335746|0.402429|0.222512,|0.335746|0.201215|0.222512,||0.286384|0.120004
1Eziyq5LPL5Ra1FiT72TcTPVktwfVGtsfu,3,transaction,70804318,False,True,4,1Eziyq5LPL5Ra1FiT72TcTPVktwfVGtsfu|71450735|17iuZcX7VmkbnQPNhJaoG7jZRZquJ2aKAb|70804318,wallet|transaction|wallet|transaction,|0.309916|0.397423|0.337179,|0.309916|0.198712|0.337179,||0.322477|0.546328
1F89dRDA37hkg3gHZCfom6gShm9SmNbcLF,3,transaction,378064478,False,True,4,1F89dRDA37hkg3gHZCfom6gShm9SmNbcLF|378252179|1L2VxhkG5CYSU9dWLgTVSYHDAUPYM37wbw|378064478,wallet|transaction|wallet|transaction,|0.14639|0.403636|0.351755,|0.14639|0.201818|0.351755,||-0.167468|-0.0119905
1GCoJcqC7APvkDmvcj2fDiPP84HQwLTdYo,3,transaction,355294122,False,True,4,1GCoJcqC7APvkDmvcj2fDiPP84HQwLTdYo|355099662|16GwNDM5JJLzVQxcRYKPtexY2Wyjxwc1qP|355294122,wallet|transaction|wallet|transaction,|0.318886|0.404589|0.347982,|0.318886|0.202294|0.347982,||-0.0295229|0.718289
1GScPnyf6ehkBZTr5V33qBd5BynAX9obBz,3,transaction,99284734,False,True,4,1GScPnyf6ehkBZTr5V33qBd5BynAX9obBz|99369455|1HcLBj5z4rhLQ2eou3pVQsNDwYsokUtidr|99284734,wallet|transaction|wallet|transaction,|0.33908|0.404882|0.351426,|0.33908|0.10122|0.351426,||0.000445351|0.0365131
1HTkSYKPPmpqUkvE32A9Y9RxPPxe3x2k2P,3,transaction,189858264,False,True,4,1HTkSYKPPmpqUkvE32A9Y9RxPPxe3x2k2P|355006736|18FkgoDde9JUZdtNyyELTuyn1Es2WWWYEZ|189858264,wallet|transaction|wallet|transaction,|0.347439|0.400651|0.348668,|0.347439|0.13355|0.348668,||-0.0105237|0.0739504
1HmoD9inGrSdnNQ8oisqRq67cGF2zxzkdq,3,transaction,200623725,False,True,4,1HmoD9inGrSdnNQ8oisqRq67cGF2zxzkdq|44081248|1H7VLW9mxaUeyvif95e7BkruHguJjgurMs|200623725,wallet|transaction|wallet|transaction,|0.332505|0.404755|0.349822,|0.332505|0.202378|0.349822,||-0.0253343|0.12611
1JQN4ThctNN2himNjnQ6rvdFhWMrLJkcYH,3,transaction,311861787,False,True,4,1JQN4ThctNN2himNjnQ6rvdFhWMrLJkcYH|266113017|1CajuZVtXZBqaMMvGA3Fvkg9Z2RJpTHp6G|311861787,wallet|transaction|wallet|transaction,|0.352214|0.404842|0.350018,|0.352214|0.134947|0.350018,||-7.56979e-06|0.00242835
1JYbEg3bRiajmPPghpGh8BKayZafrUwNVz,3,transaction,390076579,False,True,4,1JYbEg3bRiajmPPghpGh8BKayZafrUwNVz|390332178|1DkD4K5sLzXfgTsXGGJgyvR5Mr1F7yzNv6|390076579,wallet|transaction|wallet|transaction,|0.35135|0.399355|0.347841,|0.35135|0.199678|0.347841,||0.0277992|0.00787348
1K1rfuXK5FJjc2aH4g9mPDXHYpsE1ZL8Qo,3,transaction,268777486,False,True,4,1K1rfuXK5FJjc2aH4g9mPDXHYpsE1ZL8Qo|268893786|1HHy767hCsZmE7pFcyXYJk3kq3zWEV96Go|268777486,wallet|transaction|wallet|transaction,|0.345842|0.390605|0.34751,|0.345842|0.130202|0.34751,||-0.0389378|-0.0306848
1KVnumTwkzxTruffQn4S47cCNLSsDBr8n,3,transaction,288280822,False,True,4,1KVnumTwkzxTruffQn4S47cCNLSsDBr8n|288449905|13zJ2DoqmYkHkx1pEjd3Xqv6wAH5Xuw4mA|288280822,wallet|transaction|wallet|transaction,|0.336348|0.397446|0.1088,|0.336348|0.198723|0.1088,||0.210819|0.35859
1KZempmu9NQgDM2tHRUtsQdHHX8tGKL9D,3,transaction,372672054,False,True,4,1KZempmu9NQgDM2tHRUtsQdHHX8tGKL9D|372731488|1C9iZGCVNeRwLXp3zP4Q7r6fKAWaFVBD9W|372672054,wallet|transaction|wallet|transaction,|0.352264|0.40116|0.347274,|0.352264|0.10029|0.347274,||-0.0005036|-0.00290161
1KwKLJTCWUQZwtBhgBQi5cwgnUip7L68z1,3,transaction,401217425,False,True,4,1KwKLJTCWUQZwtBhgBQi5cwgnUip7L68z1|378320266|3QyUSB4eRYePHcvpS6k6YDMBUDGXRSSMPc|401217425,wallet|transaction|wallet|transaction,|0.188971|0.40587|0.353103,|0.188971|0.40587|0.117701,||0.544418|0
1KzzfsytshZkS279B1YuuK3tHTdPVRo98d,3,transaction,209822245,False,True,4,1KzzfsytshZkS279B1YuuK3tHTdPVRo98d|209824604|115MJQAQ4zT3LTw8sH7VbEh5dH7hqCRuvp|209822245,wallet|transaction|wallet|transaction,|0.352398|0.403007|0.351424,|0.352398|0.201503|0.351424,||0.0317321|0.00201386
1LCePW5Liqg3kuJFgWkVU3NRtsjtjzzbwz,3,transaction,174774267,False,True,4,1LCePW5Liqg3kuJFgWkVU3NRtsjtjzzbwz|175433937|17WZo15h71VJwMTdzbkJsyNEJHymASqheC|174774267,wallet|transaction|wallet|transaction,|0.266381|0.399822|0.294327,|0.266381|0.199911|0.294327,||-0.154557|0.154311
1Lk5Eax35hRrossE8bW3ZHsecsrtXWu6E7,3,transaction,190014509,False,True,4,1Lk5Eax35hRrossE8bW3ZHsecsrtXWu6E7|190434068|1KJrajDEsMkh7VJtS1xnVaxh38fjVw25k3|190014509,wallet|transaction|wallet|transaction,|0.352626|0.404296|0.352802,|0.352626|0.202148|0.352802,||0.109978|0.0120352
1MTJ3FbQQhkLof4FZRqUDZuwUGYHFvuRxk,3,transaction,294602321,False,True,4,1MTJ3FbQQhkLof4FZRqUDZuwUGYHFvuRxk|85004953|1NgNNa6hFEoFYj9CnpYK4mX3v5GwEK1fiS|294602321,wallet|transaction|wallet|transaction,|0.350334|0.401294|0.338405,|0.350334|0.200647|0.338405,||-0.00593695|0.00892365
1MhLKip2itv4P1y3B1WF5MjsYuSjrERdHw,3,transaction,175754574,False,True,4,1MhLKip2itv4P1y3B1WF5MjsYuSjrERdHw|179001124|1LuvBEFtCTZT1QR1gHoXuaXvHAqF3JyNwZ|175754574,wallet|transaction|wallet|transaction,|0.219848|0.399616|0.290398,|0.0439695|0.199808|0.290398,||-0.120119|-0.563777
1MwGFbYYonWp76M3qfRHsZpM6B9TSkYTWk,3,transaction,309502106,False,True,4,1MwGFbYYonWp76M3qfRHsZpM6B9TSkYTWk|358237573|1EXSExhiHL4R6abyR6ETTaZcb8WrdRDA4b|309502106,wallet|transaction|wallet|transaction,|0.349156|0.404127|0.349036,|0.349156|0.202064|0.349036,||-0.00660539|-0.00319391
94688507,2,transaction,98768726,False,True,3,94688507|19qBTgiUqA1zg4sejaNnYogMX5gaAfMFqa|98768726,transaction|wallet|transaction,|0.400425|0.276874,|0.200213|0.276874,|0.249496|0.0185903
98728644,2,transaction,96561878,False,True,3,98728644|1GveLfbMzMpCAfiJ6iTuxLgX3yszg4URiY|96561878,transaction|wallet|transaction,|0.40168|0.271119,|0.080336|0.271119,|0.00907507|0.00100613
190427047,2,transaction,90406438,False,True,3,190427047|19f4PmYnWgYaTN77WWPpwNx6gCFoDbtPyj|90406438,transaction|wallet|transaction,|0.404337|0.226759,|0.202168|0.11338,|0.0585662|0.00390193
179084697,2,transaction,179108098,False,True,3,179084697|1FZgsW1679HPgupFUG5twRprVFUuqumAYm|179108098,transaction|wallet|transaction,|0.405628|0.352795,|0.00386312|0.352795,|1.08258e-05|-3.77893e-05
390498113,2,wallet,1QHvCNC8BDk8e9mpr51NeN1GsGGSmooU48,False,True,3,390498113|227832969|1QHvCNC8BDk8e9mpr51NeN1GsGGSmooU48,transaction|transaction|wallet,|0.339341|0.253377,|0.16967|0.253377,|-0.240933|-0.478555
299158314,2,transaction,248903223,False,True,3,299158314|12k7kXAo7JjcHTnoPxpYsYQRVDAZaM4Jfq|248903223,transaction|wallet|transaction,|0.397863|0.351145,|0.0397863|0.351145,|0.00626214|-0.00126129
70328737,2,wallet,1FP5MzNddgvi2HYYsPceAcupR2cT9zdSHq,False,True,3,70328737|55735705|1FP5MzNddgvi2HYYsPceAcupR2cT9zdSHq,transaction|transaction|wallet,|0.416922|0.385376,|0.208461|0.385376,|-0.175215|-0.485569
219543494,2,transaction,155603978,False,True,3,219543494|1ETa4q9o8sCpxsHJCUmupaq9iDCvC7adQf|155603978,transaction|wallet|transaction,|0.397269|0.208585,|0.0794539|0.208585,|0.0545273|0.8332
121DWzW6dfYGoMJXRDrHA74t5JPUyrtLCb,2,wallet,33i7FZnUtQaHp9rX6ZRkeHvPoAusDMiG7G,False,True,3,121DWzW6dfYGoMJXRDrHA74t5JPUyrtLCb|84375386|33i7FZnUtQaHp9rX6ZRkeHvPoAusDMiG7G,wallet|transaction|wallet,|0.338921|0.385212,|0.338921|0.192606,||-0.0398893
126t2Uo8SoUn7djGxjzbENQQbzsfSiiAXf,2,wallet,1BGbYAkX58ZwdXkAbBhgAbtBj6Veksa2H1,False,True,3,126t2Uo8SoUn7djGxjzbENQQbzsfSiiAXf|70781861|1BGbYAkX58ZwdXkAbBhgAbtBj6Veksa2H1,wallet|transaction|wallet,|0.121884|0.385573,|0.0609422|0.385573,||-0.50607
12A6GH9vPBqvTMyLkfFWzEUXwx3xAu92Mt,2,wallet,354nJAzZaw3CGbqNtNEPPh7w9WZvCgxark,False,True,3,12A6GH9vPBqvTMyLkfFWzEUXwx3xAu92Mt|268861287|354nJAzZaw3CGbqNtNEPPh7w9WZvCgxark,wallet|transaction|wallet,|0.345485|0.38517,|0.345485|0.38517,||0.00797755
12CiFhPEPSL4f5S8H9F4msLSLi6fRXjwX8,2,wallet,38ucSTUWX1Brz7BfUwCtGEbTPHAeJXvGab,False,True,3,12CiFhPEPSL4f5S8H9F4msLSLi6fRXjwX8|268883403|38ucSTUWX1Brz7BfUwCtGEbTPHAeJXvGab,wallet|transaction|wallet,|0.350183|0.385148,|0.350183|0.192574,||-0.0221806
12ELn46LqXT8oFw5mNY4jEdRvJg2y5vucy,2,wallet,34K7QoYcSUZyE5gJfkzZKRih8qnu2n1zL4,False,True,3,12ELn46LqXT8oFw5mNY4jEdRvJg2y5vucy|311608482|34K7QoYcSUZyE5gJfkzZKRih8qnu2n1zL4,wallet|transaction|wallet,|0.349399|0.385132,|0.349399|0.192566,||0.0536818
12J6wagoZ8aF4Eup2VWCGzGBMQfcgEpuoN,2,wallet,1pakSUc3WaV81TZYib2cTjYo6TEyUiMnt,False,True,3,12J6wagoZ8aF4Eup2VWCGzGBMQfcgEpuoN|234166793|1pakSUc3WaV81TZYib2cTjYo6TEyUiMnt,wallet|transaction|wallet,|0.347184|0.385028,|0.347184|0.385028,||0.0889111
12NFtZWbH2fQEVhWwTHyzZ4E94zyd7eHGp,2,wallet,37fRSUGZ5CpR1RBg5yQNjmA5S7kkqCQnbn,False,True,3,12NFtZWbH2fQEVhWwTHyzZ4E94zyd7eHGp|355110328|37fRSUGZ5CpR1RBg5yQNjmA5S7kkqCQnbn,wallet|transaction|wallet,|0.341573|0.38525,|0.341573|0.38525,||-0.0652189
12RVhggPA3eakwxqfVWNAFdUZXNmNKyuRq,2,wallet,3EuHoJxzhZjnq1jxSdhdDT1m8CgQxnaRJp,False,True,3,12RVhggPA3eakwxqfVWNAFdUZXNmNKyuRq|151823513|3EuHoJxzhZjnq1jxSdhdDT1m8CgQxnaRJp,wallet|transaction|wallet,|0.344547|0.385181,|0.344547|0.128394,||-0.0794006
12U7bTXXgEWHf4RV8tmK3Dkz7biZkGv3xL,2,wallet,3EUAw6AckQpmGAZvvXfmCL5Cqq7Y7iuVQ9,False,True,3,12U7bTXXgEWHf4RV8tmK3Dkz7biZkGv3xL|53784539|3EUAw6AckQpmGAZvvXfmCL5Cqq7Y7iuVQ9,wallet|transaction|wallet,|0.325191|0.385347,|0.325191|0.385347,||-0.262092
12VxRtrhrU27gpWR5xaZvjrxWvavLcQuUa,2,wallet,17449eF7RZzkijqwoVAm9GstJq5DNmzFkK,False,True,3,12VxRtrhrU27gpWR5xaZvjrxWvavLcQuUa|69268129|17449eF7RZzkijqwoVAm9GstJq5DNmzFkK,wallet|transaction|wallet,|0.0328937|0.399183,|0.0328937|0.199591,||0.109729
12WpuvTeCikQyrRGx4VHQtPKghCDA3H5u2,2,wallet,1E8VHSFxgYa54v5TCyjGDSc3xdTyVroQgQ,False,True,3,12WpuvTeCikQyrRGx4VHQtPKghCDA3H5u2|288621678|1E8VHSFxgYa54v5TCyjGDSc3xdTyVroQgQ,wallet|transaction|wallet,|0.347164|0.385228,|0.347164|0.385228,||0.172345
12XYAxCT8K7whxCbZyd1RcfJVVf8UGgnVP,2,wallet,3FfKvRjCg3Ev3Li5Ly5ybZL2itAn2TCjji,False,True,3,12XYAxCT8K7whxCbZyd1RcfJVVf8UGgnVP|286848744|3FfKvRjCg3Ev3Li5Ly5ybZL2itAn2TCjji,wallet|transaction|wallet,|0.344337|0.385162,|0.344337|0.385162,||-0.0930533
12bNPHjSjpFtUQEkahABvfV6Ax2BAhhV49,2,wallet,3BcjbK3E2HgJz4CGmhVrVfwstwx5ne1HXz,False,True,3,12bNPHjSjpFtUQEkahABvfV6Ax2BAhhV49|268867552|3BcjbK3E2HgJz4CGmhVrVfwstwx5ne1HXz,wallet|transaction|wallet,|0.346045|0.38517,|0.346045|0.38517,||0.0180343
12f68DZGgGs8zoQ9VfHKE5htPjNt7kqdns,2,wallet,1NEUmjCD2ua8axUsd6gXGkef4hG8NvP2MP,False,True,3,12f68DZGgGs8zoQ9VfHKE5htPjNt7kqdns|368783589|1NEUmjCD2ua8axUsd6gXGkef4hG8NvP2MP,wallet|transaction|wallet,|0.305717|0.385254,|0.305717|0.385254,||-0.451813
12h3U7AHZgzSAa67k1gqWAjCHreLauYpwz,2,wallet,14zrtnkHAqvPoy9wDvY14a8eNgAuYHiWA1,False,True,3,12h3U7AHZgzSAa67k1gqWAjCHreLauYpwz|272088225|14zrtnkHAqvPoy9wDvY14a8eNgAuYHiWA1,wallet|transaction|wallet,|0.350703|0.385118,|0.350703|0.385118,||0.294543
12h6piHLNNjwnxMpxzBp76qjjrrgqvYCTo,2,wallet,327AGvbE1a4Tt8oXgL814DBCnnqtCJXqTy,False,True,3,12h6piHLNNjwnxMpxzBp76qjjrrgqvYCTo|355505391|327AGvbE1a4Tt8oXgL814DBCnnqtCJXqTy,wallet|transaction|wallet,|0.327756|0.385307,|0.327756|0.128436,||-0.145631
12jvaTJifZparc5znmwvJ8a3tDR6WWmic7,2,wallet,1FHHmHTjx66tLn845hTh6Pkxhim66GrRg7,False,True,3,12jvaTJifZparc5znmwvJ8a3tDR6WWmic7|105860380|1FHHmHTjx66tLn845hTh6Pkxhim66GrRg7,wallet|transaction|wallet,|0.341014|0.38535,|0.341014|0.38535,||0.00115323
12m5fFEzafQBZ1dt14xymUjBafMNUCXvUL,2,wallet,3EWcy1SBK15BRSfT4VKD4NTeoxk6vaubYL,False,True,3,12m5fFEzafQBZ1dt14xymUjBafMNUCXvUL|191598956|3EWcy1SBK15BRSfT4VKD4NTeoxk6vaubYL,wallet|transaction|wallet,|0.332961|0.385931,|0.332961|0.192966,||-0.243301
12mFwCqExS7Qmtt5GS4XpaTeF49UtmcY5F,2,wallet,1FGAyrXFBGcRsYJ5B38QXG9GpuwAihwCX7,False,True,3,12mFwCqExS7Qmtt5GS4XpaTeF49UtmcY5F|372690435|1FGAyrXFBGcRsYJ5B38QXG9GpuwAihwCX7,wallet|transaction|wallet,|0.351236|0.385091,|0.351236|0.385091,||0.327835
12mqi8Weg7uwgbHUH214mCwrfHmnyiGi2V,2,wallet,3GVkczRPqFnbDiZWuYZGBk3tawfL9ZUeRU,False,True,3,12mqi8Weg7uwgbHUH214mCwrfHmnyiGi2V|372682766|3GVkczRPqFnbDiZWuYZGBk3tawfL9ZUeRU,wallet|transaction|wallet,|0.347195|0.38514,|0.347195|0.19257,||0.0430132
12nhRTVECSfuPibeSCnD5SQ4WLfLgaTX7U,2,wallet,1C6n14vvVenUw4zK1UCU1wLSqA5CohBVKb,False,True,3,12nhRTVECSfuPibeSCnD5SQ4WLfLgaTX7U|322493613|1C6n14vvVenUw4zK1UCU1wLSqA5CohBVKb,wallet|transaction|wallet,|0.350805|0.385106,|0.350805|0.385106,||0.293982
12qjhAXXR9vBkVZpocxtr77yAsXSAXp3PZ,2,wallet,156RsL92UHS8B7i3B7U1hdPU3Cf51ND9kv,False,True,3,12qjhAXXR9vBkVZpocxtr77yAsXSAXp3PZ|15085796|156RsL92UHS8B7i3B7U1hdPU3Cf51ND9kv,wallet|transaction|wallet,|0.348855|0.385059,|0.348855|0.385059,||0.193486
12r8dVf71NBf3CSpAcdhfZ3S9DYeyRhWRn,2,wallet,36xSQoXT2hwVLVUJQn2w7oWtj9r1tBdRDS,False,True,3,12r8dVf71NBf3CSpAcdhfZ3S9DYeyRhWRn|99676831|36xSQoXT2hwVLVUJQn2w7oWtj9r1tBdRDS,wallet|transaction|wallet,|0.349416|0.385103,|0.349416|0.0962759,||0.0479922
12rEzrcDvdCveLjXxDaFrMadb5iQtBAXHk,2,wallet,3LT7YtppGZuB55EHubikYytHdjBbGvWhuL,False,True,3,12rEzrcDvdCveLjXxDaFrMadb5iQtBAXHk|53782276|3LT7YtppGZuB55EHubikYytHdjBbGvWhuL,wallet|transaction|wallet,|0.259595|0.385422,|0.259595|0.192711,||-0.297488
12sjQctohASpKV8nWHyvB4wxjcjdFc516D,2,wallet,3HyqUfX7m7PNPxqgN3KkajodvFJf1y1DvX,False,True,3,12sjQctohASpKV8nWHyvB4wxjcjdFc516D|312223867|3HyqUfX7m7PNPxqgN3KkajodvFJf1y1DvX,wallet|transaction|wallet,|0.34745|0.38514,|0.34745|0.38514,||0.0738192
12tq7NaYLZKjZmEKehzT92pr7fspeFWtSJ,2,wallet,1BvqnYGMuchyqYc211aZn6SZFDcSamxX2j,False,True,3,12tq7NaYLZKjZmEKehzT92pr7fspeFWtSJ|92748480|1BvqnYGMuchyqYc211aZn6SZFDcSamxX2j,wallet|transaction|wallet,|0.348415|0.385204,|0.348415|0.385204,||0.214936
12uqXBJdpwySK4yZA5RBoWioJt5sE2CwDd,2,wallet,3J48nQyU4G6qitwTCwe22LPCwHNv57occd,False,True,3,12uqXBJdpwySK4yZA5RBoWioJt5sE2CwDd|268867035|3J48nQyU4G6qitwTCwe22LPCwHNv57occd,wallet|transaction|wallet,|0.346935|0.385164,|0.346935|0.385164,||0.0831259
1345K8cctj3Zf5teUJZG8Lg8WzA5ViC26T,2,wallet,1Lqd4EbSVhmXEgJkEhmZWe9U9ncuaoVS8E,False,True,3,1345K8cctj3Zf5teUJZG8Lg8WzA5ViC26T|28802162|1Lqd4EbSVhmXEgJkEhmZWe9U9ncuaoVS8E,wallet|transaction|wallet,|0.343517|0.385288,|0.343517|0.385288,||0.05051
134HwgYHxCWW21C7eZCEbZaeu4UR2fZkoZ,2,wallet,3BDNgqHoF4tKjdgi8Yt8S3dQ9SVcLpngHg,False,True,3,134HwgYHxCWW21C7eZCEbZaeu4UR2fZkoZ|288602158|3BDNgqHoF4tKjdgi8Yt8S3dQ9SVcLpngHg,wallet|transaction|wallet,|0.000519037|0.385572,|0.000519037|0.096393,||-0.17605
134T6xirgyABfmPCNTuhopYsy2WaJN1Mst,2,wallet,1Kra6QWCJBHrcDeLUnJEBfjqyxRNiGv2t3,False,True,3,134T6xirgyABfmPCNTuhopYsy2WaJN1Mst|95676411|1Kra6QWCJBHrcDeLUnJEBfjqyxRNiGv2t3,wallet|transaction|wallet,|0.347757|0.385217,|0.347757|0.385217,||0.186309
134WLp1zZELK7rUYPScs2kMsmmfMCJVxec,2,wallet,1KFnQbRs43ZNUfwQbZi6m9fzoD6n2qfARr,False,True,3,134WLp1zZELK7rUYPScs2kMsmmfMCJVxec|272430225|1KFnQbRs43ZNUfwQbZi6m9fzoD6n2qfARr,wallet|transaction|wallet,|0.350802|0.385113,|0.350802|0.385113,||0.302543
134YXML9nCZnz86AbGzsGmSQZNNvEuGB31,2,wallet,1KWED7fkZck8fFzxkFfHKkLoWo9eurzb8R,False,True,3,134YXML9nCZnz86AbGzsGmSQZNNvEuGB31|269459065|1KWED7fkZck8fFzxkFfHKkLoWo9eurzb8R,wallet|transaction|wallet,|0.349455|0.385159,|0.349455|0.192579,||0.110455
135oSUXCXb848eqHeughAXDT8cTjqrrc99,2,wallet,16NnsE9xJDD8xYeuPb19nruVaToj4PAC1t,False,True,3,135oSUXCXb848eqHeughAXDT8cTjqrrc99|299041249|16NnsE9xJDD8xYeuPb19nruVaToj4PAC1t,wallet|transaction|wallet,|0.343717|0.385192,|0.343717|0.385192,||-0.0213568
13Bf2nNFDkb77pFP2aG3gi4WNnaDKpMHmS,2,wallet,3CWNv8JurEUrCBTKHWeHYCNRxZvafJYDvk,False,True,3,13Bf2nNFDkb77pFP2aG3gi4WNnaDKpMHmS|84373476|3CWNv8JurEUrCBTKHWeHYCNRxZvafJYDvk,wallet|transaction|wallet,|0.343588|0.385194,|0.343588|0.192597,||-0.0146513
13DThMtvDTxzXxCo8gw9iqv8Bv4bnw8Kiu,2,wallet,1AGaZBXxxzTPJcnNgNENk99XJtxKcR1DfS,False,True,3,13DThMtvDTxzXxCo8gw9iqv8Bv4bnw8Kiu|372672184|1AGaZBXxxzTPJcnNgNENk99XJtxKcR1DfS,wallet|transaction|wallet,|0.351277|0.385097,|0.351277|0.385097,||0.318751
13ELjt94DzHR1zbhx9UrcMpq6RxSJY9u2N,2,wallet,3LYkhZLUdkvLabpRkBUuFmUYQjPPJXiA9N,False,True,3,13ELjt94DzHR1zbhx9UrcMpq6RxSJY9u2N|180533541|3LYkhZLUdkvLabpRkBUuFmUYQjPPJXiA9N,wallet|transaction|wallet,|0.336027|0.385204,|0.336027|0.192602,||-0.149544
13Gw2pFYiqTpSMfVH6dvy1tqfANy8bRZji,2,wallet,1LXT9d8cT4uWhvN7jCin55XrnGceQUdqJK,False,True,3,13Gw2pFYiqTpSMfVH6dvy1tqfANy8bRZji|92595282|1LXT9d8cT4uWhvN7jCin55XrnGceQUdqJK,wallet|transaction|wallet,|0.347762|0.385217,|0.347762|0.385217,||0.186531
13JgiSiJ3bMSognhNkmC6pud95U2H3asTg,2,wallet,3FfKvRjCg3Ev3Li5Ly5ybZL2itAn2TCjji,False,True,3,13JgiSiJ3bMSognhNkmC6pud95U2H3asTg|286848744|3FfKvRjCg3Ev3Li5Ly5ybZL2itAn2TCjji,wallet|transaction|wallet,|0.344337|0.385162,|0.344337|0.385162,||-0.0930533
13Jk6kLeaMBYzwjdQHnYqVTY58G6oasVM5,2,wallet,14Fs5nBjPGBaBWdN4Yb1WTdbUjNciHZ8cB,False,True,3,13Jk6kLeaMBYzwjdQHnYqVTY58G6oasVM5|288617215|14Fs5nBjPGBaBWdN4Yb1WTdbUjNciHZ8cB,wallet|transaction|wallet,|0.347913|0.385214,|0.347913|0.385214,||0.198992
13JvVZDmJwzrBihU47qApspxxhdsq1FRvG,2,wallet,1PL4ZHs4FQYqxhsVbPhKfdpN2AbtobmVr6,False,True,3,13JvVZDmJwzrBihU47qApspxxhdsq1FRvG|336436976|1PL4ZHs4FQYqxhsVbPhKfdpN2AbtobmVr6,wallet|transaction|wallet,|0.351026|0.385105,|0.351026|0.385105,||0.314368
13Mo9yuMuAoVLyTwgm5y3nGERhi2waBKhD,2,wallet,1NNF4aaAnNqUknRfwBArA55XafPuZyYWzG,False,True,3,13Mo9yuMuAoVLyTwgm5y3nGERhi2waBKhD|114509390|1NNF4aaAnNqUknRfwBArA55XafPuZyYWzG,wallet|transaction|wallet,|0.342721|0.38529,|0.342721|0.38529,||0.00473595
13PCEtMLKCfMn2GgzKYvXxRZABCF1yyMhv,2,wallet,3AjyJBNoUfdozUAA9RWx4oqzgxj5j9YigN,False,True,3,13PCEtMLKCfMn2GgzKYvXxRZABCF1yyMhv|92516400|3AjyJBNoUfdozUAA9RWx4oqzgxj5j9YigN,wallet|transaction|wallet,|0.329929|0.385307,|0.329929|0.385307,||-0.1788
13PKV7jc3cXMyubj2LEkNL36xrrx9JZgGs,2,wallet,1F17kgbjj2G3hQ6kpU9XZ3hNKt9UkEDBZy,False,True,3,13PKV7jc3cXMyubj2LEkNL36xrrx9JZgGs|362965635|1F17kgbjj2G3hQ6kpU9XZ3hNKt9UkEDBZy,wallet|transaction|wallet,|0.351494|0.385076,|0.351494|0.385076,||0.333602
13QLJnwJf6qLkTR2eyhshwmE43R14i7iZj,2,wallet,31uhUhpR6mkWJL3QNYxavcAQPHUxFv46aq,False,True,3,13QLJnwJf6qLkTR2eyhshwmE43R14i7iZj|11320206|31uhUhpR6mkWJL3QNYxavcAQPHUxFv46aq,wallet|transaction|wallet,|0.200892|0.385573,|0.200892|0.192786,||-0.118719
13Rd2eLbYhq9gpsNFTtEEDbNPy4FRuewPN,2,wallet,3ChSv3KSMLKPXW4LpW5wjf5i2RyGy8PwHi,False,True,3,13Rd2eLbYhq9gpsNFTtEEDbNPy4FRuewPN|122221510|3ChSv3KSMLKPXW4LpW5wjf5i2RyGy8PwHi,wallet|transaction|wallet,|0.349319|0.385117,|0.349319|0.128372,||-0.00219949
13RoJMh7Vks8wYEey2xkQjg3tVFNsXsZZV,2,wallet,3Hy3ry9PeLEUqWfCAJHKPKFw87H1WdCJzW,False,True,3,13RoJMh7Vks8wYEey2xkQjg3tVFNsXsZZV|268856987|3Hy3ry9PeLEUqWfCAJHKPKFw87H1WdCJzW,wallet|transaction|wallet,|0.342411|0.385185,|0.342411|0.192592,||-0.0100266
13SfLs8t2GbsCgKsp3jKKib5hBYRjD7nc3,2,wallet,3AvigXeWpSD9rupoo9grBfqn5WJ79v91rM,False,True,3,13SfLs8t2GbsCgKsp3jKKib5hBYRjD7nc3|28808235|3AvigXeWpSD9rupoo9grBfqn5WJ79v91rM,wallet|transaction|wallet,|0.247333|0.385494,|0.247333|0.385494,||-0.441551
13TvQ9Rt1ehhsneSsHDiiJ2XrEE6DxyHpj,2,wallet,1A5oQd6VeCighpmM5nLTRWq8EXKPPriYtd,False,True,3,13TvQ9Rt1ehhsneSsHDiiJ2XrEE6DxyHpj|179028011|1A5oQd6VeCighpmM5nLTRWq8EXKPPriYtd,wallet|transaction|wallet,|0.345125|0.385022,|0.345125|0.385022,||0.0512278
13UfDKU2JFTevjMoj6eyoXqUgv8r7qS8vG,2,wallet,1Aqh1BQQam643YQSRdB46uxa3EViEEEvuL,False,True,3,13UfDKU2JFTevjMoj6eyoXqUgv8r7qS8vG|98975505|1Aqh1BQQam643YQSRdB46uxa3EViEEEvuL,wallet|transaction|wallet,|0.351419|0.38509,|0.351419|0.38509,||0.308809
13VeF9uDNz5HtWZvvAAX7TBzwMy31SpW6m,2,wallet,3FZK7cfs1iRVW8PT7zofap94HRKr4Tb6br,False,True,3,13VeF9uDNz5HtWZvvAAX7TBzwMy31SpW6m|207150123|3FZK7cfs1iRVW8PT7zofap94HRKr4Tb6br,wallet|transaction|wallet,|0.212059|0.385492,|0.212059|0.192746,||-0.346986
13VzkXPURxj5aZmpMcavouqMFJMrEMxoeA,2,wallet,31iZopYrA7fP9NqdVnSZ6xRzmVfhiS6fuD,False,True,3,13VzkXPURxj5aZmpMcavouqMFJMrEMxoeA|165594204|31iZopYrA7fP9NqdVnSZ6xRzmVfhiS6fuD,wallet|transaction|wallet,|0.34773|0.385164,|0.34773|0.128388,||-0.038238
13W7ypPeSAANDvdDKy6x3hW1Ymqv5YqTfM,2,wallet,3Hbx2v1YH7UMALXeNgrcAyadQFQd19D57G,False,True,3,13W7ypPeSAANDvdDKy6x3hW1Ymqv5YqTfM|313613074|3Hbx2v1YH7UMALXeNgrcAyadQFQd19D57G,wallet|transaction|wallet,|0.336661|0.385191,|0.336661|0.0770382,||-0.0742594
13fDrLd5HszbFo2x9XyyA4B9RwjSESkJSL,2,wallet,1HSmP4M1om4Sp4iLUG4nfYbW2ZGKmqs4yo,False,True,3,13fDrLd5HszbFo2x9XyyA4B9RwjSESkJSL|106001669|1HSmP4M1om4Sp4iLUG4nfYbW2ZGKmqs4yo,wallet|transaction|wallet,|0.340667|0.385338,|0.340667|0.385338,||0.0359611
13hxJDJjMGXGXm5GWNtaHmtrYFkychJYyz,2,wallet,1PZDmCMfvu8z3dTzVbCBKZK61f4EWCCtAp,False,True,3,13hxJDJjMGXGXm5GWNtaHmtrYFkychJYyz|163711912|1PZDmCMfvu8z3dTzVbCBKZK61f4EWCCtAp,wallet|transaction|wallet,|0.342994|0.385188,|0.342994|0.385188,||-0.0605233
13iLRr2kvgLQjV5scUComTsNR5o95pDXQy,2,wallet,1G61nH4CjpUHnS3Ra6FdsqVpUEdyk5rRLe,False,True,3,13iLRr2kvgLQjV5scUComTsNR5o95pDXQy|30179360|1G61nH4CjpUHnS3Ra6FdsqVpUEdyk5rRLe,wallet|transaction|wallet,|0.346343|0.385264,|0.346343|0.385264,||0.116338
13jLZMueuXM5x6MKfT2nUt9pCffsDo7Ydw,2,wallet,367YrEdD3bWF9r34dGE5zoGbGqn6bfXSZF,False,True,3,13jLZMueuXM5x6MKfT2nUt9pCffsDo7Ydw|85005003|367YrEdD3bWF9r34dGE5zoGbGqn6bfXSZF,wallet|transaction|wallet,|0.303017|0.385263,|0.303017|0.192631,||-0.225
13jbU1M8ZCyzrVYDokZkqrD9D42tbXgfkJ,2,wallet,3JCNfkGzxrygtZpzu1gA9to1fsFG1ghTag,False,True,3,13jbU1M8ZCyzrVYDokZkqrD9D42tbXgfkJ|92107945|3JCNfkGzxrygtZpzu1gA9to1fsFG1ghTag,wallet|transaction|wallet,|0.326208|0.385326,|0.326208|0.385326,||-0.279878
13k4mJ8TopNEiq9oU9PwKc5Av27DtMu7DM,2,wallet,14p7rnu6LkJgE2hMHaWH5W1UHc8BHrAPAX,False,True,3,13k4mJ8TopNEiq9oU9PwKc5Av27DtMu7DM|269561973|14p7rnu6LkJgE2hMHaWH5W1UHc8BHrAPAX,wallet|transaction|wallet,|0.350175|0.385127,|0.350175|0.385127,||0.272078
13moibcQyBaSJKTuomYe25877ZCXfoq5wV,2,wallet,38EYLMdPwKuVSQjYJqcAepoopyb5wGbM91,False,True,3,13moibcQyBaSJKTuomYe25877ZCXfoq5wV|97457576|38EYLMdPwKuVSQjYJqcAepoopyb5wGbM91,wallet|transaction|wallet,|0.344283|0.385174,|0.344283|0.385174,||-0.0547261
13nQyYDQJWKrtYSgT9xJgAyw8mjZgLhwyx,2,wallet,1Gch5PEkGASLr2dTc8dxudemry6JVofgi7,False,True,3,13nQyYDQJWKrtYSgT9xJgAyw8mjZgLhwyx|99676504|1Gch5PEkGASLr2dTc8dxudemry6JVofgi7,wallet|transaction|wallet,|0.351528|0.385084,|0.351528|0.385084,||0.318446
13nqKUgJz5Ya7vvCaEqKri4JTwzBdvAkgb,2,wallet,1Ga1KPvEVGcPDMJFcJeDE1P8xYCNjkzsJA,False,True,3,13nqKUgJz5Ya7vvCaEqKri4JTwzBdvAkgb|308075880|1Ga1KPvEVGcPDMJFcJeDE1P8xYCNjkzsJA,wallet|transaction|wallet,|0.351333|0.385091,|0.351333|0.385091,||0.317811
13oxPxDyosVC89BTqoezURRYjNmqfyLad4,2,wallet,3J48nQyU4G6qitwTCwe22LPCwHNv57occd,False,True,3,13oxPxDyosVC89BTqoezURRYjNmqfyLad4|268867035|3J48nQyU4G6qitwTCwe22LPCwHNv57occd,wallet|transaction|wallet,|0.346935|0.385164,|0.346935|0.385164,||0.0831259
13pdSX4fZEE6JjG3ScHaCtm86BC81HwQsx,2,wallet,17wJk7DM4gzLLv115Gv1xtbA4pcgAMNY7f,False,True,3,13pdSX4fZEE6JjG3ScHaCtm86BC81HwQsx|248889354|17wJk7DM4gzLLv115Gv1xtbA4pcgAMNY7f,wallet|transaction|wallet,|0.351512|0.385071,|0.351512|0.385071,||0.334873
13rLnA6RGwRuTvkwLMHqHd9KeD11Ay4d1V,2,wallet,1Nqwfa6TrWEs3Xi1NmZNRKPsHvo1F7RsHQ,False,True,3,13rLnA6RGwRuTvkwLMHqHd9KeD11Ay4d1V|372688009|1Nqwfa6TrWEs3Xi1NmZNRKPsHvo1F7RsHQ,wallet|transaction|wallet,|0.351243|0.385093,|0.351243|0.385093,||0.326791
13rMCvQCqemL662UpCTUye5DGpFd3xkP9q,2,wallet,1Q9qrxvpbPgDCbJuxQXPVQrRG4pN6zD8W1,False,True,3,13rMCvQCqemL662UpCTUye5DGpFd3xkP9q|372690570|1Q9qrxvpbPgDCbJuxQXPVQrRG4pN6zD8W1,wallet|transaction|wallet,|0.351353|0.385092,|0.351353|0.385092,||0.31595
13sUDtNdkdZ9yDrjzsjsbB7YvdeUmpad4s,2,wallet,3Fr1H62NuXsEXFcvi9GTmfhKVvA2ec5cf7,False,True,3,13sUDtNdkdZ9yDrjzsjsbB7YvdeUmpad4s|130377008|3Fr1H62NuXsEXFcvi9GTmfhKVvA2ec5cf7,wallet|transaction|wallet,|0.340671|0.385192,|0.340671|0.192596,||-0.154493
13trBMdWruprvWHdnjuUKRgbpaJNzvCcNF,2,wallet,37eLhmL47dJEnKQdfyqUn4RzcD2r75X8zB,False,True,3,13trBMdWruprvWHdnjuUKRgbpaJNzvCcNF|30165216|37eLhmL47dJEnKQdfyqUn4RzcD2r75X8zB,wallet|transaction|wallet,|0.0365926|0.38565,|0.0365926|0.38565,||-0.509381
13uLRvvnHAffXN3w9GJyMRTpyW3BDKWnaT,2,wallet,1GEFpVA3UuXmXfEZNTs6L5kzCFHPHo4v6P,False,True,3,13uLRvvnHAffXN3w9GJyMRTpyW3BDKWnaT|390045476|1GEFpVA3UuXmXfEZNTs6L5kzCFHPHo4v6P,wallet|transaction|wallet,|0.351413|0.385062,|0.351413|0.385062,||0.3378
13uWS2mUm5GbybQnjPrUp9HaTDdwCnEx33,2,wallet,15fSfdSNBrZhHDCDyu5iHAshXnxtPp3mBd,False,True,3,13uWS2mUm5GbybQnjPrUp9HaTDdwCnEx33|100075806|15fSfdSNBrZhHDCDyu5iHAshXnxtPp3mBd,wallet|transaction|wallet,|0.351331|0.385083,|0.351331|0.385083,||0.332714
13v7j2FdoJo5hHvSnf3BqPYwV35FkockN2,2,wallet,3BLyNUTMmg4kJUM1geHqgGpiUHKPjCKTdy,False,True,3,13v7j2FdoJo5hHvSnf3BqPYwV35FkockN2|332330444|3BLyNUTMmg4kJUM1geHqgGpiUHKPjCKTdy,wallet|transaction|wallet,|0.348436|0.38513,|0.348436|0.38513,||0.185618
13vYdngnDCUNAcu7PtJdbKwzAdy9Ls4VD1,2,wallet,1ETGQ1uBThN9ZCFRBpYV2U6QkmXJbwzWcJ,False,True,3,13vYdngnDCUNAcu7PtJdbKwzAdy9Ls4VD1|335858227|1ETGQ1uBThN9ZCFRBpYV2U6QkmXJbwzWcJ,wallet|transaction|wallet,|0.351195|0.385108,|0.351195|0.385108,||0.296098
13wNmsdwcUT5D9zhcA1fFYfgA5oUpM4Zw6,2,wallet,3DJi5YziqGMx2KTxiSsAxUDqq2SmQNq3zY,False,True,3,13wNmsdwcUT5D9zhcA1fFYfgA5oUpM4Zw6|22204803|3DJi5YziqGMx2KTxiSsAxUDqq2SmQNq3zY,wallet|transaction|wallet,|0.108892|0.385668,|0.108892|0.192834,||-0.241298
13wtHzS3xQfLY11MGKadfL3pnDWiGAqU6H,2,wallet,354nJAzZaw3CGbqNtNEPPh7w9WZvCgxark,False,True,3,13wtHzS3xQfLY11MGKadfL3pnDWiGAqU6H|268861287|354nJAzZaw3CGbqNtNEPPh7w9WZvCgxark,wallet|transaction|wallet,|0.345485|0.38517,|0.345485|0.38517,||0.00797755
141feopWQWgcdiCML128zyNw9uKCrtsn3C,2,wallet,3BLyNUTMmg4kJUM1geHqgGpiUHKPjCKTdy,False,True,3,141feopWQWgcdiCML128zyNw9uKCrtsn3C|332330444|3BLyNUTMmg4kJUM1geHqgGpiUHKPjCKTdy,wallet|transaction|wallet,|0.348436|0.38513,|0.348436|0.38513,||0.185618
143wjL39Zx2ENMnjQkFtE7dp33cvuJQVE5,2,wallet,35KurQjk7Asa4go4tGMdS9f3PnkixjFx5v,False,True,3,143wjL39Zx2ENMnjQkFtE7dp33cvuJQVE5|247774814|35KurQjk7Asa4go4tGMdS9f3PnkixjFx5v,wallet|transaction|wallet,|0.283699|0.385444,|0.283699|0.096361,||-0.10771
14A45agMAvsLwKuL7VCp63PFEE7RkBvsFT,2,wallet,1HrTsNpwdAUJYQUrbYcT3dPCRnKTaaZ3ap,False,True,3,14A45agMAvsLwKuL7VCp63PFEE7RkBvsFT|97009610|1HrTsNpwdAUJYQUrbYcT3dPCRnKTaaZ3ap,wallet|transaction|wallet,|0.33598|0.385363,|0.33598|0.385363,||-0.104025
14BMwudyCf9sbgzzVsLDfKEYAbmWAfKuyk,2,wallet,3JZXwKuGCr5pJcCAgjqqrcRKkBSqQS6Ncg,False,True,3,14BMwudyCf9sbgzzVsLDfKEYAbmWAfKuyk|46862458|3JZXwKuGCr5pJcCAgjqqrcRKkBSqQS6Ncg,wallet|transaction|wallet,|0.1838|0.38557,|0.1838|0.38557,||-0.484291
14D2pPnYSHccrgMyS66v328CY4244Bu7uK,2,wallet,38X4LyzPrZ4RwXgFMfb6f8gS4eWWdyhRUQ,False,True,3,14D2pPnYSHccrgMyS66v328CY4244Bu7uK|272096174|38X4LyzPrZ4RwXgFMfb6f8gS4eWWdyhRUQ,wallet|transaction|wallet,|0.30917|0.385257,|0.30917|0.0963142,||-0.123192
14DNSdavaUf8qysjfpKFehMXj2nj1dmctL,2,wallet,18zE7XrZ8svofn2Rg1QM32JNUV2PBwi4Vy,False,True,3,14DNSdavaUf8qysjfpKFehMXj2nj1dmctL|92631357|18zE7XrZ8svofn2Rg1QM32JNUV2PBwi4Vy,wallet|transaction|wallet,|0.347562|0.385217,|0.347562|0.385217,||0.187102
14F2Jo3wmPSCg4hCV2CfgJ42P5LYebyg6F,2,wallet,3M3Wp24aJ5KSsB6ToKTVRx4f6L5CACwrGH,False,True,3,14F2Jo3wmPSCg4hCV2CfgJ42P5LYebyg6F|372682840|3M3Wp24aJ5KSsB6ToKTVRx4f6L5CACwrGH,wallet|transaction|wallet,|0.348047|0.385134,|0.348047|0.192567,||0.0605614
14Gvvz8kYM5edxBV1Qyym7WhpMaka4whn5,2,wallet,367YrEdD3bWF9r34dGE5zoGbGqn6bfXSZF,False,True,3,14Gvvz8kYM5edxBV1Qyym7WhpMaka4whn5|85005003|367YrEdD3bWF9r34dGE5zoGbGqn6bfXSZF,wallet|transaction|wallet,|0.303017|0.385263,|0.303017|0.192631,||-0.225
14HvJYCc9R5bnRyn1dknWYwowSGfFqkxWg,2,wallet,39mSFHL1f1Hj2Fg8L46r6e14xBUud6rB8K,False,True,3,14HvJYCc9R5bnRyn1dknWYwowSGfFqkxWg|332563581|39mSFHL1f1Hj2Fg8L46r6e14xBUud6rB8K,wallet|transaction|wallet,|0.35014|0.385131,|0.35014|0.192565,||0.116159
14KDiUsnRZ3ymPonMwpHLB4WryUYVAZjgF,2,wallet,3CYQR53n8CxDRZMNtkt1AGo8mCByMxuCXq,False,True,3,14KDiUsnRZ3ymPonMwpHLB4WryUYVAZjgF|268856573|3CYQR53n8CxDRZMNtkt1AGo8mCByMxuCXq,wallet|transaction|wallet,|0.344833|0.385174,|0.344833|0.385174,||-0.025371
14LUkqfnHn7QK6THosmTjhymMPGA4nZ5Uq,2,wallet,1gfXxPddiWeY2R2or7DS8Gp5sCk19fjAU,False,True,3,14LUkqfnHn7QK6THosmTjhymMPGA4nZ5Uq|269105344|1gfXxPddiWeY2R2or7DS8Gp5sCk19fjAU,wallet|transaction|wallet,|0.351007|0.385119,|0.351007|0.385119,||0.29165
14SWuu6KRrDvNEp5AxnBm3g6f8QS1FaZJG,2,wallet,15B7kFQ5nGS9X9hv63Pcz9RRSz9AUpi6br,False,True,3,14SWuu6KRrDvNEp5AxnBm3g6f8QS1FaZJG|269584820|15B7kFQ5nGS9X9hv63Pcz9RRSz9AUpi6br,wallet|transaction|wallet,|0.350506|0.385125,|0.350506|0.385125,||0.295286
14WKSHZdqqBmewn8nK8okXYkeK3eZu4cDg,2,wallet,13rD6M1EKjqyGJRqHtjX2YnDGyqFaYLj86,False,True,3,14WKSHZdqqBmewn8nK8okXYkeK3eZu4cDg|234181138|13rD6M1EKjqyGJRqHtjX2YnDGyqFaYLj86,wallet|transaction|wallet,|0.346764|0.385028,|0.346764|0.385028,||0.117489
14Z7URhz2LfjGhRrrWJ4FJ3fJkW6y2B8Ji,2,wallet,3FDjStiviqr5TX9CcsH19eBTatavfFBV9R,False,True,3,14Z7URhz2LfjGhRrrWJ4FJ3fJkW6y2B8Ji|84372992|3FDjStiviqr5TX9CcsH19eBTatavfFBV9R,wallet|transaction|wallet,|0.346511|0.385171,|0.346511|0.192586,||-0.0233072
14cqgCTzFCkqCvuAtYVRLouafL2rWfmH8x,2,wallet,37vy4kn1eMvtmUJ4LX4ihPqY1ZsqYcom2X,False,True,3,14cqgCTzFCkqCvuAtYVRLouafL2rWfmH8x|268849739|37vy4kn1eMvtmUJ4LX4ihPqY1ZsqYcom2X,wallet|transaction|wallet,|0.346096|0.385164,|0.346096|0.192582,||0.0223145
14fBp5tzRjo85FEKPvnESrSq8GYvQvmGmb,2,wallet,38EYLMdPwKuVSQjYJqcAepoopyb5wGbM91,False,True,3,14fBp5tzRjo85FEKPvnESrSq8GYvQvmGmb|97457576|38EYLMdPwKuVSQjYJqcAepoopyb5wGbM91,wallet|transaction|wallet,|0.344283|0.385174,|0.344283|0.385174,||-0.0547261
14jKgsQDDSgkojTUrgoSgpcJqZf6bQyvMA,2,wallet,3GVkczRPqFnbDiZWuYZGBk3tawfL9ZUeRU,False,True,3,14jKgsQDDSgkojTUrgoSgpcJqZf6bQyvMA|372682766|3GVkczRPqFnbDiZWuYZGBk3tawfL9ZUeRU,wallet|transaction|wallet,|0.347195|0.38514,|0.347195|0.19257,||0.0430132
14korkmAU46dguJQxeUko2ZPNYBZFN4UeH,2,wallet,3LT7YtppGZuB55EHubikYytHdjBbGvWhuL,False,True,3,14korkmAU46dguJQxeUko2ZPNYBZFN4UeH|53782276|3LT7YtppGZuB55EHubikYytHdjBbGvWhuL,wallet|transaction|wallet,|0.259595|0.385422,|0.259595|0.192711,||-0.297488
14nNWt7dQ8PtSAxRLpTzdJiJ4gPuXDsBdi,2,wallet,3Gt3DqohjE3YUnZ58u4BoQRTxwoBtTZSGC,False,True,3,14nNWt7dQ8PtSAxRLpTzdJiJ4gPuXDsBdi|116442078|3Gt3DqohjE3YUnZ58u4BoQRTxwoBtTZSGC,wallet|transaction|wallet,|0.123149|0.385554,|0.123149|0.385554,||-0.508202
14tg1SRvtNnh2bzKeHVd4hn6TeoLsq4NVb,2,wallet,1MRYrjPEDV2MMfYYwYuL1uEYB8SC7jgkG7,False,True,3,14tg1SRvtNnh2bzKeHVd4hn6TeoLsq4NVb|30179358|1MRYrjPEDV2MMfYYwYuL1uEYB8SC7jgkG7,wallet|transaction|wallet,|0.345985|0.385264,|0.345985|0.385264,||0.117088
14wn6vb7jQ4s6BFnAFVYmk5CCGmPXqXynT,2,wallet,3HpLMNiZiVDENKTvUzADfwKdk2AZbpB59T,False,True,3,14wn6vb7jQ4s6BFnAFVYmk5CCGmPXqXynT|84354631|3HpLMNiZiVDENKTvUzADfwKdk2AZbpB59T,wallet|transaction|wallet,|0.342323|0.385215,|0.342323|0.385215,||-0.0875968
14xrgmKo8aRTWSx67SMbDXC7j1V37r9UVt,2,wallet,3MLQ7vy59DBF7zf8rcFiJPWddABL7RFg8g,False,True,3,14xrgmKo8aRTWSx67SMbDXC7j1V37r9UVt|312228916|3MLQ7vy59DBF7zf8rcFiJPWddABL7RFg8g,wallet|transaction|wallet,|0.346445|0.385143,|0.346445|0.385143,||0.0124634
151XjgdPXrq7q1Hka2xgKEnsUnEqcrGW6p,2,wallet,1FP5MzNddgvi2HYYsPceAcupR2cT9zdSHq,False,True,3,151XjgdPXrq7q1Hka2xgKEnsUnEqcrGW6p|54700839|1FP5MzNddgvi2HYYsPceAcupR2cT9zdSHq,wallet|transaction|wallet,|0.0988017|0.385376,|0.0988017|0.385376,||-0.44666
156KnmJAR8zoNFur76PLNMWEHCGeiq8sec,2,wallet,31iZopYrA7fP9NqdVnSZ6xRzmVfhiS6fuD,False,True,3,156KnmJAR8zoNFur76PLNMWEHCGeiq8sec|165594204|31iZopYrA7fP9NqdVnSZ6xRzmVfhiS6fuD,wallet|transaction|wallet,|0.34773|0.385164,|0.34773|0.128388,||-0.038238
158W92YqUUwW54RAyVHNB9koaVkJ1TTCmi,2,wallet,16ECuRD6zkYStkwMwhDarbrUgFwbhCsNk7,False,True,3,158W92YqUUwW54RAyVHNB9koaVkJ1TTCmi|305080357|16ECuRD6zkYStkwMwhDarbrUgFwbhCsNk7,wallet|transaction|wallet,|0.350417|0.385097,|0.350417|0.385097,||0.23552
15CwCzUbEwu75vbGCPF991QYGaU6jcmH8C,2,wallet,3CuS6iwLFPtCWLAzZzLBQbmXuyySEXKgyB,False,True,3,15CwCzUbEwu75vbGCPF991QYGaU6jcmH8C|249970724|3CuS6iwLFPtCWLAzZzLBQbmXuyySEXKgyB,wallet|transaction|wallet,|0.20512|0.385452,|0.20512|0.0550645,||-0.000168447
15FMAQBCxynQadYeX3isG4em77zxMvrcgA,2,wallet,3NeBmKtVT2kSp5KJgvWeWDCTA8YAniCXGv,False,True,3,15FMAQBCxynQadYeX3isG4em77zxMvrcgA|84375106|3NeBmKtVT2kSp5KJgvWeWDCTA8YAniCXGv,wallet|transaction|wallet,|0.340731|0.385205,|0.340731|0.385205,||-0.113143
15Javmn5ANijQTBf5rTfkaW49jaeRPumoK,2,wallet,34K7QoYcSUZyE5gJfkzZKRih8qnu2n1zL4,False,True,3,15Javmn5ANijQTBf5rTfkaW49jaeRPumoK|311608482|34K7QoYcSUZyE5gJfkzZKRih8qnu2n1zL4,wallet|transaction|wallet,|0.349399|0.385132,|0.349399|0.192566,||0.0536818
15M8cfg6ut8g3ELSesCgLK1bB9QR6yeBiV,2,wallet,3B8ciXmRUt8mS5kPKe9GibnhEG8hs2GXsq,False,True,3,15M8cfg6ut8g3ELSesCgLK1bB9QR6yeBiV|268861802|3B8ciXmRUt8mS5kPKe9GibnhEG8hs2GXsq,wallet|transaction|wallet,|0.340632|0.385185,|0.340632|0.385185,||-0.106061
15NUyxpaD3NtccY551nn25qog7i3HNWLPF,2,wallet,1Atr2GT9BEiurnyhPNnodk9Gnn8MQhVxrb,False,True,3,15NUyxpaD3NtccY551nn25qog7i3HNWLPF|331539586|1Atr2GT9BEiurnyhPNnodk9Gnn8MQhVxrb,wallet|transaction|wallet,|0.351333|0.3851,|0.351333|0.3851,||0.309685
15QucPTAwbKutMpcBDoWti4UpWnLeUB98L,2,wallet,18dWdBKaCpjtGtndQ497arDLXUWLXD1T2m,False,True,3,15QucPTAwbKutMpcBDoWti4UpWnLeUB98L|12780353|18dWdBKaCpjtGtndQ497arDLXUWLXD1T2m,wallet|transaction|wallet,|0.154083|0.0606075,|0.154083|0.0303037,||0.0265069
15RThMZwaUvYUBUZaezujBfzuxcjfASYPB,2,wallet,34iAa1QVsMGPauZi4RzgHSJWjjWezUh3Z3,False,True,3,15RThMZwaUvYUBUZaezujBfzuxcjfASYPB|312091759|34iAa1QVsMGPauZi4RzgHSJWjjWezUh3Z3,wallet|transaction|wallet,|0.349011|0.38514,|0.349011|0.19257,||0.0631871
15TWsFFHuq2HPVjkmQEpWE9CHbNZr3ZSNk,2,wallet,31iZopYrA7fP9NqdVnSZ6xRzmVfhiS6fuD,False,True,3,15TWsFFHuq2HPVjkmQEpWE9CHbNZr3ZSNk|165594204|31iZopYrA7fP9NqdVnSZ6xRzmVfhiS6fuD,wallet|transaction|wallet,|0.34773|0.385164,|0.34773|0.128388,||-0.038238
15TXyoBeeeirMyt7eyPrbdPDbKuq5ZZQ3C,2,wallet,1FKT2v7z72hXm3JtJcBjuUEgbSkux6DJoq,False,True,3,15TXyoBeeeirMyt7eyPrbdPDbKuq5ZZQ3C|96938193|1FKT2v7z72hXm3JtJcBjuUEgbSkux6DJoq,wallet|transaction|wallet,|0.321056|0.401285,|0.321056|0.200642,||0.186397
15Up4Mqap1LVGiSgwqHW9wZYUTpGD2HVBK,2,wallet,1GaCKGEVxJRbCsQZS7r9L3wHUJr9c6u9Bv,False,True,3,15Up4Mqap1LVGiSgwqHW9wZYUTpGD2HVBK|272481944|1GaCKGEVxJRbCsQZS7r9L3wHUJr9c6u9Bv,wallet|transaction|wallet,|0.350661|0.385116,|0.350661|0.385116,||0.302216
15XnFwwXn5hFSoDtuRDQiEzqi8ZV4ruyM5,2,wallet,3ADRctaMtznbrjae9kUWUyKSEg7e5GmpiY,False,True,3,15XnFwwXn5hFSoDtuRDQiEzqi8ZV4ruyM5|100074714|3ADRctaMtznbrjae9kUWUyKSEg7e5GmpiY,wallet|transaction|wallet,|0.34955|0.385103,|0.34955|0.192551,||0.0918639
15XryLQoUZaR8faF629rYjg9thHVRF3RRJ,2,wallet,3QdpY1oVe5BPSy9w4B1qRnZVKRWTD4EXVh,False,True,3,15XryLQoUZaR8faF629rYjg9thHVRF3RRJ|10864015|3QdpY1oVe5BPSy9w4B1qRnZVKRWTD4EXVh,wallet|transaction|wallet,|0.295491|0.385292,|0.295491|0.0963229,||-0.138253
15dtKtxmyANac1uuspy7vnJhFC9HZdHzpV,2,wallet,1GLYM5EjTWMzQJKMggmTNf92nmZ9ShtxA1,False,True,3,15dtKtxmyANac1uuspy7vnJhFC9HZdHzpV|105881091|1GLYM5EjTWMzQJKMggmTNf92nmZ9ShtxA1,wallet|transaction|wallet,|0.337697|0.385356,|0.337697|0.192678,||-0.0643018
15dvPHV86hstLfo3WmQuF9CW4tuusxFCKu,2,wallet,36XCkQ8GcAU3FkbcJJt5C86CqqHKcA1XGu,False,True,3,15dvPHV86hstLfo3WmQuF9CW4tuusxFCKu|156195659|36XCkQ8GcAU3FkbcJJt5C86CqqHKcA1XGu,wallet|transaction|wallet,|0.346721|0.385163,|0.346721|0.385163,||0.0644738
15gC5hn2xAWenJLugcjRpEkdYPjHjNnQgh,2,wallet,1BafUwjBjhxDkyEkpbexyQ18VpxUsXHqVR,False,True,3,15gC5hn2xAWenJLugcjRpEkdYPjHjNnQgh|191247960|1BafUwjBjhxDkyEkpbexyQ18VpxUsXHqVR,wallet|transaction|wallet,|0.242373|0.38501,|0.242373|0.38501,||-0.436678
15kRWVagxpKLdwYtGAsfbN82z5rp6EAePE,2,wallet,3NVzXgRYdqLgP6DPR1WiQ8G2t1mnHMzwWK,False,True,3,15kRWVagxpKLdwYtGAsfbN82z5rp6EAePE|105603035|3NVzXgRYdqLgP6DPR1WiQ8G2t1mnHMzwWK,wallet|transaction|wallet,|0.16477|0.385523,|0.16477|0.385523,||-0.439771
15mCsrnUkDdwAWuVGdN9BvisgsEVHfvYdQ,2,wallet,19RmGmMwSW6LfEi8MsJoWxvBkgEVHruDdM,False,True,3,15mCsrnUkDdwAWuVGdN9BvisgsEVHfvYdQ|95601913|19RmGmMwSW6LfEi8MsJoWxvBkgEVHruDdM,wallet|transaction|wallet,|0.347056|0.385233,|0.347056|0.385233,||0.135398
15oqhucSfDh6tHShikGxoeNjDbg12GqsDF,2,wallet,1AKKK5kV6QEeX53hQj8UjzhNH4YerKGLeR,False,True,3,15oqhucSfDh6tHShikGxoeNjDbg12GqsDF|92621783|1AKKK5kV6QEeX53hQj8UjzhNH4YerKGLeR,wallet|transaction|wallet,|0.347786|0.385217,|0.347786|0.385217,||0.18644
15ycsC7UpvfSU4VttmNZjKi2yHQ49Qf15Q,2,wallet,18WTrBqYfHZhJMnQPxajgXHCZZeajocwgz,False,True,3,15ycsC7UpvfSU4VttmNZjKi2yHQ49Qf15Q|113844937|18WTrBqYfHZhJMnQPxajgXHCZZeajocwgz,wallet|transaction|wallet,|0.351352|0.385087,|0.351352|0.385087,||0.32637
15ymh2rm9QBHsRoitKUtSwKfWC4kYFMG1s,2,wallet,1HUPom2XCx8VKZEPGYgirmLSiYSxQhut9R,False,True,3,15ymh2rm9QBHsRoitKUtSwKfWC4kYFMG1s|99677329|1HUPom2XCx8VKZEPGYgirmLSiYSxQhut9R,wallet|transaction|wallet,|0.351472|0.385088,|0.351472|0.192544,||0.00287747
15zVt1RHEqY7mab2uEY9zzcvhgLy8bnGem,2,wallet,1NVBEsMQ1f7vssDw49aHNbiX2UugKGhxeJ,False,True,3,15zVt1RHEqY7mab2uEY9zzcvhgLy8bnGem|269034952|1NVBEsMQ1f7vssDw49aHNbiX2UugKGhxeJ,wallet|transaction|wallet,|0.350047|0.385143,|0.350047|0.128381,||0.0825105
15zziB545BcQEfsTWVpGpcr1hPj6G2GsEZ,2,wallet,1Kkh3pPHSKzjKqamg5tSXkzaAHbueCtyXW,False,True,3,15zziB545BcQEfsTWVpGpcr1hPj6G2GsEZ|331497168|1Kkh3pPHSKzjKqamg5tSXkzaAHbueCtyXW,wallet|transaction|wallet,|0.351067|0.3851,|0.351067|0.3851,||0.321636
165ec86X7CoLpuTBD48shJC4iUb31ePwdM,2,wallet,1Y9Yx28wHJ9eLY9aR5QzYH5JPtDjgWUfT,False,True,3,165ec86X7CoLpuTBD48shJC4iUb31ePwdM|378060826|1Y9Yx28wHJ9eLY9aR5QzYH5JPtDjgWUfT,wallet|transaction|wallet,|0.348906|0.385104,|0.348906|0.385104,||0.0970033
166JEnKwzACd9czWjezQxWvfcMVKkckpHe,2,wallet,3MFgnzT5jgzABC67f73Zb5DL8dJfLCerYu,False,True,3,166JEnKwzACd9czWjezQxWvfcMVKkckpHe|268865654|3MFgnzT5jgzABC67f73Zb5DL8dJfLCerYu,wallet|transaction|wallet,|0.345793|0.385159,|0.345793|0.192579,||-0.0434446
16BGv2aadHyZYbdnUd89RgpnVyfYJKuKgo,2,wallet,3BZwsuFaejXa87mg3yfMkdUpZ3GZtxkLue,False,True,3,16BGv2aadHyZYbdnUd89RgpnVyfYJKuKgo|32754708|3BZwsuFaejXa87mg3yfMkdUpZ3GZtxkLue,wallet|transaction|wallet,|0.303033|0.385285,|0.303033|0.077057,||-0.0987963
16BvqYBiA7jc6pGou3wcZNLUWw2e9AQz3N,2,wallet,3Gt3DqohjE3YUnZ58u4BoQRTxwoBtTZSGC,False,True,3,16BvqYBiA7jc6pGou3wcZNLUWw2e9AQz3N|116442078|3Gt3DqohjE3YUnZ58u4BoQRTxwoBtTZSGC,wallet|transaction|wallet,|0.123149|0.385554,|0.123149|0.385554,||-0.508202
16JkzxJt6donL7HgSip1N3Qe7sWPyPuUei,2,wallet,14dFNzhXT5CENxCUthUHXzBqXuG9ReZT7x,False,True,3,16JkzxJt6donL7HgSip1N3Qe7sWPyPuUei|266111977|14dFNzhXT5CENxCUthUHXzBqXuG9ReZT7x,wallet|transaction|wallet,|0.304326|0.385217,|0.304326|0.385217,||-0.443245
16MsDB4hEJGabYmqkWbNoSSz9V2VRtHLyZ,2,wallet,1L9pd8iebANDk8Ypmn3cqDamFxjgUmjis9,False,True,3,16MsDB4hEJGabYmqkWbNoSSz9V2VRtHLyZ|51018430|1L9pd8iebANDk8Ypmn3cqDamFxjgUmjis9,wallet|transaction|wallet,|0.350564|0.385096,|0.0701128|0.192548,||-0.0114231
16PXkAiXnbVzR8pykGPaicQ5N11j6aGwKk,2,wallet,1Hpd9GRm47nSHCj6QxxWNHuTQ2EEmtJMjp,False,True,3,16PXkAiXnbVzR8pykGPaicQ5N11j6aGwKk|148784265|1Hpd9GRm47nSHCj6QxxWNHuTQ2EEmtJMjp,wallet|transaction|wallet,|0.332788|0.385346,|0.332788|0.385346,||-0.17872
16QXzShAHuS8ycdW5Z19aKAWst1HY2VhCQ,2,wallet,3FWnLwy8tUGTrNhP1jCgsSq8wnKkWSWRCr,False,True,3,16QXzShAHuS8ycdW5Z19aKAWst1HY2VhCQ|70047035|3FWnLwy8tUGTrNhP1jCgsSq8wnKkWSWRCr,wallet|transaction|wallet,|0.0509114|0.385632,|0.0509114|0.385632,||-0.506069
16WUfFamZ5QgeRXWjGJQUseVAdynKzCRVR,2,wallet,37eLhmL47dJEnKQdfyqUn4RzcD2r75X8zB,False,True,3,16WUfFamZ5QgeRXWjGJQUseVAdynKzCRVR|30165216|37eLhmL47dJEnKQdfyqUn4RzcD2r75X8zB,wallet|transaction|wallet,|0.0365926|0.38565,|0.0365926|0.38565,||-0.509381
16Wf5njeJHKAQgF6CSwV8KsHGXADc4TBZw,2,wallet,3EuHoJxzhZjnq1jxSdhdDT1m8CgQxnaRJp,False,True,3,16Wf5njeJHKAQgF6CSwV8KsHGXADc4TBZw|151823513|3EuHoJxzhZjnq1jxSdhdDT1m8CgQxnaRJp,wallet|transaction|wallet,|0.344547|0.385181,|0.344547|0.128394,||-0.0794006
16Za6ctHz7gG1m2fQYJ3cCmtkGkqj5XBup,2,wallet,14JjdXj8CXcvh2GHc8XWhESPkW2mdFGqpn,False,True,3,16Za6ctHz7gG1m2fQYJ3cCmtkGkqj5XBup|190005878|14JjdXj8CXcvh2GHc8XWhESPkW2mdFGqpn,wallet|transaction|wallet,|0.0379034|0.404205,|0.0379034|0.202102,||-0.0769561
16c3KHbWi9MwwxJZ5xP2k4iGipNMWC7s65,2,wallet,15Fg1um6STzipAFNpix89KYw6GifzU8Ura,False,True,3,16c3KHbWi9MwwxJZ5xP2k4iGipNMWC7s65|234169863|15Fg1um6STzipAFNpix89KYw6GifzU8Ura,wallet|transaction|wallet,|0.237443|0.208465,|0.118721|0.104232,||0.0999486
16dfSaTjKbaQc1wveKRJcaLoZ6sJA1H3or,2,wallet,3NeBmKtVT2kSp5KJgvWeWDCTA8YAniCXGv,False,True,3,16dfSaTjKbaQc1wveKRJcaLoZ6sJA1H3or|84375106|3NeBmKtVT2kSp5KJgvWeWDCTA8YAniCXGv,wallet|transaction|wallet,|0.340731|0.385205,|0.340731|0.385205,||-0.113143
16eWqgH1K9yUYKduhsMn9SMYWr94CEkYDn,2,wallet,1FfzsHYGvkX8C3bovYDS8pHDZMR5RwrWGG,False,True,3,16eWqgH1K9yUYKduhsMn9SMYWr94CEkYDn|355110282|1FfzsHYGvkX8C3bovYDS8pHDZMR5RwrWGG,wallet|transaction|wallet,|0.348602|0.403324,|0.348602|0.403324,||0.43542
16iHKz2wpPwmpYLZ3AfbnivG4t8Fvh9dTr,2,wallet,19D3t131tDiyKZs2LAKKDyhnPWpN6Yfy4i,False,True,3,16iHKz2wpPwmpYLZ3AfbnivG4t8Fvh9dTr|176536466|19D3t131tDiyKZs2LAKKDyhnPWpN6Yfy4i,wallet|transaction|wallet,|0.347101|0.385218,|0.347101|0.385218,||0.174184
16jVSBKJH6bX7gy679cCeCqNU2u3kTgLbU,2,wallet,3P4qvdk6uzJrUA1BnBputVyWHTHbezBKnK,False,True,3,16jVSBKJH6bX7gy679cCeCqNU2u3kTgLbU|176127022|3P4qvdk6uzJrUA1BnBputVyWHTHbezBKnK,wallet|transaction|wallet,|0.348524|0.385138,|0.348524|0.192569,||-0.0497097
16k5FutyE9k2QznndpUWAaa2GztNGH9EqG,2,wallet,3MFgnzT5jgzABC67f73Zb5DL8dJfLCerYu,False,True,3,16k5FutyE9k2QznndpUWAaa2GztNGH9EqG|268865654|3MFgnzT5jgzABC67f73Zb5DL8dJfLCerYu,wallet|transaction|wallet,|0.345793|0.385159,|0.345793|0.192579,||-0.0434446
16nkjf3j4e2X2Z2rSs9Bp5ZNfdbPCoS64R,2,wallet,16UfHzxYmeM3A3ThD5zZM9X7mFHpTArkQM,False,True,3,16nkjf3j4e2X2Z2rSs9Bp5ZNfdbPCoS64R|372687760|16UfHzxYmeM3A3ThD5zZM9X7mFHpTArkQM,wallet|transaction|wallet,|0.351334|0.385093,|0.351334|0.385093,||0.315581
16zCFjP3tzPRTVg4uN9emXAtZpYecfHiND,2,wallet,34iAa1QVsMGPauZi4RzgHSJWjjWezUh3Z3,False,True,3,16zCFjP3tzPRTVg4uN9emXAtZpYecfHiND|312091759|34iAa1QVsMGPauZi4RzgHSJWjjWezUh3Z3,wallet|transaction|wallet,|0.349011|0.38514,|0.349011|0.19257,||0.0631871
171Fr28uhga72xyRSZ7SbEuJvj4Bar2b3f,2,wallet,3FZK7cfs1iRVW8PT7zofap94HRKr4Tb6br,False,True,3,171Fr28uhga72xyRSZ7SbEuJvj4Bar2b3f|207150123|3FZK7cfs1iRVW8PT7zofap94HRKr4Tb6br,wallet|transaction|wallet,|0.212059|0.385492,|0.212059|0.192746,||-0.346986
173nBhuxZ7HvsNZwx4BJv1HN3XtcxeHQmW,2,wallet,3DDeXJHT1r6ZsrdhePjoqSpS38g6umcudk,False,True,3,173nBhuxZ7HvsNZwx4BJv1HN3XtcxeHQmW|52295340|3DDeXJHT1r6ZsrdhePjoqSpS38g6umcudk,wallet|transaction|wallet,|0.262922|0.385512,|0.262922|0.385512,||-0.407633
175a2tJ1dMNVkQyz8DXEK7raJBQdRDPwFC,2,wallet,3Hy3ry9PeLEUqWfCAJHKPKFw87H1WdCJzW,False,True,3,175a2tJ1dMNVkQyz8DXEK7raJBQdRDPwFC|268856987|3Hy3ry9PeLEUqWfCAJHKPKFw87H1WdCJzW,wallet|transaction|wallet,|0.342411|0.385185,|0.342411|0.192592,||-0.0100266
177tn2ibvpxYqJufPNuZuGoB5SThPDc1z,2,wallet,1EFbYDVC6Exw5RNwUxdH558j3fT8sdZyKk,False,True,3,177tn2ibvpxYqJufPNuZuGoB5SThPDc1z|248888577|1EFbYDVC6Exw5RNwUxdH558j3fT8sdZyKk,wallet|transaction|wallet,|0.351649|0.385074,|0.351649|0.385074,||0.305502
178boHbuM2cmYwsDUn6mPbnzc2RYah15nW,2,wallet,1Q4oGNAaeEcM6UpantSE6xxxiuj8pZTDu6,False,True,3,178boHbuM2cmYwsDUn6mPbnzc2RYah15nW|65263113|1Q4oGNAaeEcM6UpantSE6xxxiuj8pZTDu6,wallet|transaction|wallet,|0.188306|0.38524,|0.188306|0.38524,||-0.408558
179Yy9135STLZY3yHzcYTRrgMEh6dW5cbc,2,wallet,3FWnLwy8tUGTrNhP1jCgsSq8wnKkWSWRCr,False,True,3,179Yy9135STLZY3yHzcYTRrgMEh6dW5cbc|70047035|3FWnLwy8tUGTrNhP1jCgsSq8wnKkWSWRCr,wallet|transaction|wallet,|0.0509114|0.385632,|0.0509114|0.385632,||-0.506069
17AF2eZG6G1FUor77J6hgvww1ind8WGLze,2,wallet,1KK9bqcaNd4kocVZtgZnrxKa51hVK7yhdh,False,True,3,17AF2eZG6G1FUor77J6hgvww1ind8WGLze|268916245|1KK9bqcaNd4kocVZtgZnrxKa51hVK7yhdh,wallet|transaction|wallet,|0.350603|0.385122,|0.350603|0.385122,||0.293842
17Cj2cC895nXTYPeNZTippwMS9Ep4FCXTH,2,wallet,16tVXsrGnZ41AtSeitjf2JxBsRnFp4tJwg,False,True,3,17Cj2cC895nXTYPeNZTippwMS9Ep4FCXTH|105990534|16tVXsrGnZ41AtSeitjf2JxBsRnFp4tJwg,wallet|transaction|wallet,|0.350189|0.385193,|0.350189|0.192597,||0.0911838
17EVB3ax3YDyFWNExbMUc1rpKhzuLU9fn7,2,wallet,36K81v78bowmpwACuWFzCWWoiJJJfjnSmE,False,True,3,17EVB3ax3YDyFWNExbMUc1rpKhzuLU9fn7|312221897|36K81v78bowmpwACuWFzCWWoiJJJfjnSmE,wallet|transaction|wallet,|0.318497|0.385219,|0.318497|0.0963048,||-0.0783523
17J3gKjz9HuzHhL2WAY6usgVQ2M49evdQ5,2,wallet,3Dg8M73bmUwST46rJDrFD3cqx1EU16isDL,False,True,3,17J3gKjz9HuzHhL2WAY6usgVQ2M49evdQ5|372683044|3Dg8M73bmUwST46rJDrFD3cqx1EU16isDL,wallet|transaction|wallet,|0.348035|0.385134,|0.348035|0.192567,||-0.0551794
17MRSHbjbJFMe1DQEPvFDQfau9UJbDBex5,2,wallet,1QGXSA1q3EY5wDkUaxttPQ8A5p2upM79zA,False,True,3,17MRSHbjbJFMe1DQEPvFDQfau9UJbDBex5|339057200|1QGXSA1q3EY5wDkUaxttPQ8A5p2upM79zA,wallet|transaction|wallet,|0.34968|0.385036,|0.34968|0.385036,||0.24239
17MrmTtxYKLKVaHRmN2HrfdyPUKzoxgoAH,2,wallet,1E3JNa5kApdE7u2PXoy5iarRxJg86UnSMZ,False,True,3,17MrmTtxYKLKVaHRmN2HrfdyPUKzoxgoAH|331612533|1E3JNa5kApdE7u2PXoy5iarRxJg86UnSMZ,wallet|transaction|wallet,|0.351262|0.3851,|0.351262|0.3851,||0.313172
17NJi3uHkUQh14UJotyvRghdNwjGrujrty,2,wallet,183ovys1yCLeG5JZLR4LVJbvNumZH5HWPY,False,True,3,17NJi3uHkUQh14UJotyvRghdNwjGrujrty|355110890|183ovys1yCLeG5JZLR4LVJbvNumZH5HWPY,wallet|transaction|wallet,|0.348816|0.385191,|0.348816|0.385191,||0.230948
17PAa5ZXaGS4E8WDSgrowe9abNQ4RJNVnP,2,wallet,1PF1ub5oY6hcha7151mW5NWMGMgNgdg9Bt,False,True,3,17PAa5ZXaGS4E8WDSgrowe9abNQ4RJNVnP|92607818|1PF1ub5oY6hcha7151mW5NWMGMgNgdg9Bt,wallet|transaction|wallet,|0.347757|0.385217,|0.347757|0.385217,||0.186285
17PM71HYkWteFPnp8wYmkWgPVj4Zzi5B5b,2,wallet,38X4LyzPrZ4RwXgFMfb6f8gS4eWWdyhRUQ,False,True,3,17PM71HYkWteFPnp8wYmkWgPVj4Zzi5B5b|272096174|38X4LyzPrZ4RwXgFMfb6f8gS4eWWdyhRUQ,wallet|transaction|wallet,|0.30917|0.385257,|0.30917|0.0963142,||-0.123192
17XRi2o5P9K45vYgPj3UaEhE2VKxukyujt,2,wallet,1DFW2FUfwDHeSR9hv8vUMv131pnXGReuB,False,True,3,17XRi2o5P9K45vYgPj3UaEhE2VKxukyujt|97009383|1DFW2FUfwDHeSR9hv8vUMv131pnXGReuB,wallet|transaction|wallet,|0.340389|0.385336,|0.340389|0.192668,||0
17XYfF5XBShrZncyDkcrE24Drqdxw4HZuM,2,wallet,174keH2SA717UUVaAjQHUn4jR4WLTs2bAP,False,True,3,17XYfF5XBShrZncyDkcrE24Drqdxw4HZuM|368814314|174keH2SA717UUVaAjQHUn4jR4WLTs2bAP,wallet|transaction|wallet,|0.351181|0.385097,|0.351181|0.385097,||0.320893
17XrMXtT6oH3FVAs1aWbmkPx52S6oAeDJd,2,wallet,3FfKvRjCg3Ev3Li5Ly5ybZL2itAn2TCjji,False,True,3,17XrMXtT6oH3FVAs1aWbmkPx52S6oAeDJd|286848744|3FfKvRjCg3Ev3Li5Ly5ybZL2itAn2TCjji,wallet|transaction|wallet,|0.344337|0.385162,|0.344337|0.385162,||-0.0930533
17Ywe1viFpgPGdPnUcsksSJ716ZpCmqMze,2,wallet,3B8ciXmRUt8mS5kPKe9GibnhEG8hs2GXsq,False,True,3,17Ywe1viFpgPGdPnUcsksSJ716ZpCmqMze|268861802|3B8ciXmRUt8mS5kPKe9GibnhEG8hs2GXsq,wallet|transaction|wallet,|0.340632|0.385185,|0.340632|0.385185,||-0.106061
17baN4j7EGH5mhcZeS8us8Lc3hf1XsCHAQ,2,wallet,1LZTCHzD714aXhUUELaWeRbyEfgSeYMZgs,False,True,3,17baN4j7EGH5mhcZeS8us8Lc3hf1XsCHAQ|355110276|1LZTCHzD714aXhUUELaWeRbyEfgSeYMZgs,wallet|transaction|wallet,|0.349328|0.385182,|0.349328|0.385182,||0.239751
17frFF3JnMWsMzh53PWwsvo4GHuTWStomg,2,wallet,3Dg8M73bmUwST46rJDrFD3cqx1EU16isDL,False,True,3,17frFF3JnMWsMzh53PWwsvo4GHuTWStomg|372683044|3Dg8M73bmUwST46rJDrFD3cqx1EU16isDL,wallet|transaction|wallet,|0.348035|0.385134,|0.348035|0.192567,||-0.0551794
17jKdYSeZvcx1G9eX8pBsebeE99XcdPD6,2,wallet,3MLQ7vy59DBF7zf8rcFiJPWddABL7RFg8g,False,True,3,17jKdYSeZvcx1G9eX8pBsebeE99XcdPD6|312228916|3MLQ7vy59DBF7zf8rcFiJPWddABL7RFg8g,wallet|transaction|wallet,|0.346445|0.385143,|0.346445|0.385143,||0.0124634
17kwCE68hcrb3nwYH7QBUYRGs9Zu9Xxdva,2,wallet,3LyqmQP8hTTdLvMg4n6Z3GNEUQ9HKkQ5MH,False,True,3,17kwCE68hcrb3nwYH7QBUYRGs9Zu9Xxdva|268864369|3LyqmQP8hTTdLvMg4n6Z3GNEUQ9HKkQ5MH,wallet|transaction|wallet,|0.346729|0.38517,|0.346729|0.0770339,||-0.0359763
17oKqQikF56BgSk9iRe6cbUAh6oAhnbzE7,2,wallet,3H6BZBboPZPw1MGCP25mKxTYVZPCvXzWee,False,True,3,17oKqQikF56BgSk9iRe6cbUAh6oAhnbzE7|99676600|3H6BZBboPZPw1MGCP25mKxTYVZPCvXzWee,wallet|transaction|wallet,|0.34922|0.385112,|0.34922|0.055016,||-0.000736603
17pztZW7y6iKmvaVEQda6J4cUiAZZGbfAq,2,wallet,3A6JRz4aaf2bMKJrcBkBLxHe9QmWKZEjzu,False,True,3,17pztZW7y6iKmvaVEQda6J4cUiAZZGbfAq|321252663|3A6JRz4aaf2bMKJrcBkBLxHe9QmWKZEjzu,wallet|transaction|wallet,|0.34639|0.385148,|0.34639|0.385148,||0.0308363
17q6JwnYgsyXEYRXi4dZx47JhDEVzrPdaS,2,wallet,1KDftwJyWxTEMr7nCzzU2aDxr88nc643ev,False,True,3,17q6JwnYgsyXEYRXi4dZx47JhDEVzrPdaS|99676153|1KDftwJyWxTEMr7nCzzU2aDxr88nc643ev,wallet|transaction|wallet,|0.351247|0.385083,|0.351247|0.385083,||0.331173
17t8fm1ZnrfcL58mhD5vkhQs4m226sKbQW,2,wallet,1Lim2Sw8BG9LsBkQkhZMEFixBdk5jPnFjF,False,True,3,17t8fm1ZnrfcL58mhD5vkhQs4m226sKbQW|378232302|1Lim2Sw8BG9LsBkQkhZMEFixBdk5jPnFjF,wallet|transaction|wallet,|0.3505|0.385147,|0.3505|0.385147,||0.218858
17tUu1tGp8okTL12BDDb12p2jzQJjCmhC3,2,wallet,1ELRC7eRxcESge5i7Nx7nyZZwQDY6Snk2H,False,True,3,17tUu1tGp8okTL12BDDb12p2jzQJjCmhC3|13114107|1ELRC7eRxcESge5i7Nx7nyZZwQDY6Snk2H,wallet|transaction|wallet,|0.33819|0.385059,|0.33819|0.0770119,||0.0737321
17ufDb9gh1V7YpVmxHQy8D2MBNeFXe56L5,2,wallet,173o6k1HoC3YTCKV5i3rW9fq6fhHHzZLHz,False,True,3,17ufDb9gh1V7YpVmxHQy8D2MBNeFXe56L5|331228202|173o6k1HoC3YTCKV5i3rW9fq6fhHHzZLHz,wallet|transaction|wallet,|0.343319|0.385132,|0.343319|0.385132,||-0.136048
17v9w4hEifwhzUVTr2zscJn8Jjse4woWf9,2,wallet,3J48nQyU4G6qitwTCwe22LPCwHNv57occd,False,True,3,17v9w4hEifwhzUVTr2zscJn8Jjse4woWf9|268867035|3J48nQyU4G6qitwTCwe22LPCwHNv57occd,wallet|transaction|wallet,|0.346935|0.385164,|0.346935|0.385164,||0.0831259
17vZpVtS5CQPjZBUdq1ZDZebBV49QxcdZd,2,wallet,1EVfaxiANiE9yCH4Uzpc3J8HCUqM72Lho1,False,True,3,17vZpVtS5CQPjZBUdq1ZDZebBV49QxcdZd|360401482|1EVfaxiANiE9yCH4Uzpc3J8HCUqM72Lho1,wallet|transaction|wallet,|0.35245|0.249558,|0.35245|0.124779,||0.428753
17vqfc46U12fo2jToeEQ4qbN6AbSkNjKfy,2,wallet,36JStU7kDAh8xbarfkVjGxaDMsYV7iU29z,False,True,3,17vqfc46U12fo2jToeEQ4qbN6AbSkNjKfy|139102978|36JStU7kDAh8xbarfkVjGxaDMsYV7iU29z,wallet|transaction|wallet,|0.000341475|0.387,|0.000341475|0.129,||-0.198571
17yWG2hY5cgG3N2mCBmkrvBNem9trPbWn4,2,wallet,1MDCyGRhfAjASagGV97HbdvgtYxhp2p81W,False,True,3,17yWG2hY5cgG3N2mCBmkrvBNem9trPbWn4|208915908|1MDCyGRhfAjASagGV97HbdvgtYxhp2p81W,wallet|transaction|wallet,|0.35152|0.385087,|0.35152|0.385087,||0.311551
17yvrDuYiQkWxofwocJziVkju6dsgHq868,2,wallet,3656kvgPgpLC55LrL2gmPesZjcmxcAmgCL,False,True,3,17yvrDuYiQkWxofwocJziVkju6dsgHq868|21189498|3656kvgPgpLC55LrL2gmPesZjcmxcAmgCL,wallet|transaction|wallet,|0.274429|0.385454,|0.274429|0.385454,||-0.422491
17zeUsRJY71MGikdvxTJF7Z31YBCxsDQbA,2,wallet,1bsSNnB7XjgAxPziBqzvaQVmPfzqTckQc,False,True,3,17zeUsRJY71MGikdvxTJF7Z31YBCxsDQbA|288470582|1bsSNnB7XjgAxPziBqzvaQVmPfzqTckQc,wallet|transaction|wallet,|0.347355|0.38524,|0.347355|0.38524,||0.136008
182VafmyMHgTEfj1PhJUQEhifsFd7pRKEZ,2,wallet,19ShJe47goU2YQuPrEMJVh3gzn81NgGYPo,False,True,3,182VafmyMHgTEfj1PhJUQEhifsFd7pRKEZ|54809336|19ShJe47goU2YQuPrEMJVh3gzn81NgGYPo,wallet|transaction|wallet,|0.329673|0.385278,|0.329673|0.385278,||-0.288577
186rkxxfDK4fp5SN46YrRetSoLCJHHBZdM,2,wallet,3A7w9AByxG29h46ktdx7Rd1DmjvRhZYD8b,False,True,3,186rkxxfDK4fp5SN46YrRetSoLCJHHBZdM|75067966|3A7w9AByxG29h46ktdx7Rd1DmjvRhZYD8b,wallet|transaction|wallet,|0.346656|0.385163,|0.346656|0.385163,||0.0516337
186ruave9TN5xEZTP2tLGbNc37g2cQsj4W,2,wallet,14rmLkC6Bej7FkQQ8wP98zsJer1YDKPw85,False,True,3,186ruave9TN5xEZTP2tLGbNc37g2cQsj4W|238247335|14rmLkC6Bej7FkQQ8wP98zsJer1YDKPw85,wallet|transaction|wallet,|0.351432|0.385051,|0.351432|0.385051,||0.321685
188TVRXDfLYJM7qn5z8o5QUqEMu6hePjPV,2,wallet,3EHYjUtJZrwxRkduDoJRVyfWJBvHfUTUdf,False,True,3,188TVRXDfLYJM7qn5z8o5QUqEMu6hePjPV|268866997|3EHYjUtJZrwxRkduDoJRVyfWJBvHfUTUdf,wallet|transaction|wallet,|0.345924|0.385169,|0.345924|0.385169,||0.0317727
188q8C9S7qxJwARzeKc5e1ZNPiEaipEfjJ,2,wallet,3GT3okpdMpfykcTA6FqbK6PqGSi8Zvt8di,False,True,3,188q8C9S7qxJwARzeKc5e1ZNPiEaipEfjJ|54771400|3GT3okpdMpfykcTA6FqbK6PqGSi8Zvt8di,wallet|transaction|wallet,|0.317571|0.385367,|0.317571|0.385367,||-0.336057
18APouAVF3M5axHBMCSDAvyXP2eGF76HQC,2,wallet,38mTPpcMGdrHUqSM56ZDidaDZzvNs6LPoC,False,True,3,18APouAVF3M5axHBMCSDAvyXP2eGF76HQC|85005017|38mTPpcMGdrHUqSM56ZDidaDZzvNs6LPoC,wallet|transaction|wallet,|0.346898|0.385176,|0.346898|0.128392,||0.0289682
18GsUmBCkVJ7vS5Etp7F4KkC1GvNtMty78,2,wallet,1G5cTpFygcqCd8169TWeBsqwL8MZ1MsMR3,False,True,3,18GsUmBCkVJ7vS5Etp7F4KkC1GvNtMty78|161535084|1G5cTpFygcqCd8169TWeBsqwL8MZ1MsMR3,wallet|transaction|wallet,|0.339224|0.385335,|0.339224|0.385335,||-0.0485626
18H5BXvuc9Cbn38EJgzFR4wCc63za95gVw,2,wallet,3A6JRz4aaf2bMKJrcBkBLxHe9QmWKZEjzu,False,True,3,18H5BXvuc9Cbn38EJgzFR4wCc63za95gVw|321252663|3A6JRz4aaf2bMKJrcBkBLxHe9QmWKZEjzu,wallet|transaction|wallet,|0.34639|0.385148,|0.34639|0.385148,||0.0308363
18HwjsZ6KTgTboKv2dwkivRrjSPLZEPsqy,2,wallet,3AWRvLqxiuF1jwwGQw878p8b3KDdMYdicc,False,True,3,18HwjsZ6KTgTboKv2dwkivRrjSPLZEPsqy|99676003|3AWRvLqxiuF1jwwGQw878p8b3KDdMYdicc,wallet|transaction|wallet,|0.349257|0.385101,|0.349257|0.385101,||0.202682
18QWu3xvx9TiNZQXKwLbFxno21x5AknfAt,2,wallet,3MpNYBkoJB9GNhbWnAbneaxrbWVXvG7swj,False,True,3,18QWu3xvx9TiNZQXKwLbFxno21x5AknfAt|43105608|3MpNYBkoJB9GNhbWnAbneaxrbWVXvG7swj,wallet|transaction|wallet,|0.182826|0.385568,|0.182826|0.385568,||-0.484168
18RD8uAqu8EUuZqkwkVFEXnV1L4s3jTPHi,2,wallet,3NUXMwZ7oUkW9RPNm161pNsnXHLEAQj1Am,False,True,3,18RD8uAqu8EUuZqkwkVFEXnV1L4s3jTPHi|52898234|3NUXMwZ7oUkW9RPNm161pNsnXHLEAQj1Am,wallet|transaction|wallet,|0.284634|0.385482,|0.284634|0.385482,||-0.436219
18RDZp7KuZsf6YZut7aVj18W9kTxDrGEgN,2,wallet,3656kvgPgpLC55LrL2gmPesZjcmxcAmgCL,False,True,3,18RDZp7KuZsf6YZut7aVj18W9kTxDrGEgN|21189498|3656kvgPgpLC55LrL2gmPesZjcmxcAmgCL,wallet|transaction|wallet,|0.274429|0.385454,|0.274429|0.385454,||-0.422491
18RyhXj3oeYAHQEE8gmMm1C4154YMj5RSa,2,wallet,38xVRmZzgkrHzhSGfAneNyer8dp48HsfCM,False,True,3,18RyhXj3oeYAHQEE8gmMm1C4154YMj5RSa|288471753|38xVRmZzgkrHzhSGfAneNyer8dp48HsfCM,wallet|transaction|wallet,|0.267617|0.385799,|0.267617|0.0964497,||-0.171772
18SjLkW6SitT1MNoxnPDT8PhME3veDfd5N,2,wallet,3JBX7uBCCMjMBAk37PSjBYSwowRLyGGjEi,False,True,3,18SjLkW6SitT1MNoxnPDT8PhME3veDfd5N|99676710|3JBX7uBCCMjMBAk37PSjBYSwowRLyGGjEi,wallet|transaction|wallet,|0.35011|0.385099,|0.35011|0.192549,||-0.0146425
18UnaA7JQonyVWWDTTjGuq5finVwfVQ8SP,2,wallet,1CaTe8t7T2gHhoYGLTwLmahgMeyv1FSece,False,True,3,18UnaA7JQonyVWWDTTjGuq5finVwfVQ8SP|30179404|1CaTe8t7T2gHhoYGLTwLmahgMeyv1FSece,wallet|transaction|wallet,|0.345996|0.385264,|0.345996|0.385264,||0.117495
18V8TsX7vrfxNizPh3R9ZEjfJn9toXJn4K,2,wallet,38mTPpcMGdrHUqSM56ZDidaDZzvNs6LPoC,False,True,3,18V8TsX7vrfxNizPh3R9ZEjfJn9toXJn4K|85005017|38mTPpcMGdrHUqSM56ZDidaDZzvNs6LPoC,wallet|transaction|wallet,|0.346898|0.385176,|0.346898|0.128392,||0.0289682
18b8nA5uhbNti13rnVRprL8qoDngTT3dCq,2,wallet,182hENiJ77gkxhvZU1g8ZGmn8LaACTPxaL,False,True,3,18b8nA5uhbNti13rnVRprL8qoDngTT3dCq|92532810|182hENiJ77gkxhvZU1g8ZGmn8LaACTPxaL,wallet|transaction|wallet,|0.347773|0.385217,|0.347773|0.385217,||0.186439
18cTir7GcVZLzNmrzpYR2e2rMfUwbnjMPW,2,wallet,3MFgnzT5jgzABC67f73Zb5DL8dJfLCerYu,False,True,3,18cTir7GcVZLzNmrzpYR2e2rMfUwbnjMPW|268865654|3MFgnzT5jgzABC67f73Zb5DL8dJfLCerYu,wallet|transaction|wallet,|0.345793|0.385159,|0.345793|0.192579,||-0.0434446
18cjPUBLoDh4uzZrvcY3uFzo1iKFh6rhML,2,wallet,1B9Je8HxbLevUUFMVLtp28oPESXBpFAQfk,False,True,3,18cjPUBLoDh4uzZrvcY3uFzo1iKFh6rhML|99677165|1B9Je8HxbLevUUFMVLtp28oPESXBpFAQfk,wallet|transaction|wallet,|0.35136|0.385084,|0.35136|0.385084,||0.329775
18fVmoXu9ZEJDBrz3MjM5pAVRXdmkYPJzj,2,wallet,38EYLMdPwKuVSQjYJqcAepoopyb5wGbM91,False,True,3,18fVmoXu9ZEJDBrz3MjM5pAVRXdmkYPJzj|97457576|38EYLMdPwKuVSQjYJqcAepoopyb5wGbM91,wallet|transaction|wallet,|0.344283|0.385174,|0.344283|0.385174,||-0.0547261
18ipzJpW1oW55tD4YPkmJU2RcpnVvU6zYL,2,wallet,3LYkhZLUdkvLabpRkBUuFmUYQjPPJXiA9N,False,True,3,18ipzJpW1oW55tD4YPkmJU2RcpnVvU6zYL|180533541|3LYkhZLUdkvLabpRkBUuFmUYQjPPJXiA9N,wallet|transaction|wallet,|0.336027|0.385204,|0.336027|0.192602,||-0.149544
18jVDdcGSzAjhwsGyWYaS4LVzx4hTsRMeY,2,wallet,3Ad3HDr3fK2VBbJE1uLLXTttgm2txUaTLb,False,True,3,18jVDdcGSzAjhwsGyWYaS4LVzx4hTsRMeY|10174186|3Ad3HDr3fK2VBbJE1uLLXTttgm2txUaTLb,wallet|transaction|wallet,|0.245565|0.38553,|0.245565|0.38553,||-0.466233
18jYQC2pWkxfo695k4ZbZv1nzoxqut8AnH,2,wallet,3CYQR53n8CxDRZMNtkt1AGo8mCByMxuCXq,False,True,3,18jYQC2pWkxfo695k4ZbZv1nzoxqut8AnH|268856573|3CYQR53n8CxDRZMNtkt1AGo8mCByMxuCXq,wallet|transaction|wallet,|0.344833|0.385174,|0.344833|0.385174,||-0.025371
18kFXUEFFmJVWto9BRrWfri5QU7wJQXWNb,2,wallet,31uhUhpR6mkWJL3QNYxavcAQPHUxFv46aq,False,True,3,18kFXUEFFmJVWto9BRrWfri5QU7wJQXWNb|11320206|31uhUhpR6mkWJL3QNYxavcAQPHUxFv46aq,wallet|transaction|wallet,|0.200892|0.385573,|0.200892|0.192786,||-0.118719
18oRjLipGtMX94Y1H7QC2CHzQ8KagjUk2F,2,wallet,18yekCdkoEe3AZhYBu2gNt2xA9v13hWZzc,False,True,3,18oRjLipGtMX94Y1H7QC2CHzQ8KagjUk2F|157264112|18yekCdkoEe3AZhYBu2gNt2xA9v13hWZzc,wallet|transaction|wallet,|0.349683|0.385152,|0.349683|0.385152,||0.264482
18uz8B3MHV6HpUCLBL1wYo2DfcMoBBo6zG,2,wallet,1BiJ3aiFXGBw6CAR8Y2udGj5Hutb5UCVxL,False,True,3,18uz8B3MHV6HpUCLBL1wYo2DfcMoBBo6zG|248887402|1BiJ3aiFXGBw6CAR8Y2udGj5Hutb5UCVxL,wallet|transaction|wallet,|0.347397|0.385111,|0.347397|0.192555,||-0.0128278
18vn2iZWgPX1qWrbKXato7VxUFHNvtu2Eg,2,wallet,1M9MfQ2vyiYQbPJsww5FwJn46WU4K7dCSD,False,True,3,18vn2iZWgPX1qWrbKXato7VxUFHNvtu2Eg|186108514|1M9MfQ2vyiYQbPJsww5FwJn46WU4K7dCSD,wallet|transaction|wallet,|0.349146|0.385194,|0.349146|0.385194,||0.216154
18vztPfkPCVsGqfuQrsjhTyN5HdVqoYuLU,2,wallet,32b53Lq7oxvaRYNCtBWS5Qjr5DY71CbQe7,False,True,3,18vztPfkPCVsGqfuQrsjhTyN5HdVqoYuLU|10174881|32b53Lq7oxvaRYNCtBWS5Qjr5DY71CbQe7,wallet|transaction|wallet,|0.0586374|0.385638,|0.0586374|0.385638,||-0.47888
194RQ6KtrNYW3gg3ogjaFMU43UHGZY5443,2,wallet,1AHpy7EHE4LuvSAAxoZstCCoXTB8tu2Cxk,False,True,3,194RQ6KtrNYW3gg3ogjaFMU43UHGZY5443|152610799|1AHpy7EHE4LuvSAAxoZstCCoXTB8tu2Cxk,wallet|transaction|wallet,|0.350228|0.385169,|0.175114|0.192585,||-0.0242795
195qRoksLUVhwtQgLi9HCiv4A8j448okhi,2,wallet,1Lwnwj1qgvWrtArbTYxbXXMn3aed9FTQ7d,False,True,3,195qRoksLUVhwtQgLi9HCiv4A8j448okhi|214136652|1Lwnwj1qgvWrtArbTYxbXXMn3aed9FTQ7d,wallet|transaction|wallet,|0.350924|0.385126,|0.350924|0.055018,||0.0407667
19885fwTEXnW1r12MPXPhNfVtaWfmdPoHR,2,transaction,8827141,False,True,3,19885fwTEXnW1r12MPXPhNfVtaWfmdPoHR|179099727|8827141,wallet|transaction|transaction,|0.353047|0.481263,|0.353047|0.240632,||-0.164682
198y2kcP8ZpH1CZy7CdMTdVkP1bMGaTdbE,2,wallet,3FMxEmNfDycwELFCkkYezWth5uhKfQo7s8,False,True,3,198y2kcP8ZpH1CZy7CdMTdVkP1bMGaTdbE|9259519|3FMxEmNfDycwELFCkkYezWth5uhKfQo7s8,wallet|transaction|wallet,|0.077361|0.385481,|0.077361|0.385481,||-0.434917
19EAaWSoaWRDiZauoVVeBPKJhtBGPb65P8,2,wallet,38Jt9Bb2sUX9zCKqAzbEborD3N1LiL6JKJ,False,True,3,19EAaWSoaWRDiZauoVVeBPKJhtBGPb65P8|74699742|38Jt9Bb2sUX9zCKqAzbEborD3N1LiL6JKJ,wallet|transaction|wallet,|0.0653096|0.385615,|0.0653096|0.192807,||-0.282281
19EDfydRhWT5g29in9zsNV3UQ8A2gkHQ3w,2,wallet,36KjeQHUrDsFkFkWjUesTo8J8LPwc839aQ,False,True,3,19EDfydRhWT5g29in9zsNV3UQ8A2gkHQ3w|130377005|36KjeQHUrDsFkFkWjUesTo8J8LPwc839aQ,wallet|transaction|wallet,|0.343693|0.385164,|0.343693|0.192582,||-0.0199419
19JjfZ9Um4KPesUMz8oQYKWoCRhuB6cEKm,2,wallet,31iZopYrA7fP9NqdVnSZ6xRzmVfhiS6fuD,False,True,3,19JjfZ9Um4KPesUMz8oQYKWoCRhuB6cEKm|165594204|31iZopYrA7fP9NqdVnSZ6xRzmVfhiS6fuD,wallet|transaction|wallet,|0.34773|0.385164,|0.34773|0.128388,||-0.038238
19L1NpgikXQCv2gvAkTcjUmfpZCJYZw7E1,2,wallet,33qEhyXtaY6DDHXGHWJF5AojRDNXi9ecao,False,True,3,19L1NpgikXQCv2gvAkTcjUmfpZCJYZw7E1|99932170|33qEhyXtaY6DDHXGHWJF5AojRDNXi9ecao,wallet|transaction|wallet,|0.348975|0.38509,|0.348975|0.128363,||0.0524121
19M9u625mqzaRdBwPLcrr9U8fEkmiGedqc,2,wallet,3GhtjDLFhevCZmParfC2yrimZ5wsUBKbJG,False,True,3,19M9u625mqzaRdBwPLcrr9U8fEkmiGedqc|84334516|3GhtjDLFhevCZmParfC2yrimZ5wsUBKbJG,wallet|transaction|wallet,|0.315637|0.385313,|0.315637|0.128438,||-0.197096
19NYaooEZaXdQtKrCfHQobr2HhddpuAU7n,2,wallet,1J3Smm5WYimCuGD71fJG8nuN4fdvGDQdy7,False,True,3,19NYaooEZaXdQtKrCfHQobr2HhddpuAU7n|269587293|1J3Smm5WYimCuGD71fJG8nuN4fdvGDQdy7,wallet|transaction|wallet,|0.350455|0.385125,|0.350455|0.385125,||0.294272
19NsqhAw2bqCCTQJt2zT46uyzP3fjniVCi,2,wallet,39M5wWQ1rk3F7zrodaJ9r1RpikZM2Q3k1L,False,True,3,19NsqhAw2bqCCTQJt2zT46uyzP3fjniVCi|204054358|39M5wWQ1rk3F7zrodaJ9r1RpikZM2Q3k1L,wallet|transaction|wallet,|0.0217569|0.385586,|0.0217569|0.0385586,||-0.0414899
19PoNLoYzkDmFkg2Kj6qmyZQTpgmgeGPDp,2,wallet,1Lg3kXnpK5dQkXauX8FxiEcttKUQApmbjw,False,True,3,19PoNLoYzkDmFkg2Kj6qmyZQTpgmgeGPDp|339057170|1Lg3kXnpK5dQkXauX8FxiEcttKUQApmbjw,wallet|transaction|wallet,|0.35163|0.385047,|0.35163|0.385047,||0.335859
19PpZGcmnxmSSqy2E6CnDCrbxEqqQnFq8T,2,wallet,3A77j7eCZAWRucGYa3E8wAbcdcs7Xhbf7b,False,True,3,19PpZGcmnxmSSqy2E6CnDCrbxEqqQnFq8T|23344692|3A77j7eCZAWRucGYa3E8wAbcdcs7Xhbf7b,wallet|transaction|wallet,|0.296542|0.385487,|0.296542|0.0963717,||-0.0405303
19WAscwHmhCW557yHsdtGR4ySySYfduiWs,2,wallet,3K7WqtUiNyHErmNCnjn1c1RNqWEeF2VKAr,False,True,3,19WAscwHmhCW557yHsdtGR4ySySYfduiWs|61988163|3K7WqtUiNyHErmNCnjn1c1RNqWEeF2VKAr,wallet|transaction|wallet,|0.260373|0.38548,|0.260373|0.128493,||-0.140305
19YYhajoivhaB2QbTxykKx8w4Em2oNeUoj,2,wallet,3CuS6iwLFPtCWLAzZzLBQbmXuyySEXKgyB,False,True,3,19YYhajoivhaB2QbTxykKx8w4Em2oNeUoj|249970724|3CuS6iwLFPtCWLAzZzLBQbmXuyySEXKgyB,wallet|transaction|wallet,|0.20512|0.385452,|0.20512|0.0550645,||-0.000168447
19ZmzvkHn1atACaisixBS5pch5tRjXRpqp,2,wallet,33i7FZnUtQaHp9rX6ZRkeHvPoAusDMiG7G,False,True,3,19ZmzvkHn1atACaisixBS5pch5tRjXRpqp|84375386|33i7FZnUtQaHp9rX6ZRkeHvPoAusDMiG7G,wallet|transaction|wallet,|0.338921|0.385212,|0.338921|0.192606,||-0.0398893
19cc9dE3m3r3Y7YiCFA2qjYCYCDZpeJq88,2,wallet,3BDNgqHoF4tKjdgi8Yt8S3dQ9SVcLpngHg,False,True,3,19cc9dE3m3r3Y7YiCFA2qjYCYCDZpeJq88|288602158|3BDNgqHoF4tKjdgi8Yt8S3dQ9SVcLpngHg,wallet|transaction|wallet,|0.000519037|0.385572,|0.000519037|0.096393,||-0.17605
19dD3ooPn6vnAVu6Qgg8pGSA1QEL4Ue2kQ,2,wallet,32b53Lq7oxvaRYNCtBWS5Qjr5DY71CbQe7,False,True,3,19dD3ooPn6vnAVu6Qgg8pGSA1QEL4Ue2kQ|10174881|32b53Lq7oxvaRYNCtBWS5Qjr5DY71CbQe7,wallet|transaction|wallet,|0.0586374|0.385638,|0.0586374|0.385638,||-0.47888
19fkVbHcvoTpChNcSfLh9SKgUW73Ut4X5Y,2,wallet,3FZK7cfs1iRVW8PT7zofap94HRKr4Tb6br,False,True,3,19fkVbHcvoTpChNcSfLh9SKgUW73Ut4X5Y|207150123|3FZK7cfs1iRVW8PT7zofap94HRKr4Tb6br,wallet|transaction|wallet,|0.212059|0.385492,|0.212059|0.192746,||-0.346986
19jm3XvrkgUujFsebAQP3rEoTbQuxwwi2p,2,wallet,16wnVeNANLFSfD6ZXJnSTrwrzffjZXb1B9,False,True,3,19jm3XvrkgUujFsebAQP3rEoTbQuxwwi2p|99676520|16wnVeNANLFSfD6ZXJnSTrwrzffjZXb1B9,wallet|transaction|wallet,|0.351272|0.38509,|0.351272|0.38509,||0.323425
19tAwQzDeRfev8qS46uTEDJMsiFopRfHJE,2,wallet,3APUu6Y2HZM5aDTsJy7Y7Fxs1ecc8YNUjB,False,True,3,19tAwQzDeRfev8qS46uTEDJMsiFopRfHJE|331566935|3APUu6Y2HZM5aDTsJy7Y7Fxs1ecc8YNUjB,wallet|transaction|wallet,|0.35047|0.38512,|0.35047|0.38512,||0.25657
19vAiYatot8wRfKsmBVqMyv57DvuPHgNGW,2,wallet,3Hbx2v1YH7UMALXeNgrcAyadQFQd19D57G,False,True,3,19vAiYatot8wRfKsmBVqMyv57DvuPHgNGW|313613074|3Hbx2v1YH7UMALXeNgrcAyadQFQd19D57G,wallet|transaction|wallet,|0.336661|0.385191,|0.336661|0.0770382,||-0.0742594
19wbNFk6XsUwQYzYLb3NLeutSB7rP7LpAY,2,wallet,15iZ9WU4jTkmr95Hc3Zbavr6SaL3FKpumv,False,True,3,19wbNFk6XsUwQYzYLb3NLeutSB7rP7LpAY|372695283|15iZ9WU4jTkmr95Hc3Zbavr6SaL3FKpumv,wallet|transaction|wallet,|0.351247|0.385096,|0.351247|0.0962741,||0.000497386
1A25uinGtsmon3oWBiwGKvGFjG1WrRXQtf,2,wallet,32r9FFx6C4JTrazjtA8YY7GcidDyHyuvpk,False,True,3,1A25uinGtsmon3oWBiwGKvGFjG1WrRXQtf|92108374|32r9FFx6C4JTrazjtA8YY7GcidDyHyuvpk,wallet|transaction|wallet,|0.323039|0.385345,|0.323039|0.385345,||-0.301305
1A3iTtz8QxzYsCpqUWRNhZWGQmsjx4FMF7,2,wallet,3M3Wp24aJ5KSsB6ToKTVRx4f6L5CACwrGH,False,True,3,1A3iTtz8QxzYsCpqUWRNhZWGQmsjx4FMF7|372682840|3M3Wp24aJ5KSsB6ToKTVRx4f6L5CACwrGH,wallet|transaction|wallet,|0.348047|0.385134,|0.348047|0.192567,||0.0605614
1A57YXLWQ5k6qfSykymNy5SDdMRzfqKXf1,2,wallet,3MLQ7vy59DBF7zf8rcFiJPWddABL7RFg8g,False,True,3,1A57YXLWQ5k6qfSykymNy5SDdMRzfqKXf1|312228916|3MLQ7vy59DBF7zf8rcFiJPWddABL7RFg8g,wallet|transaction|wallet,|0.346445|0.385143,|0.346445|0.385143,||0.0124634
1A7oVGzsXa3rmbbLALtgM9cSWV23K9iwKX,2,wallet,1KJbKr1kah13PD9J1Vtd1DZYLhfb6AFkyx,False,True,3,1A7oVGzsXa3rmbbLALtgM9cSWV23K9iwKX|334612261|1KJbKr1kah13PD9J1Vtd1DZYLhfb6AFkyx,wallet|transaction|wallet,|0.350942|0.385105,|0.350942|0.385105,||0.313284
1A7wiAv22f5RUfDc4BkXcw2Fxc19xZAiGT,2,wallet,1B9pRcHonNqU9i7t1w16CNLaeRKpNqybiJ,False,True,3,1A7wiAv22f5RUfDc4BkXcw2Fxc19xZAiGT|183242487|1B9pRcHonNqU9i7t1w16CNLaeRKpNqybiJ,wallet|transaction|wallet,|0.347986|0.385144,|0.347986|0.385144,||0.132906
1A9Jf6BybobfzqN1ffgiWEz1QNnPdFsQS2,2,wallet,1NEogPJMYE7hybZUH2gNiqq1dDcR7rQ1YS,False,True,3,1A9Jf6BybobfzqN1ffgiWEz1QNnPdFsQS2|99677488|1NEogPJMYE7hybZUH2gNiqq1dDcR7rQ1YS,wallet|transaction|wallet,|0.351221|0.385086,|0.351221|0.385086,||0.331154
1AAmHswpMMpeRQ6NtWL3eT9EGwHkTCoKGn,2,wallet,1Fs8G3G2wNAwVQasYUYhS9BexR9iiUNTJB,False,True,3,1AAmHswpMMpeRQ6NtWL3eT9EGwHkTCoKGn|331611467|1Fs8G3G2wNAwVQasYUYhS9BexR9iiUNTJB,wallet|transaction|wallet,|0.351152|0.3851,|0.351152|0.3851,||0.322013
1ABDVpvZGwbHm9dmvwVAr1zRRWuGZVAYNx,2,wallet,1LtU8QE86HSs6voaFN4YKYfv8YapLSZdBk,False,True,3,1ABDVpvZGwbHm9dmvwVAr1zRRWuGZVAYNx|268911484|1LtU8QE86HSs6voaFN4YKYfv8YapLSZdBk,wallet|transaction|wallet,|0.350674|0.385122,|0.350674|0.385122,||0.2989
1AHwzByyxQT3Dm5NkEN4bY8NZEMeQtnDbz,2,wallet,3MEbqyNoUEddy8AvytRWKYJgnZ1y8d5uy1,False,True,3,1AHwzByyxQT3Dm5NkEN4bY8NZEMeQtnDbz|339057158|3MEbqyNoUEddy8AvytRWKYJgnZ1y8d5uy1,wallet|transaction|wallet,|0.351171|0.385045,|0.351171|0.385045,||0.291224
1AJ7Y92Q54Yh2ySBcq8tpHxrLoit4bDEmp,2,wallet,3Dg8M73bmUwST46rJDrFD3cqx1EU16isDL,False,True,3,1AJ7Y92Q54Yh2ySBcq8tpHxrLoit4bDEmp|372683044|3Dg8M73bmUwST46rJDrFD3cqx1EU16isDL,wallet|transaction|wallet,|0.348035|0.385134,|0.348035|0.192567,||-0.0551794
1ALwQZkdnh7qwJWsmLiFQufXqYKbAy8FMj,2,wallet,3FqvEGJho61zE8hAeRi8sbNS9dcE7Fhg83,False,True,3,1ALwQZkdnh7qwJWsmLiFQufXqYKbAy8FMj|71359357|3FqvEGJho61zE8hAeRi8sbNS9dcE7Fhg83,wallet|transaction|wallet,|0.280843|0.385497,|0.280843|0.385497,||-0.424313
1ANwMSWEkHbsW25nVLmUdwZVK4ZxhQKHb5,2,wallet,36K81v78bowmpwACuWFzCWWoiJJJfjnSmE,False,True,3,1ANwMSWEkHbsW25nVLmUdwZVK4ZxhQKHb5|312221897|36K81v78bowmpwACuWFzCWWoiJJJfjnSmE,wallet|transaction|wallet,|0.318497|0.385219,|0.318497|0.0963048,||-0.0783523
1AUyYrRx8XDozSbHy3C9zsw4dNh1cHTcPJ,2,wallet,3K3q91GQLDZqJnhwUNF38xEJ15ZeCLPZhB,False,True,3,1AUyYrRx8XDozSbHy3C9zsw4dNh1cHTcPJ|84195141|3K3q91GQLDZqJnhwUNF38xEJ15ZeCLPZhB,wallet|transaction|wallet,|0.190933|0.38555,|0.190933|0.192775,||-0.264957
1AVijumYdsnPX8Reo7jqZ1q8r6XK2KUwHs,2,wallet,3FZK7cfs1iRVW8PT7zofap94HRKr4Tb6br,False,True,3,1AVijumYdsnPX8Reo7jqZ1q8r6XK2KUwHs|207150123|3FZK7cfs1iRVW8PT7zofap94HRKr4Tb6br,wallet|transaction|wallet,|0.212059|0.385492,|0.212059|0.192746,||-0.346986
1AZn5b7ANQtyER1EKbUVR8EeTy2kgrBY8X,2,wallet,1FsN1eGpjSU4vief6zpo9eoRJu8Yr99kku,False,True,3,1AZn5b7ANQtyER1EKbUVR8EeTy2kgrBY8X|320558688|1FsN1eGpjSU4vief6zpo9eoRJu8Yr99kku,wallet|transaction|wallet,|0.201608|0.385316,|0.201608|0.385316,||-0.371934
1AbWfzcNWkWercip3tnhd7zoQ54Fa5dXDB,2,wallet,1D6yk9W5HfhUB1JnVWdfsvQCa36yZcQUY8,False,True,3,1AbWfzcNWkWercip3tnhd7zoQ54Fa5dXDB|84328724|1D6yk9W5HfhUB1JnVWdfsvQCa36yZcQUY8,wallet|transaction|wallet,|0.350104|0.385144,|0.350104|0.385144,||0.269802
1AgcsQXbSVH2ckKQEyZXjLsBMxdqvcU4WZ,2,wallet,3HzpcCdB8A3gF7YPgK7oV1ZBU6bXAUEtjk,False,True,3,1AgcsQXbSVH2ckKQEyZXjLsBMxdqvcU4WZ|100075816|3HzpcCdB8A3gF7YPgK7oV1ZBU6bXAUEtjk,wallet|transaction|wallet,|0.349192|0.385095,|0.349192|0.0550136,||0.000828053
1AggCdjQa19kKWSAC67BwX5TeRt1P8LSAu,2,wallet,3NVzXgRYdqLgP6DPR1WiQ8G2t1mnHMzwWK,False,True,3,1AggCdjQa19kKWSAC67BwX5TeRt1P8LSAu|105603035|3NVzXgRYdqLgP6DPR1WiQ8G2t1mnHMzwWK,wallet|transaction|wallet,|0.16477|0.385523,|0.16477|0.385523,||-0.439771
1Anvp8UfG8LYPTEsNuvo3ARa48EMoYS5Yh,2,wallet,1DqYzJv3u26ooYgXRuxBeZdj9SSWaaUueA,False,True,3,1Anvp8UfG8LYPTEsNuvo3ARa48EMoYS5Yh|272125155|1DqYzJv3u26ooYgXRuxBeZdj9SSWaaUueA,wallet|transaction|wallet,|0.350989|0.385104,|0.350989|0.385104,||0.32152
1AqCQ1QNi1sQT85sPnLuUSi4vKWhn3n5eH,2,wallet,3G5rhEd3cZBsWbv4wyzqMjkJG1vUsKmWPm,False,True,3,1AqCQ1QNi1sQT85sPnLuUSi4vKWhn3n5eH|85005009|3G5rhEd3cZBsWbv4wyzqMjkJG1vUsKmWPm,wallet|transaction|wallet,|0.347622|0.385193,|0.347622|0.192596,||0.0196269
1AqyCDYatN2hxnmYJGugbgftPerJ9xkNEr,2,wallet,1LoR48uDFQ3MZVX7DZz9eQfyjvYSx8MSiu,False,True,3,1AqyCDYatN2hxnmYJGugbgftPerJ9xkNEr|291271105|1LoR48uDFQ3MZVX7DZz9eQfyjvYSx8MSiu,wallet|transaction|wallet,|0.334971|0.385138,|0.334971|0.385138,||-0.2831
1Atvv6rpK6L1S2RvdMBKcD2qT4rir9bTWY,2,wallet,1AR8z3GkQSSY5n2jECS6cKF5gc16wZzNeH,False,True,3,1Atvv6rpK6L1S2RvdMBKcD2qT4rir9bTWY|268981796|1AR8z3GkQSSY5n2jECS6cKF5gc16wZzNeH,wallet|transaction|wallet,|0.350569|0.385122,|0.350569|0.385122,||0.299044
1AvTkdCqH4HU2JXJB2XjBHn5b2jMWJuzem,2,wallet,39q3XCCSGUoJfzrcLRRVqECx82Q8BfGNL3,False,True,3,1AvTkdCqH4HU2JXJB2XjBHn5b2jMWJuzem|100075232|39q3XCCSGUoJfzrcLRRVqECx82Q8BfGNL3,wallet|transaction|wallet,|0.350103|0.385099,|0.350103|0.385099,||0.229476
1Ax4RLGnNhPcKiNPdTbrR8vFUXgDarqLev,2,wallet,18iDoAtnVkLe4G8638LnCt6nTfssqy6E5r,False,True,3,1Ax4RLGnNhPcKiNPdTbrR8vFUXgDarqLev|85004979|18iDoAtnVkLe4G8638LnCt6nTfssqy6E5r,wallet|transaction|wallet,|0.350305|0.385141,|0.350305|0.385141,||0.259951
1AzHUucgxDXgE117Jmy9XDvCWoRHdrgPTK,2,wallet,3Hbx2v1YH7UMALXeNgrcAyadQFQd19D57G,False,True,3,1AzHUucgxDXgE117Jmy9XDvCWoRHdrgPTK|313613074|3Hbx2v1YH7UMALXeNgrcAyadQFQd19D57G,wallet|transaction|wallet,|0.336661|0.385191,|0.336661|0.0770382,||-0.0742594
1B2n2KNLhrMLGmdo5hDsPs2saxTGRVwuHb,2,wallet,16nJv2Z4fysytUEm4YT9FhyFKST4Yu8mWk,False,True,3,1B2n2KNLhrMLGmdo5hDsPs2saxTGRVwuHb|269576078|16nJv2Z4fysytUEm4YT9FhyFKST4Yu8mWk,wallet|transaction|wallet,|0.350609|0.385126,|0.350609|0.385126,||0.291878
1BBDYHZX7Dg3p82hVDLrZpm4sXP9qHwngY,2,wallet,32b53Lq7oxvaRYNCtBWS5Qjr5DY71CbQe7,False,True,3,1BBDYHZX7Dg3p82hVDLrZpm4sXP9qHwngY|10174881|32b53Lq7oxvaRYNCtBWS5Qjr5DY71CbQe7,wallet|transaction|wallet,|0.0586374|0.385638,|0.0586374|0.385638,||-0.47888
1BDRf8caLLmGJghmfdbz4WXhPrwLLoTorp,2,wallet,12yus3i538kEVjXereEMHcKpRSYRKkvoAM,False,True,3,1BDRf8caLLmGJghmfdbz4WXhPrwLLoTorp|163654973|12yus3i538kEVjXereEMHcKpRSYRKkvoAM,wallet|transaction|wallet,|0.337404|0.3852,|0.337404|0.3852,||-0.219644
1BDiuDvqNnVaok6TyQMVgG2KMsVe6r6e38,2,wallet,1FWUUsTZ7bLHQ5CwpS1swzvYxqTUXMVwE4,False,True,3,1BDiuDvqNnVaok6TyQMVgG2KMsVe6r6e38|363311380|1FWUUsTZ7bLHQ5CwpS1swzvYxqTUXMVwE4,wallet|transaction|wallet,|0.3516|0.385078,|0.3516|0.385078,||0.321547
1BESnGhEGSEqGYBzQkzN4Pyig3yWv4NXM5,2,wallet,3Ad3HDr3fK2VBbJE1uLLXTttgm2txUaTLb,False,True,3,1BESnGhEGSEqGYBzQkzN4Pyig3yWv4NXM5|10174186|3Ad3HDr3fK2VBbJE1uLLXTttgm2txUaTLb,wallet|transaction|wallet,|0.245565|0.38553,|0.245565|0.38553,||-0.466233
1BFS2WDiykufUH2BWRQXV5yJLUvpBUHtq5,2,wallet,1MTbAvaj4RSDGAEmzQNR16SPjki9JEsTuS,False,True,3,1BFS2WDiykufUH2BWRQXV5yJLUvpBUHtq5|269103134|1MTbAvaj4RSDGAEmzQNR16SPjki9JEsTuS,wallet|transaction|wallet,|0.351004|0.385119,|0.351004|0.385119,||0.29125
1BHCEHjsQWhKapa76BRTCzCXWkqkc9s5cJ,2,wallet,3JVyn4mR5v3hQhZeVuLa9XDLFBoxMJJ8nT,False,True,3,1BHCEHjsQWhKapa76BRTCzCXWkqkc9s5cJ|46847242|3JVyn4mR5v3hQhZeVuLa9XDLFBoxMJJ8nT,wallet|transaction|wallet,|0.30247|0.385437,|0.30247|0.385437,||-0.35821
1BHXtf8r9KXbcNiPSFGB2K7qY4iv9QDEEs,2,wallet,3NeBmKtVT2kSp5KJgvWeWDCTA8YAniCXGv,False,True,3,1BHXtf8r9KXbcNiPSFGB2K7qY4iv9QDEEs|84375106|3NeBmKtVT2kSp5KJgvWeWDCTA8YAniCXGv,wallet|transaction|wallet,|0.340731|0.385205,|0.340731|0.385205,||-0.113143
1BHwiP8ih6PWbV8mcoTAgnzocVVFCzbFBa,2,wallet,1Ae7mQbzMwRoAmSHzeGZzexYdzdv3wknYj,False,True,3,1BHwiP8ih6PWbV8mcoTAgnzocVVFCzbFBa|174763973|1Ae7mQbzMwRoAmSHzeGZzexYdzdv3wknYj,wallet|transaction|wallet,|0.337466|0.385019,|0.337466|0.385019,||-0.111358
1BK2hcTHQ5vjhYCQK2Wh3r5n3mnWnJzkg3,2,wallet,3HSyBtR7sX1KbnPeGs3TLDTC8qWC7YpXKx,False,True,3,1BK2hcTHQ5vjhYCQK2Wh3r5n3mnWnJzkg3|268868308|3HSyBtR7sX1KbnPeGs3TLDTC8qWC7YpXKx,wallet|transaction|wallet,|0.345748|0.385163,|0.345748|0.385163,||0.0316748
1BKkheysB9bjRG7S8U9PSHwVzZSsgdxeK4,2,wallet,3M3Wp24aJ5KSsB6ToKTVRx4f6L5CACwrGH,False,True,3,1BKkheysB9bjRG7S8U9PSHwVzZSsgdxeK4|372682840|3M3Wp24aJ5KSsB6ToKTVRx4f6L5CACwrGH,wallet|transaction|wallet,|0.348047|0.385134,|0.348047|0.192567,||0.0605614
1BKntmEEppSFfJmQa7YXYgbPDxftuJiFcw,2,wallet,3Fr1H62NuXsEXFcvi9GTmfhKVvA2ec5cf7,False,True,3,1BKntmEEppSFfJmQa7YXYgbPDxftuJiFcw|130377008|3Fr1H62NuXsEXFcvi9GTmfhKVvA2ec5cf7,wallet|transaction|wallet,|0.340671|0.385192,|0.340671|0.192596,||-0.154493
1BP88EJrMLJ716LfMkJknRnVQib522eHrV,2,wallet,14etBfvXLY57JsfFhQu8rnmxZYXNc8JQcn,False,True,3,1BP88EJrMLJ716LfMkJknRnVQib522eHrV|269109520|14etBfvXLY57JsfFhQu8rnmxZYXNc8JQcn,wallet|transaction|wallet,|0.350662|0.385119,|0.350662|0.385119,||0.30624
1BPJBmkNB29cNYRxv187qTw3Ur7uFKetHd,2,wallet,142baMDa4B8yWtdsJ6mD9F8ysUVfBLTZvD,False,True,3,1BPJBmkNB29cNYRxv187qTw3Ur7uFKetHd|372884386|142baMDa4B8yWtdsJ6mD9F8ysUVfBLTZvD,wallet|transaction|wallet,|0.351387|0.385085,|0.351387|0.385085,||0.304353
1BRJBxTRjTSNUAXYmPAb9jTnwzrV9JFrb,2,wallet,1LhJTrSYVuQehv5Mfj2KZr8yw2u31pNT1h,False,True,3,1BRJBxTRjTSNUAXYmPAb9jTnwzrV9JFrb|269533128|1LhJTrSYVuQehv5Mfj2KZr8yw2u31pNT1h,wallet|transaction|wallet,|0.350715|0.385125,|0.350715|0.385125,||0.292693
1BSmS2wNaPqqi7tZZwjoRSZA5D8gZRQM6E,2,wallet,13xW3BkHQuwHCrusKzJTEDRUohQnUZfPA7,False,True,3,1BSmS2wNaPqqi7tZZwjoRSZA5D8gZRQM6E|94110640|13xW3BkHQuwHCrusKzJTEDRUohQnUZfPA7,wallet|transaction|wallet,|0.351873|0.385059,|0.351873|0.385059,||0.333333
1BSrgSVrFdz9k7fJoLrzHm1NynKxtYPtpE,2,wallet,37fRSUGZ5CpR1RBg5yQNjmA5S7kkqCQnbn,False,True,3,1BSrgSVrFdz9k7fJoLrzHm1NynKxtYPtpE|355110328|37fRSUGZ5CpR1RBg5yQNjmA5S7kkqCQnbn,wallet|transaction|wallet,|0.341573|0.38525,|0.341573|0.38525,||-0.0652189
1BWqn3FR1mEi76yXwPoK2qwy54Ug9yNxwB,2,wallet,1CTGiL4MumFqaP7TkxEffVJCe33SQMN5vm,False,True,3,1BWqn3FR1mEi76yXwPoK2qwy54Ug9yNxwB|268939658|1CTGiL4MumFqaP7TkxEffVJCe33SQMN5vm,wallet|transaction|wallet,|0.350751|0.385125,|0.350751|0.385125,||0.293391
1BYAd8KHu2uymJ34muhuUbHB3gWJLr2Sc3,2,wallet,3GhtjDLFhevCZmParfC2yrimZ5wsUBKbJG,False,True,3,1BYAd8KHu2uymJ34muhuUbHB3gWJLr2Sc3|84334516|3GhtjDLFhevCZmParfC2yrimZ5wsUBKbJG,wallet|transaction|wallet,|0.315637|0.385313,|0.315637|0.128438,||-0.197096
1BbDxcJig7w7EupDdBhpZH7zrjWCKAP8nZ,2,wallet,18NeTEfcZeZyzfUSAv2PNYTsA1xPFrqLzq,False,True,3,1BbDxcJig7w7EupDdBhpZH7zrjWCKAP8nZ|99676503|18NeTEfcZeZyzfUSAv2PNYTsA1xPFrqLzq,wallet|transaction|wallet,|0.163485|0.40076,|0.163485|0.20038,||0.0415983
1BebPD71iM6BVyibAq3FJ5DXFA3YZZyBhA,2,wallet,1MMKSmKzx9oKwm8V5xRVk3cCMqWnMGVB4q,False,True,3,1BebPD71iM6BVyibAq3FJ5DXFA3YZZyBhA|100075377|1MMKSmKzx9oKwm8V5xRVk3cCMqWnMGVB4q,wallet|transaction|wallet,|0.351254|0.38509,|0.351254|0.38509,||0.324606
1BgfXTGDFFsJKkjsGvXfcnLY4FvSpWiB7F,2,wallet,3GVkczRPqFnbDiZWuYZGBk3tawfL9ZUeRU,False,True,3,1BgfXTGDFFsJKkjsGvXfcnLY4FvSpWiB7F|372682766|3GVkczRPqFnbDiZWuYZGBk3tawfL9ZUeRU,wallet|transaction|wallet,|0.347195|0.38514,|0.347195|0.19257,||0.0430132
1BhvK9skUACT2fa8FwhCftHbNyQVeq8W5q,2,wallet,34gBuya6FPwX18kZgxw7FZ6WqpDc9y3h5A,False,True,3,1BhvK9skUACT2fa8FwhCftHbNyQVeq8W5q|100785151|34gBuya6FPwX18kZgxw7FZ6WqpDc9y3h5A,wallet|transaction|wallet,|0.349026|0.385145,|0.349026|0.385145,||0.172747
1Bqt2xqTR8oLv2QhkMHLBvGnCVZuDmhPDg,2,wallet,39M5wWQ1rk3F7zrodaJ9r1RpikZM2Q3k1L,False,True,3,1Bqt2xqTR8oLv2QhkMHLBvGnCVZuDmhPDg|204054358|39M5wWQ1rk3F7zrodaJ9r1RpikZM2Q3k1L,wallet|transaction|wallet,|0.0217569|0.385586,|0.0217569|0.0385586,||-0.0414899
1BrhgWDLpQsCJAD2HXSTQVEddWaVfS6zjK,2,wallet,14prM7KkQcWPivHMexLHQKZBuFfVEA4vFp,False,True,3,1BrhgWDLpQsCJAD2HXSTQVEddWaVfS6zjK|339095160|14prM7KkQcWPivHMexLHQKZBuFfVEA4vFp,wallet|transaction|wallet,|0.332084|0.385026,|0.332084|0.385026,||-0.150596
1Bs2JUQ8Qfra3UmHHPg5aUTgYgSAHqxQbU,2,wallet,1Gu51m6ghnKjgsx4x7atP8hxU3QD5DcYR7,False,True,3,1Bs2JUQ8Qfra3UmHHPg5aUTgYgSAHqxQbU|276947541|1Gu51m6ghnKjgsx4x7atP8hxU3QD5DcYR7,wallet|transaction|wallet,|0.350475|0.385124,|0.350475|0.385124,||0.295377
1Bs3AyRHQGxErktf8CcENn4NTj83cWE3ja,2,wallet,3L4yNgaRj8XXwEM9yAh7ey4ntAgaVwgkNL,False,True,3,1Bs3AyRHQGxErktf8CcENn4NTj83cWE3ja|272100307|3L4yNgaRj8XXwEM9yAh7ey4ntAgaVwgkNL,wallet|transaction|wallet,|0.347868|0.385168,|0.347868|0.192584,||0.0358646
1BtXe3B4q2bQhFFLMU9Sm1sugHgeSQtMuZ,2,wallet,3MFgnzT5jgzABC67f73Zb5DL8dJfLCerYu,False,True,3,1BtXe3B4q2bQhFFLMU9Sm1sugHgeSQtMuZ|268865654|3MFgnzT5jgzABC67f73Zb5DL8dJfLCerYu,wallet|transaction|wallet,|0.345793|0.385159,|0.345793|0.192579,||-0.0434446
1BuX7aP2xGuPCeBkdNtNF36Gm8TabqWmq5,2,wallet,1LbHETkHwxyvcXHrwFWd715KqYbWzCAHQC,False,True,3,1BuX7aP2xGuPCeBkdNtNF36Gm8TabqWmq5|331497162|1LbHETkHwxyvcXHrwFWd715KqYbWzCAHQC,wallet|transaction|wallet,|0.351231|0.385102,|0.351231|0.192551,||-0.00164628
1BufbaafG4tZgBhMGkWePsMsyD91sVFxQN,2,wallet,32r9FFx6C4JTrazjtA8YY7GcidDyHyuvpk,False,True,3,1BufbaafG4tZgBhMGkWePsMsyD91sVFxQN|92108374|32r9FFx6C4JTrazjtA8YY7GcidDyHyuvpk,wallet|transaction|wallet,|0.323039|0.385345,|0.323039|0.385345,||-0.301305
1Bui6rYpNE2HxhThmeo4pXEueXM5obmpyu,2,wallet,1MM27v8bBjhn3Aai9L4uLq8mLSCNtsR7Vp,False,True,3,1Bui6rYpNE2HxhThmeo4pXEueXM5obmpyu|243780891|1MM27v8bBjhn3Aai9L4uLq8mLSCNtsR7Vp,wallet|transaction|wallet,|0.351775|0.385058,|0.351775|0.385058,||0.324602
1BvEuVTvZeMHcaV4VhmwqEW3vCXXfy2j78,2,wallet,34UQR1ekK3xM4LQQLpw85usgnqGSLsgC6P,False,True,3,1BvEuVTvZeMHcaV4VhmwqEW3vCXXfy2j78|36965025|34UQR1ekK3xM4LQQLpw85usgnqGSLsgC6P,wallet|transaction|wallet,|0.188224|0.385553,|0.188224|0.192777,||-0.23686
1C19nAjBrYAsYeXdeHfKMtrd6Jtx6FjZu6,2,wallet,3BcjbK3E2HgJz4CGmhVrVfwstwx5ne1HXz,False,True,3,1C19nAjBrYAsYeXdeHfKMtrd6Jtx6FjZu6|268867552|3BcjbK3E2HgJz4CGmhVrVfwstwx5ne1HXz,wallet|transaction|wallet,|0.346045|0.38517,|0.346045|0.38517,||0.0180343
1C2eTKBegFAYRmizmqJPCAm5nuSp1kPRLQ,2,wallet,3AQiJsiG938auFMaXJR6MP9WktbNp86MS7,False,True,3,1C2eTKBegFAYRmizmqJPCAm5nuSp1kPRLQ|158931152|3AQiJsiG938auFMaXJR6MP9WktbNp86MS7,wallet|transaction|wallet,|0.346983|0.385153,|0.346983|0.385153,||0.101379
1C9UPvZRpHRtWQdoZybWsWXVfpAMgy7hLJ,2,wallet,3LYkhZLUdkvLabpRkBUuFmUYQjPPJXiA9N,False,True,3,1C9UPvZRpHRtWQdoZybWsWXVfpAMgy7hLJ|180533541|3LYkhZLUdkvLabpRkBUuFmUYQjPPJXiA9N,wallet|transaction|wallet,|0.336027|0.385204,|0.336027|0.192602,||-0.149544
1CEEZ7fbjvRRf4xVzr6apvdTuQurE4rNKq,2,wallet,1EeJpCkZWcrZ5nujQgvvvoFFh1BXGMLdjW,False,True,3,1CEEZ7fbjvRRf4xVzr6apvdTuQurE4rNKq|288594853|1EeJpCkZWcrZ5nujQgvvvoFFh1BXGMLdjW,wallet|transaction|wallet,|0.34696|0.385243,|0.34696|0.385243,||0.126058
1CEtFtqUGn7DibQGDFjcvUBhNa5sxmcmzz,2,wallet,1NZJeRrGtPRtCJuGwDmhUpvLeqoQKLmduL,False,True,3,1CEtFtqUGn7DibQGDFjcvUBhNa5sxmcmzz|92599729|1NZJeRrGtPRtCJuGwDmhUpvLeqoQKLmduL,wallet|transaction|wallet,|0.347782|0.385217,|0.347782|0.385217,||0.186251
1CGXHyT5dKETKnE98MQf3xCBUVqrQC7S9D,2,wallet,3B8ciXmRUt8mS5kPKe9GibnhEG8hs2GXsq,False,True,3,1CGXHyT5dKETKnE98MQf3xCBUVqrQC7S9D|268861802|3B8ciXmRUt8mS5kPKe9GibnhEG8hs2GXsq,wallet|transaction|wallet,|0.340632|0.385185,|0.340632|0.385185,||-0.106061
1CGvVZEiWVPnQrVH5xZD4xVwbCBkADxo86,2,wallet,165fSUpk8pw6ySM13mJkbMBjA4uT4vQYRF,False,True,3,1CGvVZEiWVPnQrVH5xZD4xVwbCBkADxo86|28202941|165fSUpk8pw6ySM13mJkbMBjA4uT4vQYRF,wallet|transaction|wallet,|0.346962|0.385243,|0.346962|0.385243,||0.126914
1CJybHYqzQXUVmi1qNY256PBcM7XbhxKdW,2,wallet,13afVuyJcvDhdgK4yN6zWedErNTSYskjfX,False,True,3,1CJybHYqzQXUVmi1qNY256PBcM7XbhxKdW|177939569|13afVuyJcvDhdgK4yN6zWedErNTSYskjfX,wallet|transaction|wallet,|0.342955|0.397821,|0.342955|0.397821,||0.17354
1CL8vnASCjhv26tJ52bhu2P4tpfUvqwMx6,2,wallet,1oNnTR7dA8jRDpwmtXg64Q2NeoJm2z65Y,False,True,3,1CL8vnASCjhv26tJ52bhu2P4tpfUvqwMx6|15006053|1oNnTR7dA8jRDpwmtXg64Q2NeoJm2z65Y,wallet|transaction|wallet,|0.225089|0.385373,|0.225089|0.385373,||-0.505204
1CQzu2pP7pCDdCPHED28mVY8ZgTBSjUutA,2,wallet,34RjVG2iTbqpCnDomYYQi58wFUaM8eSN58,False,True,3,1CQzu2pP7pCDdCPHED28mVY8ZgTBSjUutA|85004968|34RjVG2iTbqpCnDomYYQi58wFUaM8eSN58,wallet|transaction|wallet,|0.33226|0.385214,|0.33226|0.385214,||-0.308877
1CT8vdjV4VcmKHwGXBLjbTJU5A7WBuBhVp,2,wallet,3HRmgDX1ZT3kESUiRtnHMGFM1rUHotvkyZ,False,True,3,1CT8vdjV4VcmKHwGXBLjbTJU5A7WBuBhVp|145992719|3HRmgDX1ZT3kESUiRtnHMGFM1rUHotvkyZ,wallet|transaction|wallet,|0.338744|0.38526,|0.338744|0.38526,||-0.114676
1CXvgCReP29rsTSchy3HmXxC4J2aptWjbW,2,wallet,1GjpYppQJkgK5C4GNFoN79189MQJC488C3,False,True,3,1CXvgCReP29rsTSchy3HmXxC4J2aptWjbW|30179861|1GjpYppQJkgK5C4GNFoN79189MQJC488C3,wallet|transaction|wallet,|0.344206|0.385275,|0.344206|0.385275,||0.0927429
1CaZPJWVc5Y9ntimdJUG8DvMSZi58X3r6J,2,wallet,16cUN4JGRa2x2i2SmiFNsiVQsVSRx5LBwn,False,True,3,1CaZPJWVc5Y9ntimdJUG8DvMSZi58X3r6J|100074896|16cUN4JGRa2x2i2SmiFNsiVQsVSRx5LBwn,wallet|transaction|wallet,|0.351502|0.38509,|0.351502|0.192545,||0.00463459
1CiRfgo3vaCCPBPPtXJFPk2e4oPATTNg1v,2,wallet,19cjUwuZcMvwpoN6Z32ono6H6NxUpuT5tg,False,True,3,1CiRfgo3vaCCPBPPtXJFPk2e4oPATTNg1v|96578321|19cjUwuZcMvwpoN6Z32ono6H6NxUpuT5tg,wallet|transaction|wallet,|0.3357|0.385363,|0.3357|0.385363,||-0.0978814
1CqCFUnMZa8XYQ7n56L8oyVPAtzNEMH39G,2,wallet,1EJhBABAHtdDF2wCsTbGKAC3vUnKuUqCTD,False,True,3,1CqCFUnMZa8XYQ7n56L8oyVPAtzNEMH39G|372696706|1EJhBABAHtdDF2wCsTbGKAC3vUnKuUqCTD,wallet|transaction|wallet,|0.35159|0.385086,|0.35159|0.192543,||-0.000392139
1CqeSrL7xQyCLsXosdJr74nA1YPehZrYmN,2,wallet,12JuAnroQFQYcqBic4ksqqgLEvWgtz5htX,False,True,3,1CqeSrL7xQyCLsXosdJr74nA1YPehZrYmN|269584838|12JuAnroQFQYcqBic4ksqqgLEvWgtz5htX,wallet|transaction|wallet,|0.350759|0.385125,|0.350759|0.385125,||0.283207
1CrvrLTaGYof3v3L5UjkH8GpfeA4kM5iGy,2,wallet,3Qe33iDwqJrzFFfwiyiwSwEGCjwyf14sm4,False,True,3,1CrvrLTaGYof3v3L5UjkH8GpfeA4kM5iGy|312108743|3Qe33iDwqJrzFFfwiyiwSwEGCjwyf14sm4,wallet|transaction|wallet,|0.341621|0.385173,|0.341621|0.0641956,||-0.0437453
1CuS2LJpJJB3rw7R45D2ZRZpF1VsWhxaUm,2,wallet,3Dg8M73bmUwST46rJDrFD3cqx1EU16isDL,False,True,3,1CuS2LJpJJB3rw7R45D2ZRZpF1VsWhxaUm|372683044|3Dg8M73bmUwST46rJDrFD3cqx1EU16isDL,wallet|transaction|wallet,|0.348035|0.385134,|0.348035|0.192567,||-0.0551794
1Cz5ZyR9zzLxGKjV4sYBduw5E4tGiP6ARJ,2,wallet,17ZnfRv8tdo4tfkMbbHLQiXntgkTUSjWTi,False,True,3,1Cz5ZyR9zzLxGKjV4sYBduw5E4tGiP6ARJ|30179457|17ZnfRv8tdo4tfkMbbHLQiXntgkTUSjWTi,wallet|transaction|wallet,|0.340889|0.385301,|0.340889|0.128434,||-0.0572898
1Cz6xyMqXjpVKWQB8XNDLyoKJnFwM52xLw,2,wallet,1DGThuQ6XqQ385W5NFEPc1kdb8YPoZrqnJ,False,True,3,1Cz6xyMqXjpVKWQB8XNDLyoKJnFwM52xLw|99175889|1DGThuQ6XqQ385W5NFEPc1kdb8YPoZrqnJ,wallet|transaction|wallet,|0.351109|0.385096,|0.351109|0.385096,||0.314145
1D1GFwsstXPp9RQiA2axNAJVRFdNvG3G6e,2,wallet,1AvjzxAFnLJDEsYNi9jXVvQz2RwWLiTpKj,False,True,3,1D1GFwsstXPp9RQiA2axNAJVRFdNvG3G6e|368757024|1AvjzxAFnLJDEsYNi9jXVvQz2RwWLiTpKj,wallet|transaction|wallet,|0.351248|0.385099,|0.351248|0.385099,||0.313415
1D1GKA7mWyKyAaNKPZUWVfQx18EQQvEeL9,2,wallet,3QQVwiJmB8me7apwnzMuLosdRXU2mooAgB,False,True,3,1D1GKA7mWyKyAaNKPZUWVfQx18EQQvEeL9|288367102|3QQVwiJmB8me7apwnzMuLosdRXU2mooAgB,wallet|transaction|wallet,|0.335794|0.385322,|0.335794|0.385322,||-0.161455
1D4KQj3eQRS3zypgZY4M97bqhWvcdZgFE4,2,wallet,37vy4kn1eMvtmUJ4LX4ihPqY1ZsqYcom2X,False,True,3,1D4KQj3eQRS3zypgZY4M97bqhWvcdZgFE4|268849739|37vy4kn1eMvtmUJ4LX4ihPqY1ZsqYcom2X,wallet|transaction|wallet,|0.346096|0.385164,|0.346096|0.192582,||0.0223145
1D4QYTp4kVnQoQ8jNDzwqFiJBcHysK4ScV,2,wallet,3AXRsxKrCYSDMqHWsvKguikFD2PJXGPi9s,False,True,3,1D4QYTp4kVnQoQ8jNDzwqFiJBcHysK4ScV|84374815|3AXRsxKrCYSDMqHWsvKguikFD2PJXGPi9s,wallet|transaction|wallet,|0.342715|0.385195,|0.342715|0.385195,||-0.0465108
1D4est3WyyZKWj1X2oZwAtiZBAoC61nQ56,2,wallet,3Mzy52xeU5nB68JyeAAYp4CUfu8Urb7aRk,False,True,3,1D4est3WyyZKWj1X2oZwAtiZBAoC61nQ56|175116342|3Mzy52xeU5nB68JyeAAYp4CUfu8Urb7aRk,wallet|transaction|wallet,|0.314299|0.385022,|0.314299|0.385022,||-0.343077
1D4rDJd4rVhf745gJYtP2QDdm75A7mkJZF,2,wallet,3JKWfvPgGP9cqRUzoexPXUox7EDrwo27P3,False,True,3,1D4rDJd4rVhf745gJYtP2QDdm75A7mkJZF|99676847|3JKWfvPgGP9cqRUzoexPXUox7EDrwo27P3,wallet|transaction|wallet,|0.349813|0.385109,|0.349813|0.0962773,||-0.0109209
1D8TbddCtt5C1rs8pnfLtVeYMc5eKTEJ8g,2,wallet,38xVRmZzgkrHzhSGfAneNyer8dp48HsfCM,False,True,3,1D8TbddCtt5C1rs8pnfLtVeYMc5eKTEJ8g|288471753|38xVRmZzgkrHzhSGfAneNyer8dp48HsfCM,wallet|transaction|wallet,|0.267617|0.385799,|0.267617|0.0964497,||-0.171772
1DG9CMgeoPKnatDkpxdW8ok3pTKx1Eqk13,2,wallet,12BRiG2j2Wt2JAmdY6TfVyBGZ9oGfMAuaD,False,True,3,1DG9CMgeoPKnatDkpxdW8ok3pTKx1Eqk13|96928354|12BRiG2j2Wt2JAmdY6TfVyBGZ9oGfMAuaD,wallet|transaction|wallet,|0.311753|0.385421,|0.311753|0.385421,||-0.343097
1DJ4hmg138FegR9ArRCgnWC7Tw167NCWPA,2,wallet,36gaepNQtPSWo3HhzrDpuNM1U1he8NqzRS,False,True,3,1DJ4hmg138FegR9ArRCgnWC7Tw167NCWPA|53783490|36gaepNQtPSWo3HhzrDpuNM1U1he8NqzRS,wallet|transaction|wallet,|0.324418|0.385348,|0.324418|0.385348,||-0.254318
1DLBMrNPinECaCMBXz27Re8sCTRkPnu4np,2,wallet,3HpLMNiZiVDENKTvUzADfwKdk2AZbpB59T,False,True,3,1DLBMrNPinECaCMBXz27Re8sCTRkPnu4np|84354631|3HpLMNiZiVDENKTvUzADfwKdk2AZbpB59T,wallet|transaction|wallet,|0.342323|0.385215,|0.342323|0.385215,||-0.0875968
1DQTomnzhGVAjy7zL1KM93VfW1ModpWGGY,2,wallet,31uhUhpR6mkWJL3QNYxavcAQPHUxFv46aq,False,True,3,1DQTomnzhGVAjy7zL1KM93VfW1ModpWGGY|11320206|31uhUhpR6mkWJL3QNYxavcAQPHUxFv46aq,wallet|transaction|wallet,|0.200892|0.385573,|0.200892|0.192786,||-0.118719
1DQhujDv2ruseDj8z4mjiYYpvXrD6EBJiB,2,wallet,15LZ2G4U9jxbeqTYoF2EoNoJsSKmU8J9o7,False,True,3,1DQhujDv2ruseDj8z4mjiYYpvXrD6EBJiB|246043602|15LZ2G4U9jxbeqTYoF2EoNoJsSKmU8J9o7,wallet|transaction|wallet,|0.350307|0.385165,|0.350307|0.128388,||-0.0144014
1DQsb7Dw2MdGtiYQ7wkfWcGxJZxtDqZi78,2,wallet,3Ad3HDr3fK2VBbJE1uLLXTttgm2txUaTLb,False,True,3,1DQsb7Dw2MdGtiYQ7wkfWcGxJZxtDqZi78|10174186|3Ad3HDr3fK2VBbJE1uLLXTttgm2txUaTLb,wallet|transaction|wallet,|0.245565|0.38553,|0.245565|0.38553,||-0.466233
1DSSPY8SRjcF4UfaS92hnYff1wcxhZ18oZ,2,wallet,1JENymRc89THW9KMinnJM6Te7Tmayzks61,False,True,3,1DSSPY8SRjcF4UfaS92hnYff1wcxhZ18oZ|339095199|1JENymRc89THW9KMinnJM6Te7Tmayzks61,wallet|transaction|wallet,|0.351818|0.385047,|0.0319834|0.385047,||0.322393
1DT8SP3fZVcL3snMGaqttGuHzP4khPfw84,2,wallet,1Hf9dVeWob1cm8Ey7uXefNAJsNUxmjVjet,False,True,3,1DT8SP3fZVcL3snMGaqttGuHzP4khPfw84|100045364|1Hf9dVeWob1cm8Ey7uXefNAJsNUxmjVjet,wallet|transaction|wallet,|0.351251|0.385089,|0.351251|0.385089,||0.326065
1DV7WFPSw6pUmCE4Gi4vQiuafshTY8RAJu,2,wallet,3BhPkcjjh13QwpzCUFP4PMoWkCtbNdo1a2,False,True,3,1DV7WFPSw6pUmCE4Gi4vQiuafshTY8RAJu|30179327|3BhPkcjjh13QwpzCUFP4PMoWkCtbNdo1a2,wallet|transaction|wallet,|0.302061|0.385394,|0.302061|0.385394,||-0.361079
1DWgS22gL6FgpAskV7oWhtaseCqZbi5X4Z,2,wallet,3JZXwKuGCr5pJcCAgjqqrcRKkBSqQS6Ncg,False,True,3,1DWgS22gL6FgpAskV7oWhtaseCqZbi5X4Z|46862458|3JZXwKuGCr5pJcCAgjqqrcRKkBSqQS6Ncg,wallet|transaction|wallet,|0.1838|0.38557,|0.1838|0.38557,||-0.484291
1DXCmkj6i8664uamVzDBFksNUmJn1iRXUw,2,wallet,3LT7YtppGZuB55EHubikYytHdjBbGvWhuL,False,True,3,1DXCmkj6i8664uamVzDBFksNUmJn1iRXUw|53782276|3LT7YtppGZuB55EHubikYytHdjBbGvWhuL,wallet|transaction|wallet,|0.259595|0.385422,|0.259595|0.192711,||-0.297488
1DXNM8crL8apXBbdsdo8DmVTRr6nxG8fBm,2,wallet,3JKWfvPgGP9cqRUzoexPXUox7EDrwo27P3,False,True,3,1DXNM8crL8apXBbdsdo8DmVTRr6nxG8fBm|99676847|3JKWfvPgGP9cqRUzoexPXUox7EDrwo27P3,wallet|transaction|wallet,|0.349813|0.385109,|0.349813|0.0962773,||-0.0109209
1Dab3aoqoSovjjSuYtDrUnpyyxCZ5dTVex,2,wallet,38n1quikEj2XbqX3xUJfBNkK8k4Wp3dNYs,False,True,3,1Dab3aoqoSovjjSuYtDrUnpyyxCZ5dTVex|92736300|38n1quikEj2XbqX3xUJfBNkK8k4Wp3dNYs,wallet|transaction|wallet,|0.327975|0.385317,|0.327975|0.385317,||-0.274136
1DdBkiQDKyH8G8yWmei798c7HiTddb2y92,2,wallet,3EbsSuH5gtbdctYw7Bd7mGxE7DGP4QHq4k,False,True,3,1DdBkiQDKyH8G8yWmei798c7HiTddb2y92|268855050|3EbsSuH5gtbdctYw7Bd7mGxE7DGP4QHq4k,wallet|transaction|wallet,|0.34129|0.385184,|0.34129|0.128395,||-0.083149
1DeCKSzVWV3t7mecxhfmWpdEJzuBWXJHQM,2,wallet,13qPa63gGEr2M5yAFmZYAYw7Ju3cT5TBJV,False,True,3,1DeCKSzVWV3t7mecxhfmWpdEJzuBWXJHQM|355110973|13qPa63gGEr2M5yAFmZYAYw7Ju3cT5TBJV,wallet|transaction|wallet,|0.34803|0.385204,|0.34803|0.385204,||0.204495
1Deu8SS8jTcDV8gPDTYYoeUy7UHm9HkYXB,2,wallet,19fpnWuT3JrnsfR5P1Cdru5KLEKZxeB4q9,False,True,3,1Deu8SS8jTcDV8gPDTYYoeUy7UHm9HkYXB|268800574|19fpnWuT3JrnsfR5P1Cdru5KLEKZxeB4q9,wallet|transaction|wallet,|0.350759|0.385125,|0.350759|0.385125,||0.293254
1DfQCCRFHZQsnqQoSDbPieAiGRp3bLqUfx,2,wallet,3Fr1H62NuXsEXFcvi9GTmfhKVvA2ec5cf7,False,True,3,1DfQCCRFHZQsnqQoSDbPieAiGRp3bLqUfx|130377008|3Fr1H62NuXsEXFcvi9GTmfhKVvA2ec5cf7,wallet|transaction|wallet,|0.340671|0.385192,|0.340671|0.192596,||-0.154493
1DfncZQJR3Qrzff7x9CEPKoEuxynrVXPMo,2,wallet,1GAuUCKjRvtoGEdWDKXJybt3BTRbFZHdVA,False,True,3,1DfncZQJR3Qrzff7x9CEPKoEuxynrVXPMo|98979346|1GAuUCKjRvtoGEdWDKXJybt3BTRbFZHdVA,wallet|transaction|wallet,|0.351544|0.38509,|0.351544|0.192545,||0.00195238
1DgGVRTzUUiBn98r3gv22Q1zhmZMSJvibk,2,wallet,37eLhmL47dJEnKQdfyqUn4RzcD2r75X8zB,False,True,3,1DgGVRTzUUiBn98r3gv22Q1zhmZMSJvibk|30165216|37eLhmL47dJEnKQdfyqUn4RzcD2r75X8zB,wallet|transaction|wallet,|0.0365926|0.38565,|0.0365926|0.38565,||-0.509381
1DgQPUGZg67rzoQGeEQqMJESGc4whf6hEm,2,wallet,3HyqUfX7m7PNPxqgN3KkajodvFJf1y1DvX,False,True,3,1DgQPUGZg67rzoQGeEQqMJESGc4whf6hEm|312223867|3HyqUfX7m7PNPxqgN3KkajodvFJf1y1DvX,wallet|transaction|wallet,|0.34745|0.38514,|0.34745|0.38514,||0.0738192
1DhQ8rXjSGp4Qns9Su4iyLxCpkUkX5knb,2,wallet,3656kvgPgpLC55LrL2gmPesZjcmxcAmgCL,False,True,3,1DhQ8rXjSGp4Qns9Su4iyLxCpkUkX5knb|21189498|3656kvgPgpLC55LrL2gmPesZjcmxcAmgCL,wallet|transaction|wallet,|0.274429|0.385454,|0.274429|0.385454,||-0.422491
1DhXA7uuXVSrkeS6eb75mLimCj19EhNMnf,2,wallet,3Lkpae7zPAmoQ22ZNqFTv4WruChi5BZH3J,False,True,3,1DhXA7uuXVSrkeS6eb75mLimCj19EhNMnf|96648747|3Lkpae7zPAmoQ22ZNqFTv4WruChi5BZH3J,wallet|transaction|wallet,|0.335675|0.385367,|0.335675|0.385367,||-0.109744
1Dj46q6SxqzBLTZg2fAgiy6yJrQEcLi9FZ,2,wallet,1C7YnCQZ4bx14zo7LHndhyRTSQoP47yaJ9,False,True,3,1Dj46q6SxqzBLTZg2fAgiy6yJrQEcLi9FZ|130897299|1C7YnCQZ4bx14zo7LHndhyRTSQoP47yaJ9,wallet|transaction|wallet,|0.350992|0.385099,|0.350992|0.385099,||0.316855
1Dk8os4Z7dmVfzy99rmrb5zzgFboaRNTQS,2,wallet,3A6JRz4aaf2bMKJrcBkBLxHe9QmWKZEjzu,False,True,3,1Dk8os4Z7dmVfzy99rmrb5zzgFboaRNTQS|321252663|3A6JRz4aaf2bMKJrcBkBLxHe9QmWKZEjzu,wallet|transaction|wallet,|0.34639|0.385148,|0.34639|0.385148,||0.0308363
1Dm3FUp8gmxbXMn7smbV6Ar34c5HtDamPT,2,wallet,34niHcf4Nb1qFZMVEn81CVhv2T6ACncL6h,False,True,3,1Dm3FUp8gmxbXMn7smbV6Ar34c5HtDamPT|99675596|34niHcf4Nb1qFZMVEn81CVhv2T6ACncL6h,wallet|transaction|wallet,|0.350138|0.385107,|0.350138|0.128369,||0.0513667
1DpQqPWMk61ArUgAmoNkFjQoJDN46Kcsjr,2,wallet,33qEhyXtaY6DDHXGHWJF5AojRDNXi9ecao,False,True,3,1DpQqPWMk61ArUgAmoNkFjQoJDN46Kcsjr|99932170|33qEhyXtaY6DDHXGHWJF5AojRDNXi9ecao,wallet|transaction|wallet,|0.348975|0.38509,|0.348975|0.128363,||0.0524121
1E2cyuBHLk7wAvfzScL1cRFgGuwZkA1Edv,2,wallet,3Ju12M8GcNmCdGgsi4EZwF1nAtn4PznfXp,False,True,3,1E2cyuBHLk7wAvfzScL1cRFgGuwZkA1Edv|308021481|3Ju12M8GcNmCdGgsi4EZwF1nAtn4PznfXp,wallet|transaction|wallet,|0.351227|0.385105,|0.351227|0.385105,||0.294064
1E2k3neyxWUTmLUfqsEgBbq6oLrkFwP9v5,2,wallet,1K66oKohvLSdfpST1tvpkjwds3cK6K6Tb8,False,True,3,1E2k3neyxWUTmLUfqsEgBbq6oLrkFwP9v5|30179371|1K66oKohvLSdfpST1tvpkjwds3cK6K6Tb8,wallet|transaction|wallet,|0.346284|0.385264,|0.346284|0.385264,||0.113938
1E2w7wbGg3VfPp1fNYKZjPSVbfrqtAHFAj,2,wallet,13N1e5WdY6pB49carmWXbtoNx56pxmepaj,False,True,3,1E2w7wbGg3VfPp1fNYKZjPSVbfrqtAHFAj|116253609|13N1e5WdY6pB49carmWXbtoNx56pxmepaj,wallet|transaction|wallet,|0.350398|0.385134,|0.350398|0.385134,||0.286305
1E3oNGqzpxsKeVxgwpe6x5fqWdmRW5YMu1,2,wallet,1D7ahoGnBq1Dty6ce3p5h3oMueKCdrtn3U,False,True,3,1E3oNGqzpxsKeVxgwpe6x5fqWdmRW5YMu1|84331383|1D7ahoGnBq1Dty6ce3p5h3oMueKCdrtn3U,wallet|transaction|wallet,|0.350057|0.385144,|0.350057|0.385144,||0.270897
1EAj7rcr4FxquwGy7Kd1qrAaX7TsSD38gT,2,wallet,1JpfyERT377LdP19kJ5Cfz5j1X7Yd4AwdL,False,True,3,1EAj7rcr4FxquwGy7Kd1qrAaX7TsSD38gT|213090522|1JpfyERT377LdP19kJ5Cfz5j1X7Yd4AwdL,wallet|transaction|wallet,|0.315745|0.385289,|0.315745|0.385289,||-0.369431
1EAoChb2t6uo2oeqz14T4icsVvoFsKWFhY,2,wallet,3JKWfvPgGP9cqRUzoexPXUox7EDrwo27P3,False,True,3,1EAoChb2t6uo2oeqz14T4icsVvoFsKWFhY|99676847|3JKWfvPgGP9cqRUzoexPXUox7EDrwo27P3,wallet|transaction|wallet,|0.349813|0.385109,|0.349813|0.0962773,||-0.0109209
1ECfjBmjp3DV4wazcxteToVYuguQTjGVWB,2,wallet,19XBPgWQkgjq3qsM19D9qfaLRs4bFi767t,False,True,3,1ECfjBmjp3DV4wazcxteToVYuguQTjGVWB|92784692|19XBPgWQkgjq3qsM19D9qfaLRs4bFi767t,wallet|transaction|wallet,|0.347557|0.385217,|0.347557|0.385217,||0.186493
1EEwTW1AARKukdTS28mXBLRb9nP9xhLNyp,2,wallet,1JjZA7RXQu1Xgk6RJTXjm6uWrJnUqQdmeY,False,True,3,1EEwTW1AARKukdTS28mXBLRb9nP9xhLNyp|234166497|1JjZA7RXQu1Xgk6RJTXjm6uWrJnUqQdmeY,wallet|transaction|wallet,|0.345057|0.385025,|0.345057|0.385025,||0.00607473
1EGLx1soZTibT7Gho5YNafx4DEN1SBQFeK,2,wallet,1E8XarMZUBRkB1AnGScBtDizH34Sf992E1,False,True,3,1EGLx1soZTibT7Gho5YNafx4DEN1SBQFeK|355110329|1E8XarMZUBRkB1AnGScBtDizH34Sf992E1,wallet|transaction|wallet,|0.348346|0.385197,|0.348346|0.385197,||0.219797
1EM2Z5ZZR2Wts8bNHgnmn6yUeradHz4Yt6,2,wallet,3EQH4Lm7uQMrSCiUE5ZgRreif1RNnRRY2v,False,True,3,1EM2Z5ZZR2Wts8bNHgnmn6yUeradHz4Yt6|84742093|3EQH4Lm7uQMrSCiUE5ZgRreif1RNnRRY2v,wallet|transaction|wallet,|0.343464|0.385195,|0.343464|0.128398,||-0.0235229
1EMYzKTiRKXXBrxxgMcw1F6MbEGq6wmPp6,2,wallet,3HFoJainYN6hrZr3cX1w39WTdLVqpN8Pfu,False,True,3,1EMYzKTiRKXXBrxxgMcw1F6MbEGq6wmPp6|355092717|3HFoJainYN6hrZr3cX1w39WTdLVqpN8Pfu,wallet|transaction|wallet,|0.33216|0.385286,|0.33216|0.385286,||-0.247863
1EV3ExWCK8XnXqk7Unns5t8UFoVNDiBaCq,2,wallet,3HrocemPRUUWdanxnDKPTgcZpxrZzbR3ue,False,True,3,1EV3ExWCK8XnXqk7Unns5t8UFoVNDiBaCq|331536652|3HrocemPRUUWdanxnDKPTgcZpxrZzbR3ue,wallet|transaction|wallet,|0.350243|0.385121,|0.350243|0.385121,||0.253132
1EX2H8gP7P9qSDc9waCHFcG5QsDjy3DTMd,2,wallet,1CvZ8CA8jrPVzZ216BAx3q9tt7eWaDhM8b,False,True,3,1EX2H8gP7P9qSDc9waCHFcG5QsDjy3DTMd|208930302|1CvZ8CA8jrPVzZ216BAx3q9tt7eWaDhM8b,wallet|transaction|wallet,|0.351364|0.385082,|0.351364|0.385082,||0.328471
1EavwgNxN7RQkW1yNZz9SfXj6sQXaV91aD,2,wallet,1BfRNp8yTKsxwKsCvE6bUjJ92RDiPXvkfq,False,True,3,1EavwgNxN7RQkW1yNZz9SfXj6sQXaV91aD|376207744|1BfRNp8yTKsxwKsCvE6bUjJ92RDiPXvkfq,wallet|transaction|wallet,|0.348395|0.3852,|0.348395|0.3852,||0.198571
1EbsZdCeuQ8chs62hDn1iZrbAM1DbHLbap,2,wallet,1FdasHzRoDqb5BkJggxeGSFuBWnjKbcGaA,False,True,3,1EbsZdCeuQ8chs62hDn1iZrbAM1DbHLbap|97009620|1FdasHzRoDqb5BkJggxeGSFuBWnjKbcGaA,wallet|transaction|wallet,|0.335348|0.385369,|0.335348|0.385369,||-0.114892
1EcbRghDnxuxjMyqz1eppWbpH97f2pSpFa,2,wallet,31iZopYrA7fP9NqdVnSZ6xRzmVfhiS6fuD,False,True,3,1EcbRghDnxuxjMyqz1eppWbpH97f2pSpFa|165594204|31iZopYrA7fP9NqdVnSZ6xRzmVfhiS6fuD,wallet|transaction|wallet,|0.34773|0.385164,|0.34773|0.128388,||-0.038238
1EddB8QQuYStiXC1vxKreSKNiMsBsZ9EzS,2,wallet,3M3Wp24aJ5KSsB6ToKTVRx4f6L5CACwrGH,False,True,3,1EddB8QQuYStiXC1vxKreSKNiMsBsZ9EzS|372682840|3M3Wp24aJ5KSsB6ToKTVRx4f6L5CACwrGH,wallet|transaction|wallet,|0.348047|0.385134,|0.348047|0.192567,||0.0605614
1EhoSBYgBUFf5xgM6HMqGYGUgCpKfKVN1c,2,wallet,35fNF5Uwbsoa5ABPCUvKZNyuAV7S9sJTou,False,True,3,1EhoSBYgBUFf5xgM6HMqGYGUgCpKfKVN1c|237370504|35fNF5Uwbsoa5ABPCUvKZNyuAV7S9sJTou,wallet|transaction|wallet,|0.212479|0.386877,|0.212479|0.128959,||-0.184801
1EjqGRwnMTgkPJT6DGpR4G6fo9N81mE1M1,2,wallet,1Q9M6WmqLAB2YXAB2ufgVYcUdXEWW6Pm9t,False,True,3,1EjqGRwnMTgkPJT6DGpR4G6fo9N81mE1M1|355962407|1Q9M6WmqLAB2YXAB2ufgVYcUdXEWW6Pm9t,wallet|transaction|wallet,|0.348718|0.385185,|0.348718|0.385185,||0.24473
1Eo65vStapTAcA4FR1E2NHS7pzLzob12s1,2,wallet,3BDNgqHoF4tKjdgi8Yt8S3dQ9SVcLpngHg,False,True,3,1Eo65vStapTAcA4FR1E2NHS7pzLzob12s1|288602158|3BDNgqHoF4tKjdgi8Yt8S3dQ9SVcLpngHg,wallet|transaction|wallet,|0.000519037|0.385572,|0.000519037|0.096393,||-0.17605
1Erx6c6w1guJMY91651p17qnR5K4ZGVMfC,2,wallet,3JdH915hUuu39oTPjMFnmjjGY1BCrk5EU1,False,True,3,1Erx6c6w1guJMY91651p17qnR5K4ZGVMfC|85005412|3JdH915hUuu39oTPjMFnmjjGY1BCrk5EU1,wallet|transaction|wallet,|0.349913|0.385148,|0.349913|0.385148,||0.262578
1EshNsC478YF1enBn1wkUD5P6LGvfGgFMN,2,wallet,1EctfqZtHqkENQ84skkgU7R5eMDJ9AK2gm,False,True,3,1EshNsC478YF1enBn1wkUD5P6LGvfGgFMN|92560136|1EctfqZtHqkENQ84skkgU7R5eMDJ9AK2gm,wallet|transaction|wallet,|0.347294|0.385217,|0.347294|0.385217,||0.186163
1Eup3sFV5XMckk3WYwu5qFk6a1Y7fxffHJ,2,wallet,1JBHhCZLJHZpYtKu63Fjc73AnevR2Fc3sM,False,True,3,1Eup3sFV5XMckk3WYwu5qFk6a1Y7fxffHJ|50306363|1JBHhCZLJHZpYtKu63Fjc73AnevR2Fc3sM,wallet|transaction|wallet,|0.328581|0.385431,|0.328581|0.385431,||-0.165848
1Ey3dhcHabdCiV9S2EmH6RH8SvmwDsyKRP,2,wallet,38xVRmZzgkrHzhSGfAneNyer8dp48HsfCM,False,True,3,1Ey3dhcHabdCiV9S2EmH6RH8SvmwDsyKRP|288471753|38xVRmZzgkrHzhSGfAneNyer8dp48HsfCM,wallet|transaction|wallet,|0.267617|0.385799,|0.267617|0.0964497,||-0.171772
1EySn6oG9Exe3898uEuQxqqaoRsjSmzgKS,2,wallet,1B1wpKHCVSdgss6t2HngjjToTFv5PyVpcD,False,True,3,1EySn6oG9Exe3898uEuQxqqaoRsjSmzgKS|84355177|1B1wpKHCVSdgss6t2HngjjToTFv5PyVpcD,wallet|transaction|wallet,|0.350711|0.385141,|0.350711|0.385141,||0.259479
1F1nFWW1x7Rk3FL8VQBMgfFD6z3v9SkNmc,2,wallet,3A6JRz4aaf2bMKJrcBkBLxHe9QmWKZEjzu,False,True,3,1F1nFWW1x7Rk3FL8VQBMgfFD6z3v9SkNmc|321252663|3A6JRz4aaf2bMKJrcBkBLxHe9QmWKZEjzu,wallet|transaction|wallet,|0.34639|0.385148,|0.34639|0.385148,||0.0308363
1F6SAPGftES3ZxuDhgcZEGQsYzhN1GoAJb,2,wallet,3Qe33iDwqJrzFFfwiyiwSwEGCjwyf14sm4,False,True,3,1F6SAPGftES3ZxuDhgcZEGQsYzhN1GoAJb|312108743|3Qe33iDwqJrzFFfwiyiwSwEGCjwyf14sm4,wallet|transaction|wallet,|0.341621|0.385173,|0.341621|0.0641956,||-0.0437453
1F9u134txG3PzmA8ygiAatEmD9YmCo2K4d,2,wallet,1NQig4v6mJSJWNq4vEgeP6WJQMxSrbbFr4,False,True,3,1F9u134txG3PzmA8ygiAatEmD9YmCo2K4d|272481965|1NQig4v6mJSJWNq4vEgeP6WJQMxSrbbFr4,wallet|transaction|wallet,|0.350501|0.385128,|0.350501|0.192564,||0.130986
1FALyYWev9DVj1r9SZLz4VdAwC5dzuB3AC,2,wallet,3DHwSm3Q5Z3PHHVKWE43FiUKo9ijo6LrUe,False,True,3,1FALyYWev9DVj1r9SZLz4VdAwC5dzuB3AC|54767680|3DHwSm3Q5Z3PHHVKWE43FiUKo9ijo6LrUe,wallet|transaction|wallet,|0.18532|0.385438,|0.18532|0.385438,||-0.472231
1FAMczJMS2Eh81HhENkh7t5Wpwwf642F5U,2,wallet,144ZFfucFXteQzEC245xmEQn9ijKfkd53d,False,True,3,1FAMczJMS2Eh81HhENkh7t5Wpwwf642F5U|65356275|144ZFfucFXteQzEC245xmEQn9ijKfkd53d,wallet|transaction|wallet,|0.346809|0.38525,|0.346809|0.38525,||0.119273
1FAmU3RyV4fM9CKcaZ29bMF5GpLW55MuMM,2,wallet,3CWNv8JurEUrCBTKHWeHYCNRxZvafJYDvk,False,True,3,1FAmU3RyV4fM9CKcaZ29bMF5GpLW55MuMM|84373476|3CWNv8JurEUrCBTKHWeHYCNRxZvafJYDvk,wallet|transaction|wallet,|0.343588|0.385194,|0.343588|0.192597,||-0.0146513
1FBoYi7uF6G9vpU3KvQBmqjTgPWRfqhtph,2,wallet,1GzzkPUG94WHXgPkdCUpEsKyG95GAh6wqW,False,True,3,1FBoYi7uF6G9vpU3KvQBmqjTgPWRfqhtph|105447996|1GzzkPUG94WHXgPkdCUpEsKyG95GAh6wqW,wallet|transaction|wallet,|0.343383|0.385311,|0.343383|0.385311,||0.112724
1FEp6Zx3tkk3rgshKCV3AbhyQifGfFpTP8,2,wallet,354nJAzZaw3CGbqNtNEPPh7w9WZvCgxark,False,True,3,1FEp6Zx3tkk3rgshKCV3AbhyQifGfFpTP8|268861287|354nJAzZaw3CGbqNtNEPPh7w9WZvCgxark,wallet|transaction|wallet,|0.345485|0.38517,|0.345485|0.38517,||0.00797755
1FEup2ixsz2g79muyiyzgMSAqa9WU5xx55,2,wallet,37vy4kn1eMvtmUJ4LX4ihPqY1ZsqYcom2X,False,True,3,1FEup2ixsz2g79muyiyzgMSAqa9WU5xx55|268849739|37vy4kn1eMvtmUJ4LX4ihPqY1ZsqYcom2X,wallet|transaction|wallet,|0.346096|0.385164,|0.346096|0.192582,||0.0223145
1FFziVrp4VXddMwPniuANrLu7NddiPXPxP,2,wallet,13xyyTymEp91gQr9iQ3AfTJX5LYe1LCxFK,False,True,3,1FFziVrp4VXddMwPniuANrLu7NddiPXPxP|30179369|13xyyTymEp91gQr9iQ3AfTJX5LYe1LCxFK,wallet|transaction|wallet,|0.34599|0.385264,|0.34599|0.385264,||0.117301
1FJqNKxwjoQnmdGqx6Fjd5r7pxNQYXuCZR,2,wallet,3JF6gzYu4amnWNWyysA4DioEeUz2Z4Xx1R,False,True,3,1FJqNKxwjoQnmdGqx6Fjd5r7pxNQYXuCZR|29623995|3JF6gzYu4amnWNWyysA4DioEeUz2Z4Xx1R,wallet|transaction|wallet,|0.344027|0.385295,|0.344027|0.385295,||0.0289674
1FLktbDyHuqGk62MaKJ1b6NK5hah3VRGYb,2,wallet,1JsF35yFwJ51CgQ5jzLagaBpe7QxBjdib6,False,True,3,1FLktbDyHuqGk62MaKJ1b6NK5hah3VRGYb|97009619|1JsF35yFwJ51CgQ5jzLagaBpe7QxBjdib6,wallet|transaction|wallet,|0.338683|0.385345,|0.169341|0.385345,||-0.0580426
1FQNug1fwM9qW4yVsg4qhVCKjirT5xSKNh,2,wallet,3M3Wp24aJ5KSsB6ToKTVRx4f6L5CACwrGH,False,True,3,1FQNug1fwM9qW4yVsg4qhVCKjirT5xSKNh|372682840|3M3Wp24aJ5KSsB6ToKTVRx4f6L5CACwrGH,wallet|transaction|wallet,|0.348047|0.385134,|0.348047|0.192567,||0.0605614
1FSXSnf99qy5XtNhY8FY2ktmuonik8wHj6,2,wallet,3QdpY1oVe5BPSy9w4B1qRnZVKRWTD4EXVh,False,True,3,1FSXSnf99qy5XtNhY8FY2ktmuonik8wHj6|10864015|3QdpY1oVe5BPSy9w4B1qRnZVKRWTD4EXVh,wallet|transaction|wallet,|0.295491|0.385292,|0.295491|0.0963229,||-0.138253
1FSjyV4qSdVxBM2vbjpaMSYuG1TRubwMj6,2,wallet,3LhajNYZBP6fYYBGbEeZduS4mxgKh3bmjQ,False,True,3,1FSjyV4qSdVxBM2vbjpaMSYuG1TRubwMj6|99675953|3LhajNYZBP6fYYBGbEeZduS4mxgKh3bmjQ,wallet|transaction|wallet,|0.35045|0.385091,|0.35045|0.192545,||-0.00469303
1FT5U4KKxMavFJrrFDt6hLWPCvQEtsU3Hp,2,wallet,1ByqSru5E3Nrwhvsq5tyXHzbHNMsAUuE5W,False,True,3,1FT5U4KKxMavFJrrFDt6hLWPCvQEtsU3Hp|280526433|1ByqSru5E3Nrwhvsq5tyXHzbHNMsAUuE5W,wallet|transaction|wallet,|0.352288|0.404697,|0.0880721|0.202349,||0.00173771
1FTsC3T1oRap35nhRYAkvpwsFvH3e9LuHE,2,wallet,17VjaGj9BbKVW1qVyXjN9n4W7N6NQ9vBAC,False,True,3,1FTsC3T1oRap35nhRYAkvpwsFvH3e9LuHE|95601893|17VjaGj9BbKVW1qVyXjN9n4W7N6NQ9vBAC,wallet|transaction|wallet,|0.346749|0.385233,|0.346749|0.385233,||0.14684
1FWhNKV8Ae3Jo6praBuE5CeYNUiSyNmEKA,2,wallet,3CYQR53n8CxDRZMNtkt1AGo8mCByMxuCXq,False,True,3,1FWhNKV8Ae3Jo6praBuE5CeYNUiSyNmEKA|268856573|3CYQR53n8CxDRZMNtkt1AGo8mCByMxuCXq,wallet|transaction|wallet,|0.344833|0.385174,|0.344833|0.385174,||-0.025371
1FYFTYHjhbd5f87UwfiTGvk2sHxpYh9iuC,2,wallet,16jA3UFPf8YvD3skeXdogWEDccp6ioADdr,False,True,3,1FYFTYHjhbd5f87UwfiTGvk2sHxpYh9iuC|170582752|16jA3UFPf8YvD3skeXdogWEDccp6ioADdr,wallet|transaction|wallet,|0.350648|0.385122,|0.350648|0.385122,||0.299595
1Fcn1a4Xw3uoeU2kk2WRGwKoWJ9BA63eJj,2,wallet,1PTYsMiJKqZssSoy7m6nifTjNb4V8sdgw6,False,True,3,1Fcn1a4Xw3uoeU2kk2WRGwKoWJ9BA63eJj|195422283|1PTYsMiJKqZssSoy7m6nifTjNb4V8sdgw6,wallet|transaction|wallet,|0.329678|0.385425,|0.329678|0.385425,||-0.158875
1FdF7QM9vU5YSXdxjSMJNqBUzWHmp8o6B6,2,wallet,1KcJtaJzvftrBPRscQhWCHGGG5rmkudnL8,False,True,3,1FdF7QM9vU5YSXdxjSMJNqBUzWHmp8o6B6|208930299|1KcJtaJzvftrBPRscQhWCHGGG5rmkudnL8,wallet|transaction|wallet,|0.351526|0.385082,|0.351526|0.385082,||0.319114
1FigfkiEwCWTtqg17Vh3tmxsQuPfmVUMxE,2,wallet,13cBZt2p6UGe7yvUFg7KDHpsDbJjLT89qk,False,True,3,1FigfkiEwCWTtqg17Vh3tmxsQuPfmVUMxE|268969043|13cBZt2p6UGe7yvUFg7KDHpsDbJjLT89qk,wallet|transaction|wallet,|0.350616|0.385122,|0.350616|0.385122,||0.299684
1FirRGh1rw5LsAukjFQgeo9A7JBvDc9q1d,2,wallet,16EQy1bDF2NyawvnXAiXjnSHHDbZn2DiDx,False,True,3,1FirRGh1rw5LsAukjFQgeo9A7JBvDc9q1d|195422169|16EQy1bDF2NyawvnXAiXjnSHHDbZn2DiDx,wallet|transaction|wallet,|0.33251|0.385416,|0.33251|0.385416,||-0.13282
1FmuoxTvvbf9vYX8KXQ8tYpotSmxfpHSxv,2,wallet,38xVRmZzgkrHzhSGfAneNyer8dp48HsfCM,False,True,3,1FmuoxTvvbf9vYX8KXQ8tYpotSmxfpHSxv|288471753|38xVRmZzgkrHzhSGfAneNyer8dp48HsfCM,wallet|transaction|wallet,|0.267617|0.385799,|0.267617|0.0964497,||-0.171772
1Fpv8p2fFMpNvGSnXW6KmykCVmzvbRqAQG,2,wallet,164k4PHuAYjrdtEszhLfWd16F1yhtyv6Hi,False,True,3,1Fpv8p2fFMpNvGSnXW6KmykCVmzvbRqAQG|105879142|164k4PHuAYjrdtEszhLfWd16F1yhtyv6Hi,wallet|transaction|wallet,|0.340783|0.385339,|0.340783|0.385339,||0.0319813
1FqPQdkQwExgSXDdg5SGJRcwFpVWfUdefC,2,wallet,16b7bjrBf2Pe3VCQ7267UNNxj79gP5e7Zq,False,True,3,1FqPQdkQwExgSXDdg5SGJRcwFpVWfUdefC|69769534|16b7bjrBf2Pe3VCQ7267UNNxj79gP5e7Zq,wallet|transaction|wallet,|0.347894|0.385246,|0.347894|0.192623,||-0.00167823
1FsByBreT6gm2UjzU9c4LfuW62bbvPZnGT,2,wallet,38cSdnbKWx3jjMciRRhXbyibwQdfRf2fVj,False,True,3,1FsByBreT6gm2UjzU9c4LfuW62bbvPZnGT|175117301|38cSdnbKWx3jjMciRRhXbyibwQdfRf2fVj,wallet|transaction|wallet,|0.319552|0.38502,|0.319552|0.38502,||-0.286658
1FvQK3p1rGoPwb22rUZmqbLjRoDqBYX5yT,2,wallet,3Bpbev1NCGA2yJBao8yVzNYFe7boER3b4F,False,True,3,1FvQK3p1rGoPwb22rUZmqbLjRoDqBYX5yT|332329138|3Bpbev1NCGA2yJBao8yVzNYFe7boER3b4F,wallet|transaction|wallet,|0.348841|0.385132,|0.348841|0.385132,||0.182111
1FzfRNPPF5UY6YRVVbPuwUaVhy3mcgLbVo,2,wallet,1JcWawH8dUg7wBg2EskWu89X1C53pLqvKX,False,True,3,1FzfRNPPF5UY6YRVVbPuwUaVhy3mcgLbVo|72630297|1JcWawH8dUg7wBg2EskWu89X1C53pLqvKX,wallet|transaction|wallet,|0.312351|0.385498,|0.312351|0.385498,||-0.348678
1G1ns6ZDgdSmvyWJc15cTbXxTxXKYR2EU3,2,wallet,15YsnRjKPVQv4X5E2kUBUw2DcxV948Q9pT,False,True,3,1G1ns6ZDgdSmvyWJc15cTbXxTxXKYR2EU3|331610689|15YsnRjKPVQv4X5E2kUBUw2DcxV948Q9pT,wallet|transaction|wallet,|0.351349|0.385101,|0.351349|0.128367,||-0.000346502
1G8yPabEjtMrzZRyfFDJcsP4tWEWd9Vmt1,2,wallet,3McM6pZhEuHj7zeMV4Hrk4Na4NxQGsJpbH,False,True,3,1G8yPabEjtMrzZRyfFDJcsP4tWEWd9Vmt1|99942296|3McM6pZhEuHj7zeMV4Hrk4Na4NxQGsJpbH,wallet|transaction|wallet,|0.339052|0.403197,|0.339052|0.0671995,||-0.0826547
1GD9qAxPBMYmMLrhr2XBgtjrkcAtaKzcQ3,2,wallet,3MFgnzT5jgzABC67f73Zb5DL8dJfLCerYu,False,True,3,1GD9qAxPBMYmMLrhr2XBgtjrkcAtaKzcQ3|268865654|3MFgnzT5jgzABC67f73Zb5DL8dJfLCerYu,wallet|transaction|wallet,|0.345793|0.385159,|0.345793|0.192579,||-0.0434446
1GEMgfKsmrf4EZc1joF65xYzfNCCmBUUak,2,wallet,1HmNvWvYYjN4RccEyaYq3bL23g8NU5fHoZ,False,True,3,1GEMgfKsmrf4EZc1joF65xYzfNCCmBUUak|154828129|1HmNvWvYYjN4RccEyaYq3bL23g8NU5fHoZ,wallet|transaction|wallet,|0.350764|0.385113,|0.350764|0.385113,||0.306698
1GHXEhzaPyDDo8MUVqvjxxfQ6xDj25N9TW,2,wallet,3CYQR53n8CxDRZMNtkt1AGo8mCByMxuCXq,False,True,3,1GHXEhzaPyDDo8MUVqvjxxfQ6xDj25N9TW|268856573|3CYQR53n8CxDRZMNtkt1AGo8mCByMxuCXq,wallet|transaction|wallet,|0.344833|0.385174,|0.344833|0.385174,||-0.025371
1GJKfrVSwiR1T5iZ759Q9NhK1YXzL8Dz1y,2,wallet,33zfgTVEPBSjFLQggZV8UbXBS59ydy66iM,False,True,3,1GJKfrVSwiR1T5iZ759Q9NhK1YXzL8Dz1y|84375307|33zfgTVEPBSjFLQggZV8UbXBS59ydy66iM,wallet|transaction|wallet,|0.345223|0.385191,|0.345223|0.385191,||-0.0251852
1GK6y5Ts68goQjPrUC48aCbsx3ATEyzucw,2,wallet,1F9k9RjHK6Gsfsoz27EA5YpQYo9ASakZXz,False,True,3,1GK6y5Ts68goQjPrUC48aCbsx3ATEyzucw|269535654|1F9k9RjHK6Gsfsoz27EA5YpQYo9ASakZXz,wallet|transaction|wallet,|0.350761|0.385125,|0.350761|0.385125,||0.293037
1GLfsnRnaPGwGAQwWwdqctJz35sA21gNjq,2,wallet,3AXRsxKrCYSDMqHWsvKguikFD2PJXGPi9s,False,True,3,1GLfsnRnaPGwGAQwWwdqctJz35sA21gNjq|84374815|3AXRsxKrCYSDMqHWsvKguikFD2PJXGPi9s,wallet|transaction|wallet,|0.342715|0.385195,|0.342715|0.385195,||-0.0465108
1GN3GVTc7KfaN1agwurVHoJbnmo81ybwAC,2,wallet,1HeGJeDHMYwANTmrpghQXPQWTtvb5Ewj5r,False,True,3,1GN3GVTc7KfaN1agwurVHoJbnmo81ybwAC|268803403|1HeGJeDHMYwANTmrpghQXPQWTtvb5Ewj5r,wallet|transaction|wallet,|0.35072|0.385124,|0.35072|0.385124,||0.294025
1GNyM1XUsr7YjMR6wPWVC79aWr8vaDwPzn,2,wallet,327AGvbE1a4Tt8oXgL814DBCnnqtCJXqTy,False,True,3,1GNyM1XUsr7YjMR6wPWVC79aWr8vaDwPzn|355505391|327AGvbE1a4Tt8oXgL814DBCnnqtCJXqTy,wallet|transaction|wallet,|0.327756|0.385307,|0.327756|0.128436,||-0.145631
1GTENyCT63cPKzESt2b4Pg1AMKvpNMDPrV,2,wallet,15WKW1Y4mqFnx9Nn3gnmg2rin2VNmMFBvE,False,True,3,1GTENyCT63cPKzESt2b4Pg1AMKvpNMDPrV|84334491|15WKW1Y4mqFnx9Nn3gnmg2rin2VNmMFBvE,wallet|transaction|wallet,|0.350039|0.385144,|0.350039|0.385144,||0.266614
1GTVNZofQXFXjUhhFdRFwhFabtdRUJBhjK,2,wallet,1EUSmn8DdJiUCCYBh5wghFsLHqzooaQzFd,False,True,3,1GTVNZofQXFXjUhhFdRFwhFabtdRUJBhjK|28717433|1EUSmn8DdJiUCCYBh5wghFsLHqzooaQzFd,wallet|transaction|wallet,|0.344378|0.385195,|0.344378|0.0962987,||-0.0604215
1GXkbHWUS2W45VR79ztynguDV3b5PZCcXd,2,wallet,3CKzy45kiKpV1X3RaHRTwqx1oS54DCH7AR,False,True,3,1GXkbHWUS2W45VR79ztynguDV3b5PZCcXd|92727250|3CKzy45kiKpV1X3RaHRTwqx1oS54DCH7AR,wallet|transaction|wallet,|0.322683|0.385308,|0.322683|0.385308,||-0.262996
1GeZLc2CxDWKPEwV7iACNkBRcMtqB16UHD,2,wallet,1PAY8LScygmUKkp9kq2keHFzqviGazf7T6,False,True,3,1GeZLc2CxDWKPEwV7iACNkBRcMtqB16UHD|105432250|1PAY8LScygmUKkp9kq2keHFzqviGazf7T6,wallet|transaction|wallet,|0.340125|0.385342,|0.340125|0.385342,||0.027476
1GfUF5ePLp98FYF8LZ6VdMpsJUr41Hc7kB,2,wallet,3FfKvRjCg3Ev3Li5Ly5ybZL2itAn2TCjji,False,True,3,1GfUF5ePLp98FYF8LZ6VdMpsJUr41Hc7kB|286848744|3FfKvRjCg3Ev3Li5Ly5ybZL2itAn2TCjji,wallet|transaction|wallet,|0.344337|0.385162,|0.344337|0.385162,||-0.0930533
1GgM2yygXXQ5iAWyCbgkUiVWnbWH2xx1Fq,2,wallet,1Q8YhgGgC7Movu8HgBH2gQEAE7bZWWLGot,False,True,3,1GgM2yygXXQ5iAWyCbgkUiVWnbWH2xx1Fq|9565016|1Q8YhgGgC7Movu8HgBH2gQEAE7bZWWLGot,wallet|transaction|wallet,|0.103059|0.385338,|0.103059|0.385338,||-0.422017
1GhN8YynyZsjehXTo7eXm8TVPTMTUVFgQ1,2,wallet,3A6JRz4aaf2bMKJrcBkBLxHe9QmWKZEjzu,False,True,3,1GhN8YynyZsjehXTo7eXm8TVPTMTUVFgQ1|321252663|3A6JRz4aaf2bMKJrcBkBLxHe9QmWKZEjzu,wallet|transaction|wallet,|0.34639|0.385148,|0.34639|0.385148,||0.0308363
1Gi8mFLU9i5n1nynsnkduBCwxo59jeMJbU,2,wallet,12myLZM16peDfb9CodmBnBTpV7jmDxU994,False,True,3,1Gi8mFLU9i5n1nynsnkduBCwxo59jeMJbU|269103984|12myLZM16peDfb9CodmBnBTpV7jmDxU994,wallet|transaction|wallet,|0.350891|0.385119,|0.350891|0.385119,||0.293317
1GjURFRn9EwCMUuYEt2uKnH9Jj3UcFdY5m,2,wallet,38n1quikEj2XbqX3xUJfBNkK8k4Wp3dNYs,False,True,3,1GjURFRn9EwCMUuYEt2uKnH9Jj3UcFdY5m|92736300|38n1quikEj2XbqX3xUJfBNkK8k4Wp3dNYs,wallet|transaction|wallet,|0.327975|0.385317,|0.327975|0.385317,||-0.274136
1GoN1j1BcB8JWoLifTbVvwNjSzxFiqToii,2,wallet,1HusCSVGaqaCPcn81fnD8SEDKpAKCjecdd,False,True,3,1GoN1j1BcB8JWoLifTbVvwNjSzxFiqToii|99676904|1HusCSVGaqaCPcn81fnD8SEDKpAKCjecdd,wallet|transaction|wallet,|0.351486|0.385089,|0.351486|0.192545,||0.00367373
1Goi1Gf4sMczxjUbD6FczPeFgJqXtSb1Ep,2,wallet,3FGBJuzdemVyUsFHgufrwpDtwKLn9MQrMC,False,True,3,1Goi1Gf4sMczxjUbD6FczPeFgJqXtSb1Ep|378282537|3FGBJuzdemVyUsFHgufrwpDtwKLn9MQrMC,wallet|transaction|wallet,|0.351673|0.385058,|0.351673|0.385058,||0.332729
1GorT8vTi45H1wZJRzvQF56c1A51RYqz1q,2,wallet,38xVRmZzgkrHzhSGfAneNyer8dp48HsfCM,False,True,3,1GorT8vTi45H1wZJRzvQF56c1A51RYqz1q|355102403|38xVRmZzgkrHzhSGfAneNyer8dp48HsfCM,wallet|transaction|wallet,|0.0898815|0.385799,|0.0898815|0.0964497,||-0.134801
1GpdkXHCUd37WofUxjfgQuv3yiHwBPtb5f,2,wallet,39JX8i5399diyzXaP1oSBq2bVuZW7ZyKYL,False,True,3,1GpdkXHCUd37WofUxjfgQuv3yiHwBPtb5f|272175846|39JX8i5399diyzXaP1oSBq2bVuZW7ZyKYL,wallet|transaction|wallet,|0.348334|0.38515,|0.348334|0.192575,||0.0747821
1GrRLT3mLY3SXmtDyrpaj1QU7oqwMUyKfL,2,wallet,12PWhRytnBWeiiAqkqMmCBSP9o9LNHRvnE,False,True,3,1GrRLT3mLY3SXmtDyrpaj1QU7oqwMUyKfL|54837248|12PWhRytnBWeiiAqkqMmCBSP9o9LNHRvnE,wallet|transaction|wallet,|0.34527|0.385256,|0.34527|0.385256,||0.109501
1GvW1ZVkgch7KuiqhHEAk5V8oTp5AvzCc1,2,wallet,3HkPJGQgaYnKYiAKsDHr6r2jMVDtZEHN6m,False,True,3,1GvW1ZVkgch7KuiqhHEAk5V8oTp5AvzCc1|72897869|3HkPJGQgaYnKYiAKsDHr6r2jMVDtZEHN6m,wallet|transaction|wallet,|0.0491872|0.38558,|0.0491872|0.0963951,||-0.0668134
1GvqzQ3n4p1n4bHDi6i5wFyQKAa1cGioW7,2,wallet,1FezJ3QiCbgKj4bBLUkyHqBVZmHAehuTy4,False,True,3,1GvqzQ3n4p1n4bHDi6i5wFyQKAa1cGioW7|269103150|1FezJ3QiCbgKj4bBLUkyHqBVZmHAehuTy4,wallet|transaction|wallet,|0.351005|0.385119,|0.351005|0.385119,||0.291396
1Gw5TznAmFA3GzkdEZNyoEPY5KQKY8TSoB,2,wallet,39GiYKFDVet8muRVCCXZiedfpCbiwXXvfH,False,True,3,1Gw5TznAmFA3GzkdEZNyoEPY5KQKY8TSoB|331577360|39GiYKFDVet8muRVCCXZiedfpCbiwXXvfH,wallet|transaction|wallet,|0.34984|0.385127,|0.34984|0.385127,||0.22359
1GyM9sZcJUFA9kujfku6MQKvPxSx3JGSwW,2,wallet,34RjVG2iTbqpCnDomYYQi58wFUaM8eSN58,False,True,3,1GyM9sZcJUFA9kujfku6MQKvPxSx3JGSwW|85004968|34RjVG2iTbqpCnDomYYQi58wFUaM8eSN58,wallet|transaction|wallet,|0.33226|0.385214,|0.33226|0.385214,||-0.308877
1H1gzfVMdwQ2w8MAYBQjY5ufZQpZU6h2LZ,2,wallet,1MLEcy4LrheHGdPtbsKtarhPnW27rZZ8Bm,False,True,3,1H1gzfVMdwQ2w8MAYBQjY5ufZQpZU6h2LZ|94371032|1MLEcy4LrheHGdPtbsKtarhPnW27rZZ8Bm,wallet|transaction|wallet,|0.286309|0.385016,|0.286309|0.192508,||0.0763898
1H1xUrVEekKvf6DY7nrtp5KxDd2pnzdaVX,2,wallet,3CGWmprZb5HAoVLNtCpwAhMzXuigP4maMF,False,True,3,1H1xUrVEekKvf6DY7nrtp5KxDd2pnzdaVX|29132574|3CGWmprZb5HAoVLNtCpwAhMzXuigP4maMF,wallet|transaction|wallet,|0.331914|0.385339,|0.331914|0.0963346,||-0.00678989
1H3WsRKurHaJJpS4N8G1oDwKwL9YQ9obqi,2,wallet,3KCfXLrTiuiDfMW8CFuwGdZmosqeDcoBbB,False,True,3,1H3WsRKurHaJJpS4N8G1oDwKwL9YQ9obqi|272115163|3KCfXLrTiuiDfMW8CFuwGdZmosqeDcoBbB,wallet|transaction|wallet,|0.350286|0.385126,|0.350286|0.192563,||-0.00412661
1H6ypkJ1aXhecEgwM8rcb9GZjuBY4GSuWJ,2,wallet,14tNuPzkjGwpFRN2oNBZDKXa4VBE1CrZwc,False,True,3,1H6ypkJ1aXhecEgwM8rcb9GZjuBY4GSuWJ|14063348|14tNuPzkjGwpFRN2oNBZDKXa4VBE1CrZwc,wallet|transaction|wallet,|0.101855|0.385384,|0.101855|0.385384,||-0.4237
1H8crEqqNhinoRgcEzUm9mDDWUzf9vciiG,2,wallet,36XCkQ8GcAU3FkbcJJt5C86CqqHKcA1XGu,False,True,3,1H8crEqqNhinoRgcEzUm9mDDWUzf9vciiG|156195659|36XCkQ8GcAU3FkbcJJt5C86CqqHKcA1XGu,wallet|transaction|wallet,|0.346721|0.385163,|0.346721|0.385163,||0.0644738
1H91gmioi3ug8dA2ZJsyrbH4Dp1WNWSTrN,2,wallet,34gBuya6FPwX18kZgxw7FZ6WqpDc9y3h5A,False,True,3,1H91gmioi3ug8dA2ZJsyrbH4Dp1WNWSTrN|100785151|34gBuya6FPwX18kZgxw7FZ6WqpDc9y3h5A,wallet|transaction|wallet,|0.349026|0.385145,|0.349026|0.385145,||0.172747
1HG7gdWk6G1Zr5zLSjhSPzf2bRC6TyxkZE,2,wallet,3J4coHTjHjZYpvHKjUb5nKMiww2hfgjavQ,False,True,3,1HG7gdWk6G1Zr5zLSjhSPzf2bRC6TyxkZE|21701127|3J4coHTjHjZYpvHKjUb5nKMiww2hfgjavQ,wallet|transaction|wallet,|0.241906|0.385491,|0.241906|0.192745,||-0.232678
1HHLjNToQJwUzFWzWh4ArWzaNdE7bB3E5B,2,wallet,3K3RAXk4kb5G99ogdBEUraEGPSv84u7Fd4,False,True,3,1HHLjNToQJwUzFWzWh4ArWzaNdE7bB3E5B|215598240|3K3RAXk4kb5G99ogdBEUraEGPSv84u7Fd4,wallet|transaction|wallet,|0.256886|0.385901,|0.256886|0.128634,||-0.248153
1HNLxbJvJSJ2KEveGeW8SNxcyErHna8HVv,2,wallet,34Uawv8jZkHU1yJyVajSkD5QCassxaQ3K6,False,True,3,1HNLxbJvJSJ2KEveGeW8SNxcyErHna8HVv|26547856|34Uawv8jZkHU1yJyVajSkD5QCassxaQ3K6,wallet|transaction|wallet,|0.338902|0.385326,|0.338902|0.385326,||-0.0736182
1HPRtUDkrkmWqNbLjS7P3pcx9t7ymTe57V,2,wallet,13GHRaovmKYQtPbckpnFhtPUbTLjzcwUkf,False,True,3,1HPRtUDkrkmWqNbLjS7P3pcx9t7ymTe57V|339058403|13GHRaovmKYQtPbckpnFhtPUbTLjzcwUkf,wallet|transaction|wallet,|0.350145|0.385037,|0.350145|0.385037,||0.252453
1HQrToTrGztTybQALWBxdiBGEQs1VLQJSW,2,wallet,1GxjZbMuy9JphVjCgY5tbxbnLGRHa3cmAJ,False,True,3,1HQrToTrGztTybQALWBxdiBGEQs1VLQJSW|85004986|1GxjZbMuy9JphVjCgY5tbxbnLGRHa3cmAJ,wallet|transaction|wallet,|0.34976|0.385165,|0.34976|0.192582,||0.104103
1HUfF5vtMaQGVvNHob2bVBFTZ4BeHQHC2X,2,wallet,3Foo6vYbmdQz2rgzWiMNWQpXDtA3snp3XN,False,True,3,1HUfF5vtMaQGVvNHob2bVBFTZ4BeHQHC2X|331496930|3Foo6vYbmdQz2rgzWiMNWQpXDtA3snp3XN,wallet|transaction|wallet,|0.325392|0.385505,|0.325392|0.192753,||-0.229008
1HXx98CgxHuYV5Ss7cJwMrZ3dBvJjjmSUZ,2,wallet,1GthNjA2WtnpTxyDhjSUqeDvuPQ4RzzkCJ,False,True,3,1HXx98CgxHuYV5Ss7cJwMrZ3dBvJjjmSUZ|85005014|1GthNjA2WtnpTxyDhjSUqeDvuPQ4RzzkCJ,wallet|transaction|wallet,|0.349953|0.385144,|0.349953|0.385144,||0.266548
1HYBbz3KZLCimD7SLra9UeA5TqwkPXm5zX,2,wallet,1NfZw6pByscewGgsRjY8r7MaSgvX3yksZp,False,True,3,1HYBbz3KZLCimD7SLra9UeA5TqwkPXm5zX|84321251|1NfZw6pByscewGgsRjY8r7MaSgvX3yksZp,wallet|transaction|wallet,|0.350325|0.385144,|0.116775|0.385144,||0.268539
1HdGNQBhK2RLZahDVvyQeXXPVoCkRfk7jb,2,wallet,3CGWmprZb5HAoVLNtCpwAhMzXuigP4maMF,False,True,3,1HdGNQBhK2RLZahDVvyQeXXPVoCkRfk7jb|29132574|3CGWmprZb5HAoVLNtCpwAhMzXuigP4maMF,wallet|transaction|wallet,|0.331914|0.385339,|0.331914|0.0963346,||-0.00678989
1HdU2dK3ed5Frk6wKQSiGRt5MUjayytsDA,2,wallet,3A6JRz4aaf2bMKJrcBkBLxHe9QmWKZEjzu,False,True,3,1HdU2dK3ed5Frk6wKQSiGRt5MUjayytsDA|321252663|3A6JRz4aaf2bMKJrcBkBLxHe9QmWKZEjzu,wallet|transaction|wallet,|0.34639|0.385148,|0.34639|0.385148,||0.0308363
1Hg2jxoQ3UjLGqHDnJUbg3NrX7g9zdYiy5,2,wallet,1Jn95GnmCREqMLPCkAQGb7wrqfEXC1BrXq,False,True,3,1Hg2jxoQ3UjLGqHDnJUbg3NrX7g9zdYiy5|269235423|1Jn95GnmCREqMLPCkAQGb7wrqfEXC1BrXq,wallet|transaction|wallet,|0.351104|0.385113,|0.351104|0.385113,||0.303581
1Hi1Nrpr3RU5VNAVGGgDaKan83MpxjW7mf,2,wallet,3Bpbev1NCGA2yJBao8yVzNYFe7boER3b4F,False,True,3,1Hi1Nrpr3RU5VNAVGGgDaKan83MpxjW7mf|332329138|3Bpbev1NCGA2yJBao8yVzNYFe7boER3b4F,wallet|transaction|wallet,|0.348841|0.385132,|0.348841|0.385132,||0.182111
1HkPZgKWa2UGfFPdTdjg863uuaQb5pNHwL,2,wallet,1JBJUQBTenTmrbHGPsPem1doB4sM8YHFZR,False,True,3,1HkPZgKWa2UGfFPdTdjg863uuaQb5pNHwL|194011547|1JBJUQBTenTmrbHGPsPem1doB4sM8YHFZR,wallet|transaction|wallet,|0.336627|0.385399,|0.336627|0.385399,||-0.0317201
1HnukDfom7xENHs1UhE2ekfbrYp3n8DqZf,2,wallet,1GoivCApbLDVui86c5dpm7mSv1HY8ciwwB,False,True,3,1HnukDfom7xENHs1UhE2ekfbrYp3n8DqZf|92628688|1GoivCApbLDVui86c5dpm7mSv1HY8ciwwB,wallet|transaction|wallet,|0.347463|0.385217,|0.347463|0.385217,||0.187747
1Ho6LFvnAk2X7g3bE1fu6QFzer7iTncEB6,2,wallet,38mc2Y3NsKHbAxwFXeandNSnwBXnjDnHj3,False,True,3,1Ho6LFvnAk2X7g3bE1fu6QFzer7iTncEB6|86143479|38mc2Y3NsKHbAxwFXeandNSnwBXnjDnHj3,wallet|transaction|wallet,|0.174756|0.385559,|0.174756|0.192779,||-0.223006
1Hqy6vCcpThHuHvNsFM86Tqg4zUJiZuhgV,2,wallet,3Lta3AzDmJzT42t2xt87kERao6DBQQDcuZ,False,True,3,1Hqy6vCcpThHuHvNsFM86Tqg4zUJiZuhgV|105588432|3Lta3AzDmJzT42t2xt87kERao6DBQQDcuZ,wallet|transaction|wallet,|0.307429|0.385434,|0.307429|0.385434,||-0.314787
1Hs2633aTSKycuuaXsa5LLYYcBGeqW7k9d,2,wallet,3G5rhEd3cZBsWbv4wyzqMjkJG1vUsKmWPm,False,True,3,1Hs2633aTSKycuuaXsa5LLYYcBGeqW7k9d|85005009|3G5rhEd3cZBsWbv4wyzqMjkJG1vUsKmWPm,wallet|transaction|wallet,|0.347622|0.385193,|0.347622|0.192596,||0.0196269
1Ht86srvAgQRRNYWTqoV5j1Zg8Qh6CumV8,2,wallet,1FP5MzNddgvi2HYYsPceAcupR2cT9zdSHq,False,True,3,1Ht86srvAgQRRNYWTqoV5j1Zg8Qh6CumV8|55735705|1FP5MzNddgvi2HYYsPceAcupR2cT9zdSHq,wallet|transaction|wallet,|0.156286|0.385376,|0.156286|0.385376,||-0.485569
1Hvc76Gy6ypDxWrFcsSJSshxmFMuzZz9Zh,2,wallet,38X4LyzPrZ4RwXgFMfb6f8gS4eWWdyhRUQ,False,True,3,1Hvc76Gy6ypDxWrFcsSJSshxmFMuzZz9Zh|272096174|38X4LyzPrZ4RwXgFMfb6f8gS4eWWdyhRUQ,wallet|transaction|wallet,|0.30917|0.385257,|0.30917|0.0963142,||-0.123192
1Hw9ReB2WmgkLaW1SiLWdXnEBFUgjMRHpu,2,wallet,12bEcq2NTVuJyt2VKnkvXHcCbRPS2aGadB,False,True,3,1Hw9ReB2WmgkLaW1SiLWdXnEBFUgjMRHpu|288593575|12bEcq2NTVuJyt2VKnkvXHcCbRPS2aGadB,wallet|transaction|wallet,|0.346042|0.385243,|0.346042|0.385243,||0.133748
1HzXq32kujAqJTdZvVWXgtwxT3YRnmDZJ9,2,wallet,34LAm2uHLdPFn6SBupKWVLrbYPYyRMtcFk,False,True,3,1HzXq32kujAqJTdZvVWXgtwxT3YRnmDZJ9|272124913|34LAm2uHLdPFn6SBupKWVLrbYPYyRMtcFk,wallet|transaction|wallet,|0.350607|0.385112,|0.350607|0.385112,||0.280791
1J17cxHSxZGGDKthmRbqGMmV3kmXJKQneZ,2,wallet,35KurQjk7Asa4go4tGMdS9f3PnkixjFx5v,False,True,3,1J17cxHSxZGGDKthmRbqGMmV3kmXJKQneZ|247774814|35KurQjk7Asa4go4tGMdS9f3PnkixjFx5v,wallet|transaction|wallet,|0.283699|0.385444,|0.283699|0.096361,||-0.10771
1JCvUNvDknKrWAYKrNDzwpAzk8w9zrCKn5,2,wallet,17ZddYm2WLxVpE4sJ8MX1tN4ZsUbBjidps,False,True,3,1JCvUNvDknKrWAYKrNDzwpAzk8w9zrCKn5|30179325|17ZddYm2WLxVpE4sJ8MX1tN4ZsUbBjidps,wallet|transaction|wallet,|0.345587|0.385264,|0.345587|0.385264,||0.122921
1JFsAabKxaic25zMPQQHh8g3w8FeadMceY,2,wallet,1JbdmFQ1Ay4WHnGPdGq8K1yTdGLvzhem7r,False,True,3,1JFsAabKxaic25zMPQQHh8g3w8FeadMceY|100075666|1JbdmFQ1Ay4WHnGPdGq8K1yTdGLvzhem7r,wallet|transaction|wallet,|0.351143|0.385089,|0.351143|0.385089,||0.324459
1JLScAzTrra9oZtc4WeJCB8iBmrpCrHGyv,2,wallet,38mTPpcMGdrHUqSM56ZDidaDZzvNs6LPoC,False,True,3,1JLScAzTrra9oZtc4WeJCB8iBmrpCrHGyv|85005017|38mTPpcMGdrHUqSM56ZDidaDZzvNs6LPoC,wallet|transaction|wallet,|0.346898|0.385176,|0.346898|0.128392,||0.0289682
1JMRTXKPw84S6XfYyiTgapYZSjmUyKeXpn,2,wallet,1QBHzsZSRLf1qrpxYpwTugxVD3663yeMXM,False,True,3,1JMRTXKPw84S6XfYyiTgapYZSjmUyKeXpn|30179448|1QBHzsZSRLf1qrpxYpwTugxVD3663yeMXM,wallet|transaction|wallet,|0.345584|0.385264,|0.345584|0.385264,||0.122804
1JRTqsjz6wcCM5WC8nztNNuxYivqrvJLsh,2,wallet,1PFTCySm1M1cWspz5EMUJz8BfC9TtTFJkW,False,True,3,1JRTqsjz6wcCM5WC8nztNNuxYivqrvJLsh|199939493|1PFTCySm1M1cWspz5EMUJz8BfC9TtTFJkW,wallet|transaction|wallet,|0.344333|0.385289,|0.344333|0.385289,||0.0304055
1JS24WQoCMPvscAw7fp5gwJgrq2wyxDTL,2,wallet,1QEYacH6uRFsq6GFSvYfVaK8vzg5FzCEAs,False,True,3,1JS24WQoCMPvscAw7fp5gwJgrq2wyxDTL|243780853|1QEYacH6uRFsq6GFSvYfVaK8vzg5FzCEAs,wallet|transaction|wallet,|0.351619|0.385059,|0.351619|0.385059,||0.335587
1JSF7nwRksTkmWHR7J5JEReyeaMX8YXFDY,2,wallet,177phvdYJKRMYYjXcXLvxUjJ4UWAs7QKyX,False,True,3,1JSF7nwRksTkmWHR7J5JEReyeaMX8YXFDY|268819379|177phvdYJKRMYYjXcXLvxUjJ4UWAs7QKyX,wallet|transaction|wallet,|0.350517|0.385125,|0.350517|0.385125,||0.292377
1JXNd9soXTEziusmghQ1qcZ2YHmX2KUd3J,2,wallet,3MLQ7vy59DBF7zf8rcFiJPWddABL7RFg8g,False,True,3,1JXNd9soXTEziusmghQ1qcZ2YHmX2KUd3J|312228916|3MLQ7vy59DBF7zf8rcFiJPWddABL7RFg8g,wallet|transaction|wallet,|0.346445|0.385143,|0.346445|0.385143,||0.0124634
1JYWEioQN2UEqD15LGYHysuBKgtaofUBz,2,wallet,3FYeoyDA5CqRxUsnWE1unLLZSKFuCspJHU,False,True,3,1JYWEioQN2UEqD15LGYHysuBKgtaofUBz|355009904|3FYeoyDA5CqRxUsnWE1unLLZSKFuCspJHU,wallet|transaction|wallet,|0.342417|0.385253,|0.342417|0.128418,||-0.0095938
1JeNoyWMpBUUCygy1vJS1HYE7QbVrjAz8r,2,wallet,1P6DBF5gimSGfxdkpdzSN3tGNkFJFHbw2e,False,True,3,1JeNoyWMpBUUCygy1vJS1HYE7QbVrjAz8r|269006934|1P6DBF5gimSGfxdkpdzSN3tGNkFJFHbw2e,wallet|transaction|wallet,|0.349048|0.399468,|0.349048|0.399468,||0.392195
1Jf3YMfBJMX4qakMpeEvVht4WVHJfgwuCs,2,wallet,339m3ckZZyYpCseTxCyZzM9SekgXARLmQ6,False,True,3,1Jf3YMfBJMX4qakMpeEvVht4WVHJfgwuCs|272501598|339m3ckZZyYpCseTxCyZzM9SekgXARLmQ6,wallet|transaction|wallet,|0.349318|0.385136,|0.349318|0.385136,||0.208998
1Jg2CV3VaXMa6y8p5BJ2vFcw8e1arJWtQ1,2,wallet,1E6VdpXWTXjrbtVrMvjx4MUvhQTtVg74eM,False,True,3,1Jg2CV3VaXMa6y8p5BJ2vFcw8e1arJWtQ1|100075056|1E6VdpXWTXjrbtVrMvjx4MUvhQTtVg74eM,wallet|transaction|wallet,|0.350675|0.401552,|0.350675|0.401552,||0.417634
1Jhup3PUxjyaxgMdA1TDgUQk13dnCJSPZb,2,wallet,1FD1kosBC3f1kvcGHRubQ5RUXK3LGFyfFT,False,True,3,1Jhup3PUxjyaxgMdA1TDgUQk13dnCJSPZb|268805558|1FD1kosBC3f1kvcGHRubQ5RUXK3LGFyfFT,wallet|transaction|wallet,|0.350507|0.385126,|0.350507|0.385126,||0.292571
1JjBxfD4Dxh4BfcZo9ZqnhVzpiyYb9RLmx,2,wallet,1NxhMey3TgEr6queHbNxoxEhzhr9DHWA9x,False,True,3,1JjBxfD4Dxh4BfcZo9ZqnhVzpiyYb9RLmx|355111003|1NxhMey3TgEr6queHbNxoxEhzhr9DHWA9x,wallet|transaction|wallet,|0.348349|0.385197,|0.348349|0.385197,||0.220074
1JjoDCyUchLVJkaFxYYBztQNtx4hnFf6uG,2,wallet,1Ft2YCXjcHfdespi33PqznDe7BwQpqBNNd,False,True,3,1JjoDCyUchLVJkaFxYYBztQNtx4hnFf6uG|331612443|1Ft2YCXjcHfdespi33PqznDe7BwQpqBNNd,wallet|transaction|wallet,|0.351069|0.3851,|0.351069|0.3851,||0.321854
1Jm4xGwTyDatYgB6jGfPTSYrq2KjWXqLCP,2,wallet,39JX8i5399diyzXaP1oSBq2bVuZW7ZyKYL,False,True,3,1Jm4xGwTyDatYgB6jGfPTSYrq2KjWXqLCP|272175846|39JX8i5399diyzXaP1oSBq2bVuZW7ZyKYL,wallet|transaction|wallet,|0.348334|0.38515,|0.348334|0.192575,||0.0747821
1JnBBHa2N1kXHnd72Ukr3wNRVfbptAhQ2N,2,wallet,18CdaZ5V9cqTdaPHLPer7yKusewBzGJ1LA,False,True,3,1JnBBHa2N1kXHnd72Ukr3wNRVfbptAhQ2N|378066641|18CdaZ5V9cqTdaPHLPer7yKusewBzGJ1LA,wallet|transaction|wallet,|0.351624|0.385066,|0.0206838|0.385066,||0.297639
1JndmiNgmTMp8F9uz5Mg6iqv5YJRKLGCJJ,2,wallet,36RAtSFnQTgNbRfeJH3kowpJtDgxVdyE5P,False,True,3,1JndmiNgmTMp8F9uz5Mg6iqv5YJRKLGCJJ|85004975|36RAtSFnQTgNbRfeJH3kowpJtDgxVdyE5P,wallet|transaction|wallet,|0.327863|0.385242,|0.327863|0.0963105,||-0.057094
1JqHtiDHSUxqUMRvjCqVx2rtdjy1gqfsNS,2,wallet,1JqxTVMJPoB5brjbekjX3sqVBagz6PM928,False,True,3,1JqHtiDHSUxqUMRvjCqVx2rtdjy1gqfsNS|272494830|1JqxTVMJPoB5brjbekjX3sqVBagz6PM928,wallet|transaction|wallet,|0.350785|0.385115,|0.350785|0.385115,||0.305859
1JtoJGdwi1agP3TFeL5JnVkTs8C1KY7KYu,2,wallet,37vy4kn1eMvtmUJ4LX4ihPqY1ZsqYcom2X,False,True,3,1JtoJGdwi1agP3TFeL5JnVkTs8C1KY7KYu|268849739|37vy4kn1eMvtmUJ4LX4ihPqY1ZsqYcom2X,wallet|transaction|wallet,|0.346096|0.385164,|0.346096|0.192582,||0.0223145
1K11CEkKtzWGotJiUhZ3Xu7pGgextrfpME,2,wallet,1A4Gncot85PAbpew8qdPFrLYvhvCoSpiVF,False,True,3,1K11CEkKtzWGotJiUhZ3Xu7pGgextrfpME|86934066|1A4Gncot85PAbpew8qdPFrLYvhvCoSpiVF,wallet|transaction|wallet,|0.35053|0.385126,|0.35053|0.385126,||0.29148
1K1Svm5ZAU4XiXHdDZwy2Cxbn6FsQ2npV2,2,wallet,34UQR1ekK3xM4LQQLpw85usgnqGSLsgC6P,False,True,3,1K1Svm5ZAU4XiXHdDZwy2Cxbn6FsQ2npV2|36965025|34UQR1ekK3xM4LQQLpw85usgnqGSLsgC6P,wallet|transaction|wallet,|0.188224|0.385553,|0.188224|0.192777,||-0.23686
1K2JYcmxHVhvNJdXXZqHHtM941Xz6m6EcE,2,wallet,3JNSdDX94ab882HsyokFFW1T1SNeu2GT4v,False,True,3,1K2JYcmxHVhvNJdXXZqHHtM941Xz6m6EcE|205633185|3JNSdDX94ab882HsyokFFW1T1SNeu2GT4v,wallet|transaction|wallet,|0.0902249|0.385932,|0.0902249|0.0551331,||-0.00108726
1K3QXCtqD3mQCB3xk6Myy5e5MdnWQ7zHbt,2,wallet,3AZikDQDERVMeidx8i6sfcPmPdWSFLYgq8,False,True,3,1K3QXCtqD3mQCB3xk6Myy5e5MdnWQ7zHbt|100075242|3AZikDQDERVMeidx8i6sfcPmPdWSFLYgq8,wallet|transaction|wallet,|0.351158|0.385094,|0.351158|0.385094,||0.316885
1KHLzzvLKeggDGxJAsonKkbbMNfLVTPzMg,2,wallet,3718rTWDj8Btf89atJZeZh9HHVskbCbt2E,False,True,3,1KHLzzvLKeggDGxJAsonKkbbMNfLVTPzMg|157638198|3718rTWDj8Btf89atJZeZh9HHVskbCbt2E,wallet|transaction|wallet,|0.264229|0.385526,|0.132115|0.385526,||-0.402272
1KNfVd1hzxUsrhVXtvxWUS8ME6wrdEq1Ce,2,wallet,3Hbx2v1YH7UMALXeNgrcAyadQFQd19D57G,False,True,3,1KNfVd1hzxUsrhVXtvxWUS8ME6wrdEq1Ce|313613074|3Hbx2v1YH7UMALXeNgrcAyadQFQd19D57G,wallet|transaction|wallet,|0.336661|0.385191,|0.336661|0.0770382,||-0.0742594
1KPeAtNTaJLCwFkrdAjo6JETUBz4SsG5sK,2,wallet,354nJAzZaw3CGbqNtNEPPh7w9WZvCgxark,False,True,3,1KPeAtNTaJLCwFkrdAjo6JETUBz4SsG5sK|268861287|354nJAzZaw3CGbqNtNEPPh7w9WZvCgxark,wallet|transaction|wallet,|0.345485|0.38517,|0.345485|0.38517,||0.00797755
1KQZqCkbHgXD2V3CtUSqaeyRMNz6pW8HWd,2,wallet,32b53Lq7oxvaRYNCtBWS5Qjr5DY71CbQe7,False,True,3,1KQZqCkbHgXD2V3CtUSqaeyRMNz6pW8HWd|10174881|32b53Lq7oxvaRYNCtBWS5Qjr5DY71CbQe7,wallet|transaction|wallet,|0.0586374|0.385638,|0.0586374|0.385638,||-0.47888
1KRSaQ6zYkpHQ77iAJmbZ7E28ef6nZh3hu,2,wallet,3JMq398rmxdcKA1w7euF2PHz826csEZNTE,False,True,3,1KRSaQ6zYkpHQ77iAJmbZ7E28ef6nZh3hu|69439512|3JMq398rmxdcKA1w7euF2PHz826csEZNTE,wallet|transaction|wallet,|0.343484|0.385183,|0.343484|0.385183,||-0.0698426
1KTEGmBYLgMo4tYcHy3fMvCFFmmSFcabY2,2,wallet,36cPsqbZDQ6Lcf4G1g639RwwMGdoj3guMk,False,True,3,1KTEGmBYLgMo4tYcHy3fMvCFFmmSFcabY2|92108353|36cPsqbZDQ6Lcf4G1g639RwwMGdoj3guMk,wallet|transaction|wallet,|0.335024|0.385332,|0.335024|0.192666,||-0.130841
1KUc1KApU1c47iRxXirWeJ48814mr5Gjim,2,wallet,31uhUhpR6mkWJL3QNYxavcAQPHUxFv46aq,False,True,3,1KUc1KApU1c47iRxXirWeJ48814mr5Gjim|11320206|31uhUhpR6mkWJL3QNYxavcAQPHUxFv46aq,wallet|transaction|wallet,|0.200892|0.385573,|0.200892|0.192786,||-0.118719
1KUcoGYuz2W1TEWypH5Cv6yYCmYBJ6VG5q,2,wallet,3BwV7AoyFk5z3DzNC5UWkpdcFSQJhh6Bj4,False,True,3,1KUcoGYuz2W1TEWypH5Cv6yYCmYBJ6VG5q|99932520|3BwV7AoyFk5z3DzNC5UWkpdcFSQJhh6Bj4,wallet|transaction|wallet,|0.348605|0.385106,|0.348605|0.385106,||0.133514
1KWuCT3C79Up5fWALKZy4zptAZvaR2SQg4,2,wallet,1Gjt3wkSsP9svuQTg92vgxXfqeDuvjFJuv,False,True,3,1KWuCT3C79Up5fWALKZy4zptAZvaR2SQg4|238506100|1Gjt3wkSsP9svuQTg92vgxXfqeDuvjFJuv,wallet|transaction|wallet,|0.176765|0.385325,|0.176765|0.385325,||-0.45929
1KYJqRKJEoczrCrbwEqsiAtJPhNR1E8mJh,2,wallet,3KtVfL1AEaswd9nmBJvDNPaD5f24dXbS3W,False,True,3,1KYJqRKJEoczrCrbwEqsiAtJPhNR1E8mJh|84372506|3KtVfL1AEaswd9nmBJvDNPaD5f24dXbS3W,wallet|transaction|wallet,|0.342841|0.385192,|0.342841|0.128397,||-0.0833594
1Kb3emT8GHnwyBMirdKQqVAmLYXqftNXzP,2,wallet,36KjeQHUrDsFkFkWjUesTo8J8LPwc839aQ,False,True,3,1Kb3emT8GHnwyBMirdKQqVAmLYXqftNXzP|130377005|36KjeQHUrDsFkFkWjUesTo8J8LPwc839aQ,wallet|transaction|wallet,|0.343693|0.385164,|0.343693|0.192582,||-0.0199419
1Kc9zfY9GnpU27gFpS5rXFPQkyWirLz67e,2,wallet,1BBeyUXK9rXtH6k75KomSUem6wjRcgBhRw,False,True,3,1Kc9zfY9GnpU27gFpS5rXFPQkyWirLz67e|167790063|1BBeyUXK9rXtH6k75KomSUem6wjRcgBhRw,wallet|transaction|wallet,|0.343619|0.397517,|0.343619|0.397517,||0.211585
1KfUphuuQAqKhpJU3qQrdJ5hJJQKrsFNBg,2,wallet,35k7uBbWca1m3Hc97L4vtPBaD2p2779Ese,False,True,3,1KfUphuuQAqKhpJU3qQrdJ5hJJQKrsFNBg|331577177|35k7uBbWca1m3Hc97L4vtPBaD2p2779Ese,wallet|transaction|wallet,|0.349747|0.385128,|0.349747|0.385128,||0.207892
1KfYbeki5YtJpdu6da57h8SGk8QAsihqiz,2,wallet,3HkPJGQgaYnKYiAKsDHr6r2jMVDtZEHN6m,False,True,3,1KfYbeki5YtJpdu6da57h8SGk8QAsihqiz|72897869|3HkPJGQgaYnKYiAKsDHr6r2jMVDtZEHN6m,wallet|transaction|wallet,|0.0491872|0.38558,|0.0491872|0.0963951,||-0.0668134
1KhMmhhRB5hPS9fFMsgrr5mFmzZeuycET9,2,wallet,3Hbx2v1YH7UMALXeNgrcAyadQFQd19D57G,False,True,3,1KhMmhhRB5hPS9fFMsgrr5mFmzZeuycET9|313613074|3Hbx2v1YH7UMALXeNgrcAyadQFQd19D57G,wallet|transaction|wallet,|0.336661|0.385191,|0.336661|0.0770382,||-0.0742594
1KiLzLU1AyP62i9ApdZatfoda1TR5BZJf5,2,wallet,1PY4hyLrBYai2YzmsTNzPSSYEda76Q2ym1,False,True,3,1KiLzLU1AyP62i9ApdZatfoda1TR5BZJf5|84512590|1PY4hyLrBYai2YzmsTNzPSSYEda76Q2ym1,wallet|transaction|wallet,|0.350671|0.385134,|0.350671|0.385134,||0.274975
1KjZWsyc3YXVLMkfoJT2kL28vtUTeWqRGp,2,wallet,14T5Pqe62pqP1oQerun8UGfxoXKkQQDKav,False,True,3,1KjZWsyc3YXVLMkfoJT2kL28vtUTeWqRGp|331564747|14T5Pqe62pqP1oQerun8UGfxoXKkQQDKav,wallet|transaction|wallet,|0.350738|0.399102,|0.350738|0.199551,||0.162457
1KjrqiJcQiDHzSPhX3an4BD4pVcHbcbAjK,2,wallet,1HD5Mz5EutsTF2bBKQiZPd4Ho5BWJvgsDM,False,True,3,1KjrqiJcQiDHzSPhX3an4BD4pVcHbcbAjK|30179334|1HD5Mz5EutsTF2bBKQiZPd4Ho5BWJvgsDM,wallet|transaction|wallet,|0.345539|0.385264,|0.345539|0.385264,||0.121052
1Ko1ktxYRqwJNXzDcRKLq1BPUmwgBNjoNL,2,wallet,38Jt9Bb2sUX9zCKqAzbEborD3N1LiL6JKJ,False,True,3,1Ko1ktxYRqwJNXzDcRKLq1BPUmwgBNjoNL|74699742|38Jt9Bb2sUX9zCKqAzbEborD3N1LiL6JKJ,wallet|transaction|wallet,|0.0653096|0.385615,|0.0653096|0.192807,||-0.282281
1KwCyk24jvWJT7oo9p9ktHGAY9wZwRMdQs,2,wallet,3Bpbev1NCGA2yJBao8yVzNYFe7boER3b4F,False,True,3,1KwCyk24jvWJT7oo9p9ktHGAY9wZwRMdQs|332329138|3Bpbev1NCGA2yJBao8yVzNYFe7boER3b4F,wallet|transaction|wallet,|0.348841|0.385132,|0.348841|0.385132,||0.182111
1KyArW7niDSmtf83FTS9kuJkFgJv5pjccU,2,wallet,19ZHWgV84PPZNqE9aeEMX9qtsRVokmH4Ez,False,True,3,1KyArW7niDSmtf83FTS9kuJkFgJv5pjccU|331557594|19ZHWgV84PPZNqE9aeEMX9qtsRVokmH4Ez,wallet|transaction|wallet,|0.351074|0.385109,|0.351074|0.385109,||0.305388
1KzQ64A2bTctnyNk3rNSeM5Bi9oCEjsymJ,2,wallet,3L9fvHSsVdrFHGPqkWUDkX78rgKGQM8zuD,False,True,3,1KzQ64A2bTctnyNk3rNSeM5Bi9oCEjsymJ|99675752|3L9fvHSsVdrFHGPqkWUDkX78rgKGQM8zuD,wallet|transaction|wallet,|0.349927|0.385095,|0.349927|0.192547,||-0.0114892
1KzjtzRvU3DmXdNEdpoj3kty6jJ1zf8mP8,2,wallet,1Fx3vHZgKHNtUCgaXDnqjFdUijngFRSKg5,False,True,3,1KzjtzRvU3DmXdNEdpoj3kty6jJ1zf8mP8|269034451|1Fx3vHZgKHNtUCgaXDnqjFdUijngFRSKg5,wallet|transaction|wallet,|0.350635|0.385122,|0.350635|0.385122,||0.300136
1L36UULwYA9w3Y27Bheo6odd6TEjgamZEG,2,wallet,38MCUze3wwMhpmif4jpDZzx2pWEhyKEBxq,False,True,3,1L36UULwYA9w3Y27Bheo6odd6TEjgamZEG|85004955|38MCUze3wwMhpmif4jpDZzx2pWEhyKEBxq,wallet|transaction|wallet,|0.350234|0.385156,|0.350234|0.385156,||0.237707
1L3ooFenQcav86FFf7SbKPiuc2QMuBjMCX,2,wallet,3Mjnwh7GAttswV4XEv7rUJMpitcj3FZtPE,False,True,3,1L3ooFenQcav86FFf7SbKPiuc2QMuBjMCX|252180915|3Mjnwh7GAttswV4XEv7rUJMpitcj3FZtPE,wallet|transaction|wallet,|0.346356|0.385164,|0.346356|0.385164,||0.0413414
1L46bfijxtNjpMghHYqbAR9EUfToGU5v9k,2,wallet,39q3XCCSGUoJfzrcLRRVqECx82Q8BfGNL3,False,True,3,1L46bfijxtNjpMghHYqbAR9EUfToGU5v9k|100075232|39q3XCCSGUoJfzrcLRRVqECx82Q8BfGNL3,wallet|transaction|wallet,|0.350103|0.385099,|0.350103|0.385099,||0.229476
1LAKGmsMTqiMF8wBzWtfZZ56bQDrK7JbXg,2,wallet,1DmLqma94mrqFDfhJGVm6beCTTkVJEs4y6,False,True,3,1LAKGmsMTqiMF8wBzWtfZZ56bQDrK7JbXg|241492896|1DmLqma94mrqFDfhJGVm6beCTTkVJEs4y6,wallet|transaction|wallet,|0.351316|0.385057,|0.351316|0.385057,||0.337337
1LEWzzLGXB7ZFCCwYGbRowgbXVYvwXgX1D,2,wallet,35fNF5Uwbsoa5ABPCUvKZNyuAV7S9sJTou,False,True,3,1LEWzzLGXB7ZFCCwYGbRowgbXVYvwXgX1D|307765134|35fNF5Uwbsoa5ABPCUvKZNyuAV7S9sJTou,wallet|transaction|wallet,|0.298193|0.386877,|0.298193|0.0386877,||-0.0446718
1LGBArncE3LGP5oS3YBTnVrT33ZPL67Bmb,2,wallet,3KAPMmreuckZkW4kdWvJpVJUShw9JWWmii,False,True,3,1LGBArncE3LGP5oS3YBTnVrT33ZPL67Bmb|112290319|3KAPMmreuckZkW4kdWvJpVJUShw9JWWmii,wallet|transaction|wallet,|0.0413452|0.38559,|0.0413452|0.192795,||-0.243658
1LKrZ9aTjBywRdP3ajvQ67fFE7wghwadNn,2,wallet,3CuS6iwLFPtCWLAzZzLBQbmXuyySEXKgyB,False,True,3,1LKrZ9aTjBywRdP3ajvQ67fFE7wghwadNn|249970724|3CuS6iwLFPtCWLAzZzLBQbmXuyySEXKgyB,wallet|transaction|wallet,|0.20512|0.385452,|0.20512|0.0550645,||-0.000168447
1LQfEZQPvxcBbakEr4DSPMqwTC9QEcDPoT,2,wallet,1DuAF5t4RSxDfZEcee8heF8oTdrNJGzniJ,False,True,3,1LQfEZQPvxcBbakEr4DSPMqwTC9QEcDPoT|100075247|1DuAF5t4RSxDfZEcee8heF8oTdrNJGzniJ,wallet|transaction|wallet,|0.351503|0.385089,|0.351503|0.192545,||0.145757
1LRHPJxuaCNdY3fvchdKwNEQRsZ643JsCA,2,wallet,1NWxqYcdmtAfmF2EGRYPEABgTWB6Az6tiB,False,True,3,1LRHPJxuaCNdY3fvchdKwNEQRsZ643JsCA|376243446|1NWxqYcdmtAfmF2EGRYPEABgTWB6Az6tiB,wallet|transaction|wallet,|0.348456|0.385197,|0.348456|0.385197,||0.205457
1LTp5tVupDoV2Phdz9XCnDArMy4Rs9mnLr,2,wallet,14YTsx7pg1F1SZGTwPWFg9LSvuhWgTjwe4,False,True,3,1LTp5tVupDoV2Phdz9XCnDArMy4Rs9mnLr|336437280|14YTsx7pg1F1SZGTwPWFg9LSvuhWgTjwe4,wallet|transaction|wallet,|0.350945|0.385105,|0.350945|0.385105,||0.313791
1LVpL1Sw6RL85JPhaxbDDb6ud4ZTm6wRKq,2,wallet,33Hb2pECEjCmC73REUggAyt1zt7PGjDtFi,False,True,3,1LVpL1Sw6RL85JPhaxbDDb6ud4ZTm6wRKq|220597601|33Hb2pECEjCmC73REUggAyt1zt7PGjDtFi,wallet|transaction|wallet,|0.344661|0.385171,|0.344661|0.385171,||-0.0233818
1LXbeK1MFUhMV4jydiQNnZKwR3KU6vc8i7,2,wallet,1PZw3yz7Yy3J5rrXGKgeDhGG8yA6tw3H7N,False,True,3,1LXbeK1MFUhMV4jydiQNnZKwR3KU6vc8i7|98290396|1PZw3yz7Yy3J5rrXGKgeDhGG8yA6tw3H7N,wallet|transaction|wallet,|0.34863|0.385191,|0.34863|0.385191,||0.231588
1LYkux6J86Mdq89EkZvK9Cc7XQyjKim7iW,2,wallet,18CdaZ5V9cqTdaPHLPer7yKusewBzGJ1LA,False,True,3,1LYkux6J86Mdq89EkZvK9Cc7XQyjKim7iW|378066641|18CdaZ5V9cqTdaPHLPer7yKusewBzGJ1LA,wallet|transaction|wallet,|0.351624|0.385066,|0.351624|0.385066,||0.297639
1LYxRBv6exkzmDjjEF3hXiswkYR9dwvzs1,2,wallet,3QjQitHTdJvcF79kXLSMaCRKKpx48QVBxa,False,True,3,1LYxRBv6exkzmDjjEF3hXiswkYR9dwvzs1|30061075|3QjQitHTdJvcF79kXLSMaCRKKpx48QVBxa,wallet|transaction|wallet,|0.299202|0.385397,|0.299202|0.385397,||-0.394192
1LawscHAHpUeJEVq48qCdbbwNcBbDbVsH5,2,wallet,36xSQoXT2hwVLVUJQn2w7oWtj9r1tBdRDS,False,True,3,1LawscHAHpUeJEVq48qCdbbwNcBbDbVsH5|99676831|36xSQoXT2hwVLVUJQn2w7oWtj9r1tBdRDS,wallet|transaction|wallet,|0.349416|0.385103,|0.349416|0.0962759,||0.0479922
1Ld5RdTgdwnjiDJSbXxuu3iaTCJ5nDyQTN,2,wallet,34UQR1ekK3xM4LQQLpw85usgnqGSLsgC6P,False,True,3,1Ld5RdTgdwnjiDJSbXxuu3iaTCJ5nDyQTN|36965025|34UQR1ekK3xM4LQQLpw85usgnqGSLsgC6P,wallet|transaction|wallet,|0.188224|0.385553,|0.188224|0.192777,||-0.23686
1LdGMGq8MBF7FRcoN5fR19bTzGuNKZMcCM,2,wallet,13wuf7ZjaHidnpBnkTJBfALcdzbNVzZZqK,False,True,3,1LdGMGq8MBF7FRcoN5fR19bTzGuNKZMcCM|372690438|13wuf7ZjaHidnpBnkTJBfALcdzbNVzZZqK,wallet|transaction|wallet,|0.351177|0.385096,|0.351177|0.192548,||0.148575
1LduwhcSkz4eEFnwagnKWykcbHJc7p69KU,2,wallet,1J6kEzqEABgTT5fvGfWV4tPuKVCn4V2Srk,False,True,3,1LduwhcSkz4eEFnwagnKWykcbHJc7p69KU|294375726|1J6kEzqEABgTT5fvGfWV4tPuKVCn4V2Srk,wallet|transaction|wallet,|0.347892|0.38516,|0.347892|0.38516,||0.0994207
1LeP692TPSeuwdRQuCmSjTgHyJDC43nAxt,2,wallet,17grfHa9v9caG71TxeoSemrCfLELX6gncP,False,True,3,1LeP692TPSeuwdRQuCmSjTgHyJDC43nAxt|269235429|17grfHa9v9caG71TxeoSemrCfLELX6gncP,wallet|transaction|wallet,|0.350991|0.385113,|0.350991|0.385113,||0.304453
1LmmgoELJX9MR8Szvkob6HiAudmp4JakjX,2,wallet,37N9B8HocZ2HzDhjNJ8RNayMG2U4cYHxQZ,False,True,3,1LmmgoELJX9MR8Szvkob6HiAudmp4JakjX|272100663|37N9B8HocZ2HzDhjNJ8RNayMG2U4cYHxQZ,wallet|transaction|wallet,|0.348438|0.385147,|0.348438|0.385147,||0.150412
1LnKufcCuVB6GbVSovmDbybzRpJ3yboxkd,2,wallet,198iVsQaPn8Famm3ydayKUstVb4fMFZiWE,False,True,3,1LnKufcCuVB6GbVSovmDbybzRpJ3yboxkd|269103156|198iVsQaPn8Famm3ydayKUstVb4fMFZiWE,wallet|transaction|wallet,|0.350678|0.385119,|0.350678|0.385119,||0.303096
1LniiCrig2YdT91BzuEgaBA59FzPxUqV2A,2,wallet,1GXyrzRPMZitzRe76VZmDbUv6coiopdccK,False,True,3,1LniiCrig2YdT91BzuEgaBA59FzPxUqV2A|30179843|1GXyrzRPMZitzRe76VZmDbUv6coiopdccK,wallet|transaction|wallet,|0.345016|0.385275,|0.345016|0.385275,||0.0872481
1LpmYVSgts4ijQd5DTeVNqjQRSqH1zUMhS,2,wallet,1EdcxLTY1Ne3jQk5iyLtxTHWHZccAemPM8,False,True,3,1LpmYVSgts4ijQd5DTeVNqjQRSqH1zUMhS|194172820|1EdcxLTY1Ne3jQk5iyLtxTHWHZccAemPM8,wallet|transaction|wallet,|0.345975|0.397608,|0.345975|0.397608,||0.230243
1LujS2t1bed7XVqvEvJXDXm2G5cPEKLUoG,2,wallet,15FByhxNwzYTzXneVB1NKSarTMfZULcepn,False,True,3,1LujS2t1bed7XVqvEvJXDXm2G5cPEKLUoG|372690430|15FByhxNwzYTzXneVB1NKSarTMfZULcepn,wallet|transaction|wallet,|0.351138|0.385092,|0.351138|0.385092,||0.321979
1LvdMZJ1aS39NfVwd7ZECRSyV8cWQb4Vvh,2,wallet,1DuPHnjyAVzEXNmPFEVM7xWYeijqzEdd41,False,True,3,1LvdMZJ1aS39NfVwd7ZECRSyV8cWQb4Vvh|218079798|1DuPHnjyAVzEXNmPFEVM7xWYeijqzEdd41,wallet|transaction|wallet,|0.349718|0.385035,|0.349718|0.385035,||0.219241
1LxjAhbzjQskt4pUQyMMt8ZBy6XeEJy5ep,2,wallet,1EJeVMD5APgmRbaXkjktgMfXbzetgJWjMs,False,True,3,1LxjAhbzjQskt4pUQyMMt8ZBy6XeEJy5ep|175165963|1EJeVMD5APgmRbaXkjktgMfXbzetgJWjMs,wallet|transaction|wallet,|0.348982|0.385187,|0.348982|0.128396,||-0.000270168
1M3RgXxNEJj9UnpreYTEP4nmgjkbgAGRzP,2,wallet,3HSyBtR7sX1KbnPeGs3TLDTC8qWC7YpXKx,False,True,3,1M3RgXxNEJj9UnpreYTEP4nmgjkbgAGRzP|268868308|3HSyBtR7sX1KbnPeGs3TLDTC8qWC7YpXKx,wallet|transaction|wallet,|0.345748|0.385163,|0.345748|0.385163,||0.0316748
1M9LeiYxQwD1F4zCRo18ZyMJHbZFNJBoFC,2,wallet,1EGemf3GWvTeFCceSidBb6rqimNiL1Ln5c,False,True,3,1M9LeiYxQwD1F4zCRo18ZyMJHbZFNJBoFC|95556764|1EGemf3GWvTeFCceSidBb6rqimNiL1Ln5c,wallet|transaction|wallet,|0.346683|0.385243,|0.346683|0.385243,||0.125428
1MB6Mf8EbuF4gSJTGe6C8qM5gxmQYDsSkx,2,wallet,14AMHQcf7dEub79ZqaaagYD3p5QofV1gvG,False,True,3,1MB6Mf8EbuF4gSJTGe6C8qM5gxmQYDsSkx|85004965|14AMHQcf7dEub79ZqaaagYD3p5QofV1gvG,wallet|transaction|wallet,|0.35013|0.385141,|0.35013|0.385141,||0.273538
1MGfqFxPtCZ6ARsPJz1jhbuZ78jXQGnzo3,2,wallet,1PxpMjXsoHaiQq8yQn6ajqA36Mc2yGP4f3,False,True,3,1MGfqFxPtCZ6ARsPJz1jhbuZ78jXQGnzo3|355110982|1PxpMjXsoHaiQq8yQn6ajqA36Mc2yGP4f3,wallet|transaction|wallet,|0.348648|0.385191,|0.348648|0.385191,||0.231942
1MJtWFyprbTwZspxtduYeawEVXsgNYFpvt,2,wallet,3JMq398rmxdcKA1w7euF2PHz826csEZNTE,False,True,3,1MJtWFyprbTwZspxtduYeawEVXsgNYFpvt|69439512|3JMq398rmxdcKA1w7euF2PHz826csEZNTE,wallet|transaction|wallet,|0.343484|0.385183,|0.343484|0.385183,||-0.0698426
1MK1vs9SPtTSYr7NXAAaRvMmeyVDFmeKVg,2,wallet,3JNSdDX94ab882HsyokFFW1T1SNeu2GT4v,False,True,3,1MK1vs9SPtTSYr7NXAAaRvMmeyVDFmeKVg|205633185|3JNSdDX94ab882HsyokFFW1T1SNeu2GT4v,wallet|transaction|wallet,|0.0902249|0.385932,|0.0902249|0.0551331,||-0.00108726
1MMzpaMDXG7Tbdaa8ExGBTWpi8yrXq31n3,2,wallet,354HZoR9wdQoaMjMFs3Mzh5GJ7foVv6Eb3,False,True,3,1MMzpaMDXG7Tbdaa8ExGBTWpi8yrXq31n3|158310646|354HZoR9wdQoaMjMFs3Mzh5GJ7foVv6Eb3,wallet|transaction|wallet,|0.212277|0.385509,|0.212277|0.0963774,||-0.0358146
1MNUjD8fEQVVaWTRTUeDUsvuv6e2YHGkui,2,wallet,3JCNfkGzxrygtZpzu1gA9to1fsFG1ghTag,False,True,3,1MNUjD8fEQVVaWTRTUeDUsvuv6e2YHGkui|92107945|3JCNfkGzxrygtZpzu1gA9to1fsFG1ghTag,wallet|transaction|wallet,|0.326208|0.385326,|0.326208|0.385326,||-0.279878
1MSDJf2ENpMPdrxhSrNmHcVV8XESr7toDP,2,wallet,37N9B8HocZ2HzDhjNJ8RNayMG2U4cYHxQZ,False,True,3,1MSDJf2ENpMPdrxhSrNmHcVV8XESr7toDP|272100663|37N9B8HocZ2HzDhjNJ8RNayMG2U4cYHxQZ,wallet|transaction|wallet,|0.348438|0.385147,|0.348438|0.385147,||0.150412
1MZrPZn8TUoSEC5sFofviXBUqtffZrXHoa,2,wallet,1K14cwNxqfAKNNJM78d5rtW6XSFUDftZUe,False,True,3,1MZrPZn8TUoSEC5sFofviXBUqtffZrXHoa|10773179|1K14cwNxqfAKNNJM78d5rtW6XSFUDftZUe,wallet|transaction|wallet,|0.258617|0.385324,|0.258617|0.385324,||-0.398836
1Md5mFf9TDPkZtsocnC5PVQRaqYtoHVLMM,2,wallet,34iAa1QVsMGPauZi4RzgHSJWjjWezUh3Z3,False,True,3,1Md5mFf9TDPkZtsocnC5PVQRaqYtoHVLMM|312091759|34iAa1QVsMGPauZi4RzgHSJWjjWezUh3Z3,wallet|transaction|wallet,|0.349011|0.38514,|0.349011|0.19257,||0.0631871
1Mh5CGfrrEVrtnm257wpQJMzwXLRCoDLfU,2,wallet,182vwg7PxxyBiiwhj9o1yLDeSMQdBhMweo,False,True,3,1Mh5CGfrrEVrtnm257wpQJMzwXLRCoDLfU|269576166|182vwg7PxxyBiiwhj9o1yLDeSMQdBhMweo,wallet|transaction|wallet,|0.350499|0.385126,|0.350499|0.385126,||0.291682
1Mike5Fczvc2dPKSTpDMJimQ14QJKWmfFo,2,wallet,1K8u6cxVzEhJobSk55dHtTUK7xmxSuiDip,False,True,3,1Mike5Fczvc2dPKSTpDMJimQ14QJKWmfFo|355111006|1K8u6cxVzEhJobSk55dHtTUK7xmxSuiDip,wallet|transaction|wallet,|0.329396|0.400456,|0.329396|0.200228,||0.0110008
1MkaX8kdqWUCnMdhWfRjSkgZkEg1kteQK8,2,wallet,1Dsk7iDRcp5H5QnuLAXrTXfc6Pvq53D6WJ,False,True,3,1MkaX8kdqWUCnMdhWfRjSkgZkEg1kteQK8|246038424|1Dsk7iDRcp5H5QnuLAXrTXfc6Pvq53D6WJ,wallet|transaction|wallet,|0.349615|0.385152,|0.349615|0.385152,||0.26719
1MoSbTRxG2xd932666GZPkRBosc1knSvyv,2,wallet,3FMxEmNfDycwELFCkkYezWth5uhKfQo7s8,False,True,3,1MoSbTRxG2xd932666GZPkRBosc1knSvyv|9259519|3FMxEmNfDycwELFCkkYezWth5uhKfQo7s8,wallet|transaction|wallet,|0.077361|0.385481,|0.077361|0.385481,||-0.434917
1MpQWohM7o7UeGSSKcNeMX45HdmQM2tNpW,2,wallet,1AkPS83F4MusheHQ7a92Geh59E5VNCZsMD,False,True,3,1MpQWohM7o7UeGSSKcNeMX45HdmQM2tNpW|84785014|1AkPS83F4MusheHQ7a92Geh59E5VNCZsMD,wallet|transaction|wallet,|0.350544|0.385132,|0.350544|0.385132,||0.286091
1MubwDm7wsu7nH7zjDZFYrRV7e4S2LX1rY,2,wallet,3EbsSuH5gtbdctYw7Bd7mGxE7DGP4QHq4k,False,True,3,1MubwDm7wsu7nH7zjDZFYrRV7e4S2LX1rY|268855050|3EbsSuH5gtbdctYw7Bd7mGxE7DGP4QHq4k,wallet|transaction|wallet,|0.34129|0.385184,|0.34129|0.128395,||-0.083149
1MvZWv2UwHMqsg3AuiRHf3RDMx6xt6JM6v,2,wallet,3PNqebMDzpk5bRq4n6LBuboKSVazsFseac,False,True,3,1MvZWv2UwHMqsg3AuiRHf3RDMx6xt6JM6v|2595204|3PNqebMDzpk5bRq4n6LBuboKSVazsFseac,wallet|transaction|wallet,|0.263236|0.385489,|0.263236|0.385489,||-0.442335
1MywAyUMLD9CcJhmrcin7owV4RGGusgsDi,2,wallet,1R5LhENdp5u3Y9NBqMvLRCehrZ8UKNdn7,False,True,3,1MywAyUMLD9CcJhmrcin7owV4RGGusgsDi|355012161|1R5LhENdp5u3Y9NBqMvLRCehrZ8UKNdn7,wallet|transaction|wallet,|0.348593|0.385191,|0.348593|0.385191,||0.228794
151211046,1,transaction,148561385,False,True,2,151211046|148561385,transaction|transaction,|0.513365,|0.256682,|-0.121402
169CR7r3rJETz4FyebDtRw1JhfVNxEE85d,1,transaction,77985071,False,True,2,169CR7r3rJETz4FyebDtRw1JhfVNxEE85d|77985071,wallet|transaction,|0.347223,|0.347223,|
194GQBPLaCoSpY2UKx9i293iZjAbuuNMKT,1,transaction,157863901,False,True,2,194GQBPLaCoSpY2UKx9i293iZjAbuuNMKT|157863901,wallet|transaction,|0.12616,|0.12616,|
1BJFp1xvmi1Mf9LaoYizxgXZTtsYg6kVYP,1,transaction,94047430,False,True,2,1BJFp1xvmi1Mf9LaoYizxgXZTtsYg6kVYP|94047430,wallet|transaction,|0.340325,|0.340325,|
1DqEMHjHfQxhcHeKSHeRG34JuTctSjfUo7,1,transaction,84491406,False,True,2,1DqEMHjHfQxhcHeKSHeRG34JuTctSjfUo7|84491406,wallet|transaction,|0.200358,|0.200358,|
1FsLjMgkr4aHcRiuafYoeqGaGpgeYmBSaZ,1,transaction,211083403,False,True,2,1FsLjMgkr4aHcRiuafYoeqGaGpgeYmBSaZ|211083403,wallet|transaction,|0.353061,|0.176531,|
1GUZ9oUWqFqqZXsgA5CpsjnBPq4WQAfxGw,1,transaction,8827141,False,True,2,1GUZ9oUWqFqqZXsgA5CpsjnBPq4WQAfxGw|8827141,wallet|transaction,|0.344167,|0.344167,|
1H91HHDt3bEgv3zHk1GqXYnkANJfjHLSZC,1,transaction,91482801,False,True,2,1H91HHDt3bEgv3zHk1GqXYnkANJfjHLSZC|91482801,wallet|transaction,|0.34106,|0.34106,|
1MHPHetzS4n9uXobs47VYarePHGByPpkUG,4,wallet,1KHPtLWcyu165LcHnqjsAYVkZkWinYbfN5,True,False,5,1MHPHetzS4n9uXobs47VYarePHGByPpkUG|133053738|1PyNuHybybvtmJp21X7axTFPUyshgyHTPp|339057175|1KHPtLWcyu165LcHnqjsAYVkZkWinYbfN5,wallet|transaction|wallet|transaction|wallet,|0.352844|0.404964|0.351859|0.385047,|0.352844|0.202482|0.175929|0.385047,||0.025448|0.000144362|0.312793
231573972,3,wallet,1FFk4boNzbxzBb24SHDSmTRX3o522ZnMi5,True,False,4,231573972|1K6D4gpYGNfJENsR87bbAtpBkxCxaorPK1|232629023|1FFk4boNzbxzBb24SHDSmTRX3o522ZnMi5,transaction|wallet|transaction|wallet,|0.406|0.352076|0.385106,|0.0135333|0.352076|0.385106,|0.00305022|0.130134|0.288054
97390680,3,wallet,1G2CN5nYwQmErVmXmwMAbpFdg6dpYkwjvL,True,False,4,97390680|1MB6hVn8pHypAgHKxFtjbSjHzhEetko9Wk|96939140|1G2CN5nYwQmErVmXmwMAbpFdg6dpYkwjvL,transaction|wallet|transaction|wallet,|0.404985|0.353034|0.359483,|0.202493|0.176517|0.179741,|0.257571|-0.00812462|0.470868
106325406,3,wallet,1AZEjrTjQejL2mL7NGiP2zV1xjfS13eU2E,True,False,4,106325406|1EMwkbKiKuUkjdsNq2mBJs6pSMSQwHpnnA|105434883|1AZEjrTjQejL2mL7NGiP2zV1xjfS13eU2E,transaction|wallet|transaction|wallet,|0.402108|0.341586|0.385336,|0.134036|0.341586|0.385336,|-0.0195854|0.583648|0.0355889
1GAx9vk9UhA51qs3ZPEEju5PWUM62oyT7e,6,wallet,18zFZR13Vn1vXFM9y4wJLCWPu2qQvEZiD,False,False,7,1GAx9vk9UhA51qs3ZPEEju5PWUM62oyT7e|294490436|1Jm3RJgwZU2yiYB8NQAHEdswXpNhfQedcJ|294376159|17eVypNeX782JBjn8tJi2KdHqsj1B5MAK4|294329505|18zFZR13Vn1vXFM9y4wJLCWPu2qQvEZiD,wallet|transaction|wallet|transaction|wallet|transaction|wallet,|0.352912|0.402052|0.036828|0.404818|0.347444|0.385173,|0.0705823|0.201026|0.036828|0.202409|0.347444|0.385173,||0.226564|1.30534e-05|-0.0627367|0.769148|0.100698
339054253,3,wallet,1LnDn1S4xPRJvk88oEieXUTW3V2WMWEWRq,False,False,4,339054253|1552PeoErQPRpoNYA355ejYogiCKKRPc1i|339054259|1LnDn1S4xPRJvk88oEieXUTW3V2WMWEWRq,transaction|wallet|transaction|wallet,|0.393467|0.350473|0.385091,|0.196733|0.350473|0.385091,|0.0143045|-0.0127175|0.197054
244652747,3,wallet,1Gjt3wkSsP9svuQTg92vgxXfqeDuvjFJuv,False,False,4,244652747|1LaVk4ebW7uwqRYoYxJM2JpjmAzYszi8tp|238506100|1Gjt3wkSsP9svuQTg92vgxXfqeDuvjFJuv,transaction|wallet|transaction|wallet,|0.404743|0.176765|0.385325,|0.202372|0.176765|0.385325,|0.370583|0.758842|-0.45929
43321921,2,wallet,1Ak8dtRLebgn5DF9HYyGigHAUcxxvLX261,False,False,3,43321921|42960789|1Ak8dtRLebgn5DF9HYyGigHAUcxxvLX261,transaction|transaction|wallet,|0.161931|0.262388,|0.161931|0.131194,|-0.120486|-0.0663972
234569755,2,transaction,234392192,False,False,3,234569755|1KxFQph4sxhmSHkdr3HZf2F2WHaUBnCcMe|234392192,transaction|wallet|transaction,|0.389221|0.297247,|0.12974|0.297247,|-0.0303249|-0.0089035
114658610,2,transaction,332928,False,False,3,114658610|15XdT3tHKAtQQMs1e2HH9yGFr4nZYPcj1B|332928,transaction|wallet|transaction,|0.399268|0.341957,|0.199634|0.341957,|0.0644942|0.0155713
12kGVsN3efV1TKsZs8d2Y7y9vjGBC3vZXw,2,wallet,39uMGY3R5HNFBu2c6f7VM2svE1SxjzYcEt,False,False,3,12kGVsN3efV1TKsZs8d2Y7y9vjGBC3vZXw|53784210|39uMGY3R5HNFBu2c6f7VM2svE1SxjzYcEt,wallet|transaction|wallet,|0.232679|0.38589,|0.232679|0.0964725,||-0.137767
15RGUsSaa6JbngariJffNnrbYqMcQm6bpi,2,wallet,1xsrz8oFaYceM5kaiwroDtyoGsN1jchHJ,False,False,3,15RGUsSaa6JbngariJffNnrbYqMcQm6bpi|94186440|1xsrz8oFaYceM5kaiwroDtyoGsN1jchHJ,wallet|transaction|wallet,|0.342238|0.385017,|0.342238|0.385017,||-0.0813206
19D3wZkVBCctJj9BZgvaEgoWQ9G9Lfjyo4,2,wallet,1xsrz8oFaYceM5kaiwroDtyoGsN1jchHJ,False,False,3,19D3wZkVBCctJj9BZgvaEgoWQ9G9Lfjyo4|94186440|1xsrz8oFaYceM5kaiwroDtyoGsN1jchHJ,wallet|transaction|wallet,|0.342238|0.385017,|0.342238|0.385017,||-0.0813206
1C4CqWfeocdSf421Vi1Nw6M2XmgYegLP98,2,wallet,3KJELigsv67MS6UBUHmZfBirdJYrzHaQLx,False,False,3,1C4CqWfeocdSf421Vi1Nw6M2XmgYegLP98|12780033|3KJELigsv67MS6UBUHmZfBirdJYrzHaQLx,wallet|transaction|wallet,|0.278045|0.38548,|0.278045|0.0963699,||-0.0666697
1Dq2wC22hVEUrpHzQUYRC2ebw6phCtqP1i,2,wallet,1xsrz8oFaYceM5kaiwroDtyoGsN1jchHJ,False,False,3,1Dq2wC22hVEUrpHzQUYRC2ebw6phCtqP1i|94186440|1xsrz8oFaYceM5kaiwroDtyoGsN1jchHJ,wallet|transaction|wallet,|0.342238|0.385017,|0.342238|0.385017,||-0.0813206
1GqWok1kwqpJpW1pKbQW6gKrGVWbFxMwf1,2,wallet,1xsrz8oFaYceM5kaiwroDtyoGsN1jchHJ,False,False,3,1GqWok1kwqpJpW1pKbQW6gKrGVWbFxMwf1|94186440|1xsrz8oFaYceM5kaiwroDtyoGsN1jchHJ,wallet|transaction|wallet,|0.342238|0.385017,|0.342238|0.385017,||-0.0813206
1KZoFyMAKbp2VAkZJMVvSMLyL7ttbmEsgz,2,wallet,1PjoRHujmoCE5xhZsFBoWBynUkoXmqFXNV,False,False,3,1KZoFyMAKbp2VAkZJMVvSMLyL7ttbmEsgz|372687988|1PjoRHujmoCE5xhZsFBoWBynUkoXmqFXNV,wallet|transaction|wallet,|0.351243|0.385093,|0.351243|0.385093,||0.326859
339057239,1,wallet,18Cr25Z23ERsMHUWQp6XLuGKDGit7ZHz6n,False,False,2,339057239|18Cr25Z23ERsMHUWQp6XLuGKDGit7ZHz6n,transaction|wallet,|0.385105,|0.385105,|-0.0600784
344453848,1,wallet,1BST7WP6ojsa4n6VsmoxKqWd5pBrs6deES,False,False,2,344453848|1BST7WP6ojsa4n6VsmoxKqWd5pBrs6deES,transaction|wallet,|0.385055,|0.192527,|0.0640991
378138278,1,wallet,149pVxPXYiVhyFR9k87NBGsdGii8NrZDWK,False,False,2,378138278|149pVxPXYiVhyFR9k87NBGsdGii8NrZDWK,transaction|wallet,|0.385122,|0.385122,|-0.0457734
298856050,1,wallet,15KLfU3TrYHCC7Ct9T2QL7XLFmcu9HUzbU,False,False,2,298856050|15KLfU3TrYHCC7Ct9T2QL7XLFmcu9HUzbU,transaction|wallet,|0.389991,|0.194995,|0.140692
209705074,1,wallet,1F4RJrhdfF75L72r5KMtBKgHYSaAjGu5sU,False,False,2,209705074|1F4RJrhdfF75L72r5KMtBKgHYSaAjGu5sU,transaction|wallet,|0.385116,|0.385116,|0.311126
99285423,1,wallet,1NHwoXZ2821UVBFRbBimBch79Cw2Xq3DBu,False,False,2,99285423|1NHwoXZ2821UVBFRbBimBch79Cw2Xq3DBu,transaction|wallet,|0.385089,|0.192544,|0.139911
99676840,1,wallet,3QsFdui7zum167svpBQcSt3seWj2BN17kc,False,False,2,99676840|3QsFdui7zum167svpBQcSt3seWj2BN17kc,transaction|wallet,|0.3851,|0.19255,|-0.0122889
312446688,1,wallet,16zJ6YUQ89d5rfGx4TFTnNtCMvXvgU6hGj,False,False,2,312446688|16zJ6YUQ89d5rfGx4TFTnNtCMvXvgU6hGj,transaction|wallet,|0.385137,|0.385137,|0.16531
320681014,1,wallet,17abRir1aEmnTL28Wsn7tnc8gHzNK74gXv,False,False,2,320681014|17abRir1aEmnTL28Wsn7tnc8gHzNK74gXv,transaction|wallet,|0.398358,|0.398358,|0.314324
328782551,1,wallet,132Unx7rttPLVRZuiENUPCq6ds5R9qjnek,False,False,2,328782551|132Unx7rttPLVRZuiENUPCq6ds5R9qjnek,transaction|wallet,|0.385132,|0.385132,|0.237657
277807628,1,wallet,1Gg7LCh72zZ6NHYirRVQca2WueWDo6v6XJ,False,False,2,277807628|1Gg7LCh72zZ6NHYirRVQca2WueWDo6v6XJ,transaction|wallet,|0.385114,|0.385114,|0.307442
165594204,1,wallet,31iZopYrA7fP9NqdVnSZ6xRzmVfhiS6fuD,False,False,2,165594204|31iZopYrA7fP9NqdVnSZ6xRzmVfhiS6fuD,transaction|wallet,|0.385164,|0.128388,|-0.038238
85005009,1,wallet,3G5rhEd3cZBsWbv4wyzqMjkJG1vUsKmWPm,False,False,2,85005009|3G5rhEd3cZBsWbv4wyzqMjkJG1vUsKmWPm,transaction|wallet,|0.385193,|0.192596,|0.0196269
256878010,1,wallet,137BPkTUCvrrXhHa3iBta3HFMqQVnHwxMH,False,False,2,256878010|137BPkTUCvrrXhHa3iBta3HFMqQVnHwxMH,transaction|wallet,|0.385173,|0.385173,|-0.0109881
96367839,1,wallet,1GseU3NFJNxcmijAsiUUAkL7QVVUNVYQSd,False,False,2,96367839|1GseU3NFJNxcmijAsiUUAkL7QVVUNVYQSd,transaction|wallet,|0.385233,|0.385233,|0.152352
47667791,1,wallet,13G7iFbqVQVZbEPxjAzouhQiBGbe8PLJFe,False,False,2,47667791|13G7iFbqVQVZbEPxjAzouhQiBGbe8PLJFe,transaction|wallet,|0.404885,|0.202443,|0.473309
115912650,1,wallet,1KKQGUXu2edNTwU9NBUdKd85LLLS2RYmq9,False,False,2,115912650|1KKQGUXu2edNTwU9NBUdKd85LLLS2RYmq9,transaction|wallet,|0.204707,|0.0682357,|0.00150476
194010390,1,wallet,16S7BvCR68nNAUzKWcSgeHq24nfoxVge9H,False,False,2,194010390|16S7BvCR68nNAUzKWcSgeHq24nfoxVge9H,transaction|wallet,|0.385404,|0.385404,|-0.0538513
13uKUVWtTf4oQptqzmaPf5LyBGxrNrPyvj,1,transaction,15356540,False,False,2,13uKUVWtTf4oQptqzmaPf5LyBGxrNrPyvj|15356540,wallet|transaction,|0.351606,|0.351606,|
147oNJPSAgFZCt69sapwxkrzpezQDyPCHb,1,transaction,28902538,False,False,2,147oNJPSAgFZCt69sapwxkrzpezQDyPCHb|28902538,wallet|transaction,|0.312606,|0.312606,|
17R6DK3B9XXPXwabL5JM62jWqXXey324Hp,1,transaction,31859229,False,False,2,17R6DK3B9XXPXwabL5JM62jWqXXey324Hp|31859229,wallet|transaction,|0.340797,|0.340797,|
18uDYVonwHYeMayv9yVbuVvi7BqDnk7VHN,1,transaction,115029580,False,False,2,18uDYVonwHYeMayv9yVbuVvi7BqDnk7VHN|115029580,wallet|transaction,|0.341914,|0.341914,|
19dmG5Md4xNfbsQnzoNe5v1xyyfb2gMVAp,1,transaction,390144838,False,False,2,19dmG5Md4xNfbsQnzoNe5v1xyyfb2gMVAp|390144838,wallet|transaction,|0.350337,|0.350337,|
1A5h4jPbMMwf334gaQ13ZwjTC6CCWyoU2o,1,transaction,229292092,False,False,2,1A5h4jPbMMwf334gaQ13ZwjTC6CCWyoU2o|229292092,wallet|transaction,|0.348545,|0.348545,|
1AKVLuEqE5Xw95cFZUYuS2NxLsp5uDjnM8,1,transaction,94325826,False,False,2,1AKVLuEqE5Xw95cFZUYuS2NxLsp5uDjnM8|94325826,wallet|transaction,|0.231442,|0.231442,|
1ASXkJTCmg9pQnr6tkp2Xi6scH4GWHZvDd,1,transaction,63276814,False,False,2,1ASXkJTCmg9pQnr6tkp2Xi6scH4GWHZvDd|63276814,wallet|transaction,|0.325251,|0.325251,|
1AnRxLKFMaMvnE4GwyzJLoTifRFgdhgEPZ,1,transaction,298700929,False,False,2,1AnRxLKFMaMvnE4GwyzJLoTifRFgdhgEPZ|298700929,wallet|transaction,|0.34877,|0.34877,|
1BZjtJviPsdqQNHRbXr7izjYgha5cnpybH,1,transaction,94186348,False,False,2,1BZjtJviPsdqQNHRbXr7izjYgha5cnpybH|94186348,wallet|transaction,|0.341977,|0.341977,|
1BvjQz79d7VjNJo9r4JfFCdpjw96Bi7HZY,1,transaction,241518934,False,False,2,1BvjQz79d7VjNJo9r4JfFCdpjw96Bi7HZY|241518934,wallet|transaction,|0.333273,|0.333273,|
1CSSM4AwEUKaPiNaUXQTTFW3iVGTjzevQs,1,transaction,149161130,False,False,2,1CSSM4AwEUKaPiNaUXQTTFW3iVGTjzevQs|149161130,wallet|transaction,|0.332593,|0.332593,|
1DFnB1USAPJHko9fj2bBAGbvv59528RVT9,1,transaction,241488952,False,False,2,1DFnB1USAPJHko9fj2bBAGbvv59528RVT9|241488952,wallet|transaction,|0.351235,|0.351235,|
1DNJ93Qd76uWcpQgmU27VMWKT1Ti93diXG,1,transaction,72014021,False,False,2,1DNJ93Qd76uWcpQgmU27VMWKT1Ti93diXG|72014021,wallet|transaction,|0.210976,|0.210976,|
1DaTDDbjJV5nBJRDojUb2bYGYAtzYNzbqn,1,transaction,115122271,False,False,2,1DaTDDbjJV5nBJRDojUb2bYGYAtzYNzbqn|115122271,wallet|transaction,|0.343189,|0.171594,|
1DzmjtnSy7gc6HZcvPu1CgXwEoRSEp8MdK,1,transaction,94325826,False,False,2,1DzmjtnSy7gc6HZcvPu1CgXwEoRSEp8MdK|94325826,wallet|transaction,|0.231442,|0.231442,|
1EQPM6n5BMjzLKDt4NWP3ChS8cGQmRMzZZ,1,transaction,54704834,False,False,2,1EQPM6n5BMjzLKDt4NWP3ChS8cGQmRMzZZ|54704834,wallet|transaction,|0.331649,|0.331649,|
1EWnUTyBhxUWd7S4aU5dAtbUpfqQascRGn,1,transaction,94325826,False,False,2,1EWnUTyBhxUWd7S4aU5dAtbUpfqQascRGn|94325826,wallet|transaction,|0.231442,|0.231442,|
1EbBpWCpdtv7A7zd6XddosCuVyEdBKcN9A,1,transaction,380661716,False,False,2,1EbBpWCpdtv7A7zd6XddosCuVyEdBKcN9A|380661716,wallet|transaction,|0.350518,|0.350518,|
1FQ8bGYRazg6Q68Rit8ACy7jWH6RdsjPad,1,transaction,114595526,False,False,2,1FQ8bGYRazg6Q68Rit8ACy7jWH6RdsjPad|114595526,wallet|transaction,|0.344927,|0.0344927,|
1FX8K3Ru2LfMk918aLaWG5U45VxjhgkMuA,1,transaction,298700280,False,False,2,1FX8K3Ru2LfMk918aLaWG5U45VxjhgkMuA|298700280,wallet|transaction,|0.349315,|0.349315,|
1G98cBvEGwp8hYCPkx9Y6nxHC5PtTkgcMc,1,transaction,92071081,False,False,2,1G98cBvEGwp8hYCPkx9Y6nxHC5PtTkgcMc|92071081,wallet|transaction,|0.347035,|0.347035,|
1GCXwW1nGMoP4Shr2KDhDRJ6o2SUHnULLo,1,transaction,96261185,False,False,2,1GCXwW1nGMoP4Shr2KDhDRJ6o2SUHnULLo|96261185,wallet|transaction,|0.334497,|0.334497,|
1GtJoPHi6FF8oevihZaVN2DipM4MUxMu67,1,transaction,248919007,False,False,2,1GtJoPHi6FF8oevihZaVN2DipM4MUxMu67|248919007,wallet|transaction,|0.349642,|0.349642,|
1Hww2zgUgjpykTUso9jmAHEQLN9JyCrdJ2,1,transaction,179069348,False,False,2,1Hww2zgUgjpykTUso9jmAHEQLN9JyCrdJ2|179069348,wallet|transaction,|0.239931,|0.239931,|
1J1PCA1PsP7MWEynJuLL3mAGcKKbhnTe6u,1,transaction,355009231,False,False,2,1J1PCA1PsP7MWEynJuLL3mAGcKKbhnTe6u|355009231,wallet|transaction,|0.344906,|0.344906,|
1J2myiYG1r2GXJk6HGFsHNzwh18BNs9w14,1,transaction,179069341,False,False,2,1J2myiYG1r2GXJk6HGFsHNzwh18BNs9w14|179069341,wallet|transaction,|0.343751,|0.343751,|
1JxxjZVVPHTVSaamE6hCBumYw7mJPw84YE,1,transaction,96545938,False,False,2,1JxxjZVVPHTVSaamE6hCBumYw7mJPw84YE|96545938,wallet|transaction,|0.348371,|0.348371,|
1JyZ95VQ7yPCDJNMEGuY3prEZmMAALukL8,1,transaction,248889566,False,False,2,1JyZ95VQ7yPCDJNMEGuY3prEZmMAALukL8|248889566,wallet|transaction,|0.351596,|0.351596,|
1K73pGETs6aNcxCh2DAtLqLQw2iweBQWdo,1,transaction,28913542,False,False,2,1K73pGETs6aNcxCh2DAtLqLQw2iweBQWdo|28913542,wallet|transaction,|0.235831,|0.235831,|
1KTyijZkxBK6PTs31vKDWbizs2MU4eghBW,1,transaction,381890390,False,False,2,1KTyijZkxBK6PTs31vKDWbizs2MU4eghBW|381890390,wallet|transaction,|0.247886,|0.247886,|
1L6Pe1AZZsuvEaDN6CrsRF8d7uJbXzAviz,1,transaction,386075342,False,False,2,1L6Pe1AZZsuvEaDN6CrsRF8d7uJbXzAviz|386075342,wallet|transaction,|0.348719,|0.348719,|
1M572mSHT5wH8B2L6tPqn7WujNxUbB5yVi,1,transaction,209722183,False,False,2,1M572mSHT5wH8B2L6tPqn7WujNxUbB5yVi|209722183,wallet|transaction,|0.3515,|0.0167381,|
96545938,0,transaction,96545938,False,False,1,96545938,transaction,,,
189985165,0,transaction,189985165,False,False,1,189985165,transaction,,,
190857303,0,transaction,190857303,False,False,1,190857303,transaction,,,
175061027,0,transaction,175061027,False,False,1,175061027,transaction,,,
175754499,0,transaction,175754499,False,False,1,175754499,transaction,,,
179084428,0,transaction,179084428,False,False,1,179084428,transaction,,,
42960555,0,transaction,42960555,False,False,1,42960555,transaction,,,
81008326,0,transaction,81008326,False,False,1,81008326,transaction,,,
339101876,0,transaction,339101876,False,False,1,339101876,transaction,,,
15843411,0,transaction,15843411,False,False,1,15843411,transaction,,,
15852067,0,transaction,15852067,False,False,1,15852067,transaction,,,
19472391,0,transaction,19472391,False,False,1,19472391,transaction,,,
238559239,0,transaction,238559239,False,False,1,238559239,transaction,,,
378278864,0,transaction,378278864,False,False,1,378278864,transaction,,,
378439668,0,transaction,378439668,False,False,1,378439668,transaction,,,
362863709,0,transaction,362863709,False,False,1,362863709,transaction,,,
209537525,0,transaction,209537525,False,False,1,209537525,transaction,,,
210508548,0,transaction,210508548,False,False,1,210508548,transaction,,,
260064557,0,transaction,260064557,False,False,1,260064557,transaction,,,
331504866,0,transaction,331504866,False,False,1,331504866,transaction,,,
331598938,0,transaction,331598938,False,False,1,331598938,transaction,,,
272089707,0,transaction,272089707,False,False,1,272089707,transaction,,,
272152906,0,transaction,272152906,False,False,1,272152906,transaction,,,
272698499,0,transaction,272698499,False,False,1,272698499,transaction,,,
294334688,0,transaction,294334688,False,False,1,294334688,transaction,,,
163686831,0,transaction,163686831,False,False,1,163686831,transaction,,,
298711661,0,transaction,298711661,False,False,1,298711661,transaction,,,
376257361,0,transaction,376257361,False,False,1,376257361,transaction,,,
386054140,0,transaction,386054140,False,False,1,386054140,transaction,,,
386067632,0,transaction,386067632,False,False,1,386067632,transaction,,,
386075342,0,transaction,386075342,False,False,1,386075342,transaction,,,
355610486,0,transaction,355610486,False,False,1,355610486,transaction,,,
288072566,0,transaction,288072566,False,False,1,288072566,transaction,,,
288360889,0,transaction,288360889,False,False,1,288360889,transaction,,,
288368373,0,transaction,288368373,False,False,1,288368373,transaction,,,
54816062,0,transaction,54816062,False,False,1,54816062,transaction,,,
26936052,0,transaction,26936052,False,False,1,26936052,transaction,,,
29498692,0,transaction,29498692,False,False,1,29498692,transaction,,,
30060601,0,transaction,30060601,False,False,1,30060601,transaction,,,
13227997,0,transaction,13227997,False,False,1,13227997,transaction,,,
115967728,0,transaction,115967728,False,False,1,115967728,transaction,,,
49040928,0,transaction,49040928,False,False,1,49040928,transaction,,,
103948477,0,transaction,103948477,False,False,1,103948477,transaction,,,
149160225,0,transaction,149160225,False,False,1,149160225,transaction,,,
149161627,0,transaction,149161627,False,False,1,149161627,transaction,,,
151227324,0,transaction,151227324,False,False,1,151227324,transaction,,,
151227881,0,transaction,151227881,False,False,1,151227881,transaction,,,
12665079,0,transaction,12665079,False,False,1,12665079,transaction,,,
13226099,0,transaction,13226099,False,False,1,13226099,transaction,,,
256730850,0,transaction,256730850,False,False,1,256730850,transaction,,,
148568442,0,transaction,148568442,False,False,1,148568442,transaction,,,
148568426,0,transaction,148568426,False,False,1,148568426,transaction,,,
106409331,0,transaction,106409331,False,False,1,106409331,transaction,,,
12BE6UHMCRP4NLYxQkzTTFkh5EY7XtEArj,0,wallet,12BE6UHMCRP4NLYxQkzTTFkh5EY7XtEArj,False,False,1,12BE6UHMCRP4NLYxQkzTTFkh5EY7XtEArj,wallet,,,
12JwisCuhoFf9dx9FiLdiAhcCLyE7vuKix,0,wallet,12JwisCuhoFf9dx9FiLdiAhcCLyE7vuKix,False,False,1,12JwisCuhoFf9dx9FiLdiAhcCLyE7vuKix,wallet,,,
13FrLRMhcC1MRoH4Jfg6ZDKHQ8Kqp6vHYz,0,wallet,13FrLRMhcC1MRoH4Jfg6ZDKHQ8Kqp6vHYz,False,False,1,13FrLRMhcC1MRoH4Jfg6ZDKHQ8Kqp6vHYz,wallet,,,
13ZGEE3mQoPi9gowU44oqDHc2gFZKt4Gtq,0,wallet,13ZGEE3mQoPi9gowU44oqDHc2gFZKt4Gtq,False,False,1,13ZGEE3mQoPi9gowU44oqDHc2gFZKt4Gtq,wallet,,,
13rZRaxhupw2otjGpd1Wf1i4Kyyz3VjUyp,0,wallet,13rZRaxhupw2otjGpd1Wf1i4Kyyz3VjUyp,False,False,1,13rZRaxhupw2otjGpd1Wf1i4Kyyz3VjUyp,wallet,,,
14SyKayVWq4DCKxPAKqWGdgP3nDypAqrfM,0,wallet,14SyKayVWq4DCKxPAKqWGdgP3nDypAqrfM,False,False,1,14SyKayVWq4DCKxPAKqWGdgP3nDypAqrfM,wallet,,,
15PpRJbm6uhPerSLA6qsZUKJJ3XQuMRsgR,0,wallet,15PpRJbm6uhPerSLA6qsZUKJJ3XQuMRsgR,False,False,1,15PpRJbm6uhPerSLA6qsZUKJJ3XQuMRsgR,wallet,,,
15RTKVNJSThgZCeDqpXTwUBb44WGXprQn2,0,wallet,15RTKVNJSThgZCeDqpXTwUBb44WGXprQn2,False,False,1,15RTKVNJSThgZCeDqpXTwUBb44WGXprQn2,wallet,,,
15qbrVBbrky2JKdxiVu7KwUf2qkQ1P9g2C,0,wallet,15qbrVBbrky2JKdxiVu7KwUf2qkQ1P9g2C,False,False,1,15qbrVBbrky2JKdxiVu7KwUf2qkQ1P9g2C,wallet,,,
161fjp5dbNEguuyYzHUqNHQrxaRYsAkvNn,0,wallet,161fjp5dbNEguuyYzHUqNHQrxaRYsAkvNn,False,False,1,161fjp5dbNEguuyYzHUqNHQrxaRYsAkvNn,wallet,,,
16HePFWw3UY9dCtxGU6WfcebJ1ngLWxHU1,0,wallet,16HePFWw3UY9dCtxGU6WfcebJ1ngLWxHU1,False,False,1,16HePFWw3UY9dCtxGU6WfcebJ1ngLWxHU1,wallet,,,
16mWWsh8LZySLKErmE5mQE4PgJsNj5bVnd,0,wallet,16mWWsh8LZySLKErmE5mQE4PgJsNj5bVnd,False,False,1,16mWWsh8LZySLKErmE5mQE4PgJsNj5bVnd,wallet,,,
17eSgy5TzX4QQE2qseJ7nME98k52EZi59S,0,wallet,17eSgy5TzX4QQE2qseJ7nME98k52EZi59S,False,False,1,17eSgy5TzX4QQE2qseJ7nME98k52EZi59S,wallet,,,
17vSWSRo74qRmY5iFcwriXvKGcyxmwY5C1,0,wallet,17vSWSRo74qRmY5iFcwriXvKGcyxmwY5C1,False,False,1,17vSWSRo74qRmY5iFcwriXvKGcyxmwY5C1,wallet,,,
19VNiSpuNayMUkaNcwvkeBdaifDKVugTTS,0,wallet,19VNiSpuNayMUkaNcwvkeBdaifDKVugTTS,False,False,1,19VNiSpuNayMUkaNcwvkeBdaifDKVugTTS,wallet,,,
1AD9PvrEkpt4Nh4jj3VoWF1xsQYnHLJibq,0,wallet,1AD9PvrEkpt4Nh4jj3VoWF1xsQYnHLJibq,False,False,1,1AD9PvrEkpt4Nh4jj3VoWF1xsQYnHLJibq,wallet,,,
1BedhdUzabByte1b6qzTrQjeYAoakdsdYq,0,wallet,1BedhdUzabByte1b6qzTrQjeYAoakdsdYq,False,False,1,1BedhdUzabByte1b6qzTrQjeYAoakdsdYq,wallet,,,
1Bk9Sv9BrLPiSWf6bNRm67bXHKTwiaNn3A,0,wallet,1Bk9Sv9BrLPiSWf6bNRm67bXHKTwiaNn3A,False,False,1,1Bk9Sv9BrLPiSWf6bNRm67bXHKTwiaNn3A,wallet,,,
1CEGQBCqpwUKPBb7uDRvGZ3aZPm3Gx5CVS,0,wallet,1CEGQBCqpwUKPBb7uDRvGZ3aZPm3Gx5CVS,False,False,1,1CEGQBCqpwUKPBb7uDRvGZ3aZPm3Gx5CVS,wallet,,,
1G1zKTAFVgCYZ7i1kAfDDNMwHpSSqvz1dg,0,wallet,1G1zKTAFVgCYZ7i1kAfDDNMwHpSSqvz1dg,False,False,1,1G1zKTAFVgCYZ7i1kAfDDNMwHpSSqvz1dg,wallet,,,
1G2LHXTuRVTkeZBKKLireDJT5S8t12j5sx,0,wallet,1G2LHXTuRVTkeZBKKLireDJT5S8t12j5sx,False,False,1,1G2LHXTuRVTkeZBKKLireDJT5S8t12j5sx,wallet,,,
1GJmKeMrDbduTGsrmfHjbcm7ELxg64J3Nf,0,wallet,1GJmKeMrDbduTGsrmfHjbcm7ELxg64J3Nf,False,False,1,1GJmKeMrDbduTGsrmfHjbcm7ELxg64J3Nf,wallet,,,
1GbK5sA6jRw689Jpzym66p6stXoL3DNSWc,0,wallet,1GbK5sA6jRw689Jpzym66p6stXoL3DNSWc,False,False,1,1GbK5sA6jRw689Jpzym66p6stXoL3DNSWc,wallet,,,
1HSKustqT9Twis93QhAN8qfDGsg5cPcFpF,0,wallet,1HSKustqT9Twis93QhAN8qfDGsg5cPcFpF,False,False,1,1HSKustqT9Twis93QhAN8qfDGsg5cPcFpF,wallet,,,
1HcTSadko639v2oH9utQZw4fASWC9GhZUJ,0,wallet,1HcTSadko639v2oH9utQZw4fASWC9GhZUJ,False,False,1,1HcTSadko639v2oH9utQZw4fASWC9GhZUJ,wallet,,,
1Hr9rrSf4hkmPFhdwEc6bpuyKag9WA5U6U,0,wallet,1Hr9rrSf4hkmPFhdwEc6bpuyKag9WA5U6U,False,False,1,1Hr9rrSf4hkmPFhdwEc6bpuyKag9WA5U6U,wallet,,,
1J97wgDhC1QW1Py4knWNi55W2KxvkvV5QG,0,wallet,1J97wgDhC1QW1Py4knWNi55W2KxvkvV5QG,False,False,1,1J97wgDhC1QW1Py4knWNi55W2KxvkvV5QG,wallet,,,
1JQw4R26APbo44bfNLUKu7eX4ghFiDR6to,0,wallet,1JQw4R26APbo44bfNLUKu7eX4ghFiDR6to,False,False,1,1JQw4R26APbo44bfNLUKu7eX4ghFiDR6to,wallet,,,
1KAG9JiYxBSwypPVAHUdp2uzRJmwgEMERT,0,wallet,1KAG9JiYxBSwypPVAHUdp2uzRJmwgEMERT,False,False,1,1KAG9JiYxBSwypPVAHUdp2uzRJmwgEMERT,wallet,,,
1LATgfgTo8wB17QTZ4AxtS7mqS2uNnsf9g,0,wallet,1LATgfgTo8wB17QTZ4AxtS7mqS2uNnsf9g,False,False,1,1LATgfgTo8wB17QTZ4AxtS7mqS2uNnsf9g,wallet,,,
1MsoHkWEBc8TfjrxC6WC4EnNxj2Mi1hZL,0,wallet,1MsoHkWEBc8TfjrxC6WC4EnNxj2Mi1hZL,False,False,1,1MsoHkWEBc8TfjrxC6WC4EnNxj2Mi1hZL,wallet,,,
