target_txid,depth,root_type,root_real_id,root_is_fraud,is_true_positive,n_nodes,chain_real_ids,chain_types,chain_ce,chain_phi_add,chain_phi_asym
14HwW2rsfw8QMMPAvmCdVrTSC27XY3wawR,10,wallet,14AWWm2ME4T38KiTE6Ju4bvEVem7ByiNvd,True,True,11,14HwW2rsfw8QMMPAvmCdVrTSC27XY3wawR|163865631|13VjRLSGPtJALvY8ESSxdD9cEUL5qdQEgU|8118124|1FmTb6sUcsXbKC5kXvRteH4RjrJsA19928|163691027|1GDYsY9M7Mg9SiF2D3vXAAAdDH8W3u27ku|272156963|3MbiUzrxs7tkpBZa57iCh3L2yvdCHTTDNf|152058261|14AWWm2ME4T38KiTE6Ju4bvEVem7ByiNvd,wallet|transaction|wallet|transaction|wallet|transaction|wallet|transaction|wallet|transaction|wallet,|0.0151954|0.0952395|0.0158818|0.0949164|0.0106146|0.0952756|0.0161358|0.0949908|0.0168911|0.0887767,|0.0151954|0.0119049|0.0158818|0.0474582|0.0106146|0.0952756|0.0161358|0.0949908|0.00422277|0.0887767,|-0.0146369|0.00336763|0.609778|0.258653|-0.0574574|-0.0117438|0.0123475|0.0150488|0.0122928|0.0150563
13TDiJvmgwFj4ZUV7JY7KfHFhRWcLbY7Ax,8,wallet,14AWWm2ME4T38KiTE6Ju4bvEVem7ByiNvd,True,True,9,13TDiJvmgwFj4ZUV7JY7KfHFhRWcLbY7Ax|272411377|1GS7y1J4t5cGCWLWRq6MKaABP1eRUHrw8i|272153291|1E6La3GfEAFMXVJ6YjkAMGKykcpJVphLmn|272153298|1FjEN8uu2uPb4hhVTbDKcibeMnn9kVRUCw|152058261|14AWWm2ME4T38KiTE6Ju4bvEVem7ByiNvd,wallet|transaction|wallet|transaction|wallet|transaction|wallet|transaction|wallet,|0.0146063|0.0952365|0.0145639|0.0952244|0.0163255|0.0951495|0.0168911|0.0887767,|0.0146063|0.0476183|0.0145639|0.0238061|0.0163255|0.0317165|0.0168911|0.0887767,|0.180556|0.202681|0.0691808|0.0020268|0.333903|0.00465496|0.823451|0.184844
17ZLeueenchc8h54Stzbb7zgwC4u6puDuQ,8,wallet,1KZMpAEiyyJjDYZP2pQXtQH2zfv1syhEaX,True,True,9,17ZLeueenchc8h54Stzbb7zgwC4u6puDuQ|209493620|1DDtCPukd5dcH8udf3QqhjNB5qurHmioWu|209493623|1A88BK4ikW3GABn2YEYt9bxcDG5nBdpBrr|209709674|15KsG2sWmrnmUD3D6ddfxKa168p4Q9XrX7|24051859|1KZMpAEiyyJjDYZP2pQXtQH2zfv1syhEaX,wallet|transaction|wallet|transaction|wallet|transaction|wallet|transaction|wallet,|0.0156218|0.0950561|0.0149281|0.0952787|0.0128237|0.0952682|0.0168916|0.0887322,|0.0156218|0.0475281|0.0149281|0.0317596|0.0128237|0.0476341|0.0168916|0.0887322,|0.0538012|0.319913|0.475512|0.00190508|0.0030933|0.0175702|0.870355|0.0939244
1A7wrb6xus1bP6en17KeX3d42k4gj1wVmr,8,wallet,1EY2yuaHiFs3GmetrvkdXzR3Q32F6fDym1,True,True,9,1A7wrb6xus1bP6en17KeX3d42k4gj1wVmr|363774346|1mYmrkkgAS65DdBLbMrGSTr47JLF7WbXD|363664942|1LTAoVTsazCtMnQbuS4NDsDLyMptGPBMZF|363307603|16E7dLusS6L9AvoDTMcYwk7w4anPjvpsSh|363092549|1EY2yuaHiFs3GmetrvkdXzR3Q32F6fDym1,wallet|transaction|wallet|transaction|wallet|transaction|wallet|transaction|wallet,|0.0143902|0.0952536|0.0143942|0.0952438|0.0125135|0.0952719|0.0168845|0.088707,|0.0143902|0.0476268|0.0143942|0.0476219|0.0125135|0.047636|0.0168845|0.088707,|0.0475307|0.23239|0.188305|0.27332|0.000749528|0.119373|0.876206|0.102425
1DTWaervHkEPhDDyHXTV2ab73LZVdKqEUn,8,wallet,1EY2yuaHiFs3GmetrvkdXzR3Q32F6fDym1,True,True,9,1DTWaervHkEPhDDyHXTV2ab73LZVdKqEUn|363774346|1mYmrkkgAS65DdBLbMrGSTr47JLF7WbXD|363664942|1LTAoVTsazCtMnQbuS4NDsDLyMptGPBMZF|363307603|16E7dLusS6L9AvoDTMcYwk7w4anPjvpsSh|363092549|1EY2yuaHiFs3GmetrvkdXzR3Q32F6fDym1,wallet|transaction|wallet|transaction|wallet|transaction|wallet|transaction|wallet,|0.0143902|0.0952536|0.0143942|0.0952438|0.0125135|0.0952719|0.0168845|0.088707,|0.0143902|0.0476268|0.0143942|0.0476219|0.0125135|0.047636|0.0168845|0.088707,|0.0473652|0.23295|0.188305|0.27332|0.000749528|0.119373|0.876206|0.102425
1K4XFbP3kPn5ro6BKS4tHnYeNLdBLFB4C2,8,wallet,1Me61RgR3CVJycAtGjHdq1VgXMAAvymk69,True,True,9,1K4XFbP3kPn5ro6BKS4tHnYeNLdBLFB4C2|163867633|14VhcCjLtio1RQneJTvWZxjD7ATe9hGpp1|163867640|1PQNneB4qyJhipPZt4vi4LdURQ3r8vWauL|89199852|115KU5zFdghC4GdoU4d7yknxTb71LW9Sd|145395709|1Me61RgR3CVJycAtGjHdq1VgXMAAvymk69,wallet|transaction|wallet|transaction|wallet|transaction|wallet|transaction|wallet,|0.0149515|0.095253|0.0134862|0.0952908|0.0141904|0.0951439|0.0168678|0.0888312,|0.0149515|0.0105837|0.0134862|0.0238227|0.0141904|0.047572|0.0168678|0.0888312,|0.113574|0.0017735|0.0315145|0.000931874|0.191398|0.0101375|0.819288|0.0715457
13v1xjM7tiNysi4CGrco5AmDtqc3GVR51k,6,wallet,16cWB3gC3toko8muivad6ZLkStu7Voxvig,True,True,7,13v1xjM7tiNysi4CGrco5AmDtqc3GVR51k|73405613|18JjnwkSRnjDbLCzvNX7jJT535JU9EvVyN|73155254|1HRo3uoL77E4oaX4kG1sqdq6dFR8QdmG2M|71785244|16cWB3gC3toko8muivad6ZLkStu7Voxvig,wallet|transaction|wallet|transaction|wallet|transaction|wallet,|0.0167858|0.0927267|0.016151|0.0932202|0.0168059|0.0889799,|0.0167858|0.0154545|0.016151|0.018644|0.0168059|0.0444899,|0.810826|0.00558625|0.675367|0.0161371|0.499137|-0.0700729
17DA5VwRQr6wAkGPjVH8sRLv6TAs17NoUn,6,wallet,1AZEjrTjQejL2mL7NGiP2zV1xjfS13eU2E,True,True,7,17DA5VwRQr6wAkGPjVH8sRLv6TAs17NoUn|105991496|1LPjRfi7z7kKxKA67ssoejbWPvHh2uXMYn|105605773|1KkAYhfEmAwBezyeQugP7jmebhrwxrGxi9|105434883|1AZEjrTjQejL2mL7NGiP2zV1xjfS13eU2E,wallet|transaction|wallet|transaction|wallet|transaction|wallet,|0.0167951|0.0918262|0.0149845|0.0951137|0.0168271|0.0889943,|0.0167951|0.0229566|0.0149845|0.0475568|0.0168271|0.0889943,|0.82187|-0.00155661|-0.394321|0.101863|0.800036|-0.0258292
1FpaW6xDZz6o3cuNZTNu589EPifMHhLPFg,6,wallet,1KaQ3eqSBGPcSDKbXjqZpshoVfzBbZefqk,True,True,7,1FpaW6xDZz6o3cuNZTNu589EPifMHhLPFg|309553229|1LubGtRhE2GhoR3VYXnLRKwHG1JcN6m5B|210915044|3Q6vpPnVByYUibeDLUYMD2ExuMsErzYFxw|208931421|1KaQ3eqSBGPcSDKbXjqZpshoVfzBbZefqk,wallet|transaction|wallet|transaction|wallet|transaction|wallet,|0.0140722|0.0952656|0.0131999|0.0953009|0.0168964|0.0887322,|0.0140722|0.0238164|0.0131999|0.0476505|0.00241377|0.0887322,|-0.0538445|-0.000212118|-0.00232446|0.000213832|5.30481e-06|3.82066e-05
1J4zJzYPKJmBiRJfEFcQNjNtsjfhbnpNnM,6,wallet,1PT9GpXN4x1FsorPGT3Xdx9ju51miv6Sor,True,True,7,1J4zJzYPKJmBiRJfEFcQNjNtsjfhbnpNnM|355090489|14rFnEeajgrkUGN6BAcxQnTL1GENjgXR96|182313355|15C4iGjiERw2ZwaTrhsRmsgSFBydKjPoQd|355102230|1PT9GpXN4x1FsorPGT3Xdx9ju51miv6Sor,wallet|transaction|wallet|transaction|wallet|transaction|wallet,|0.015752|0.0952902|0.0157049|0.0952885|0.0168635|0.0888677,|0.015752|0.0476451|0.0157049|0.0476443|0.0033727|0.0888677,|-0.0265328|0.307583|-0.00661236|0.262049|0.000432599|0.000166416
1LAzUoLsv8GvZAjyBkHfHAsrUpjk4RaHFD,6,wallet,1KaQ3eqSBGPcSDKbXjqZpshoVfzBbZefqk,True,True,7,1LAzUoLsv8GvZAjyBkHfHAsrUpjk4RaHFD|322441061|1LubGtRhE2GhoR3VYXnLRKwHG1JcN6m5B|210915044|3Q6vpPnVByYUibeDLUYMD2ExuMsErzYFxw|208931421|1KaQ3eqSBGPcSDKbXjqZpshoVfzBbZefqk,wallet|transaction|wallet|transaction|wallet|transaction|wallet,|0.0134124|0.0952656|0.0131999|0.0953009|0.0168964|0.0887322,|0.0134124|0.0476328|0.0131999|0.0476505|0.00241377|0.0887322,|-0.344203|-0.0249873|-0.00232446|0.000213832|5.30481e-06|3.82066e-05
1PFVzDJzQFP2SCuBKywxkR9B3RUzyyvYav,6,wallet,14AWWm2ME4T38KiTE6Ju4bvEVem7ByiNvd,True,True,7,1PFVzDJzQFP2SCuBKywxkR9B3RUzyyvYav|272153291|1E6La3GfEAFMXVJ6YjkAMGKykcpJVphLmn|272153298|1FjEN8uu2uPb4hhVTbDKcibeMnn9kVRUCw|152058261|14AWWm2ME4T38KiTE6Ju4bvEVem7ByiNvd,wallet|transaction|wallet|transaction|wallet|transaction|wallet,|0.0145639|0.0952244|0.0163255|0.0951495|0.0168911|0.0887767,|0.0145639|0.0238061|0.0163255|0.0317165|0.0168911|0.0887767,|0.060155|0.00222419|0.333903|0.00465496|0.823451|0.184844
1PtuF9QzXXLZ1ZobY9j4vXD3HHDhjfXRf4,6,wallet,16vsRJCL9fPTwpfB7RRMzhZ6w9aBBx5W9B,True,True,7,1PtuF9QzXXLZ1ZobY9j4vXD3HHDhjfXRf4|331563811|1BZXvWnutoYL7CotVwMoGEmwqN8EjXXRi3|194305890|1Q1rFGRbyDDQyt86mw6JttGoswGJUhaW56|314046178|16vsRJCL9fPTwpfB7RRMzhZ6w9aBBx5W9B,wallet|transaction|wallet|transaction|wallet|transaction|wallet,|0.0162763|0.0951074|0.0138809|0.0952371|0.0168939|0.0887655,|0.0162763|0.0317025|0.0138809|0.0476186|0.0168939|0.0887655,|0.514131|0.0780781|-0.0262487|0.0293589|0.854786|0.109674
3LE4V2tpjrpHPQ3BCqR6MjqQpv2Ge9adWd,6,wallet,1Me61RgR3CVJycAtGjHdq1VgXMAAvymk69,True,True,7,3LE4V2tpjrpHPQ3BCqR6MjqQpv2Ge9adWd|163867640|1PQNneB4qyJhipPZt4vi4LdURQ3r8vWauL|89199852|115KU5zFdghC4GdoU4d7yknxTb71LW9Sd|145395709|1Me61RgR3CVJycAtGjHdq1VgXMAAvymk69,wallet|transaction|wallet|transaction|wallet|transaction|wallet,|0.0134862|0.0952908|0.0141904|0.0951439|0.0168678|0.0888312,|0.0134862|0.0238227|0.0141904|0.047572|0.0168678|0.0888312,|0.0287104|0.00151981|0.191398|0.0101375|0.819288|0.0715457
125poT1Bg1h5wbAU7FQ76hZnFCmSg3s6h8,4,wallet,1LErdMsTRdXGXHgM5azfxRU46ziE17qjWv,True,True,5,125poT1Bg1h5wbAU7FQ76hZnFCmSg3s6h8|276941671|1ENf2GD2hEyCUGoiUKU7e45PAEv2y3D3j1|268793353|1LErdMsTRdXGXHgM5azfxRU46ziE17qjWv,wallet|transaction|wallet|transaction|wallet,|0.0129341|0.0951478|0.0168793|0.0887699,|0.0129341|0.0475739|0.0168793|0.0887699,|0.32673|0.221146|0.819106|0.171216
12FdV47eMy7p5saCvLv4A7CLLt5rz3c9mE,4,wallet,1MbRAZ6hSBXJWDLtkRCFHKNvTg7TWSxttz,True,True,5,12FdV47eMy7p5saCvLv4A7CLLt5rz3c9mE|114626822|132Y194a45f32VKuwy7mgc2ASrMvpaeuom|114507940|1MbRAZ6hSBXJWDLtkRCFHKNvTg7TWSxttz,wallet|transaction|wallet|transaction|wallet,|0.0149431|0.0948018|0.0168449|0.0889366,|0.0149431|0.0474009|0.0168449|0.0889366,|0.666877|0.325877|0.723981|-0.0577884
12papRsdzeff5gy55TpABRxDGzxkkGQyPy,4,wallet,19r1zpV27s8WmMnh5mABs8Mt5CuvuA317Q,True,True,5,12papRsdzeff5gy55TpABRxDGzxkkGQyPy|189984406|1263GdxEEhx446QgqNENmsLdPUFnQEM5PC|189984660|19r1zpV27s8WmMnh5mABs8Mt5CuvuA317Q,wallet|transaction|wallet|transaction|wallet,|0.012145|0.0952652|0.016922|0.0886146,|0.012145|0.0476326|0.016922|0.0886146,|0.00731599|0.0203601|0.893131|0.367241
12uLxFVwazvdf3AQ4Ei4pW13Q53reaurLi,4,wallet,16t5vGLGE6PJ256JDYPDypn5LPgBniUM3w,True,True,5,12uLxFVwazvdf3AQ4Ei4pW13Q53reaurLi|166490287|13FCZb6mwQupCscxmqwRgAg4i4T4thiWoV|163654827|16t5vGLGE6PJ256JDYPDypn5LPgBniUM3w,wallet|transaction|wallet|transaction|wallet,|0.0139542|0.0953046|0.0164865|0.0925936,|0.0139542|0.0476523|0.000915918|0.0462968,|-0.00797957|0.17844|-5.43065e-07|-2.14577e-06
13UQdnsYrcFc4Yi5itiCwnMYdgAwd4acMb,4,wallet,1BAwyi4PUn6HhrRQu1ktUNWqGqe8VJQtR2,True,True,5,13UQdnsYrcFc4Yi5itiCwnMYdgAwd4acMb|339095238|1JgpoJD1PR2U1uXc2V7UAystZPe3aLrcQq|339058551|1BAwyi4PUn6HhrRQu1ktUNWqGqe8VJQtR2,wallet|transaction|wallet|transaction|wallet,|0.0126622|0.095174|0.0168844|0.0886291,|0.0126622|0.047587|0.0168844|0.0886291,|0.150404|0.168479|0.844031|0.251129
13oVoYLN1gjSF5t1ySdz1UrPtvhhfDz5QJ,4,wallet,1EsFDZBwX6qJaE6r4yirPSr3nRYGbcz2Av,True,True,5,13oVoYLN1gjSF5t1ySdz1UrPtvhhfDz5QJ|277798486|1GdFi63RbYSrcFjujYjePEdMgaWWDm9Bvr|299374289|1EsFDZBwX6qJaE6r4yirPSr3nRYGbcz2Av,wallet|transaction|wallet|transaction|wallet,|0.0164221|0.092245|0.0168815|0.0887767,|0.0164221|0.0307483|0.0168815|0.0221942,|0.562057|0.0481778|0.385715|0.00115575
13sLZpFwyZgTBZ5GBNGqLJcmzmV4e4Z2Gc,4,wallet,16t5vGLGE6PJ256JDYPDypn5LPgBniUM3w,True,True,5,13sLZpFwyZgTBZ5GBNGqLJcmzmV4e4Z2Gc|163823992|13FCZb6mwQupCscxmqwRgAg4i4T4thiWoV|163654827|16t5vGLGE6PJ256JDYPDypn5LPgBniUM3w,wallet|transaction|wallet|transaction|wallet,|0.0139881|0.0953046|0.0164865|0.0925936,|0.0139881|0.0476523|0.000915918|0.0462968,|-0.0185214|0.184378|-5.43065e-07|-2.14577e-06
143JYyijP8fvqPkY1GeVUkpwVQN2mYtjhR,4,wallet,1JJTrhwDrEeSbcfNHdqvMJG5eXRyrPbPsq,True,True,5,143JYyijP8fvqPkY1GeVUkpwVQN2mYtjhR|99258743|15twigU4MNMdy4qyE7P3tssRxQVr5AjbxN|99258746|1JJTrhwDrEeSbcfNHdqvMJG5eXRyrPbPsq,wallet|transaction|wallet|transaction|wallet,|0.0149829|0.0951927|0.0168805|0.0887462,|0.0149829|0.0475963|0.0168805|0.0443731,|-0.00325799|0.12619|0.843767|0.00557381
14U1LMj3MfXxTENV59EWvHHYkvG4i3jo8P,4,wallet,133TzfNjGuF7nfccpiLZB38wetD9wtyLAp,True,True,5,14U1LMj3MfXxTENV59EWvHHYkvG4i3jo8P|209952987|1G3SeLHAo1uZxsKEu9QSipcHX598m8BBBz|209541751|133TzfNjGuF7nfccpiLZB38wetD9wtyLAp,wallet|transaction|wallet|transaction|wallet,|0.0151896|0.0952806|0.0168853|0.0887318,|0.0151896|0.0136115|0.0168853|0.0887318,|0.152029|0.00410289|0.874985|0.0600567
16fJuALd43TKeHhr74pUMtLPcKtBLAX9Dh,4,wallet,17bp7FEByFwc3KyL5qateKFPukjuUsFkBP,True,True,5,16fJuALd43TKeHhr74pUMtLPcKtBLAX9Dh|339096342|1KL8c3jstTqejGK1qC9KsCxNTXUhFouwXL|272977666|17bp7FEByFwc3KyL5qateKFPukjuUsFkBP,wallet|transaction|wallet|transaction|wallet,|0.0122424|0.0952802|0.00821286|0.0952976,|0.0122424|0.0476401|0.00821286|0.0476488,|0.0277713|0.0137004|-0.00507849|0.0141954
17bXWHjZygauiqur1RzSC2RTWu7bzKa9mn,4,wallet,149FbDgoqocXDoaE7rBJnft56BAC1x2sWc,True,True,5,17bXWHjZygauiqur1RzSC2RTWu7bzKa9mn|163653260|19gx6ikyBtKPutuMLDK1m87YX24pasmAiJ|163653262|149FbDgoqocXDoaE7rBJnft56BAC1x2sWc,wallet|transaction|wallet|transaction|wallet,|0.0144116|0.0952406|0.0168791|0.0888339,|0.00480386|0.0476203|0.0168791|0.0888339,|8.13007e-05|0.00562221|0.85888|0.0291703
17dzRMpu6dMphPqzxVfy9j6mSN4CkEmrVJ,4,wallet,1PT9GpXN4x1FsorPGT3Xdx9ju51miv6Sor,True,True,5,17dzRMpu6dMphPqzxVfy9j6mSN4CkEmrVJ|355197877|15C4iGjiERw2ZwaTrhsRmsgSFBydKjPoQd|355102230|1PT9GpXN4x1FsorPGT3Xdx9ju51miv6Sor,wallet|transaction|wallet|transaction|wallet,|0.0156208|0.0952885|0.0168635|0.0888677,|0.00520692|0.0476443|0.0033727|0.0888677,|-0.000472228|0.000756502|0.000432599|0.000166416
1FH9PuWstvhfomLBHTkzLymwfmjUgBxwxq,4,wallet,1AR8tDsHHjqhJDbGxh7FZSj93ByP2eoy2o,True,True,5,1FH9PuWstvhfomLBHTkzLymwfmjUgBxwxq|163662271|1KzQxRbCD7enxvUFqMq9xdLbUXKTbYoqHA|163662273|1AR8tDsHHjqhJDbGxh7FZSj93ByP2eoy2o,wallet|transaction|wallet|transaction|wallet,|0.0141931|0.0952344|0.0168604|0.0888305,|0.0141931|0.0476172|0.0168604|0.0888305,|-0.0127439|0.25637|0.855848|0.0288197
1Fva2Vr9jp2mDY9yyvyHepbqHM4B9R3GGx,4,wallet,1B5hSzL9bfEMUmQsQcJg2FaUCCJRhWeMdr,True,True,5,1Fva2Vr9jp2mDY9yyvyHepbqHM4B9R3GGx|296712837|1DnCzg8C1mq9WeKKBXNKmx2T1FExhfZEzq|296712537|1B5hSzL9bfEMUmQsQcJg2FaUCCJRhWeMdr,wallet|transaction|wallet|transaction|wallet,|0.0135822|0.0952822|0.01689|0.0887547,|0.0135822|0.0238205|0.01689|0.0887547,|-0.00933218|0.0166394|0.874231|0.057367
1H65YYYeYors3YorCETZm8aUcHjJMBHj4P,4,wallet,14HkQLHKvtDo7KypQF387dPFaGorHfc6HH,True,True,5,1H65YYYeYors3YorCETZm8aUcHjJMBHj4P|382988791|1L4Zmsw8nA2HicWL1aYaL282xrVK8HnMTY|382974340|14HkQLHKvtDo7KypQF387dPFaGorHfc6HH,wallet|transaction|wallet|transaction|wallet,|0.0153973|0.0952201|0.0168015|0.0885257,|0.0153973|0.04761|0.0168015|0.0885257,|-0.00568306|0.240749|0.92233|0.0151405
1JurN87jhhu7b9q6Co1ipx5JTW5Wg9itD7,4,wallet,1NZ5XuqWqVPdww5GAxVYuAbRAzi6WBLZrn,True,True,5,1JurN87jhhu7b9q6Co1ipx5JTW5Wg9itD7|115275152|1GqmaQdrAeTpLfTnHPNFrw6HBZqkPjjSW6|88261666|1NZ5XuqWqVPdww5GAxVYuAbRAzi6WBLZrn,wallet|transaction|wallet|transaction|wallet,|0.0165259|0.0936|0.0169041|0.0889351,|0.0165259|0.0117|0.0169041|0.00555844,|0.821106|-0.000138804|0.553027|-0.000241619
1KLoncgbKCwDqhWo5EcYz9wSjDhz9rBEqN,4,wallet,1PT9GpXN4x1FsorPGT3Xdx9ju51miv6Sor,True,True,5,1KLoncgbKCwDqhWo5EcYz9wSjDhz9rBEqN|182313355|15C4iGjiERw2ZwaTrhsRmsgSFBydKjPoQd|355102230|1PT9GpXN4x1FsorPGT3Xdx9ju51miv6Sor,wallet|transaction|wallet|transaction|wallet,|0.0157049|0.0952885|0.0168635|0.0888677,|0.00785244|0.0476443|0.0033727|0.0888677,|0.111559|0.109506|0.000432599|0.000166416
1KWJKZ6DuANeL5JKVMQbrWVrmGRgjRUjSJ,4,wallet,118tcRMuWaEi3uomdWJpMVDAGzy3yJDPT,True,True,5,1KWJKZ6DuANeL5JKVMQbrWVrmGRgjRUjSJ|133751208|1FgUKs84UaCL459hmocDZ1bjU36HZGsYRw|163690519|118tcRMuWaEi3uomdWJpMVDAGzy3yJDPT,wallet|transaction|wallet|transaction|wallet,|0.0140339|0.0951662|0.0168654|0.0888319,|0.0140339|0.0475831|0.0168654|0.0888319,|0.111955|0.0316545|0.826667|0.0644149
1LFt7eKYa8nF2tDA7e78ux9r3qzU6ujPoj,4,wallet,1HwW4SBjAn2mpK1ZoFuZAVcVm4eYiUvZ94,True,True,5,1LFt7eKYa8nF2tDA7e78ux9r3qzU6ujPoj|299119177|17RDxcCsrGF3pwH69dSA6MHLTaVFiHN3xk|298980158|1HwW4SBjAn2mpK1ZoFuZAVcVm4eYiUvZ94,wallet|transaction|wallet|transaction|wallet,|0.0141873|0.095202|0.016874|0.088842,|0.0141873|0.047601|0.016874|0.088842,|-0.0122785|0.116733|0.840247|0.0368149
1LTAoVTsazCtMnQbuS4NDsDLyMptGPBMZF,4,wallet,1EY2yuaHiFs3GmetrvkdXzR3Q32F6fDym1,True,True,5,1LTAoVTsazCtMnQbuS4NDsDLyMptGPBMZF|363307603|16E7dLusS6L9AvoDTMcYwk7w4anPjvpsSh|363092549|1EY2yuaHiFs3GmetrvkdXzR3Q32F6fDym1,wallet|transaction|wallet|transaction|wallet,|0.0125135|0.0952719|0.0168845|0.088707,|0.0125135|0.047636|0.0168845|0.088707,|0.000749528|0.119373|0.876206|0.102425
1Nfd5fcX2ktbyPEX8yNk6hTvAXfkhQqb6v,4,wallet,163KUE66ErUeFJtVbDzBqhk5kp4RpwND2Y,True,True,5,1Nfd5fcX2ktbyPEX8yNk6hTvAXfkhQqb6v|69269270|12bvT3AbqAS6tEmaCWyFZAUTa8CZ7KLT8M|268796589|163KUE66ErUeFJtVbDzBqhk5kp4RpwND2Y,wallet|transaction|wallet|transaction|wallet,|0.013426|0.095273|0.0168857|0.0887894,|0.013426|0.0476365|0.0168857|0.0887894,|-0.0149347|0.104293|0.869089|0.0500312
1PAx7MjxfyhsDdLvHbQoHYE13hNMFFRdfs,4,wallet,1AsoeBc4oa8kxhVewstkCh5JbVEVw589Dm,True,True,5,1PAx7MjxfyhsDdLvHbQoHYE13hNMFFRdfs|209802609|1JtWFzedyYRvzEAKgpRtVGJCU8ixMaT9k9|209539924|1AsoeBc4oa8kxhVewstkCh5JbVEVw589Dm,wallet|transaction|wallet|transaction|wallet,|0.0157422|0.0952483|0.016894|0.0887322,|0.0157422|0.0190497|0.016894|0.0887322,|0.528784|0.00255947|0.863494|0.127316
1wZi4AUxmwusNdTwVoRZPbntK9fgxdkTm,4,wallet,1AdFbCuh73QFFVQUaTwtyUX6STzFwv3dWS,True,True,5,1wZi4AUxmwusNdTwVoRZPbntK9fgxdkTm|209826714|12Nky4Abg6K5KPRJV2CiVDkK38cYih9qfq|209571107|1AdFbCuh73QFFVQUaTwtyUX6STzFwv3dWS,wallet|transaction|wallet|transaction|wallet,|0.0161854|0.0951968|0.0168921|0.0887299,|0.0161854|0.0118996|0.0168921|0.0147883,|0.807427|-0.000147365|0.52195|-2.99017e-06
335fPs6WXRcJEzd52FNkfzmogZFdf9P7cD,4,wallet,1JJTrhwDrEeSbcfNHdqvMJG5eXRyrPbPsq,True,True,5,335fPs6WXRcJEzd52FNkfzmogZFdf9P7cD|99258743|15twigU4MNMdy4qyE7P3tssRxQVr5AjbxN|99258746|1JJTrhwDrEeSbcfNHdqvMJG5eXRyrPbPsq,wallet|transaction|wallet|transaction|wallet,|0.0149829|0.0951927|0.0168805|0.0887462,|0.0149829|0.0475963|0.0168805|0.0443731,|-0.115264|0.0635263|0.843767|0.00557381
336YJdrxQLyaUB3YgR939XTQTn4d1VTCR5,4,wallet,18RxPbZ6DxPBzc7qfvM8LEt4baUaUDoRh9,True,True,5,336YJdrxQLyaUB3YgR939XTQTn4d1VTCR5|99636485|1PAE2wmGEHUPnMV9J3VCBMyTFAY7pF5YpF|99258920|18RxPbZ6DxPBzc7qfvM8LEt4baUaUDoRh9,wallet|transaction|wallet|transaction|wallet,|0.0138223|0.0952826|0.0168844|0.0887434,|0.0138223|0.0238206|0.0168844|0.0887434,|-0.00583702|0.00398809|0.875087|0.0551283
12AzKwSbqKHMdWQK2zsHnef8F48rEHGgEZ,3,transaction,291338524,True,True,4,12AzKwSbqKHMdWQK2zsHnef8F48rEHGgEZ|298732576|39sfuA8pY4UfybgEZi7uvA13jkGzZpsg5K|291338524,wallet|transaction|wallet|transaction,|0.0168471|0.0953051|0.0175887,|0.0168471|0.0476525|0.00439718,|-1.29938e-05|-5.96046e-08|0
13XXXsxSp4TjBLR6TGbsyknFMNWzYniwbu,3,transaction,291338524,True,True,4,13XXXsxSp4TjBLR6TGbsyknFMNWzYniwbu|254428878|39sfuA8pY4UfybgEZi7uvA13jkGzZpsg5K|291338524,wallet|transaction|wallet|transaction,|0.0169804|0.0953051|0.0175887,|0.0169804|0.0476525|0.00439718,|-1.13249e-05|-5.96046e-08|0
13aa4LcxnkJkhjaQd97qtWPxaHZA3msDXh,3,transaction,291338524,True,True,4,13aa4LcxnkJkhjaQd97qtWPxaHZA3msDXh|166072787|39sfuA8pY4UfybgEZi7uvA13jkGzZpsg5K|291338524,wallet|transaction|wallet|transaction,|0.0169639|0.0953051|0.0175887,|0.0169639|0.0476525|0.00439718,|-2.38419e-07|-0.0164793|0
13fPMfrBDQVpa4TqvPRbYVEszJF8Ftwc6a,3,transaction,291338524,True,True,4,13fPMfrBDQVpa4TqvPRbYVEszJF8Ftwc6a|163667312|39sfuA8pY4UfybgEZi7uvA13jkGzZpsg5K|291338524,wallet|transaction|wallet|transaction,|0.0170815|0.0953051|0.0175887,|0.0170815|0.0476525|0.00439718,|0.00147611|0.00456795|0
13ruUZnEJabBo1vJ5Tghnwuo2p9hMf4epU,3,transaction,291338524,True,True,4,13ruUZnEJabBo1vJ5Tghnwuo2p9hMf4epU|163660881|39sfuA8pY4UfybgEZi7uvA13jkGzZpsg5K|291338524,wallet|transaction|wallet|transaction,|0.0170459|0.0953051|0.0175887,|0.0170459|0.0476525|0.00439718,|-1.19209e-07|-5.96046e-08|0
15mK2eXUyk8kUCPJCw1i5n9sNAGXxaQN7X,3,transaction,291338524,True,True,4,15mK2eXUyk8kUCPJCw1i5n9sNAGXxaQN7X|21627002|39sfuA8pY4UfybgEZi7uvA13jkGzZpsg5K|291338524,wallet|transaction|wallet|transaction,|0.017036|0.0953051|0.0175887,|0.017036|0.0476525|0.00439718,|-1.56164e-05|-5.96046e-08|0
15tTDoB12FkSSpMWVyf4jETGb4JTqsjGQQ,3,transaction,291338524,True,True,4,15tTDoB12FkSSpMWVyf4jETGb4JTqsjGQQ|84719010|39sfuA8pY4UfybgEZi7uvA13jkGzZpsg5K|291338524,wallet|transaction|wallet|transaction,|0.0168958|0.0953051|0.0175887,|0.0168958|0.0476525|0.00439718,|-6.55651e-06|-5.96046e-08|0
169UeNytf25LSWdqt36rfc2pz7Y41rdmWo,3,transaction,291338524,True,True,4,169UeNytf25LSWdqt36rfc2pz7Y41rdmWo|84719007|39sfuA8pY4UfybgEZi7uvA13jkGzZpsg5K|291338524,wallet|transaction|wallet|transaction,|0.0170881|0.0953051|0.0175887,|0.0170881|0.0476525|0.00439718,|0|-5.96046e-08|0
16Hj5A3qK8T3UZgkwNwzXJStk2fFhVrA6J,3,transaction,291338524,True,True,4,16Hj5A3qK8T3UZgkwNwzXJStk2fFhVrA6J|98992940|39sfuA8pY4UfybgEZi7uvA13jkGzZpsg5K|291338524,wallet|transaction|wallet|transaction,|0.0169261|0.0953051|0.0175887,|0.0169261|0.0476525|0.00439718,|-1.78814e-06|-5.96046e-08|0
16hY4idRzuVgSDXLTkry6yyyzgvy6MEQzn,3,transaction,291338524,True,True,4,16hY4idRzuVgSDXLTkry6yyyzgvy6MEQzn|355004559|39sfuA8pY4UfybgEZi7uvA13jkGzZpsg5K|291338524,wallet|transaction|wallet|transaction,|0.0170041|0.0953051|0.0175887,|0.0170041|0.0476525|0.00439718,|-2.38419e-07|-0.0150696|0
16rdAm417Uz6JuPjwPtphDpJCr1XeUXJG2,3,transaction,291338524,True,True,4,16rdAm417Uz6JuPjwPtphDpJCr1XeUXJG2|166071629|39sfuA8pY4UfybgEZi7uvA13jkGzZpsg5K|291338524,wallet|transaction|wallet|transaction,|0.0170578|0.0953051|0.0175887,|0.0170578|0.0476525|0.00439718,|0|-5.96046e-08|0
17bu9eTkwcWjeYVm5eN5HEwX9BaU67iLka,3,transaction,291338524,True,True,4,17bu9eTkwcWjeYVm5eN5HEwX9BaU67iLka|386085450|39sfuA8pY4UfybgEZi7uvA13jkGzZpsg5K|291338524,wallet|transaction|wallet|transaction,|0.0168506|0.0953051|0.0175887,|0.0168506|0.0476525|0.00439718,|0.00801498|-0.263077|0
1A6F9JECqinsTdLfePdoySUsGEgcCWsfA1,3,transaction,291338524,True,True,4,1A6F9JECqinsTdLfePdoySUsGEgcCWsfA1|272077542|39sfuA8pY4UfybgEZi7uvA13jkGzZpsg5K|291338524,wallet|transaction|wallet|transaction,|0.0172624|0.0953051|0.0175887,|0.0172624|0.0476525|0.00439718,|0|-5.96046e-08|0
1A8R5LvXc8kxoFAHGgjxivjiihUitMiukX,3,transaction,291338524,True,True,4,1A8R5LvXc8kxoFAHGgjxivjiihUitMiukX|272683595|39sfuA8pY4UfybgEZi7uvA13jkGzZpsg5K|291338524,wallet|transaction|wallet|transaction,|0.0171034|0.0953051|0.0175887,|0.0171034|0.0476525|0.00439718,|0|-0.0112913|0
1AhenWJCZ8buY8tYCDSx5qkuUq4i85ocpX,3,transaction,291338524,True,True,4,1AhenWJCZ8buY8tYCDSx5qkuUq4i85ocpX|27210820|39sfuA8pY4UfybgEZi7uvA13jkGzZpsg5K|291338524,wallet|transaction|wallet|transaction,|0.0169935|0.0953051|0.0175887,|0.0169935|0.0476525|0.00439718,|-5.72205e-06|-5.96046e-08|0
1BM8ZGtbDHVs5Gxi2GkDayuaoFQBDq3njT,3,transaction,291338524,True,True,4,1BM8ZGtbDHVs5Gxi2GkDayuaoFQBDq3njT|185725699|39sfuA8pY4UfybgEZi7uvA13jkGzZpsg5K|291338524,wallet|transaction|wallet|transaction,|0.0169226|0.0953051|0.0175887,|0.0169226|0.0476525|0.00439718,|-1.19209e-07|-5.96046e-08|0
1BTTNeFA2bM24hhXCzD2ZNCoZjmwvL7VbG,3,transaction,291338524,True,True,4,1BTTNeFA2bM24hhXCzD2ZNCoZjmwvL7VbG|166498559|39sfuA8pY4UfybgEZi7uvA13jkGzZpsg5K|291338524,wallet|transaction|wallet|transaction,|0.0168161|0.0953051|0.0175887,|0.0168161|0.0476525|0.00439718,|-5.126e-06|-5.96046e-08|0
1Br6QoKSb8u1CtfLXLqboqkj4gj7BXc18w,3,transaction,291338524,True,True,4,1Br6QoKSb8u1CtfLXLqboqkj4gj7BXc18w|355126263|39sfuA8pY4UfybgEZi7uvA13jkGzZpsg5K|291338524,wallet|transaction|wallet|transaction,|0.0173846|0.0953051|0.0175887,|0.0173846|0.0476525|0.00439718,|0|-0.015591|0
1CewU3kjG9A8YXuuKR19Fr2kWRtB4pUosT,3,transaction,291338524,True,True,4,1CewU3kjG9A8YXuuKR19Fr2kWRtB4pUosT|382770349|39sfuA8pY4UfybgEZi7uvA13jkGzZpsg5K|291338524,wallet|transaction|wallet|transaction,|0.0168654|0.0953051|0.0175887,|0.0168654|0.0476525|0.00439718,|-5.96046e-07|-5.96046e-08|0
1Cr5J9uCaPmdZ57WPeM2Vy5EiLyLnkXrDY,3,transaction,291338524,True,True,4,1Cr5J9uCaPmdZ57WPeM2Vy5EiLyLnkXrDY|163667986|39sfuA8pY4UfybgEZi7uvA13jkGzZpsg5K|291338524,wallet|transaction|wallet|transaction,|0.0170569|0.0953051|0.0175887,|0.0170569|0.0476525|0.00439718,|0.00580025|0.00343966|0
1Dbjs8uREYUHAo3FJ7Dxsw6cSzZQVcZTTD,3,transaction,291338524,True,True,4,1Dbjs8uREYUHAo3FJ7Dxsw6cSzZQVcZTTD|166499035|39sfuA8pY4UfybgEZi7uvA13jkGzZpsg5K|291338524,wallet|transaction|wallet|transaction,|0.0168499|0.0953051|0.0175887,|0.0168499|0.0476525|0.00439718,|-2.65837e-05|-5.96046e-08|0
1FVjTeWxef4ua8mxRnf8RMebX577iGW7Gb,3,transaction,291338524,True,True,4,1FVjTeWxef4ua8mxRnf8RMebX577iGW7Gb|166495212|39sfuA8pY4UfybgEZi7uvA13jkGzZpsg5K|291338524,wallet|transaction|wallet|transaction,|0.0170491|0.0953051|0.0175887,|0.0170491|0.0476525|0.00439718,|0|-5.96046e-08|0
1Fg9HCzXfU5NqnUbSW2XQ9VhRGwG3ejdRS,3,transaction,291338524,True,True,4,1Fg9HCzXfU5NqnUbSW2XQ9VhRGwG3ejdRS|141627204|39sfuA8pY4UfybgEZi7uvA13jkGzZpsg5K|291338524,wallet|transaction|wallet|transaction,|0.0170293|0.0953051|0.0175887,|0.00567645|0.0476525|0.00439718,|-3.57628e-07|-9.12249e-05|0
1Fh3B5mW2qBV4zvAvzZ8of5iYYhKdHEMqv,3,transaction,291338524,True,True,4,1Fh3B5mW2qBV4zvAvzZ8of5iYYhKdHEMqv|355110139|39sfuA8pY4UfybgEZi7uvA13jkGzZpsg5K|291338524,wallet|transaction|wallet|transaction,|0.0172987|0.0953051|0.0175887,|0.0172987|0.0476525|0.00439718,|0|-0.0154589|0
1GAJQirWinGv2awEJFuoqD6JprL5Pk9qWs,3,transaction,291338524,True,True,4,1GAJQirWinGv2awEJFuoqD6JprL5Pk9qWs|386050098|39sfuA8pY4UfybgEZi7uvA13jkGzZpsg5K|291338524,wallet|transaction|wallet|transaction,|0.0170994|0.0953051|0.0175887,|0.0170994|0.0476525|0.00439718,|-7.15256e-07|-5.96046e-08|0
1GbzD5EcnUTGpL6UwfWU5qfXABStfaHVJg,3,transaction,291338524,True,True,4,1GbzD5EcnUTGpL6UwfWU5qfXABStfaHVJg|355128655|39sfuA8pY4UfybgEZi7uvA13jkGzZpsg5K|291338524,wallet|transaction|wallet|transaction,|0.0169495|0.0953051|0.0175887,|0.0169495|0.0476525|0.00439718,|-9.29832e-06|-5.96046e-08|0
1GmD5Vm1a9gbSES5Vih82EfrDAH3WGDecS,3,transaction,291338524,True,True,4,1GmD5Vm1a9gbSES5Vih82EfrDAH3WGDecS|309189403|39sfuA8pY4UfybgEZi7uvA13jkGzZpsg5K|291338524,wallet|transaction|wallet|transaction,|0.0168273|0.0953051|0.0175887,|0.0168273|0.0476525|0.00439718,|-1.71661e-05|-5.96046e-08|0
1HL5WAWsHmHgvxQLkYt8DqH42dXaWQp88p,3,transaction,291338524,True,True,4,1HL5WAWsHmHgvxQLkYt8DqH42dXaWQp88p|136272459|39sfuA8pY4UfybgEZi7uvA13jkGzZpsg5K|291338524,wallet|transaction|wallet|transaction,|0.0172849|0.0953051|0.0175887,|0.0172849|0.0476525|0.00439718,|0|-5.96046e-08|0
1Hw7rbRtTN7uEH1hsUjPs4d7arwG2uywMj,3,transaction,272148432,True,True,4,1Hw7rbRtTN7uEH1hsUjPs4d7arwG2uywMj|71382701|162quYhHpSRNT3mfq994fV2mG4iKVQt9Yj|272148432,wallet|transaction|wallet|transaction,|0.0167342|0.0953051|0.0172687,|0.0167342|0.0476525|0.0172687,|0.900142|0.446015|0.972892
1K5KTHhEB9Mcida1xSehtYLjyGf7QYncZx,3,transaction,291338524,True,True,4,1K5KTHhEB9Mcida1xSehtYLjyGf7QYncZx|331553509|39sfuA8pY4UfybgEZi7uvA13jkGzZpsg5K|291338524,wallet|transaction|wallet|transaction,|0.0171439|0.0953051|0.0175887,|0.00571464|0.0476525|0.00439718,|0|0|0
1KVqB5L93xNQ387NkNZc6rkx4p4HaWpZa9,3,transaction,291338524,True,True,4,1KVqB5L93xNQ387NkNZc6rkx4p4HaWpZa9|69064953|39sfuA8pY4UfybgEZi7uvA13jkGzZpsg5K|291338524,wallet|transaction|wallet|transaction,|0.0168034|0.0953051|0.0175887,|0.0168034|0.0476525|0.00439718,|-9.53674e-06|-5.96046e-08|0
1LeKFRBubQSwHzpamAKbVuynVF6Xnjer9r,3,transaction,291338524,True,True,4,1LeKFRBubQSwHzpamAKbVuynVF6Xnjer9r|43878665|39sfuA8pY4UfybgEZi7uvA13jkGzZpsg5K|291338524,wallet|transaction|wallet|transaction,|0.0168738|0.0953051|0.0175887,|0.0168738|0.0476525|0.00439718,|-8.9407e-06|-5.96046e-08|0
1MLvzsdbo2N12ANUcGTXkMCQ1GZbLTvkTL,3,transaction,291338524,True,True,4,1MLvzsdbo2N12ANUcGTXkMCQ1GZbLTvkTL|272145560|39sfuA8pY4UfybgEZi7uvA13jkGzZpsg5K|291338524,wallet|transaction|wallet|transaction,|0.0170566|0.0953051|0.0175887,|0.0170566|0.0476525|0.00439718,|-2.86102e-06|-0.0148|0
1MjAvw2GzrW1ZT5LR6WgW7kPhjpXKNe7Ww,3,transaction,291338524,True,True,4,1MjAvw2GzrW1ZT5LR6WgW7kPhjpXKNe7Ww|355128732|39sfuA8pY4UfybgEZi7uvA13jkGzZpsg5K|291338524,wallet|transaction|wallet|transaction,|0.0171452|0.0953051|0.0175887,|0.0171452|0.0476525|0.00439718,|0|-5.96046e-08|0
1N5qhpNRWD6RQDZWidAitn44SFcDFWrUsv,3,transaction,291338524,True,True,4,1N5qhpNRWD6RQDZWidAitn44SFcDFWrUsv|331553508|39sfuA8pY4UfybgEZi7uvA13jkGzZpsg5K|291338524,wallet|transaction|wallet|transaction,|0.017238|0.0953051|0.0175887,|0.017238|0.0476525|0.00439718,|0|-5.96046e-08|0
1PWHEw77zWPxA7xZmXPgn218PtrPdagBFD,3,transaction,291338524,True,True,4,1PWHEw77zWPxA7xZmXPgn218PtrPdagBFD|280231568|39sfuA8pY4UfybgEZi7uvA13jkGzZpsg5K|291338524,wallet|transaction|wallet|transaction,|0.0170429|0.0953051|0.0175887,|0.0170429|0.0476525|0.00439718,|-1.16825e-05|-5.96046e-08|0
1pgCFABHfnH5zwVurdAMwM5YSBmEqgJPJ,3,transaction,291338524,True,True,4,1pgCFABHfnH5zwVurdAMwM5YSBmEqgJPJ|39080155|39sfuA8pY4UfybgEZi7uvA13jkGzZpsg5K|291338524,wallet|transaction|wallet|transaction,|0.0171624|0.0953051|0.0175887,|0.0171624|0.0476525|0.00439718,|0|-5.96046e-08|0
33uR1om9yvpoL2tYCTAE5YKPyRXtopupi3,3,transaction,291338524,True,True,4,33uR1om9yvpoL2tYCTAE5YKPyRXtopupi3|167748861|39sfuA8pY4UfybgEZi7uvA13jkGzZpsg5K|291338524,wallet|transaction|wallet|transaction,|0.0172242|0.0953051|0.0175887,|0.0172242|0.0476525|0.00439718,|0|-5.96046e-08|0
36qXJoCBU9H4u6aFMcKMVVHpzCyLM5coDQ,3,transaction,291338524,True,True,4,36qXJoCBU9H4u6aFMcKMVVHpzCyLM5coDQ|168139100|39sfuA8pY4UfybgEZi7uvA13jkGzZpsg5K|291338524,wallet|transaction|wallet|transaction,|0.0171626|0.0953051|0.0175887,|0.0171626|0.0476525|0.00439718,|0|-5.96046e-08|0
38JZj6TfRr8szneat91iPnXYZLZYyjSH95,3,transaction,291338524,True,True,4,38JZj6TfRr8szneat91iPnXYZLZYyjSH95|23146168|39sfuA8pY4UfybgEZi7uvA13jkGzZpsg5K|291338524,wallet|transaction|wallet|transaction,|0.0171143|0.0953051|0.0175887,|0.0171143|0.0476525|0.00439718,|-2.26498e-06|-5.96046e-08|0
39aSKhRVbqUJsLh3uLu3Yn86fkkBCoZntr,3,transaction,291338524,True,True,4,39aSKhRVbqUJsLh3uLu3Yn86fkkBCoZntr|198955750|39sfuA8pY4UfybgEZi7uvA13jkGzZpsg5K|291338524,wallet|transaction|wallet|transaction,|0.0171333|0.0953051|0.0175887,|0.0171333|0.0476525|0.00439718,|0|-5.96046e-08|0
3BU5449QNV8Y5ZJ9Ed268ZmLaBbHgX1XYQ,3,transaction,291338524,True,True,4,3BU5449QNV8Y5ZJ9Ed268ZmLaBbHgX1XYQ|187475047|39sfuA8pY4UfybgEZi7uvA13jkGzZpsg5K|291338524,wallet|transaction|wallet|transaction,|0.0168604|0.0953051|0.0175887,|0.0168604|0.0476525|0.00439718,|-1.96695e-05|-5.96046e-08|0
3BYkKoAS3dnAxNa5EJAraBSwXCS4sV8L62,3,transaction,291338524,True,True,4,3BYkKoAS3dnAxNa5EJAraBSwXCS4sV8L62|166071273|39sfuA8pY4UfybgEZi7uvA13jkGzZpsg5K|291338524,wallet|transaction|wallet|transaction,|0.0172098|0.0953051|0.0175887,|0.0172098|0.0476525|0.00439718,|0|-5.96046e-08|0
3BmyWwq6dwMH3KwBaqMzmkPHQ1rxtFQoSS,3,transaction,291338524,True,True,4,3BmyWwq6dwMH3KwBaqMzmkPHQ1rxtFQoSS|355009653|39sfuA8pY4UfybgEZi7uvA13jkGzZpsg5K|291338524,wallet|transaction|wallet|transaction,|0.0170321|0.0953051|0.0175887,|0.0170321|0.0476525|0.00439718,|-5.24521e-06|-5.96046e-08|0
3EhyQKqsrjERi4KutDecAK3YZGXczAyU66,3,transaction,291338524,True,True,4,3EhyQKqsrjERi4KutDecAK3YZGXczAyU66|150117254|39sfuA8pY4UfybgEZi7uvA13jkGzZpsg5K|291338524,wallet|transaction|wallet|transaction,|0.0170966|0.0953051|0.0175887,|0.0170966|0.0476525|0.00439718,|0|-5.96046e-08|0
3KQzpPmjq2NRUecnk2epCFgHd5YeRX6MCm,3,transaction,291338524,True,True,4,3KQzpPmjq2NRUecnk2epCFgHd5YeRX6MCm|377165354|39sfuA8pY4UfybgEZi7uvA13jkGzZpsg5K|291338524,wallet|transaction|wallet|transaction,|0.0169897|0.0953051|0.0175887,|0.0169897|0.0476525|0.00439718,|0.686573|-0.34891|0
3KWYnv8jpzjXy5eHxFqttggAnzfBvjNbpV,3,transaction,291338524,True,True,4,3KWYnv8jpzjXy5eHxFqttggAnzfBvjNbpV|163586426|39sfuA8pY4UfybgEZi7uvA13jkGzZpsg5K|291338524,wallet|transaction|wallet|transaction,|0.0172465|0.0953051|0.0175887,|0.0172465|0.0476525|0.00439718,|0|-5.96046e-08|0
3KqJyaniHpYqBYD1GPJFDviWALit2iTNeJ,3,transaction,291338524,True,True,4,3KqJyaniHpYqBYD1GPJFDviWALit2iTNeJ|299475619|39sfuA8pY4UfybgEZi7uvA13jkGzZpsg5K|291338524,wallet|transaction|wallet|transaction,|0.0170166|0.0953051|0.0175887,|0.0170166|0.0476525|0.00439718,|0|-5.96046e-08|0
3KzVaNdW5V43s1LBZaq6AuD2hxED9zasNb,3,transaction,291338524,True,True,4,3KzVaNdW5V43s1LBZaq6AuD2hxED9zasNb|166071315|39sfuA8pY4UfybgEZi7uvA13jkGzZpsg5K|291338524,wallet|transaction|wallet|transaction,|0.0169069|0.0953051|0.0175887,|0.0169069|0.0476525|0.00439718,|-2.38419e-07|-5.96046e-08|0
12Aj1xAaiaVhYioE1ZvJ6d65bc8zg4AJ5N,2,wallet,1MawDwTqGckV8jigYrSdpfNY7g5yUutE7f,True,True,3,12Aj1xAaiaVhYioE1ZvJ6d65bc8zg4AJ5N|158371756|1MawDwTqGckV8jigYrSdpfNY7g5yUutE7f,wallet|transaction|wallet,|0.0168758|0.0890552,|0.0168758|0.0148425,|0.813952|-0.000618001
12Mdv8mtNqr8s1wS3TVTkc3XczS9wnyg1z,2,wallet,17gj3iHc1mrwKBvUDNzM9z6Yne1jVds7uH,True,True,3,12Mdv8mtNqr8s1wS3TVTkc3XczS9wnyg1z|47590952|17gj3iHc1mrwKBvUDNzM9z6Yne1jVds7uH,wallet|transaction|wallet,|0.0171621|0.0952308,|0.0171621|0.0476154,|0.92169|0.181407
12QCnBpR4QYg9ivpXquAxfSdsWsvTHqsCd,2,wallet,1CFcQwNeZCDbGGvBdHL5kt2fMojryAL7Nu,True,True,3,12QCnBpR4QYg9ivpXquAxfSdsWsvTHqsCd|92727933|1CFcQwNeZCDbGGvBdHL5kt2fMojryAL7Nu,wallet|transaction|wallet,|0.0168689|0.0888796,|0.0168689|0.0888796,|0.864634|0.00204265
12YVLSfnpNgkpuzN3FprkNc8Q7Au1zQjZn,2,wallet,12oSEz25skHKzsXWtQHNxFg9bF6y9NWFVY,True,True,3,12YVLSfnpNgkpuzN3FprkNc8Q7Au1zQjZn|378415649|12oSEz25skHKzsXWtQHNxFg9bF6y9NWFVY,wallet|transaction|wallet,|0.0169079|0.0886903,|0.00120771|0.0886903,|0.00289519|2.8193e-05
12at81gDHtGdvWv3VwuxT9eCaSofQR2A8K,2,wallet,19yYEwstiwMgHCtSfySypF2qBV4qG5rhcU,True,True,3,12at81gDHtGdvWv3VwuxT9eCaSofQR2A8K|272088740|19yYEwstiwMgHCtSfySypF2qBV4qG5rhcU,wallet|transaction|wallet,|0.0169147|0.0887918,|0.0169147|0.0443959,|0.830855|0.00369039
12bvT3AbqAS6tEmaCWyFZAUTa8CZ7KLT8M,2,wallet,163KUE66ErUeFJtVbDzBqhk5kp4RpwND2Y,True,True,3,12bvT3AbqAS6tEmaCWyFZAUTa8CZ7KLT8M|268796589|163KUE66ErUeFJtVbDzBqhk5kp4RpwND2Y,wallet|transaction|wallet,|0.0168857|0.0887894,|0.0168857|0.0887894,|0.869089|0.0500312
12q4R8KAbsCuqDGUanU8uFeXNjTu3F42Vb,2,wallet,1AyAJzAzpCop3yM7GvaAsZ3KQi8K5LJSrm,True,True,3,12q4R8KAbsCuqDGUanU8uFeXNjTu3F42Vb|272078301|1AyAJzAzpCop3yM7GvaAsZ3KQi8K5LJSrm,wallet|transaction|wallet,|0.0168864|0.0887803,|0.0168864|0.0887803,|0.821486|0.215083
131fHSzsK1eQJp7bC94JVWZqJ2JcdR5UfS,2,wallet,39sfuA8pY4UfybgEZi7uvA13jkGzZpsg5K,True,True,3,131fHSzsK1eQJp7bC94JVWZqJ2JcdR5UfS|291338524|39sfuA8pY4UfybgEZi7uvA13jkGzZpsg5K,wallet|transaction|wallet,|0.0175887|0.0953051,|0.0175887|0.0953051,|-1.19209e-07|-1.19209e-07
13QgzEvR5bjem87kA4N5mctNPdE2DS2eYT,2,wallet,1PSYoJRWAxe3qXVDhbfC4xGLzjYp4xCKdq,True,True,3,13QgzEvR5bjem87kA4N5mctNPdE2DS2eYT|124942041|1PSYoJRWAxe3qXVDhbfC4xGLzjYp4xCKdq,wallet|transaction|wallet,|0.0168781|0.0886084,|0.00843903|0.0886084,|0.331314|0.22495
14JWG2ssMgowu6gyBdxQSDcgD74VCwjNwN,2,wallet,17kgEd3tK73BBLZo9gyzy1YqbzFYrt79jM,True,True,3,14JWG2ssMgowu6gyBdxQSDcgD74VCwjNwN|208931582|17kgEd3tK73BBLZo9gyzy1YqbzFYrt79jM,wallet|transaction|wallet,|0.016885|0.0887309,|0.016885|0.0887309,|0.872636|0.058028
14X7Z2uGNwmbQiiSw8HkPJMR3Gwqc8hhzW,2,wallet,1MkqCtU4UTcnCuZigFHpPWKCrDRVsho8gm,True,True,3,14X7Z2uGNwmbQiiSw8HkPJMR3Gwqc8hhzW|158373293|1MkqCtU4UTcnCuZigFHpPWKCrDRVsho8gm,wallet|transaction|wallet,|0.0169187|0.0890502,|0.0169187|0.0445251,|0.599869|-0.0150546
14aqedUbcRkx7gNNKGiexFhi6J3nzePSM8,2,wallet,1FegJFc8qRqtE8GYWFtXpFbiTLjhiGMHyp,True,True,3,14aqedUbcRkx7gNNKGiexFhi6J3nzePSM8|269500862|1FegJFc8qRqtE8GYWFtXpFbiTLjhiGMHyp,wallet|transaction|wallet,|0.0168912|0.0887901,|0.0168912|0.0887901,|0.879404|0.00973368
14fgABuecouBA7pfjbDFy4EXJUR9dNAG58,2,wallet,1FbzC97KbV4hvsVRbHnPGphC7XhotQHwKY,True,True,3,14fgABuecouBA7pfjbDFy4EXJUR9dNAG58|159041217|1FbzC97KbV4hvsVRbHnPGphC7XhotQHwKY,wallet|transaction|wallet,|0.0168716|0.089048,|0.0168716|0.0178096,|0.765901|-0.000566363
14s9RKasRn6py5WijgxJSFip29pF5JvSF2,2,wallet,1AUAP5wFjCTp5zUWpYDr2LEHeT8tDqs3RD,True,True,3,14s9RKasRn6py5WijgxJSFip29pF5JvSF2|11566998|1AUAP5wFjCTp5zUWpYDr2LEHeT8tDqs3RD,wallet|transaction|wallet,|0.0168515|0.0890318,|0.0168515|0.011129,|0.824475|-6.57886e-06
14tvcabNePJ2MGPLjkKWZfWiTPVLLr3h4y,2,wallet,18Yy72qbz8gAa7F5TaFV5prbt9MbQXp8Nz,True,True,3,14tvcabNePJ2MGPLjkKWZfWiTPVLLr3h4y|19501341|18Yy72qbz8gAa7F5TaFV5prbt9MbQXp8Nz,wallet|transaction|wallet,|0.016872|0.0890489,|0.016872|0.00684992,|0.825938|-0.000109347
154fDX7sB9UCh8SQ4xmqS9Be277XH1kCmG,2,wallet,139bHTkhPXxWWr7uPzwyeMZq8ZpaYiRVip,True,True,3,154fDX7sB9UCh8SQ4xmqS9Be277XH1kCmG|11567844|139bHTkhPXxWWr7uPzwyeMZq8ZpaYiRVip,wallet|transaction|wallet,|0.0168809|0.0890359,|0.0168809|0.022259,|0.406008|-0.00227828
15C4iGjiERw2ZwaTrhsRmsgSFBydKjPoQd,2,wallet,1PT9GpXN4x1FsorPGT3Xdx9ju51miv6Sor,True,True,3,15C4iGjiERw2ZwaTrhsRmsgSFBydKjPoQd|355102230|1PT9GpXN4x1FsorPGT3Xdx9ju51miv6Sor,wallet|transaction|wallet,|0.0168635|0.0888677,|0.0033727|0.0888677,|0.000432599|0.000166416
15WDHHd198GMwN77JXezQXWwuuwiFTq3x8,2,wallet,1A5m58tVFqvG55HLwbPkc5MWnkp9dPn3NN,True,True,3,15WDHHd198GMwN77JXezQXWwuuwiFTq3x8|97069017|1A5m58tVFqvG55HLwbPkc5MWnkp9dPn3NN,wallet|transaction|wallet,|0.0168685|0.0889691,|0.0168685|0.0296564,|0.483727|-0.00643184
15Ykd4sgdYaZcvASRp8VEuUgsfP7M1nYYh,2,wallet,12zfwWLcr7BEaXcVaQFc42PioWy6gvgDd4,True,True,3,15Ykd4sgdYaZcvASRp8VEuUgsfP7M1nYYh|159033864|12zfwWLcr7BEaXcVaQFc42PioWy6gvgDd4,wallet|transaction|wallet,|0.0168511|0.0890461,|0.0168511|0.00356184,|0.81593|-1.23978e-07
16AdumwLrjinyuQ3XHQ7zFVxjJkykLgaop,2,wallet,1BFnYXRT4Epk9Ww1kj1F4wRWrf6cqAYuie,True,True,3,16AdumwLrjinyuQ3XHQ7zFVxjJkykLgaop|72015084|1BFnYXRT4Epk9Ww1kj1F4wRWrf6cqAYuie,wallet|transaction|wallet,|0.01684|0.0889906,|0.01684|0.0889906,|0.73667|-0.0931568
16K4uNL5WXL9QUPMezCXvcfacmGwWbP7uB,2,wallet,1MPpXKeMyzg5Wh3J4u3zGMcaAforJ1XVLT,True,True,3,16K4uNL5WXL9QUPMezCXvcfacmGwWbP7uB|269519023|1MPpXKeMyzg5Wh3J4u3zGMcaAforJ1XVLT,wallet|transaction|wallet,|0.0168728|0.0887867,|0.0168728|0.0887867,|0.873863|0.0299628
16kC4cey7YWCEGH1XXn5NTCRcNQ2vxcYDK,2,wallet,19pTqvj8n5cpUUuStCJYXD6B6mVz27C8T9,True,True,3,16kC4cey7YWCEGH1XXn5NTCRcNQ2vxcYDK|339058321|19pTqvj8n5cpUUuStCJYXD6B6mVz27C8T9,wallet|transaction|wallet,|0.0168756|0.0886257,|0.0168756|0.0886257,|0.864401|0.156144
16mie23xeBsR6nSreXaLWCVs8f6TRECbxj,2,wallet,18Yy72qbz8gAa7F5TaFV5prbt9MbQXp8Nz,True,True,3,16mie23xeBsR6nSreXaLWCVs8f6TRECbxj|19501341|18Yy72qbz8gAa7F5TaFV5prbt9MbQXp8Nz,wallet|transaction|wallet,|0.016872|0.0890489,|0.016872|0.00684992,|0.370488|-0.00177552
16oasHBCHwXZcbzj8pdLqrwguyf4Duzdkv,2,wallet,14J8trbxtni8ygAqVC3qq9zBhvQuD8NzM2,True,True,3,16oasHBCHwXZcbzj8pdLqrwguyf4Duzdkv|225817002|14J8trbxtni8ygAqVC3qq9zBhvQuD8NzM2,wallet|transaction|wallet,|0.0169046|0.0887284,|0.0169046|0.0887284,|0.866322|0.159276
171WTiB8ghFEijuoJvkjNDHK29c7MQ3r7a,2,wallet,14e9YqXymgUaSCWh6ufwXUWA56U6jfXE1Z,True,True,3,171WTiB8ghFEijuoJvkjNDHK29c7MQ3r7a|232947878|14e9YqXymgUaSCWh6ufwXUWA56U6jfXE1Z,wallet|transaction|wallet,|0.0168641|0.0885603,|0.0168641|0.0442802,|0.632778|0.0870698
179Na4f95TVNDKsUigastAmC637VibxKK3,2,wallet,14qRSnecLaRZDTk44FiHd57zzi9qxcGg1G,True,True,3,179Na4f95TVNDKsUigastAmC637VibxKK3|218091573|14qRSnecLaRZDTk44FiHd57zzi9qxcGg1G,wallet|transaction|wallet,|0.0168058|0.0890237,|0.0168058|0.0222559,|0.460644|-0.0191405
17WpUphWLqEgbgX1MMwC2w2gqYxVacedPq,2,wallet,1JaiAJCHuNLxLaAWGEKnzxmagEz4t5jGun,True,True,3,17WpUphWLqEgbgX1MMwC2w2gqYxVacedPq|289270308|1JaiAJCHuNLxLaAWGEKnzxmagEz4t5jGun,wallet|transaction|wallet,|0.0169604|0.0885683,|0.0169604|0.0442841,|0.870183|0.384595
17kpBzSHm5YSyZLfLiotAicriJMtg3ecQD,2,wallet,1AcfnuwDL4JdVB7P7fjvGYTENmEYjFRokb,True,True,3,17kpBzSHm5YSyZLfLiotAicriJMtg3ecQD|16753577|1AcfnuwDL4JdVB7P7fjvGYTENmEYjFRokb,wallet|transaction|wallet,|0.0169762|0.0885633,|0.0169762|0.0442817,|0.787781|0.390146
183pA8mY6m8YjXb2iTxeA7FjzWEjUg9xiq,2,wallet,1Jj1826aeZ3oV5R7vRGz2FxRLn4TrWKJhv,True,True,3,183pA8mY6m8YjXb2iTxeA7FjzWEjUg9xiq|158367826|1Jj1826aeZ3oV5R7vRGz2FxRLn4TrWKJhv,wallet|transaction|wallet,|0.0168499|0.0890548,|0.0168499|0.00989498,|0.819046|-7.52939e-05
185Qp52NFEeXr8eXvvzuB1oCPQ9U4oNteA,2,wallet,14GEQJsUdZtFJNgpirJ1SmyoYEC7pzajwv,True,True,3,185Qp52NFEeXr8eXvvzuB1oCPQ9U4oNteA|390773301|14GEQJsUdZtFJNgpirJ1SmyoYEC7pzajwv,wallet|transaction|wallet,|0.0168923|0.0886947,|0.0168923|0.0886947,|0.858625|0.128014
18ADqTAna6Wt1ZeCuWs114cW8wbheEQoBv,2,wallet,17ci8Z8tvsfdkJVFjwM9ybE4iaKMf5WiLz,True,True,3,18ADqTAna6Wt1ZeCuWs114cW8wbheEQoBv|11576040|17ci8Z8tvsfdkJVFjwM9ybE4iaKMf5WiLz,wallet|transaction|wallet,|0.0168273|0.0890368,|0.0168273|0.0178074,|0.77227|-0.000397635
18Qdh29cqegjUnw3Ve1CjjbTUukvzeGX93,2,wallet,1Gsb8cVt7TrJbHn46LywYdednEPnDWrvFr,True,True,3,18Qdh29cqegjUnw3Ve1CjjbTUukvzeGX93|339058299|1Gsb8cVt7TrJbHn46LywYdednEPnDWrvFr,wallet|transaction|wallet,|0.0168959|0.0886513,|0.0168959|0.0886513,|0.889477|0.0460323
18YHEaV66aZwoHZ7cJA7SFT85JVZrDvAis,2,wallet,1De79RY1HZDTjZDrWzK5BkFqNbBA3x75zJ,True,True,3,18YHEaV66aZwoHZ7cJA7SFT85JVZrDvAis|97132844|1De79RY1HZDTjZDrWzK5BkFqNbBA3x75zJ,wallet|transaction|wallet,|0.0168471|0.0890033,|0.00210589|0.0890033,|0.000127941|-0.00285447
18ZVQCF6MxBzr7JBu8F5zvSP3w4A7CSV6h,2,wallet,1DuCxXTcjhrTE1RSabxCJDpoVNLiwdPD4h,True,True,3,18ZVQCF6MxBzr7JBu8F5zvSP3w4A7CSV6h|114655823|1DuCxXTcjhrTE1RSabxCJDpoVNLiwdPD4h,wallet|transaction|wallet,|0.0168647|0.088936,|0.00843236|0.088936,|0.00242811|-0.00135213
18mzPpoPnuNYTTYQoqMamjUsteBjC6NTEA,2,wallet,1DR6qnuyvKT1Y8ngmTVnbbxQqpnkR4qcKS,True,True,3,18mzPpoPnuNYTTYQoqMamjUsteBjC6NTEA|346378501|1DR6qnuyvKT1Y8ngmTVnbbxQqpnkR4qcKS,wallet|transaction|wallet,|0.0168988|0.0886448,|0.0168988|0.0886448,|0.891193|0.0278556
191c7U22m9HiTUmptoyNzvRN3XAymMRoX6,2,wallet,1NZDTMfrY9Mn53xcbe1hhPhhQ6PWzmbeE7,True,True,3,191c7U22m9HiTUmptoyNzvRN3XAymMRoX6|44066252|1NZDTMfrY9Mn53xcbe1hhPhhQ6PWzmbeE7,wallet|transaction|wallet,|0.0169727|0.0885959,|0.0169727|0.0885959,|0.931302|0.0894463
19fRrJxQZNHXyGThnyf9WapGyxqmhxSNAs,2,wallet,1KZzKAiz8WRRysJLktZRiP3QuHmrbSoBzc,True,True,3,19fRrJxQZNHXyGThnyf9WapGyxqmhxSNAs|272529611|1KZzKAiz8WRRysJLktZRiP3QuHmrbSoBzc,wallet|transaction|wallet,|0.0168912|0.0887726,|0.00337825|0.0887726,|-1.1456e-05|3.98159e-05
19svw4W5qkmif9h8mcVDU5UsyA3WhojVi6,2,wallet,1orL48cwK5UgooyKXzi2gc9xfrFEXBiJL,True,True,3,19svw4W5qkmif9h8mcVDU5UsyA3WhojVi6|248886979|1orL48cwK5UgooyKXzi2gc9xfrFEXBiJL,wallet|transaction|wallet,|0.0169092|0.0887127,|0.00338185|0.0887127,|-7.93934e-06|2.03848e-05
19txq91QziDSYfr5M3WwETThk4WnSH9FXU,2,wallet,1CjStQKYUZ8cSMk3iJf1eWWe6vLJRgj2TY,True,True,3,19txq91QziDSYfr5M3WwETThk4WnSH9FXU|11570254|1CjStQKYUZ8cSMk3iJf1eWWe6vLJRgj2TY,wallet|transaction|wallet,|0.0169183|0.0890721,|0.0169183|0.0296907,|0.800478|-0.0282123
1A9LxBPtyic2EnxmydSiitZVVDTFEew7wo,2,wallet,1GajRCYMkJbNu6v7JT2AEDaF6HpHYRNdSM,True,True,3,1A9LxBPtyic2EnxmydSiitZVVDTFEew7wo|163655095|1GajRCYMkJbNu6v7JT2AEDaF6HpHYRNdSM,wallet|transaction|wallet,|0.0168732|0.0888347,|0.0014061|0.0888347,|2.38419e-07|5.52535e-05
1AebyiXedrfutUoh4KFAf16bHEv7NP4i6d,2,wallet,162gQEYBYU64oSXeVXc2jnoBJuwerDVENJ,True,True,3,1AebyiXedrfutUoh4KFAf16bHEv7NP4i6d|11569447|162gQEYBYU64oSXeVXc2jnoBJuwerDVENJ,wallet|transaction|wallet,|0.0169241|0.089038,|0.0169241|0.0296793,|0.579759|-0.00305611
1Ahbt79WNTMYLWVXb4GKZApH9K2FFne8FV,2,wallet,154dvR98Zkp6SizhX8rP4qAHCm5tqSp5Z8,True,True,3,1Ahbt79WNTMYLWVXb4GKZApH9K2FFne8FV|339058373|154dvR98Zkp6SizhX8rP4qAHCm5tqSp5Z8,wallet|transaction|wallet,|0.0168967|0.0886546,|0.0168967|0.0886546,|0.781789|0.369678
1B6HjvojY7tYTismEYuY1buXakA3k2rc27,2,wallet,14JWHkDBja8n1X3th7NMWTpHXh3cvFWxaF,True,True,3,1B6HjvojY7tYTismEYuY1buXakA3k2rc27|2315358|14JWHkDBja8n1X3th7NMWTpHXh3cvFWxaF,wallet|transaction|wallet,|0.0168192|0.0890514,|0.0168192|0.0148419,|0.810416|-0.00150663
1B8n5tbQJEk9k87QXhjJtiNvXmc99HDzzu,2,wallet,1CRAYE5nbKmpq5U75Dd1tFgfruL4V3sLeY,True,True,3,1B8n5tbQJEk9k87QXhjJtiNvXmc99HDzzu|209521989|1CRAYE5nbKmpq5U75Dd1tFgfruL4V3sLeY,wallet|transaction|wallet,|0.016902|0.0887353,|0.00281699|0.0887353,|0.111643|0.000108838
1BAAciDrPbpiV3NAeQUQz35MFgHuDpMKPn,2,wallet,1orL48cwK5UgooyKXzi2gc9xfrFEXBiJL,True,True,3,1BAAciDrPbpiV3NAeQUQz35MFgHuDpMKPn|248886979|1orL48cwK5UgooyKXzi2gc9xfrFEXBiJL,wallet|transaction|wallet,|0.0169092|0.0887127,|0.0169092|0.0887127,|0.885212|0.0506858
1BEfK5nNJhMVkL7Ysii7UFctnbjp9GW9Pt,2,wallet,1DRgAEYTvPFshaHCav2rtFSXwrmzY2xNGK,True,True,3,1BEfK5nNJhMVkL7Ysii7UFctnbjp9GW9Pt|71748299|1DRgAEYTvPFshaHCav2rtFSXwrmzY2xNGK,wallet|transaction|wallet,|0.0168439|0.0890235,|0.00280732|0.0890235,|0.000254005|-6.28233e-05
1BRr5a3ku2onTRLcgno8MWUPMK7wkB56NR,2,wallet,1J8V5rcgtm3xJxk8EweZERXrj3q6rTmqZP,True,True,3,1BRr5a3ku2onTRLcgno8MWUPMK7wkB56NR|209694819|1J8V5rcgtm3xJxk8EweZERXrj3q6rTmqZP,wallet|transaction|wallet,|0.0168886|0.0887327,|0.0168886|0.0887327,|0.84371|0.167902
1BXCcT9kdmVhAjrzFqZxamBY19jzEuhmGo,2,wallet,1GXVP85ekoKYRQp9rN8whcWKrMNK48qN1R,True,True,3,1BXCcT9kdmVhAjrzFqZxamBY19jzEuhmGo|355009237|1GXVP85ekoKYRQp9rN8whcWKrMNK48qN1R,wallet|transaction|wallet,|0.0168636|0.0888671,|0.00210796|0.0888671,|1.49012e-08|4.82798e-05
1BZT4mnShFLTbqTNA7s48a6v9LcunEmXzj,2,wallet,14Y6aZ1MEx9Yoj6JKp8KcXrFKL8s2dmdNk,True,True,3,1BZT4mnShFLTbqTNA7s48a6v9LcunEmXzj|166073771|14Y6aZ1MEx9Yoj6JKp8KcXrFKL8s2dmdNk,wallet|transaction|wallet,|0.0168739|0.0888329,|0.00129799|0.0888329,|0.0672867|3.45707e-05
1BrcvKpXXT9HqaWeafTsvtW7493gGz1p5x,2,wallet,1NS3caUeqtgnVGrkm3AgKhqaTyHUA9eRUG,True,True,3,1BrcvKpXXT9HqaWeafTsvtW7493gGz1p5x|68995268|1NS3caUeqtgnVGrkm3AgKhqaTyHUA9eRUG,wallet|transaction|wallet,|0.0168605|0.0889001,|0.000766388|0.0889001,|0.000144688|-0.000228882
1ByRfN9aACXFyPnnPT7c2gGEPYLB9m7VdV,2,wallet,13RbbMt3nSWS7AHuMG6MyTSmXYG7GKJ1hH,True,True,3,1ByRfN9aACXFyPnnPT7c2gGEPYLB9m7VdV|28900174|13RbbMt3nSWS7AHuMG6MyTSmXYG7GKJ1hH,wallet|transaction|wallet,|0.0169076|0.0889433,|0.0169076|0.0177887,|0.443774|-0.00582007
1CPXJHajgGK1HV8E4FG2dUkuqb1Wn59DZB,2,wallet,1L2Z3TH7nDVAP7JBn3Rck8kcQfR3Gs2NC2,True,True,3,1CPXJHajgGK1HV8E4FG2dUkuqb1Wn59DZB|86706819|1L2Z3TH7nDVAP7JBn3Rck8kcQfR3Gs2NC2,wallet|transaction|wallet,|0.0168883|0.088588,|0.0168883|0.044294,|0.828903|0.352706
1CjWwLjfauVoK9Wa44LFnGRrNuKyECFy6J,2,wallet,1AcfnuwDL4JdVB7P7fjvGYTENmEYjFRokb,True,True,3,1CjWwLjfauVoK9Wa44LFnGRrNuKyECFy6J|16753577|1AcfnuwDL4JdVB7P7fjvGYTENmEYjFRokb,wallet|transaction|wallet,|0.0169762|0.0885633,|0.0169762|0.0442817,|0.817919|0.402415
1CoSU7BLgHfEUzKjTCKNXVkzUBQFyX4PDY,2,wallet,14SQTwTnZf4sTyGTP315bEvPyogjto7MEf,True,True,3,1CoSU7BLgHfEUzKjTCKNXVkzUBQFyX4PDY|372730932|14SQTwTnZf4sTyGTP315bEvPyogjto7MEf,wallet|transaction|wallet,|0.0168826|0.0887546,|0.0168826|0.0887546,|0.8329|0.136929
1CogtuvrcfokKUZJWmYdTZdYHEJfHZxDy9,2,wallet,1LkLvTmpLaQw8ouFSnjHq7dRsyn5z6fbCy,True,True,3,1CogtuvrcfokKUZJWmYdTZdYHEJfHZxDy9|174942580|1LkLvTmpLaQw8ouFSnjHq7dRsyn5z6fbCy,wallet|transaction|wallet,|0.0168557|0.0888686,|0.0168557|0.0888686,|0.691844|0.0391409
1CssUstJjsVkmGjDAcxzcAiw5S4o4hLtBJ,2,wallet,1Gkmgg8vE1j7U1LttpATwe41WVScK9s8Py,True,True,3,1CssUstJjsVkmGjDAcxzcAiw5S4o4hLtBJ|339058368|1Gkmgg8vE1j7U1LttpATwe41WVScK9s8Py,wallet|transaction|wallet,|0.0168942|0.0886495,|0.0168942|0.0886495,|0.832148|0.298812
1CymWSDQrXkekhKB8hLm66jSnSuRVDr3ez,2,wallet,1CZ1oz6VpotdMS4SL6cbupUhBvh73ud11C,True,True,3,1CymWSDQrXkekhKB8hLm66jSnSuRVDr3ez|94152708|1CZ1oz6VpotdMS4SL6cbupUhBvh73ud11C,wallet|transaction|wallet,|0.0169038|0.0889923,|0.0169038|0.0222481,|0.568151|-0.0347376
1DAWfw6FyJnGafwob6ySmg5kPsgQF2Zh6Z,2,wallet,1FFbTwkCBG4XNRSv5ePJvnr138tP1SgFVz,True,True,3,1DAWfw6FyJnGafwob6ySmg5kPsgQF2Zh6Z|272153910|1FFbTwkCBG4XNRSv5ePJvnr138tP1SgFVz,wallet|transaction|wallet,|0.0169556|0.0887778,|0.0169556|0.0443889,|0.867913|0.000434667
1DQNopeiTgedTf7dcEqxMYDrWFbmxvP8vm,2,wallet,14qRo7pmhFk8oVTJu4vRu3Yr7WcW9sbxWd,True,True,3,1DQNopeiTgedTf7dcEqxMYDrWFbmxvP8vm|86739423|14qRo7pmhFk8oVTJu4vRu3Yr7WcW9sbxWd,wallet|transaction|wallet,|0.0169304|0.0885671,|0.0169304|0.0295224,|0.511701|0.162448
1DSSPY8SRjcF4UfaS92hnYff1wcxhZ18oZ,2,wallet,1JdU2MjTyAKWZQNauY49h9CmGyNMd2Lf1s,True,True,3,1DSSPY8SRjcF4UfaS92hnYff1wcxhZ18oZ|339101933|1JdU2MjTyAKWZQNauY49h9CmGyNMd2Lf1s,wallet|transaction|wallet,|0.0168958|0.0886569,|0.00153598|0.0886569,|1.18126e-05|0.000208735
1DVxG8LR8CBGh9uXQjgnDaBoRign3sJDS9,2,wallet,15mcGqrm3HWk8cWf29U6xvrw8koaEtNYKo,True,True,3,1DVxG8LR8CBGh9uXQjgnDaBoRign3sJDS9|29962122|15mcGqrm3HWk8cWf29U6xvrw8koaEtNYKo,wallet|transaction|wallet,|0.0168573|0.0889229,|0.0168573|0.0889229,|0.846534|-0.00614661
1DWHWAtZnFVrAyR2pesv9X6W4FmpsZ18hq,2,wallet,15ExVBwQxt1g8v2ctyRb9P9nUUGzr22m59,True,True,3,1DWHWAtZnFVrAyR2pesv9X6W4FmpsZ18hq|14948822|15ExVBwQxt1g8v2ctyRb9P9nUUGzr22m59,wallet|transaction|wallet,|0.016879|0.0886366,|0.016879|0.0886366,|0.811829|0.313518
1Db7J62hoP2AYQYep1aRJTFEVycPsonujS,2,wallet,1BAnykbttKby3FGn2WuV1Wjp2npoYbLwn9,True,True,3,1Db7J62hoP2AYQYep1aRJTFEVycPsonujS|376205008|1BAnykbttKby3FGn2WuV1Wjp2npoYbLwn9,wallet|transaction|wallet,|0.016862|0.0888572,|0.016862|0.0888572,|0.829674|0.0262815
1DdNYokswoMbdovxBEBPjLN4ynNyEyHTX4,2,wallet,1KgFY9MQv9nEi4Lz8yjXZKixZ6GEULGjZX,True,True,3,1DdNYokswoMbdovxBEBPjLN4ynNyEyHTX4|66960639|1KgFY9MQv9nEi4Lz8yjXZKixZ6GEULGjZX,wallet|transaction|wallet,|0.0168387|0.088891,|0.0168387|0.088891,|0.580005|-0.00664127
1DgtHonDbbabFwHpKxSAw7M7SjRNMrMMzc,2,wallet,1Pvq2SjnF1Uc4rBZKcJ8JEAfDgU3sogUNg,True,True,3,1DgtHonDbbabFwHpKxSAw7M7SjRNMrMMzc|234711189|1Pvq2SjnF1Uc4rBZKcJ8JEAfDgU3sogUNg,wallet|transaction|wallet,|0.0168914|0.08863,|0.0168914|0.08863,|0.811682|0.254572
1Dhvyd3efW1cYEo3xTymMjy8PKW9DnMx9J,2,wallet,14q7TVHemXU8mzg6Lb7UCohxL7u9huhYyd,True,True,3,1Dhvyd3efW1cYEo3xTymMjy8PKW9DnMx9J|84368623|14q7TVHemXU8mzg6Lb7UCohxL7u9huhYyd,wallet|transaction|wallet,|0.0168722|0.0887973,|0.0168722|0.0887973,|0.87597|0.00818336
1Dqyf2qAjwjQfkjBY15ccVQ5stLn27bc6m,2,wallet,13GaMYE3jNPPrZxsNkWsab9fwgda2LWHu5,True,True,3,1Dqyf2qAjwjQfkjBY15ccVQ5stLn27bc6m|114786141|13GaMYE3jNPPrZxsNkWsab9fwgda2LWHu5,wallet|transaction|wallet,|0.0168864|0.08863,|0.0168864|0.08863,|0.830193|0.20616
1DtNUsQf28sUrW38fv4weVi5nyFRksCL2s,2,wallet,1CUm4eyVHL28mXepTcBNvH3McEMensd7vn,True,True,3,1DtNUsQf28sUrW38fv4weVi5nyFRksCL2s|72376896|1CUm4eyVHL28mXepTcBNvH3McEMensd7vn,wallet|transaction|wallet,|0.0168999|0.0889889,|0.0168999|0.029663,|0.610194|-0.0451684
1EBxbBpjKk3LPyMEqZbydHKXXnGEc53ntC,2,wallet,1PgBoirLMcKGseKQW3ErJTtN5BaACaUdXG,True,True,3,1EBxbBpjKk3LPyMEqZbydHKXXnGEc53ntC|159033509|1PgBoirLMcKGseKQW3ErJTtN5BaACaUdXG,wallet|transaction|wallet,|0.0168428|0.0890431,|0.0168428|0.029681,|0.823446|-0.00114481
1EKMtbWSdRryfVqQM17BW2uDVBAwVQwCBr,2,wallet,1AibnvggxwnWzyVAq6Gfny1Uxx7w2NpzDf,True,True,3,1EKMtbWSdRryfVqQM17BW2uDVBAwVQwCBr|105985420|1AibnvggxwnWzyVAq6Gfny1Uxx7w2NpzDf,wallet|transaction|wallet,|0.0168396|0.0889894,|0.00420991|0.0889894,|0.000629529|-0.00778723
1ERJcygiAXZfvVWv1TjqNpncMuWirsiQXX,2,wallet,1KRk7mSri4zsTifUbHoHFNsovPDUX2DqJd,True,True,3,1ERJcygiAXZfvVWv1TjqNpncMuWirsiQXX|71450516|1KRk7mSri4zsTifUbHoHFNsovPDUX2DqJd,wallet|transaction|wallet,|0.0168476|0.089022,|0.0168476|0.089022,|0.803295|-0.0833501
1EdLjQuct1i6Uy6kDxZ2sp4UMN8kEhhnQp,2,wallet,1PnJA2XPeen51rnYT7qByELZvV39cRz8T8,True,True,3,1EdLjQuct1i6Uy6kDxZ2sp4UMN8kEhhnQp|225877497|1PnJA2XPeen51rnYT7qByELZvV39cRz8T8,wallet|transaction|wallet,|0.0163839|0.0885655,|0.0163839|0.0295218,|0.758756|0.0178696
1FGbCqvQ35uJGKbm7MbJx3zTG7CRud6x4g,2,wallet,1Gm3Nb2WvjeffW9fYitcwKkJrvfdtoYuQL,True,True,3,1FGbCqvQ35uJGKbm7MbJx3zTG7CRud6x4g|363093379|1Gm3Nb2WvjeffW9fYitcwKkJrvfdtoYuQL,wallet|transaction|wallet,|0.0169052|0.0887219,|0.00845259|0.0887219,|0.443522|0.000168681
1FH2LG3jdMxTUUoqTx7pcKvcPFwsK4gAYU,2,wallet,1J65AoR4jv1a5SnWNdghq3JEonHdKirLgr,True,True,3,1FH2LG3jdMxTUUoqTx7pcKvcPFwsK4gAYU|158373606|1J65AoR4jv1a5SnWNdghq3JEonHdKirLgr,wallet|transaction|wallet,|0.0169134|0.0890507,|0.0169134|0.0445253,|0.485555|-0.0775321
1FLYAx714emuTHfBCvbEMNuYxkfSLLTghx,2,wallet,1B56fVVmMokU9zMqArXa4A2269CMNTTk8c,True,True,3,1FLYAx714emuTHfBCvbEMNuYxkfSLLTghx|70788132|1B56fVVmMokU9zMqArXa4A2269CMNTTk8c,wallet|transaction|wallet,|0.0169189|0.0890178,|0.0169189|0.0222545,|0.439159|-0.0250476
1FP6HaYhN47EXci9pwHTvEBH3HaR82Zssf,2,wallet,1Pr723aPMtMZ1uMk9AseF2VUkdnpuQVpd,True,True,3,1FP6HaYhN47EXci9pwHTvEBH3HaR82Zssf|117140737|1Pr723aPMtMZ1uMk9AseF2VUkdnpuQVpd,wallet|transaction|wallet,|0.0168561|0.0889164,|0.0168561|0.0889164,|0.54199|-0.0778664
1FW3vCq7PG2mWJc3rb3s8Lbp8Zq7jcfpco,2,wallet,1KZzKAiz8WRRysJLktZRiP3QuHmrbSoBzc,True,True,3,1FW3vCq7PG2mWJc3rb3s8Lbp8Zq7jcfpco|272529611|1KZzKAiz8WRRysJLktZRiP3QuHmrbSoBzc,wallet|transaction|wallet,|0.0168912|0.0887726,|0.0168912|0.0887726,|0.812323|0.181495
1FWJZo3KogUr5hSFhTGwQjccB1oVL467Gy,2,wallet,1DtWsQmEWh1LcJjR14TFPVBLVJFaVLnif1,True,True,3,1FWJZo3KogUr5hSFhTGwQjccB1oVL467Gy|94623588|1DtWsQmEWh1LcJjR14TFPVBLVJFaVLnif1,wallet|transaction|wallet,|0.0169246|0.0889951,|0.0169246|0.0444975,|0.450192|-0.0745789
1FX5FE9Q4kpKAnenfbHWA9LabXjLuoFwbz,2,wallet,1P3N8gwT5Zz9Bv4hhPdkBrJMsf1SxvKrk2,True,True,3,1FX5FE9Q4kpKAnenfbHWA9LabXjLuoFwbz|286784958|1P3N8gwT5Zz9Bv4hhPdkBrJMsf1SxvKrk2,wallet|transaction|wallet,|0.0168739|0.08857,|0.0168739|0.044285,|0.85457|0.19064
1GBWZDT1sNw4V5eFx5U1Ng1cFAuip9S7nW,2,wallet,1G1tACwiqm4tssWddetzkGLryLN9fN4dt,True,True,3,1GBWZDT1sNw4V5eFx5U1Ng1cFAuip9S7nW|14949429|1G1tACwiqm4tssWddetzkGLryLN9fN4dt,wallet|transaction|wallet,|0.0169051|0.0886606,|0.0169051|0.0886606,|0.789966|0.36619
1GBYznpMywEh4kwy7GbDjG9YA9PnUzYMRZ,2,wallet,1Bx7GM7rG75edKCo6hvv79HAW92owkjWG7,True,True,3,1GBYznpMywEh4kwy7GbDjG9YA9PnUzYMRZ|96929263|1Bx7GM7rG75edKCo6hvv79HAW92owkjWG7,wallet|transaction|wallet,|0.017097|0.0952631,|0.017097|0.0476316,|0.978482|0.0866252
1GFBEqUdyVhKtREybryzEn8FYnQmKxQyi4,2,wallet,1KWzCJAgA2LedDFs7A9ApCagoGRVXNTms,True,True,3,1GFBEqUdyVhKtREybryzEn8FYnQmKxQyi4|158375088|1KWzCJAgA2LedDFs7A9ApCagoGRVXNTms,wallet|transaction|wallet,|0.0168529|0.0890561,|0.0168529|0.0296854,|0.824197|-0.000492215
1GKaEgQod2J7EM6R6nZVvaT882JGQmsYRb,2,wallet,14t4f9iEXx8AXnppBjTMKMhyqzBgRTKH1W,True,True,3,1GKaEgQod2J7EM6R6nZVvaT882JGQmsYRb|331566091|14t4f9iEXx8AXnppBjTMKMhyqzBgRTKH1W,wallet|transaction|wallet,|0.0168966|0.0887637,|0.0168966|0.0221909,|0.797942|0.0592253
1GLopURuK1A6GHa1CYVcDtkBEHj5tH2qrw,2,wallet,13kDy7NYmGCA82AaWntBDgBiPqgz8Nrjwg,True,True,3,1GLopURuK1A6GHa1CYVcDtkBEHj5tH2qrw|228446106|13kDy7NYmGCA82AaWntBDgBiPqgz8Nrjwg,wallet|transaction|wallet,|0.0168521|0.0888109,|0.0168521|0.0222027,|0.433747|4.25875e-05
1GM6HKftDnXb2qk7dSEELFabxyGXApR1a5,2,wallet,1MUaX1Aq3Zr8o2GUH1dsyhQTtbhTe8nFFK,True,True,3,1GM6HKftDnXb2qk7dSEELFabxyGXApR1a5|94372683|1MUaX1Aq3Zr8o2GUH1dsyhQTtbhTe8nFFK,wallet|transaction|wallet,|0.016871|0.0885869,|0.016871|0.0885869,|0.78376|0.0551791
1Gpsrs3mb82axj4JuUWf27Uv58XFWRzdZL,2,wallet,1J4ChpxRuGFDK7mo6dVEdJQxtT2beSPEfG,True,True,3,1Gpsrs3mb82axj4JuUWf27Uv58XFWRzdZL|245146107|1J4ChpxRuGFDK7mo6dVEdJQxtT2beSPEfG,wallet|transaction|wallet,|0.0169795|0.0885729,|0.0169795|0.0442864,|0.853748|0.354413
1HqDCrtedsZPhgDFAyhJYg4nybtFdAgV9u,2,wallet,13TZbWNGEksU5qLVBmcUCvoctXVPwm4pSA,True,True,3,1HqDCrtedsZPhgDFAyhJYg4nybtFdAgV9u|164710455|13TZbWNGEksU5qLVBmcUCvoctXVPwm4pSA,wallet|transaction|wallet,|0.0168725|0.0890115,|0.0168725|0.0222529,|0.395523|-0.00460956
1HyyLvaroBx13Wv7f6RzWNdhoBdFd4GK4X,2,wallet,1CXFa3MbB7BuedFZpvduPFYS8BBdq47Din,True,True,3,1HyyLvaroBx13Wv7f6RzWNdhoBdFd4GK4X|235427807|1CXFa3MbB7BuedFZpvduPFYS8BBdq47Din,wallet|transaction|wallet,|0.0168857|0.0886331,|0.0168857|0.0886331,|0.750872|0.35745
1J3mYnw5zGeSHsCJTfRAPs7uJskxFaCuWp,2,wallet,1PGcj8tqeLjSZ8wfQazhqW8BpxRZ7T9JrJ,True,True,3,1J3mYnw5zGeSHsCJTfRAPs7uJskxFaCuWp|11561989|1PGcj8tqeLjSZ8wfQazhqW8BpxRZ7T9JrJ,wallet|transaction|wallet,|0.0168279|0.0890342,|0.0168279|0.0178068,|0.382992|-0.000485277
1JH3ryJ879hKaG5AqgZ9MSLESDQcVJJTej,2,wallet,1Pyk7dW3kLREqikRGiuJKwrGpKp2gr2sK6,True,True,3,1JH3ryJ879hKaG5AqgZ9MSLESDQcVJJTej|272178929|1Pyk7dW3kLREqikRGiuJKwrGpKp2gr2sK6,wallet|transaction|wallet,|0.0168907|0.0887799,|0.00337814|0.0887799,|1.71661e-05|8.47578e-05
1JPJz2Sh6QAdYscTR5jYF2Y8xPgYMk27NU,2,wallet,1GyjDW6exdy9a3x5VGaunG2t4oVynHmXNs,True,True,3,1JPJz2Sh6QAdYscTR5jYF2Y8xPgYMk27NU|163694920|1GyjDW6exdy9a3x5VGaunG2t4oVynHmXNs,wallet|transaction|wallet,|0.0168958|0.0888395,|0.0168958|0.0444198,|0.778699|0.0364651
1JfFa3kh7C4HTYgKDrteGPAs5S6u9ZS5Zk,2,wallet,13o1JVZ3Avo4DAT6VvzftaXYayf24tKW9G,True,True,3,1JfFa3kh7C4HTYgKDrteGPAs5S6u9ZS5Zk|376210249|13o1JVZ3Avo4DAT6VvzftaXYayf24tKW9G,wallet|transaction|wallet,|0.0168727|0.0888566,|0.0168727|0.0888566,|0.842146|0.0216669
1Jn5ZEP9mdhgJytDvMV6C3gqiPRtBbTjxM,2,wallet,1LyS1BPsGPvd3f3P62Bpc2SNVWY61binx2,True,True,3,1Jn5ZEP9mdhgJytDvMV6C3gqiPRtBbTjxM|98309038|1LyS1BPsGPvd3f3P62Bpc2SNVWY61binx2,wallet|transaction|wallet,|0.01687|0.0888315,|0.01687|0.0888315,|0.847424|0.0424052
1JtWFzedyYRvzEAKgpRtVGJCU8ixMaT9k9,2,wallet,1AsoeBc4oa8kxhVewstkCh5JbVEVw589Dm,True,True,3,1JtWFzedyYRvzEAKgpRtVGJCU8ixMaT9k9|209539924|1AsoeBc4oa8kxhVewstkCh5JbVEVw589Dm,wallet|transaction|wallet,|0.016894|0.0887322,|0.016894|0.0887322,|0.863494|0.127316
1KKGjNNjzRWTUy8TjLr4o6btWcHp6bwFCt,2,wallet,1FTM9n2djbvabnu7dZ7NK27fRvdWkdPM5L,True,True,3,1KKGjNNjzRWTUy8TjLr4o6btWcHp6bwFCt|241489210|1FTM9n2djbvabnu7dZ7NK27fRvdWkdPM5L,wallet|transaction|wallet,|0.0168902|0.0886766,|0.0168902|0.0886766,|0.890064|0.0332118
1KR9b8xoJMVdskW7cxCwGSnMyBW7ygtSQF,2,wallet,17KxsaNni1mQADviWFtYTXDeNd17dCs6zY,True,True,3,1KR9b8xoJMVdskW7cxCwGSnMyBW7ygtSQF|69695707|17KxsaNni1mQADviWFtYTXDeNd17dCs6zY,wallet|transaction|wallet,|0.0168614|0.0889037,|0.0168614|0.0889037,|0.814188|-0.0113767
1KZTj4aMVJi858tMEGBtupPHd2hc6skE9e,2,wallet,1B94dReLNeQzBLcu87goAyg5YJirUs5mpk,True,True,3,1KZTj4aMVJi858tMEGBtupPHd2hc6skE9e|212659519|1B94dReLNeQzBLcu87goAyg5YJirUs5mpk,wallet|transaction|wallet,|0.0169119|0.0885592,|0.0169119|0.0295197,|0.705321|0.0835896
1Kg4qC1dubqLLJrnkrzrf5onhtmRbciU2p,2,wallet,19RX9oLxe9M6heLYLL12xCrzBqnQkAhCKy,True,True,3,1Kg4qC1dubqLLJrnkrzrf5onhtmRbciU2p|11569771|19RX9oLxe9M6heLYLL12xCrzBqnQkAhCKy,wallet|transaction|wallet,|0.0168421|0.0890372,|0.0168421|0.0222593,|0.460952|-0.00359912
1Kp8xFmbwWGQGaTLkxK9SZ8fkxv2KW6pBZ,2,wallet,16QjuEhgDsF9Bi33PdKy3JYZYP8b37Z9EC,True,True,3,1Kp8xFmbwWGQGaTLkxK9SZ8fkxv2KW6pBZ|70788384|16QjuEhgDsF9Bi33PdKy3JYZYP8b37Z9EC,wallet|transaction|wallet,|0.0168433|0.0889933,|0.0168433|0.0889933,|0.689238|-0.106809
1Ky8u4mvwEYFdxJ8M71o5o3d8HFRMDiK9L,2,wallet,1MxfVoqcfoqADGFZCWmTDWiupEqjaDf2m,True,True,3,1Ky8u4mvwEYFdxJ8M71o5o3d8HFRMDiK9L|158362959|1MxfVoqcfoqADGFZCWmTDWiupEqjaDf2m,wallet|transaction|wallet,|0.0168426|0.0890446,|0.0168426|0.0222611,|0.395305|-0.0045674
1KyxCL4EvNRMUrYcDvNBfG4rSN49DLxbPc,2,wallet,1HBKMEMrzpiD63SofRozPzuGsbkDrnACmY,True,True,3,1KyxCL4EvNRMUrYcDvNBfG4rSN49DLxbPc|86739424|1HBKMEMrzpiD63SofRozPzuGsbkDrnACmY,wallet|transaction|wallet,|0.0169693|0.0885864,|0.0169693|0.0295288,|0.587477|0.195131
1KzQxRbCD7enxvUFqMq9xdLbUXKTbYoqHA,2,wallet,1AR8tDsHHjqhJDbGxh7FZSj93ByP2eoy2o,True,True,3,1KzQxRbCD7enxvUFqMq9xdLbUXKTbYoqHA|163662273|1AR8tDsHHjqhJDbGxh7FZSj93ByP2eoy2o,wallet|transaction|wallet,|0.0168604|0.0888305,|0.0168604|0.0888305,|0.855848|0.0288197
1L5o6BhdUdt45T5gcW1oTAYJCyrdmR3aHd,2,wallet,1DsqBPe8b43xN22ABPVT13W2eiWyzwQc4h,True,True,3,1L5o6BhdUdt45T5gcW1oTAYJCyrdmR3aHd|148612071|1DsqBPe8b43xN22ABPVT13W2eiWyzwQc4h,wallet|transaction|wallet,|0.0168414|0.0889689,|0.0168414|0.0889689,|0.64671|-0.147791
1L8EPpuakVp54h81Q9296eXaNijK6MnKwb,2,wallet,1CLWqEYKxQLkphAuvMouF1Xs3yweWinLrS,True,True,3,1L8EPpuakVp54h81Q9296eXaNijK6MnKwb|84364238|1CLWqEYKxQLkphAuvMouF1Xs3yweWinLrS,wallet|transaction|wallet,|0.0169569|0.0888023,|0.0169569|0.0444012,|0.704025|0.0837219
1LA6BJuDB6Cb9CCoYRFgSmRLZJptP5WRff,2,wallet,1BFYMCB2fVxKEjJFtFKpmxSG2uxC9CZwmd,True,True,3,1LA6BJuDB6Cb9CCoYRFgSmRLZJptP5WRff|97408827|1BFYMCB2fVxKEjJFtFKpmxSG2uxC9CZwmd,wallet|transaction|wallet,|0.0168241|0.0889612,|0.0168241|0.0889612,|0.744971|-0.0779662
1LEQurrytapN98FTXJk8SdEvFyhhwYxV1T,2,wallet,1Ark1chKCGBdQh2ZWWHivBzUWpzRrzo7dZ,True,True,3,1LEQurrytapN98FTXJk8SdEvFyhhwYxV1T|218091577|1Ark1chKCGBdQh2ZWWHivBzUWpzRrzo7dZ,wallet|transaction|wallet,|0.0168757|0.0890348,|0.0168757|0.017807,|0.823163|-0.000637102
1LLJZTyJW7pZsGDHzpzPEYqf5m81U3r8wY,2,wallet,154dvR98Zkp6SizhX8rP4qAHCm5tqSp5Z8,True,True,3,1LLJZTyJW7pZsGDHzpzPEYqf5m81U3r8wY|339058373|154dvR98Zkp6SizhX8rP4qAHCm5tqSp5Z8,wallet|transaction|wallet,|0.0168967|0.0886546,|0.0168967|0.0886546,|0.86373|0.186178
1LMWFmY5D1jLCPfQnD8URLuFCkJWvsMjXJ,2,wallet,1JQNZ51Jv7Xaa9SfCb2F3M79CGgvMSPmoP,True,True,3,1LMWFmY5D1jLCPfQnD8URLuFCkJWvsMjXJ|72337608|1JQNZ51Jv7Xaa9SfCb2F3M79CGgvMSPmoP,wallet|transaction|wallet,|0.0168276|0.0889843,|0.0168276|0.0889843,|0.463082|-0.167984
1LPnZZ4WE2CsMjPVFzssyVwgdqYboupnMU,2,wallet,19JWq6TpufynhhjBMzckfgHxsWSHytEpuA,True,True,3,1LPnZZ4WE2CsMjPVFzssyVwgdqYboupnMU|245140933|19JWq6TpufynhhjBMzckfgHxsWSHytEpuA,wallet|transaction|wallet,|0.0169702|0.0885846,|0.0169702|0.0885846,|0.931647|0.219775
1LRnFbd7Tys55yAmoqo6yrV1iHJpfC3Mmw,2,wallet,15VwysRXQpg78rMi453NhjJNG6KLBcba6s,True,True,3,1LRnFbd7Tys55yAmoqo6yrV1iHJpfC3Mmw|163585669|15VwysRXQpg78rMi453NhjJNG6KLBcba6s,wallet|transaction|wallet,|0.016942|0.0888383,|0.016942|0.0222096,|0.587338|-0.00518954
1LUMkVkUQozNrnPUifTTPsFtYxvFdMSorA,2,wallet,17j8h6HQqAzxmPBmExqxp8ZpfmiRkdP3Zp,True,True,3,1LUMkVkUQozNrnPUifTTPsFtYxvFdMSorA|98961024|17j8h6HQqAzxmPBmExqxp8ZpfmiRkdP3Zp,wallet|transaction|wallet,|0.0168752|0.0886698,|0.0168752|0.0886698,|0.57696|0.221062
1LfCCcYMcE5Q8WKJX48H83DLBESUwmqLAr,2,wallet,1AaBTQy615vNezkANjXCCaxFhpGQpXSzbd,True,True,3,1LfCCcYMcE5Q8WKJX48H83DLBESUwmqLAr|158378337|1AaBTQy615vNezkANjXCCaxFhpGQpXSzbd,wallet|transaction|wallet,|0.0168982|0.0890477,|0.0168982|0.0445239,|0.819156|-0.00559434
1Lp6UcMCDcthNeU9wkqyse65FxZ55SE4Hc,2,wallet,18vCoeagDVdB3T7ryVMziN3qvYAFv2qM8v,True,True,3,1Lp6UcMCDcthNeU9wkqyse65FxZ55SE4Hc|298697845|18vCoeagDVdB3T7ryVMziN3qvYAFv2qM8v,wallet|transaction|wallet,|0.0168776|0.0888425,|0.0168776|0.0888425,|0.871611|0.00668305
1M4dSiiNu9fYjanSUXJK4rPiFXVFtdH7jx,2,wallet,19mfdWbH7Ydfysrb3Z9bFNomYQzHNUXPcg,True,True,3,1M4dSiiNu9fYjanSUXJK4rPiFXVFtdH7jx|209921981|19mfdWbH7Ydfysrb3Z9bFNomYQzHNUXPcg,wallet|transaction|wallet,|0.0168957|0.0887311,|0.0168957|0.0887311,|0.835567|0.242313
1MFz6oPKU4AaygD8vRhzUK1xVV3FEBwYaS,2,wallet,19c7bRe1VdZXbfMWfWLrQEA2KMnp5ffUo,True,True,3,1MFz6oPKU4AaygD8vRhzUK1xVV3FEBwYaS|22021840|19c7bRe1VdZXbfMWfWLrQEA2KMnp5ffUo,wallet|transaction|wallet,|0.0168168|0.088906,|0.0168168|0.088906,|0.539339|-0.0106946
1MTr338akrVvETAp21FEYi5vCtG1v3zvWb,2,wallet,1Gy7BjRkhumpxFw26ZPcZ9SNcU4addtCHJ,True,True,3,1MTr338akrVvETAp21FEYi5vCtG1v3zvWb|209722170|1Gy7BjRkhumpxFw26ZPcZ9SNcU4addtCHJ,wallet|transaction|wallet,|0.0169026|0.0887365,|0.00120733|0.0887365,|0.0260664|3.21865e-06
1MeTUgFLLHo2FW2VopJKUWaHRSTPwQ1NAE,2,wallet,12sA37smW8qsgdwyNp8ZH7iD2FSGLGkKLx,True,True,3,1MeTUgFLLHo2FW2VopJKUWaHRSTPwQ1NAE|376257820|12sA37smW8qsgdwyNp8ZH7iD2FSGLGkKLx,wallet|transaction|wallet,|0.016936|0.0888551,|0.016936|0.0296184,|0.856445|-0.00020963
1MjZ23jkTG6GdfoRJiWwhMPtLPaGsxCnzB,2,wallet,1KaQ3eqSBGPcSDKbXjqZpshoVfzBbZefqk,True,True,3,1MjZ23jkTG6GdfoRJiWwhMPtLPaGsxCnzB|208931421|1KaQ3eqSBGPcSDKbXjqZpshoVfzBbZefqk,wallet|transaction|wallet,|0.0168964|0.0887322,|0.0168964|0.0887322,|0.867182|0.10011
1MxgpvUFQyonUZQXNPG1UGzD9LfbFmr9tH,2,wallet,1LP5cXfttZMb2zDdFQejrScPLo6K7yS6GM,True,True,3,1MxgpvUFQyonUZQXNPG1UGzD9LfbFmr9tH|231990430|1LP5cXfttZMb2zDdFQejrScPLo6K7yS6GM,wallet|transaction|wallet,|0.0169694|0.0885612,|0.00848469|0.0442806,|0.343878|0.335746
1NWPVWErZnoyd7wVewVrvajgaHdVWcFU7p,2,wallet,13hbf1JEKyBCizeJDSmBcnj9QDQXR5jZhS,True,True,3,1NWPVWErZnoyd7wVewVrvajgaHdVWcFU7p|234167195|13hbf1JEKyBCizeJDSmBcnj9QDQXR5jZhS,wallet|transaction|wallet,|0.0168875|0.0886338,|0.0168875|0.0886338,|0.688849|0.40367
1NoER2HfedrQaeFb1cUpP6njJukwRqkiq8,2,wallet,1GX14J3u3igxAwmxX2sG8Q8tWebm7PMMW6,True,True,3,1NoER2HfedrQaeFb1cUpP6njJukwRqkiq8|235425127|1GX14J3u3igxAwmxX2sG8Q8tWebm7PMMW6,wallet|transaction|wallet,|0.0168814|0.0886188,|0.0168814|0.0886188,|0.757996|0.338121
1P9TnCbJEqBPv7FaYrBuP33WMw5C2MUhni,2,wallet,1NS3caUeqtgnVGrkm3AgKhqaTyHUA9eRUG,True,True,3,1P9TnCbJEqBPv7FaYrBuP33WMw5C2MUhni|68995268|1NS3caUeqtgnVGrkm3AgKhqaTyHUA9eRUG,wallet|transaction|wallet,|0.0168605|0.0889001,|0.0168605|0.0889001,|0.857665|-0.0015524
1PCV3rczBcxS9sE5YSDwykhxBwjaga79EL,2,wallet,1PUu3N1UiU5Q9miu7yj9qPA55DjGPcNTyi,True,True,3,1PCV3rczBcxS9sE5YSDwykhxBwjaga79EL|300271260|1PUu3N1UiU5Q9miu7yj9qPA55DjGPcNTyi,wallet|transaction|wallet,|0.0168698|0.0888446,|0.0168698|0.0888446,|0.86093|0.0139604
1PDWJxqCJPbYHVy2uqgpE9onJfeDgv31dg,2,wallet,1FXAb6yffeXWWyjMewPJEWvn8EA5bhad1S,True,True,3,1PDWJxqCJPbYHVy2uqgpE9onJfeDgv31dg|174759156|1FXAb6yffeXWWyjMewPJEWvn8EA5bhad1S,wallet|transaction|wallet,|0.0168698|0.0886038,|0.0168698|0.0886038,|0.856186|0.0765226
1PPZNGxooN6vEhLzEuQNAs1iLg7hfgWryr,2,wallet,1NNQZ4AUqQ5ZbiksjwPrA9WdbMxXuz8f76,True,True,3,1PPZNGxooN6vEhLzEuQNAs1iLg7hfgWryr|268788405|1NNQZ4AUqQ5ZbiksjwPrA9WdbMxXuz8f76,wallet|transaction|wallet,|0.0168816|0.08879,|0.00281361|0.08879,|1.50204e-05|0.000199974
1PpRSr4h86UhtTPuQ7vRSF26eyF4SP1QLF,2,wallet,1HLVQU9x3BC9gyczB5c2unuKTQJazj1gG9,True,True,3,1PpRSr4h86UhtTPuQ7vRSF26eyF4SP1QLF|105983580|1HLVQU9x3BC9gyczB5c2unuKTQJazj1gG9,wallet|transaction|wallet,|0.0168387|0.0889848,|0.0168387|0.0889848,|0.422932|-0.147699
1Q728yEhaDR7vkSaxmQ9V6GjEQFtREmdbL,2,wallet,1PfEDFBQEkDFYb4wZ6vmkK6SnEHSDPqvJG,True,True,3,1Q728yEhaDR7vkSaxmQ9V6GjEQFtREmdbL|246066228|1PfEDFBQEkDFYb4wZ6vmkK6SnEHSDPqvJG,wallet|transaction|wallet,|0.0168769|0.0888214,|0.00129822|0.0888214,|-2.01739e-07|3.9041e-05
1QGep9beRtqrDdymgwuu1bTcytCqmAfxZ7,2,wallet,1B94dReLNeQzBLcu87goAyg5YJirUs5mpk,True,True,3,1QGep9beRtqrDdymgwuu1bTcytCqmAfxZ7|212659519|1B94dReLNeQzBLcu87goAyg5YJirUs5mpk,wallet|transaction|wallet,|0.0169119|0.0885592,|0.0169119|0.0295197,|0.612326|0.138547
1gkFKhQrU5oZ57kKqD8Sx4d8boXmE83g4,2,wallet,1EZCz7ZJKzgvWctLV3KRwSRRgV1U7vht29,True,True,3,1gkFKhQrU5oZ57kKqD8Sx4d8boXmE83g4|209054965|1EZCz7ZJKzgvWctLV3KRwSRRgV1U7vht29,wallet|transaction|wallet,|0.0169064|0.0887247,|0.0024152|0.0887247,|8.88961e-06|0.00012362
1mA5oVvbp9VKj4eCkZacHxb48xm7VtSHi,2,wallet,1CkQaj3sxfkuUM9kZZx9vb2w7BbWvAQe8Y,True,True,3,1mA5oVvbp9VKj4eCkZacHxb48xm7VtSHi|54504625|1CkQaj3sxfkuUM9kZZx9vb2w7BbWvAQe8Y,wallet|transaction|wallet,|0.0168789|0.0885975,|0.00843945|0.0885975,|-0.00026536|-9.01222e-05
1vj15cyawUc6xqJBs2VTePReYdsJJxXqc,2,wallet,15uxgVYt6TZNLy6Dg77K1Df2iG3PWXrjkN,True,True,3,1vj15cyawUc6xqJBs2VTePReYdsJJxXqc|70042737|15uxgVYt6TZNLy6Dg77K1Df2iG3PWXrjkN,wallet|transaction|wallet,|0.0168546|0.0889001,|0.0168546|0.0889001,|0.857969|-0.00103503
378oxYiJGrGyDWtMGn2CdNZHWtrG9XQXLo,2,wallet,14J8trbxtni8ygAqVC3qq9zBhvQuD8NzM2,True,True,3,378oxYiJGrGyDWtMGn2CdNZHWtrG9XQXLo|225817002|14J8trbxtni8ygAqVC3qq9zBhvQuD8NzM2,wallet|transaction|wallet,|0.0169046|0.0887284,|0.00211307|0.0887284,|-1.69054e-05|0.00096637
3MbiUzrxs7tkpBZa57iCh3L2yvdCHTTDNf,2,wallet,14AWWm2ME4T38KiTE6Ju4bvEVem7ByiNvd,True,True,3,3MbiUzrxs7tkpBZa57iCh3L2yvdCHTTDNf|152058261|14AWWm2ME4T38KiTE6Ju4bvEVem7ByiNvd,wallet|transaction|wallet,|0.0168911|0.0887767,|0.00422277|0.0887767,|0.0122928|0.0150563
3PfeqcMRfTi7YbL9KpuovWfP41MFfbCe5p,2,wallet,1NfF2a33qSLFZeJvw4VU4nfthfWQvCHT1F,True,True,3,3PfeqcMRfTi7YbL9KpuovWfP41MFfbCe5p|99258538|1NfF2a33qSLFZeJvw4VU4nfthfWQvCHT1F,wallet|transaction|wallet,|0.0168982|0.0887434,|0.0168982|0.0887434,|0.447544|0.148574
162quYhHpSRNT3mfq994fV2mG4iKVQt9Yj,1,transaction,272148432,True,True,2,162quYhHpSRNT3mfq994fV2mG4iKVQt9Yj|272148432,wallet|transaction,|0.0172687,|0.0172687,|0.972892
1EtPrGFjikndxppP43E2RC4nErLiTGPA8u,1,transaction,69410407,True,True,2,1EtPrGFjikndxppP43E2RC4nErLiTGPA8u|69410407,wallet|transaction,|0.0176315,|0.00251879,|0.00364625
1G6NkMxM1upv2JBGroK8S9F53ojzyQmMpL,1,transaction,195823686,True,True,2,1G6NkMxM1upv2JBGroK8S9F53ojzyQmMpL|195823686,wallet|transaction,|0.0169146,|0.0169146,|0.650389
39sfuA8pY4UfybgEZi7uvA13jkGzZpsg5K,1,transaction,291338524,True,True,2,39sfuA8pY4UfybgEZi7uvA13jkGzZpsg5K|291338524,wallet|transaction,|0.0175887,|0.00439718,|0
115jxGj6CTCdNrpvcP1oziocRwELBvxLbU,0,wallet,115jxGj6CTCdNrpvcP1oziocRwELBvxLbU,True,True,1,115jxGj6CTCdNrpvcP1oziocRwELBvxLbU,wallet,,,
12MDvVMc5Aikz6jX2vXL2PPi4wDPih98o9,0,wallet,12MDvVMc5Aikz6jX2vXL2PPi4wDPih98o9,True,True,1,12MDvVMc5Aikz6jX2vXL2PPi4wDPih98o9,wallet,,,
12q9KidhssUPn7w4ioFnh5vvMrW9BJnScK,0,wallet,12q9KidhssUPn7w4ioFnh5vvMrW9BJnScK,True,True,1,12q9KidhssUPn7w4ioFnh5vvMrW9BJnScK,wallet,,,
132dActTZTw8oJVFYCdTp3wwv55QNAwknN,0,wallet,132dActTZTw8oJVFYCdTp3wwv55QNAwknN,True,True,1,132dActTZTw8oJVFYCdTp3wwv55QNAwknN,wallet,,,
13BS4byi3KJ1pWLXiw41A7HfAj8FZZWraS,0,wallet,13BS4byi3KJ1pWLXiw41A7HfAj8FZZWraS,True,True,1,13BS4byi3KJ1pWLXiw41A7HfAj8FZZWraS,wallet,,,
13Yqm6XmvcbGVcBxDe5PVx8XUDjYdJzj94,0,wallet,13Yqm6XmvcbGVcBxDe5PVx8XUDjYdJzj94,True,True,1,13Yqm6XmvcbGVcBxDe5PVx8XUDjYdJzj94,wallet,,,
13gQm9PoQcDoqrJzwdv3vr7pD1bqrLy1w7,0,wallet,13gQm9PoQcDoqrJzwdv3vr7pD1bqrLy1w7,True,True,1,13gQm9PoQcDoqrJzwdv3vr7pD1bqrLy1w7,wallet,,,
13m3Bn431EdyJ6QuTPV57hicbKsFnVPiKU,0,wallet,13m3Bn431EdyJ6QuTPV57hicbKsFnVPiKU,True,True,1,13m3Bn431EdyJ6QuTPV57hicbKsFnVPiKU,wallet,,,
15CVoyWpJttnkANW32Nrdy3UypvUuaAPgJ,0,wallet,15CVoyWpJttnkANW32Nrdy3UypvUuaAPgJ,True,True,1,15CVoyWpJttnkANW32Nrdy3UypvUuaAPgJ,wallet,,,
15S7y4VVnnCKkkY8hmBsaUvMLaXwgRDrRM,0,wallet,15S7y4VVnnCKkkY8hmBsaUvMLaXwgRDrRM,True,True,1,15S7y4VVnnCKkkY8hmBsaUvMLaXwgRDrRM,wallet,,,
163DnpnLd2jYNYZmBvyqHNZj3KYDnmTHWH,0,wallet,163DnpnLd2jYNYZmBvyqHNZj3KYDnmTHWH,True,True,1,163DnpnLd2jYNYZmBvyqHNZj3KYDnmTHWH,wallet,,,
16WqKKV7vqCA3NYJiF5FdkMC1eXnNKQYND,0,wallet,16WqKKV7vqCA3NYJiF5FdkMC1eXnNKQYND,True,True,1,16WqKKV7vqCA3NYJiF5FdkMC1eXnNKQYND,wallet,,,
16aqRUb9jANcb5pLYRphWaHT5YhbqiBBoS,0,wallet,16aqRUb9jANcb5pLYRphWaHT5YhbqiBBoS,True,True,1,16aqRUb9jANcb5pLYRphWaHT5YhbqiBBoS,wallet,,,
16jCtpK5u33unzBqkNXGhUq6QFwXK1fTdE,0,wallet,16jCtpK5u33unzBqkNXGhUq6QFwXK1fTdE,True,True,1,16jCtpK5u33unzBqkNXGhUq6QFwXK1fTdE,wallet,,,
17MaUVdnhjAe2nxFATBkTK4NgsdvnkXz7A,0,wallet,17MaUVdnhjAe2nxFATBkTK4NgsdvnkXz7A,True,True,1,17MaUVdnhjAe2nxFATBkTK4NgsdvnkXz7A,wallet,,,
17peZG2hdtTPkBRhvA6XE5qmszNPZEpoB8,0,wallet,17peZG2hdtTPkBRhvA6XE5qmszNPZEpoB8,True,True,1,17peZG2hdtTPkBRhvA6XE5qmszNPZEpoB8,wallet,,,
183MoLCoa7hrFXoqcjx3s7iykq3c5hP12y,0,wallet,183MoLCoa7hrFXoqcjx3s7iykq3c5hP12y,True,True,1,183MoLCoa7hrFXoqcjx3s7iykq3c5hP12y,wallet,,,
19D2PpQGrM9w2j6Gaj7haKT23NsoGXTyzz,0,wallet,19D2PpQGrM9w2j6Gaj7haKT23NsoGXTyzz,True,True,1,19D2PpQGrM9w2j6Gaj7haKT23NsoGXTyzz,wallet,,,
19dCb2k5ZeFR9yTbBWatjMi7wd4r78ttVW,0,wallet,19dCb2k5ZeFR9yTbBWatjMi7wd4r78ttVW,True,True,1,19dCb2k5ZeFR9yTbBWatjMi7wd4r78ttVW,wallet,,,
1A4tdZdJz9xhVBWEWbgjHeeE6Ak4secuP3,0,wallet,1A4tdZdJz9xhVBWEWbgjHeeE6Ak4secuP3,True,True,1,1A4tdZdJz9xhVBWEWbgjHeeE6Ak4secuP3,wallet,,,
1AQEHww15H78dcsgvhxLiwT4EZpeYyG2ST,0,wallet,1AQEHww15H78dcsgvhxLiwT4EZpeYyG2ST,True,True,1,1AQEHww15H78dcsgvhxLiwT4EZpeYyG2ST,wallet,,,
1BUm9CASzVj17p64EhZ5QfdjRBV2TyWNrT,0,wallet,1BUm9CASzVj17p64EhZ5QfdjRBV2TyWNrT,True,True,1,1BUm9CASzVj17p64EhZ5QfdjRBV2TyWNrT,wallet,,,
1CB4SyNV7N1qWHwNGtkkQ4EzYKhY8SpZHg,0,wallet,1CB4SyNV7N1qWHwNGtkkQ4EzYKhY8SpZHg,True,True,1,1CB4SyNV7N1qWHwNGtkkQ4EzYKhY8SpZHg,wallet,,,
1CQ19HjzrdPNeoQ1pEFqQYbdPfBZbmKRgq,0,wallet,1CQ19HjzrdPNeoQ1pEFqQYbdPfBZbmKRgq,True,True,1,1CQ19HjzrdPNeoQ1pEFqQYbdPfBZbmKRgq,wallet,,,
1DcSJKzM5t9cStweVw9vmK4EBzE3zrWNWp,0,wallet,1DcSJKzM5t9cStweVw9vmK4EBzE3zrWNWp,True,True,1,1DcSJKzM5t9cStweVw9vmK4EBzE3zrWNWp,wallet,,,
1E7rXgMyiDztKYzU4ZisA9nQNcoGjxmtXY,0,wallet,1E7rXgMyiDztKYzU4ZisA9nQNcoGjxmtXY,True,True,1,1E7rXgMyiDztKYzU4ZisA9nQNcoGjxmtXY,wallet,,,
1EXFrjCod4atGidkUp7UpKEWNovvSzfQZh,0,wallet,1EXFrjCod4atGidkUp7UpKEWNovvSzfQZh,True,True,1,1EXFrjCod4atGidkUp7UpKEWNovvSzfQZh,wallet,,,
1F5aDa8Dk4C1nFcXhw3CXQdDXAC34Ehjgc,0,wallet,1F5aDa8Dk4C1nFcXhw3CXQdDXAC34Ehjgc,True,True,1,1F5aDa8Dk4C1nFcXhw3CXQdDXAC34Ehjgc,wallet,,,
1Fbbpp77kaGrZ4Af7XcVQQzULZVAy48m9H,0,wallet,1Fbbpp77kaGrZ4Af7XcVQQzULZVAy48m9H,True,True,1,1Fbbpp77kaGrZ4Af7XcVQQzULZVAy48m9H,wallet,,,
1FjAKbYLB7gE1gPRYU2VGvAYsN7bpyJWFs,0,wallet,1FjAKbYLB7gE1gPRYU2VGvAYsN7bpyJWFs,True,True,1,1FjAKbYLB7gE1gPRYU2VGvAYsN7bpyJWFs,wallet,,,
1GoTmFH9F9XbRgjCpNShBZriSJ5ccKxVfL,0,wallet,1GoTmFH9F9XbRgjCpNShBZriSJ5ccKxVfL,True,True,1,1GoTmFH9F9XbRgjCpNShBZriSJ5ccKxVfL,wallet,,,
1GuzBzWAv9MNrEkF3aMfTGchiYjU75gAyS,0,wallet,1GuzBzWAv9MNrEkF3aMfTGchiYjU75gAyS,True,True,1,1GuzBzWAv9MNrEkF3aMfTGchiYjU75gAyS,wallet,,,
1Gv3kJRB5JsX7equUYaGWUPNoDjdqdYCKJ,0,wallet,1Gv3kJRB5JsX7equUYaGWUPNoDjdqdYCKJ,True,True,1,1Gv3kJRB5JsX7equUYaGWUPNoDjdqdYCKJ,wallet,,,
1Hq24u76Qfr7L8o7MbcTNQ174FqJWABG2S,0,wallet,1Hq24u76Qfr7L8o7MbcTNQ174FqJWABG2S,True,True,1,1Hq24u76Qfr7L8o7MbcTNQ174FqJWABG2S,wallet,,,
1JRVU5UwKkRMxL3qemELbRw9Bnd42hR4Zk,0,wallet,1JRVU5UwKkRMxL3qemELbRw9Bnd42hR4Zk,True,True,1,1JRVU5UwKkRMxL3qemELbRw9Bnd42hR4Zk,wallet,,,
1JvbmpnhygA9Z4vZvQY4rwmczpy6ukLMy2,0,wallet,1JvbmpnhygA9Z4vZvQY4rwmczpy6ukLMy2,True,True,1,1JvbmpnhygA9Z4vZvQY4rwmczpy6ukLMy2,wallet,,,
1K77uiDfULxTHgNpBaHzVUzjuQcmjo2H6o,0,wallet,1K77uiDfULxTHgNpBaHzVUzjuQcmjo2H6o,True,True,1,1K77uiDfULxTHgNpBaHzVUzjuQcmjo2H6o,wallet,,,
1L88hz3fg8WH1RtAGyUcRgPcvXd6etZy88,0,wallet,1L88hz3fg8WH1RtAGyUcRgPcvXd6etZy88,True,True,1,1L88hz3fg8WH1RtAGyUcRgPcvXd6etZy88,wallet,,,
1LAtc9QG7MSaEEVS4jdGqB6EKFF5ibF6Mj,0,wallet,1LAtc9QG7MSaEEVS4jdGqB6EKFF5ibF6Mj,True,True,1,1LAtc9QG7MSaEEVS4jdGqB6EKFF5ibF6Mj,wallet,,,
1LDxXFhXaGz6kKd1tSE9JcDvyJfmVqg6iR,0,wallet,1LDxXFhXaGz6kKd1tSE9JcDvyJfmVqg6iR,True,True,1,1LDxXFhXaGz6kKd1tSE9JcDvyJfmVqg6iR,wallet,,,
1LM929RDdrs55NZLQ14tAwxnThbb3wq6wP,0,wallet,1LM929RDdrs55NZLQ14tAwxnThbb3wq6wP,True,True,1,1LM929RDdrs55NZLQ14tAwxnThbb3wq6wP,wallet,,,
1Lmq72ZeRSgQ35g8kTKrGHf59zhJif7a6V,0,wallet,1Lmq72ZeRSgQ35g8kTKrGHf59zhJif7a6V,True,True,1,1Lmq72ZeRSgQ35g8kTKrGHf59zhJif7a6V,wallet,,,
1MJSd7X13KiE5aEf1Nx7iyFPUN8rQWN3Hn,0,wallet,1MJSd7X13KiE5aEf1Nx7iyFPUN8rQWN3Hn,True,True,1,1MJSd7X13KiE5aEf1Nx7iyFPUN8rQWN3Hn,wallet,,,
1MMhPFVs5nXKv74roSqYdto1CeiiPyuDXS,0,wallet,1MMhPFVs5nXKv74roSqYdto1CeiiPyuDXS,True,True,1,1MMhPFVs5nXKv74roSqYdto1CeiiPyuDXS,wallet,,,
1MqctxZwj3BkDhomwMU66KhRXJzKMzo6gV,0,wallet,1MqctxZwj3BkDhomwMU66KhRXJzKMzo6gV,True,True,1,1MqctxZwj3BkDhomwMU66KhRXJzKMzo6gV,wallet,,,
1Nh8KLaCwxiCCAs2SycmxBKP1fdJMtvqit,0,wallet,1Nh8KLaCwxiCCAs2SycmxBKP1fdJMtvqit,True,True,1,1Nh8KLaCwxiCCAs2SycmxBKP1fdJMtvqit,wallet,,,
1PKE3BvCrjFyaSbovo4YzTVnhQPrGv82te,0,wallet,1PKE3BvCrjFyaSbovo4YzTVnhQPrGv82te,True,True,1,1PKE3BvCrjFyaSbovo4YzTVnhQPrGv82te,wallet,,,
1PXWnwiPqT2Fz52P7xuZYHVXmUFFE7HPZM,0,wallet,1PXWnwiPqT2Fz52P7xuZYHVXmUFFE7HPZM,True,True,1,1PXWnwiPqT2Fz52P7xuZYHVXmUFFE7HPZM,wallet,,,
1PsVU3kj1m7ZTEq8Y6aaLBoogLoBCE9uZG,0,wallet,1PsVU3kj1m7ZTEq8Y6aaLBoogLoBCE9uZG,True,True,1,1PsVU3kj1m7ZTEq8Y6aaLBoogLoBCE9uZG,wallet,,,
1ji3E3CC9WyG1xjsWEop45d6FBXtX1n3V,0,wallet,1ji3E3CC9WyG1xjsWEop45d6FBXtX1n3V,True,True,1,1ji3E3CC9WyG1xjsWEop45d6FBXtX1n3V,wallet,,,
1tShjzXKYmPeVV6ndvTvDoqdwrCtMBGHD,0,wallet,1tShjzXKYmPeVV6ndvTvDoqdwrCtMBGHD,True,True,1,1tShjzXKYmPeVV6ndvTvDoqdwrCtMBGHD,wallet,,,
1urG9u78H7RuANe59RoBDw6gYuLfAugon,0,wallet,1urG9u78H7RuANe59RoBDw6gYuLfAugon,True,True,1,1urG9u78H7RuANe59RoBDw6gYuLfAugon,wallet,,,
1yJ2AcFuVENZszd1w7oQbdPGDScrbp4MP,0,wallet,1yJ2AcFuVENZszd1w7oQbdPGDScrbp4MP,True,True,1,1yJ2AcFuVENZszd1w7oQbdPGDScrbp4MP,wallet,,,
1EYVmRKbJUwby7s6T6qyJ65sp3rwcUJhNo,20,wallet,143yJGnYrfd4ozKQocZGf4RSf1pKkV82Ny,False,True,21,1EYVmRKbJUwby7s6T6qyJ65sp3rwcUJhNo|99676798|1AFK7NNo2gL62whs6h6zfTMSwWx51F1RVp|99676794|1DPRVebTZwUkMFTDZk83bNGNnNaWK5vB6r|99676708|1QKqiXsjJGqEy8PkC5paSRa8pkwKdcnY1e|99676519|1LRyffqeb5pffpfTkXrLsNXTML8yr6xSfS|99676505|1MzuphhD8P9m9VMBHVNc81TCW4hTBqWqps|99676403|19YJiavT2WpU28KQ3FJLEUH4YdqSVNBYsM|101582635|12HNqSpniEMghjC9mQWrCejbwss7VayAur|99676301|1NbvJGqta2GPdSKDD6FcVh5YJurM1AuPYw|99676293|1HHXEAqz9WA1bVp4MzXcguXZqXRKh5LxLD|99676160|143yJGnYrfd4ozKQocZGf4RSf1pKkV82Ny,wallet|transaction|wallet|transaction|wallet|transaction|wallet|transaction|wallet|transaction|wallet|transaction|wallet|transaction|wallet|transaction|wallet|transaction|wallet|transaction|wallet,|0.0149733|0.0952796|0.0148314|0.0952954|0.0151217|0.0952789|0.0151665|0.0952407|0.0154176|0.0952313|0.015183|0.0952718|0.0147658|0.0952955|0.0148514|0.0952879|0.0137491|0.0952713|0.0169246|0.0881307,|0.0149733|0.0476398|0.0148314|0.0476477|0.0151217|0.0476394|0.0151665|0.0476204|0.0154176|0.0476156|0.015183|0.0476359|0.0147658|0.0476478|0.0148514|0.047644|0.0137491|0.0476357|0.0169246|0.0881307,|0.0036239|0.0380678|-0.00670934|0.216981|-0.00191557|0.217549|0.017872|0.0563802|0.028041|0.0909767|-0.00386775|0.0965993|-0.00846565|0.211033|0.000589609|0.228013|0.0123535|0.287158|0.977028|0.0897627
1Fj6MdQSWFpPkryJqdvKGiLJBKR9Rx9nch,14,wallet,1PhHnK34pmYcrC8RprtXVfF4HMKYmaRYD3,False,True,15,1Fj6MdQSWFpPkryJqdvKGiLJBKR9Rx9nch|99676705|1NhvP8D6aJRyu9fYvdwFX2d5KsppwdHkUD|99676510|1JQhfodwGU85f1TPsUpbVqwAKKS5yGwqNk|99676503|18NeTEfcZeZyzfUSAv2PNYTsA1xPFrqLzq|99676317|17Q13dYB8Z5X5hhLveZKPzG1bwNA7Yxhk9|99676304|1CSaCahayUyWfzMgazV673cCKpTEELeNR2|99676297|1PiK4c5EfkwRVowkmGXr4C1Hi5HwadbCzB|99676290|1PhHnK34pmYcrC8RprtXVfF4HMKYmaRYD3,wallet|transaction|wallet|transaction|wallet|transaction|wallet|transaction|wallet|transaction|wallet|transaction|wallet|transaction|wallet,|0.0148786|0.0952981|0.0152113|0.0952853|0.0149901|0.0952832|0.0152554|0.0952828|0.0152212|0.0952396|0.0141369|0.0952675|0.0169016|0.08874,|0.0148786|0.047649|0.0152113|0.0476426|0.0149901|0.0476416|0.0152554|0.0476414|0.0152212|0.0476198|0.0141369|0.0476338|0.0169016|0.08874,|-0.00398368|0.257991|-0.00171834|0.237122|-0.000834584|0.0473596|-0.00587016|0.267304|0.0345439|0.0623053|-0.0107127|0.0643559|0.868352|0.0729247
1QAQhhkHFuVEFfVZSCwPDNPzTq612YHzLi,14,wallet,143yJGnYrfd4ozKQocZGf4RSf1pKkV82Ny,False,True,15,1QAQhhkHFuVEFfVZSCwPDNPzTq612YHzLi|99676519|1LRyffqeb5pffpfTkXrLsNXTML8yr6xSfS|99676505|1MzuphhD8P9m9VMBHVNc81TCW4hTBqWqps|99676403|19YJiavT2WpU28KQ3FJLEUH4YdqSVNBYsM|101582635|12HNqSpniEMghjC9mQWrCejbwss7VayAur|99676301|1NbvJGqta2GPdSKDD6FcVh5YJurM1AuPYw|99676293|1HHXEAqz9WA1bVp4MzXcguXZqXRKh5LxLD|99676160|143yJGnYrfd4ozKQocZGf4RSf1pKkV82Ny,wallet|transaction|wallet|transaction|wallet|transaction|wallet|transaction|wallet|transaction|wallet|transaction|wallet|transaction|wallet,|0.0151665|0.0952407|0.0154176|0.0952313|0.015183|0.0952718|0.0147658|0.0952955|0.0148514|0.0952879|0.0137491|0.0952713|0.0169246|0.0881307,|0.0151665|0.0476204|0.0154176|0.0476156|0.015183|0.0476359|0.0147658|0.0476478|0.0148514|0.047644|0.0137491|0.0476357|0.0169246|0.0881307,|0.0210598|0.0424119|0.028041|0.0909767|-0.00386775|0.0965993|-0.00846565|0.211033|0.000589609|0.228013|0.0123535|0.287158|0.977028|0.0897627
1suh7UzTtR8n8f3UDGGu5XrwEDGDYQEkW,14,wallet,1741r3S1h6CmQAZp38BDxhC53L3m8T9yr8,False,True,15,1suh7UzTtR8n8f3UDGGu5XrwEDGDYQEkW|85005007|1QumAnwgsmfgHavETUASNmnNYjtz6sXe1|85005005|19p6vXatmksUMD66vT1zkFkSeWH6DGD5ck|84359449|1P3CoreSSJEULAPkJMQiBLCBQjFDoayER|84359444|1Fo9witfsyt4P8NtRojMh6uziT4mJpL51g|84359438|171eXCAj6b3ykoz6TWDJWdwMaVn9oirxpi|84359428|18e8wNvxG5zspijD8VYokV8BneCv3Fr2Ww|84359422|1741r3S1h6CmQAZp38BDxhC53L3m8T9yr8,wallet|transaction|wallet|transaction|wallet|transaction|wallet|transaction|wallet|transaction|wallet|transaction|wallet|transaction|wallet,|0.0150182|0.0952955|0.0143534|0.0953027|0.015015|0.0953014|0.0147374|0.0952965|0.0150235|0.0952898|0.0145754|0.0952808|0.0168977|0.0888001,|0.0150182|0.0476478|0.0143534|0.0476514|0.015015|0.0476507|0.0147374|0.0476483|0.0150235|0.0476449|0.0145754|0.0476404|0.0168977|0.0888001,|-0.000230253|0.0568008|-0.0030542|0.0766385|-0.00120622|0.324454|0.000254571|0.0417609|0.000868142|0.0714472|-0.00388503|0.0726698|0.871657|0.0260691
146n8m4S4Zc1B7s4CKn54NorrnBaQZ36R5,12,wallet,1741r3S1h6CmQAZp38BDxhC53L3m8T9yr8,False,True,13,146n8m4S4Zc1B7s4CKn54NorrnBaQZ36R5|85005005|19p6vXatmksUMD66vT1zkFkSeWH6DGD5ck|84359449|1P3CoreSSJEULAPkJMQiBLCBQjFDoayER|84359444|1Fo9witfsyt4P8NtRojMh6uziT4mJpL51g|84359438|171eXCAj6b3ykoz6TWDJWdwMaVn9oirxpi|84359428|18e8wNvxG5zspijD8VYokV8BneCv3Fr2Ww|84359422|1741r3S1h6CmQAZp38BDxhC53L3m8T9yr8,wallet|transaction|wallet|transaction|wallet|transaction|wallet|transaction|wallet|transaction|wallet|transaction|wallet,|0.0143534|0.0953027|0.015015|0.0953014|0.0147374|0.0952965|0.0150235|0.0952898|0.0145754|0.0952808|0.0168977|0.0888001,|0.0143534|0.0476514|0.015015|0.0476507|0.0147374|0.0476483|0.0150235|0.0476449|0.0145754|0.0476404|0.0168977|0.0888001,|-0.00214243|0.0671027|-0.00120622|0.324454|0.000254571|0.0417609|0.000868142|0.0714472|-0.00388503|0.0726698|0.871657|0.0260691
1HhMuN8MkqdXRW812tXr8Ctdy4N8Jo3LBm,12,wallet,1H8BAhQw2YwhVREwRwKB6mikKc86ApkGs3,False,True,13,1HhMuN8MkqdXRW812tXr8Ctdy4N8Jo3LBm|30179400|1BkZJXyWHDjqKNxsTwwuEfg41mUSvQaRob|30179398|17PaYsk1HoFbCgLLa9ahTfJiYsP35i8mXs|30179397|144VvxaYQ665gQY8RvJZyF6LsmNEkErLPm|30179395|1AJAPYyv2f3wvwiZH9ypnqoctfcf9ZYLi7|30179394|19Jy3b1jQCY8UJwx7z3jf3jWc4C7pzvoyv|30179393|1H8BAhQw2YwhVREwRwKB6mikKc86ApkGs3,wallet|transaction|wallet|transaction|wallet|transaction|wallet|transaction|wallet|transaction|wallet|transaction|wallet,|0.0155665|0.0953003|0.0156163|0.0952967|0.0154118|0.0952966|0.0158252|0.0952916|0.0155695|0.0952415|0.0168393|0.0889225,|0.0155665|0.0476502|0.0156163|0.0476484|0.0154118|0.0476483|0.0158252|0.0476458|0.0155695|0.0476208|0.0168393|0.0889225,|-0.00139487|0.254563|-0.00186688|0.291757|-0.00171798|0.050285|-0.00322813|0.350202|-0.00209981|0.32375|0.850158|-0.00433284
1A263oPkyaGxsZC2yntVVUXxoos59fzfDe,10,wallet,1HD5Mz5EutsTF2bBKQiZPd4Ho5BWJvgsDM,False,True,11,1A263oPkyaGxsZC2yntVVUXxoos59fzfDe|30180256|19oEJmKEKNL78nyAWXYz5LKpKTC9qoF4X1|30180257|15sgmMYSXXJrZPfcCu9eFgaqXbWufKG7Qm|30179417|152mj5PYfqnSToeuWbdZVopUoTs5Acoyz6|30179348|1MqiMKPw6vXd2jkRHFkABo1c3i9moskd1H|30179334|1HD5Mz5EutsTF2bBKQiZPd4Ho5BWJvgsDM,wallet|transaction|wallet|transaction|wallet|transaction|wallet|transaction|wallet|transaction|wallet,|0.015375|0.0952971|0.0156771|0.0952958|0.0156101|0.0952806|0.0156349|0.0952398|0.0168393|0.0889224,|0.015375|0.0476485|0.0156771|0.0476479|0.0156101|0.0476403|0.0156349|0.0476199|0.0168393|0.0889224,|-0.00090313|0.0357865|-0.00323778|0.342759|0.00167215|0.0538978|-0.00502867|0.363816|0.84961|-0.00448567
1BbDxcJig7w7EupDdBhpZH7zrjWCKAP8nZ,10,wallet,1PhHnK34pmYcrC8RprtXVfF4HMKYmaRYD3,False,True,11,1BbDxcJig7w7EupDdBhpZH7zrjWCKAP8nZ|99676503|18NeTEfcZeZyzfUSAv2PNYTsA1xPFrqLzq|99676317|17Q13dYB8Z5X5hhLveZKPzG1bwNA7Yxhk9|99676304|1CSaCahayUyWfzMgazV673cCKpTEELeNR2|99676297|1PiK4c5EfkwRVowkmGXr4C1Hi5HwadbCzB|99676290|1PhHnK34pmYcrC8RprtXVfF4HMKYmaRYD3,wallet|transaction|wallet|transaction|wallet|transaction|wallet|transaction|wallet|transaction|wallet,|0.0149901|0.0952832|0.0152554|0.0952828|0.0152212|0.0952396|0.0141369|0.0952675|0.0169016|0.08874,|0.0149901|0.0476416|0.0152554|0.0476414|0.0152212|0.0476198|0.0141369|0.0476338|0.0169016|0.08874,|0.00108439|0.0401106|-0.00587016|0.267304|0.0345439|0.0623053|-0.0107127|0.0643559|0.868352|0.0729247
1Ds3LdXRJoAzysuDaydw7uj5323Vf2FJkx,10,wallet,1NPUPVKsJknhs1gLJsijvNebQk24FCzt9E,False,True,11,1Ds3LdXRJoAzysuDaydw7uj5323Vf2FJkx|268996440|1GdeZpQRkhedRxUWJnrAmHzFwrXdamyBqS|268996252|14je2fdcMGKxL9XuHQmMpebs9ADT6LopYB|268996244|1KG7aBnBuxJxZ7kHiosu2GAGtVPkD4oYE4|268964432|17Qja4FFh2YTxCuqVsjvLECJLMUoMowYP7|268964426|1NPUPVKsJknhs1gLJsijvNebQk24FCzt9E,wallet|transaction|wallet|transaction|wallet|transaction|wallet|transaction|wallet|transaction|wallet,|0.0147037|0.095302|0.014699|0.0953019|0.0148872|0.095299|0.0144621|0.0952901|0.0168713|0.0887849,|0.0147037|0.047651|0.014699|0.0476509|0.0148872|0.0476495|0.0144621|0.047645|0.0168713|0.0887849,|-0.000612676|0.223711|-0.00118387|0.266981|-0.00114417|0.271283|-0.0017556|0.256801|0.873146|0.0217238
3EX5WRq5FzfhU81b5rVpW5sFA8fF2eSCYm,10,wallet,1L9pd8iebANDk8Ypmn3cqDamFxjgUmjis9,False,True,11,3EX5WRq5FzfhU81b5rVpW5sFA8fF2eSCYm|210412384|1EknwRBBXyRekLfgfNmajZ2FZFh4mJekXq|210624696|1KkSDKg3YmvHrYFTx12akk8f2uvje4WFaA|209482588|1AS8XnJMt7NiEuhaTZe9hTpDrZScAtHeB3|209041260|1DiPgvBtBQWuCNmdtiahBuLhZrwMZ16syF|51018430|1L9pd8iebANDk8Ypmn3cqDamFxjgUmjis9,wallet|transaction|wallet|transaction|wallet|transaction|wallet|transaction|wallet|transaction|wallet,|0.0149544|0.0953002|0.0148005|0.0952961|0.0158008|0.094939|0.013594|0.0952659|0.0169212|0.088733,|0.0149544|0.0476501|0.0148005|0.0476481|0.00316015|0.0474695|0.013594|0.0476329|0.0169212|0.0443665,|-0.000122666|0.000134856|-0.00213367|0.0325122|-5.26667e-05|9.31323e-05|-0.0760183|0.0656886|0.880438|0.00153103
18onVYk1TACKnQRuJss67DremM2iUVWXqt,9,transaction,54701343,False,True,10,18onVYk1TACKnQRuJss67DremM2iUVWXqt|67674079|1J9RwcLEBBtRuATXYoZD71vyKSSeAMdLuA|67674082|1LUUG6c8Bg9Q31fw5TmqTmr7VS8Yv5VZxE|69980128|17D6N6YYaRnAZ7kGtfEnYnUHX22JtSnhDW|69268129|17449eF7RZzkijqwoVAm9GstJq5DNmzFkK|54701343,wallet|transaction|wallet|transaction|wallet|transaction|wallet|transaction|wallet|transaction,|0.016367|0.0946909|0.0158844|0.0952767|0.0155039|0.095273|0.0159355|0.0952203|0.0156537,|0.00818351|0.0473455|0.0158844|0.0317589|0.0155039|0.0476365|0.0159355|0.0476102|0.0156537,|0.158114|0.035752|0.369348|0.0112071|-0.00136942|0.0762515|0.0965813|0.165001|0.0502193
1AdxCQJsejfXPgtTC6mCF1YxGidT884Mog,9,transaction,70782097,False,True,10,1AdxCQJsejfXPgtTC6mCF1YxGidT884Mog|73435969|1LZ3JpwQy1ozwLQnGFdmALMgLV2EtivuYS|73154970|1GYshrrwcaH1sQdT7vMAPPmfiAr3HRnk3A|39654359|1AijxyteYVBsWiK7LFaD92xW5VK7xPK6vA|71462499|1CX5WFQtt2rineg1Lf3ut281kEFtjyxVM|70782097,wallet|transaction|wallet|transaction|wallet|transaction|wallet|transaction|wallet|transaction,|0.016117|0.0951467|0.0159752|0.0952926|0.0158386|0.0952854|0.0160266|0.0951324|0.0168463,|0.016117|0.0135924|0.0159752|0.0105881|0.0158386|0.0476427|0.0160266|0.0475662|0.0168463,|0.629329|-0.00244925|0.48774|0.00104913|-0.00270247|0.0638787|0.0570446|0.295333|0.888764
1HsA5XccnkVwqbi3aHvz3KCXmDD8wksEbn,9,transaction,209672239,False,True,10,1HsA5XccnkVwqbi3aHvz3KCXmDD8wksEbn|210640144|12P2246m4ouxzazfyLXke5GoQPBJtRgW6m|25155718|1NzxGqGiJNzgHR8boyGbRmV28VuMv1vEga|209518121|1Cke8nbQoB3Ldfk4fDLJ85rVSTs7NKo7NY|209518125|15oMizPxv1qyFtMcrkWoqb8gVkeA95a8rY|209672239,wallet|transaction|wallet|transaction|wallet|transaction|wallet|transaction|wallet|transaction,|0.0151798|0.0952942|0.0157285|0.0376871|0.0165852|0.0884144|0.0134798|0.095121|0.0168827,|0.00758991|0.0476471|0.00393212|0.0188436|0.0165852|0.0442072|0.0134798|0.0475605|0.0168827,|0.00310829|0.00541654|0.214719|0.000269473|0.0402927|0.0172358|-0.111601|0.0455054|0.812991
14RjaziZ7GWFUXSffhmRyg1RLBGJRwXeSf,8,wallet,1L9pd8iebANDk8Ypmn3cqDamFxjgUmjis9,False,True,9,14RjaziZ7GWFUXSffhmRyg1RLBGJRwXeSf|210638488|1KkSDKg3YmvHrYFTx12akk8f2uvje4WFaA|209482588|1AS8XnJMt7NiEuhaTZe9hTpDrZScAtHeB3|209041260|1DiPgvBtBQWuCNmdtiahBuLhZrwMZ16syF|51018430|1L9pd8iebANDk8Ypmn3cqDamFxjgUmjis9,wallet|transaction|wallet|transaction|wallet|transaction|wallet|transaction|wallet,|0.0163236|0.0952961|0.0158008|0.094939|0.013594|0.0952659|0.0169212|0.088733,|0.0163236|0.023824|0.00316015|0.0474695|0.013594|0.0476329|0.0169212|0.0443665,|0.828631|0.067939|-5.26667e-05|9.31323e-05|-0.0760183|0.0656886|0.880438|0.00153103
15ymZ1HC2WuUc2T9rXjjjbFUrpWf213fkR,8,wallet,1CHLiWseLAG5B8XSK7KvAGtnx5aoZHghYK,False,True,9,15ymZ1HC2WuUc2T9rXjjjbFUrpWf213fkR|105984775|1L8PsiDHmetA5rAgW6W9ry8LE7yPEBXwBB|105858980|12znzusa6m5pHSobPRUfnTFHQKK8mKGHtx|105605197|17ZjbYpFXibnyZrsF8ixQAjDYu2XAavdgq|105605752|1CHLiWseLAG5B8XSK7KvAGtnx5aoZHghYK,wallet|transaction|wallet|transaction|wallet|transaction|wallet|transaction|wallet,|0.0162923|0.0952594|0.0157487|0.0952483|0.0167762|0.0929998|0.0168293|0.0889938,|0.0162923|0.0317531|0.0157487|0.0190497|0.0167762|0.0186|0.0168293|0.0889938,|0.0306247|-0.00106152|0.409821|0.00108907|0.884032|0.000158238|0.383065|-0.103976
16JkPkcBn7d6H1SZsDSpy1YVVfSxrjf5rx,8,wallet,1Gs9GpUPTWZSa3ikyZS2spg4aPRhCNUXm,False,True,9,16JkPkcBn7d6H1SZsDSpy1YVVfSxrjf5rx|310210686|1MbW8o1KhZP67g7yB2fhAYFb9KZSCZ1a99|368736293|15mcUfKphGeJJ3k2MqC8Wi3hHNkZXDq4Ye|312446694|16DBEjRH4XgTxENgGG5pREwY7TyxzNyUmi|312446700|1Gs9GpUPTWZSa3ikyZS2spg4aPRhCNUXm,wallet|transaction|wallet|transaction|wallet|transaction|wallet|transaction|wallet,|0.0143596|0.0900329|0.0159072|0.033846|0.016164|0.0844682|0.0169053|0.0887417,|0.0143596|0.0450164|0.0159072|0.016923|0.016164|0.0422341|0.0169053|0.0887417,|0.894699|0.374997|0.359754|0.173123|0.0423856|0.0194898|0.0353704|-0.00505489
17wNai6ihM673HSnXeG5V3wYuYTyHqx8P2,8,wallet,17ZddYm2WLxVpE4sJ8MX1tN4ZsUbBjidps,False,True,9,17wNai6ihM673HSnXeG5V3wYuYTyHqx8P2|30179589|1N6gBtQvoQpFR8sV1FQyxUck8DLGvwbjfq|30179422|1CMw7mNHexfKDt5oHiuyBMpwMCioCMkDxd|30179375|1kwbZ4dFcHZTg9D4VrvVhT5AHJLzPCgJb|30179325|17ZddYm2WLxVpE4sJ8MX1tN4ZsUbBjidps,wallet|transaction|wallet|transaction|wallet|transaction|wallet|transaction|wallet,|0.0152084|0.0953008|0.0152513|0.0952331|0.0162887|0.0952548|0.0168393|0.0889226,|0.0152084|0.0476504|0.0152513|0.0476165|0.0162887|0.0317516|0.0168393|0.0889226,|-0.0010578|0.20957|0.00616866|0.0389848|0.300788|0.00407171|0.854533|-0.00320041
18wJ1tiuP1wWj4ghPtRLjta6KSUyXNzrsb,8,wallet,1F2LAWZrxmuEA3H7geC7MBFNPtsx1GBuYW,False,True,9,18wJ1tiuP1wWj4ghPtRLjta6KSUyXNzrsb|85004966|16EYAU8mWYivcUZtXs7ypXnnjwVwZjweDG|84368163|1GQBsjszHKdSXfNCS4f6MXHhGDfGoZxhJC|84368154|1XXXiBzQN1wviTjDcWynueESqYPgSEuDG|84368148|1F2LAWZrxmuEA3H7geC7MBFNPtsx1GBuYW,wallet|transaction|wallet|transaction|wallet|transaction|wallet|transaction|wallet,|0.0132751|0.0953048|0.0149709|0.095302|0.0145478|0.0952826|0.0168974|0.0887992,|0.0132751|0.0476524|0.0149709|0.047651|0.0145478|0.0476413|0.0168974|0.0887992,|-0.00137961|0.252287|-0.000171959|0.265728|-0.000576615|0.0296682|0.871267|0.024272
1CGNZN9vxoufjbN1GWKgRVXCZVdb78dc3v,8,wallet,1CbXbBmuqCzi3d6otHEYsBjhoZ1XUYrD17,False,True,9,1CGNZN9vxoufjbN1GWKgRVXCZVdb78dc3v|183035845|15vo1daHA3U16gNJfuwnvtYbJvB1PXEwUt|179008056|1BkbJwqkXJdQEC5vBdgAUommGfk6byjBUP|175437539|1HKJHZzJ1SyvgCppsWLi7JXaCp5QcMcHKu|175061416|1CbXbBmuqCzi3d6otHEYsBjhoZ1XUYrD17,wallet|transaction|wallet|transaction|wallet|transaction|wallet|transaction|wallet,|0.0163474|0.0942841|0.0157827|0.0952382|0.0151829|0.0951523|0.0168869|0.0886062,|0.0163474|0.047142|0.0157827|0.0238096|0.0151829|0.0475761|0.0168869|0.0886062,|0.882157|0.284761|0.173111|0.0409373|0.103507|0.0685675|0.851834|0.00684059
1DRduqEZ51H7qZPuxVCQiuchmPYKnmAvRw,8,wallet,1FsEy4KpsMKAK28qS8PAdpNTLB6G7SdCxu,False,True,9,1DRduqEZ51H7qZPuxVCQiuchmPYKnmAvRw|72009234|1Myt3RUY7RsDXNTHs7MwCpuKMQJLG8659n|71764100|1DvTn1fNyJLrX21AwEeR6jhePrqfCWBBw|71461473|1PRbHc7bkcZSuK582SatEUAfcuERo7PHVa|29949646|1FsEy4KpsMKAK28qS8PAdpNTLB6G7SdCxu,wallet|transaction|wallet|transaction|wallet|transaction|wallet|transaction|wallet,|0.015377|0.0952861|0.0150205|0.0950369|0.0165092|0.0744503|0.0168614|0.0890456,|0.015377|0.0476431|0.0150205|0.0475185|0.0165092|0.0372251|0.0168614|0.0890456,|-0.000380754|0.0294403|0.9417|0.159843|0.870411|0.269949|0.046669|-0.0137461
1Jgmrk4QjDA6CXAKHs9zqvGhWZ2XNPcoNM,8,wallet,3GmcJsmYWqQinFhszTicQR8FGcrbf5mB5P,False,True,9,1Jgmrk4QjDA6CXAKHs9zqvGhWZ2XNPcoNM|72341272|1272U964MLbY4dyeXM6vaxFE9qJc24LM4x|72341277|14sFWmKjAypVknDsmH12kTWuN2Wd7sG83y|72013556|1MnG3KjndDGcfbS7Rs47xJ3atfbnxPncuc|71493868|3GmcJsmYWqQinFhszTicQR8FGcrbf5mB5P,wallet|transaction|wallet|transaction|wallet|transaction|wallet|transaction|wallet,|0.0160697|0.0951099|0.0154489|0.0950664|0.0162029|0.0951162|0.0168296|0.0889671,|0.0160697|0.0237775|0.0154489|0.0118833|0.0162029|0.023779|0.0168296|0.0889671,|0.500555|0.000308692|0.554234|0.0032359|0.32691|0.00230321|0.792013|-0.0163544
1Pm5Ui4Ua7o4eWW3qn1EG6L5AueZkqhRfk,8,wallet,18pyZpq4iEze3H4JYREZhXxetttZNn1dYu,False,True,9,1Pm5Ui4Ua7o4eWW3qn1EG6L5AueZkqhRfk|69266385|15buae9Z4j6Tgyeud4PBYzjMErLVpqL2YX|269501612|1HMs4Uk8xrq4wZekErC3ijSskdQJ7TzxZC|269128821|1HBLNGqUd7Jep4r2FLiQDjzXZPWCDNZnY7|28443663|18pyZpq4iEze3H4JYREZhXxetttZNn1dYu,wallet|transaction|wallet|transaction|wallet|transaction|wallet|transaction|wallet,|0.0152283|0.0952909|0.0137735|0.0953038|0.0148689|0.0952927|0.0169003|0.0887748,|0.00380708|0.0476454|0.0137735|0.0238259|0.0148689|0.0476463|0.0169003|0.0887748,|9.75877e-05|0.000916898|0.000249267|0.0470061|-0.000571966|0.00369555|0.895878|0.0151605
1PuMEuG2rnDK7ZWoZJa6mVw7AbwZv4H58k,8,wallet,18HtW49o3uEpTnpErmVyJixRnopUQeJdXh,False,True,9,1PuMEuG2rnDK7ZWoZJa6mVw7AbwZv4H58k|378505931|1cQfhgCAQqbtzScB8BB3MuQ6hoP7nHrf3|302002780|1Pbe8JUGpbikLufxowtEhyA8a4nbstJy38|331226641|19kZCEsTwzSUogWErTegHgkRVYuJmensFz|331210091|18HtW49o3uEpTnpErmVyJixRnopUQeJdXh,wallet|transaction|wallet|transaction|wallet|transaction|wallet|transaction|wallet,|0.0138698|0.0952175|0.0144739|0.0951172|0.0165995|0.0742401|0.0169427|0.0886351,|0.0138698|0.0476087|0.0144739|0.0237793|0.0165995|0.0371201|0.0169427|0.0886351,|-0.102241|0.148714|0.907407|-0.00149725|0.831691|0.412563|0.0232584|0.00335808
13b1bWU9FQk8mLEv8dQPpCNM399pEVfFKL,7,transaction,15221579,False,True,8,13b1bWU9FQk8mLEv8dQPpCNM399pEVfFKL|15857236|1B7Q3Ba49ccd7D9w67vVKEAUraG3jtpUUs|15857241|15orKRfof71FC15Gna4cDxR6zo8iEYFALa|21624138|1GJ6zJ7TbFQsjCD2MfHg6Ux96CKX8L1Cx8|15221579,wallet|transaction|wallet|transaction|wallet|transaction|wallet|transaction,|0.0154455|0.0952917|0.015853|0.0952806|0.0148311|0.095287|0.0167736,|0.0154455|0.0476459|0.00528435|0.0476403|0.0148311|0.0476435|0.00838679,|-0.00767821|0.205457|-0.000170708|0.000519365|-0.00771677|0.0319914|0.494606
13fdWpLnSTkfmqtXj3NRSEmATJRKJPhPQY,7,transaction,27653479,False,True,8,13fdWpLnSTkfmqtXj3NRSEmATJRKJPhPQY|211088962|1EXE8bpeeEqjoZ3D4b3Vz1HN5WZgkYzJqg|209946514|1NUm3Fq1W1AEvTHeWV62q8cjh87zqn8M2F|209478843|18utyFupZpoRam1mRY67SCs37ng2LkNdNc|27653479,wallet|transaction|wallet|transaction|wallet|transaction|wallet|transaction,|0.0149223|0.0952617|0.0150419|0.0952882|0.0159391|0.0892633|0.0149382,|0.0149223|0.0476308|0.0150419|0.0476441|0.00398476|0.0446317|0.0149382,|0.0658225|0.322204|-0.0123582|0.0193973|-7.17491e-05|0.000828534|0.258835
15gY2BzZsZsnqibqghqkct9vrHC5Ef9EFd,7,transaction,390556469,False,True,8,15gY2BzZsZsnqibqghqkct9vrHC5Ef9EFd|163918770|15EUC7tTxEP7N2zALhhBznFUoEyuoYZxPi|19505460|1K7apggi2re2aVaHvdSMEh8SEjjeoA4Vvg|165852398|1EB6US4Gox4YCfhKizYrBgREBnexYao7pA|390556469,wallet|transaction|wallet|transaction|wallet|transaction|wallet|transaction,|0.0162839|0.0952429|0.0168121|0.0941345|0.0170645|0.0941126|0.0162506,|0.0162839|0.0190486|0.0168121|0.0470673|0.0170645|0.0941126|0.0162506,|0.863973|0.00105219|0.958223|0.472046|0.571201|0.0629147|0.584653
16f6voK72PdTC49AZ6Cp5kZ3xqozF8N3J,7,transaction,175507922,False,True,8,16f6voK72PdTC49AZ6Cp5kZ3xqozF8N3J|5298349|1N4samqrnJKxCofimySnyxUxEVKW8Rf4zy|205922315|1K7juZ2patA5ffK5Mruoa7WQdcukYTQmat|175755628|1bUWccCP1kkTQ6Po8Zd5pLeaPYEiXpGnj|175507922,wallet|transaction|wallet|transaction|wallet|transaction|wallet|transaction,|0.0142844|0.0943062|0.015646|0.092853|0.0156766|0.0924518|0.0168506,|0.0142844|0.0471531|0.015646|0.0464265|0.0156766|0.0462259|0.0168506,|0.83793|0.350602|0.732892|0.354045|0.52277|0.222576|0.396077
17czPkYKUVbRZWc9LHbRGw2Axq4kLrLyxo,7,transaction,114561356,False,True,8,17czPkYKUVbRZWc9LHbRGw2Axq4kLrLyxo|16765806|1MqKmm2EWzrzm5pUazQg48Pw8mfQcNqMH9|61251121|1MKX7UdPMN28cBTBDDtX7xhzFR8cF9tiEC|79126508|1CYKE5aFL3htYQ9o3L8MAHtgLjfQDUUdd9|114561356,wallet|transaction|wallet|transaction|wallet|transaction|wallet|transaction,|0.0151283|0.095301|0.0158813|0.0952793|0.0157317|0.0951953|0.0168599,|0.0151283|0.0476505|0.0158813|0.0476397|0.0157317|0.0475976|0.0168599,|-0.00421655|0.244254|0.00049901|0.00530457|0.00362766|0.207392|0.843017
19XJLCychqE4PYPh8g7chvdbR83vXrfiFP,7,transaction,312471234,False,True,8,19XJLCychqE4PYPh8g7chvdbR83vXrfiFP|372726662|182eY4QY1oFEopMkciY2Qe4gCWorkxswnp|196003058|1LZcFeipRTBJG5XJDuC2tqFxYnbcv8qAVB|312471233|13SC5umjLfYGaZXuznd5y1vonrSVo5epv8|312471234,wallet|transaction|wallet|transaction|wallet|transaction|wallet|transaction,|0.0147165|0.0934059|0.0161364|0.0927243|0.01382|0.0951084|0.016872,|0.0147165|0.046703|0.0161364|0.0463622|0.01382|0.0475542|0.016872,|0.955864|0.36437|0.510513|0.253907|0.0721503|0.179307|0.791444
1A48fDhhW51aagh1nqEG2Q7YNX3VhEQLL7,7,transaction,355006856,False,True,8,1A48fDhhW51aagh1nqEG2Q7YNX3VhEQLL7|355110987|16cWx86Xa6MCaqDXeshLUasNkCRyJUzBb1|355110888|1GDgbGhUeeBafQDXhyxKN6pxymPgevvNG|355012175|124rVCnhuWwvqaKhMWbn9rruCHF9szQCM4|355006856,wallet|transaction|wallet|transaction|wallet|transaction|wallet|transaction,|0.0153567|0.0952978|0.0156057|0.0952854|0.0159307|0.0952336|0.015264,|0.0153567|0.0476489|0.0156057|0.0476427|0.0159307|0.0476168|0.015264,|-0.00244993|0.261892|-0.00213122|0.29267|0.0678114|0.0703329|-0.0133636
1B6wYEHjxBDsY2h4ZyWbLgydEAASphdXpx,7,transaction,331563817,False,True,8,1B6wYEHjxBDsY2h4ZyWbLgydEAASphdXpx|337075558|1DXSvq8JeCErBn2WC7PYsmFNhDrQvw4hyp|363348154|16e2TVKmL4b7g3oqrXC9eWW1qzvNo2WJLq|331563814|18wMD45Q8JXmnUF945a1Mghw29FTVq5r34|331563817,wallet|transaction|wallet|transaction|wallet|transaction|wallet|transaction,|0.0144823|0.095295|0.015551|0.0952015|0.0165138|0.0916737|0.0158515,|0.0144823|0.0476475|0.015551|0.0476007|0.0165138|0.0458369|0.0158515,|-0.00510782|0.109135|0.0193143|0.0997139|0.958677|0.385541|0.351134
1DPwrZCrcivHnGuCBH2wotdccV5LVgUHG8,7,transaction,298981935,False,True,8,1DPwrZCrcivHnGuCBH2wotdccV5LVgUHG8|299381341|1GtPGnx9fRzBGwsSFe6FaVWM74xMVVF8iM|299125779|1JXauK6DWUBJ9KD1Z3HoX5TGMNJq3WDMrL|298981930|1JtGXrS5x2TAVysgRbkPF2zNmRthPTbgY9|298981935,wallet|transaction|wallet|transaction|wallet|transaction|wallet|transaction,|0.0164906|0.0952779|0.0160189|0.0952199|0.0155898|0.0951112|0.01687,|0.0164906|0.0136111|0.0160189|0.0476099|0.0155898|0.0237778|0.01687,|0.606864|-0.000208693|0.00200438|0.393127|0.296139|0.00800768|0.816709
1DQydqD1eT1Y9XeBiic94JeLr1kRvWFTck,7,transaction,173950082,False,True,8,1DQydqD1eT1Y9XeBiic94JeLr1kRvWFTck|275233252|1N3qfyiCoCQ7CBLHEwG6ST5QvgA6yuemBT|277029739|196kDfmNXBh7yixNVsKmvFTFupZnBcThZV|173167134|1HVaLLcnXPn3vuJXNntWsKC5ogkqznu97c|173950082,wallet|transaction|wallet|transaction|wallet|transaction|wallet|transaction,|0.0132185|0.0953044|0.0152183|0.0953006|0.0163959|0.0221027|0.0166211,|0.0132185|0.0476522|0.0152183|0.0476503|0.0163959|0.0110513|0.0166211,|-0.0209206|0.133136|-0.000504971|0.00269932|0.996813|0.143794|0.0089726
1DnvH1h2KccBumSXakYpnyWvBp8Rxotrob,7,transaction,234205090,False,True,8,1DnvH1h2KccBumSXakYpnyWvBp8Rxotrob|113788733|1DMCaY7rKKkZnS24NMajTSt2SdLzPdgEQh|234559970|1KcZTycyn2zh1UsALhwC1JdK3HtTr2ssHZ|234836328|1D2KVzADRbiAwr2a8ex3J3kvCYaSiXwVpU|234205090,wallet|transaction|wallet|transaction|wallet|transaction|wallet|transaction,|0.0158095|0.0952169|0.0128582|0.095294|0.0169818|0.0255183|0.0168567,|0.00526983|0.0476084|0.0128582|0.047647|0.0169818|0.0127591|0.0168567,|0.0015281|0.0124925|-0.0134608|0.00100139|0.108098|0.0075452|0.0013744
1J9RwcLEBBtRuATXYoZD71vyKSSeAMdLuA,7,transaction,54701343,False,True,8,1J9RwcLEBBtRuATXYoZD71vyKSSeAMdLuA|67674082|1LUUG6c8Bg9Q31fw5TmqTmr7VS8Yv5VZxE|69980128|17D6N6YYaRnAZ7kGtfEnYnUHX22JtSnhDW|69268129|17449eF7RZzkijqwoVAm9GstJq5DNmzFkK|54701343,wallet|transaction|wallet|transaction|wallet|transaction|wallet|transaction,|0.0158844|0.0952767|0.0155039|0.095273|0.0159355|0.0952203|0.0156537,|0.0158844|0.0317589|0.0155039|0.0476365|0.0159355|0.0476102|0.0156537,|0.369348|0.0112071|-0.00136942|0.0762515|0.0965813|0.165001|0.0502193
1JJ7zGYd7xBqQbjScf3Sf9EV9NLNvzCjWP,7,transaction,312012630,False,True,8,1JJ7zGYd7xBqQbjScf3Sf9EV9NLNvzCjWP|363528251|13MXfBKHhPicDQm1uYWBvEU5Vfq7w69BgF|363316305|1KNsUiHNsrx4UEXWvN9QTmStvTsDsfPQmX|312012633|18wqjKJveFiEm88QCbxhRquvKJnk4J1BH4|312012630,wallet|transaction|wallet|transaction|wallet|transaction|wallet|transaction,|0.0146272|0.0952966|0.0156006|0.0948818|0.0147017|0.095222|0.0147826,|0.0146272|0.0476483|0.0156006|0.0474409|0.0147017|0.0238055|0.0147826,|-0.0115703|0.261518|0.918189|0.0036791|0.25131|0.0132983|-0.0141216
1KdfnZetJ3EBw1bZZQZvJNLKpktVoz73zn,7,transaction,82087179,False,True,8,1KdfnZetJ3EBw1bZZQZvJNLKpktVoz73zn|166226732|1PjktAUBbYBzETuazp5JwM6bViGoUpbrsf|349622760|1LzJr9GPD3LfbW37ggM8sk3qs7QoW7gqWf|329482648|19x8i59vxgA5YQDFyLqwoFD6yKvLP5wbCL|82087179,wallet|transaction|wallet|transaction|wallet|transaction|wallet|transaction,|0.0136027|0.0952963|0.0154542|0.0952294|0.0160844|0.0284619|0.0168839,|0.0136027|0.0476481|0.0154542|0.0476147|0.0160844|0.014231|0.0168839,|-0.0143805|0.105057|-0.00272584|0.331761|0.976251|0.47903|0.0122067
1MXxyxPNAQZJVnV5Bb8NhCKNZcruqF6N9X,7,transaction,175125833,False,True,8,1MXxyxPNAQZJVnV5Bb8NhCKNZcruqF6N9X|104321475|39MaBEh6hT1qQ8EyD1P8qokg1XtbR1TEYr|45046176|1G69Ci5uNSNY9a4fPGjjUnEJBHWn7g97pR|175802699|1G9FG2mVSo6VF35cFnnp6vNqtnFWb5CHNJ|175125833,wallet|transaction|wallet|transaction|wallet|transaction|wallet|transaction,|0.0162283|0.0952979|0.0167174|0.0782818|0.0158203|0.0952991|0.0156584,|0.0162283|0.047649|0.0167174|0.0391409|0.0158203|0.00136142|0.00782922,|0.84117|0.0291961|0.995512|0.0049071|0.0848274|0.000172803|0.00128329
153vgpYc8pVJ5vDP5Mcgkrb51ra5V6sbTh,6,wallet,1NL8ag76hUxkUxQDThezdw1Cy7jQ72WmN9,False,True,7,153vgpYc8pVJ5vDP5Mcgkrb51ra5V6sbTh|55111562|1EUkwfqQfqjAkGzQ8q5Ep745uuzL89UXn4|56767080|16Vvs712orq1kbKBQkerXf2sdEq1ffs4eN|57056468|1NL8ag76hUxkUxQDThezdw1Cy7jQ72WmN9,wallet|transaction|wallet|transaction|wallet|transaction|wallet,|0.0143905|0.0953022|0.0165566|0.069823|0.0168512|0.088693,|0.0143905|0.0476511|0.0165566|0.0349115|0.0168512|0.088693,|-0.00679106|0.00410172|0.998439|0.00760263|0.0446192|-0.00906408
15U1VEby693UW8QWSX9EGDu6rmXX73xMor,6,wallet,1DaVD4N9LicN65k6wq82TPu3yWfU9GNb4S,False,True,7,15U1VEby693UW8QWSX9EGDu6rmXX73xMor|209682048|14p3sTzV3ikZhZo5Cnru9ob4crF2fn3JES|209682050|17htBuQvt459DxbiMgK22r9Vprjn3t7i7L|209050993|1DaVD4N9LicN65k6wq82TPu3yWfU9GNb4S,wallet|transaction|wallet|transaction|wallet|transaction|wallet,|0.0150483|0.0952959|0.014635|0.095291|0.0168898|0.088688,|0.00376208|0.047648|0.014635|0.0476455|0.00337795|0.088688,|-0.000170752|0.000383556|-0.00336784|0.122438|0.179951|0.00116694
15vo1daHA3U16gNJfuwnvtYbJvB1PXEwUt,6,wallet,1CbXbBmuqCzi3d6otHEYsBjhoZ1XUYrD17,False,True,7,15vo1daHA3U16gNJfuwnvtYbJvB1PXEwUt|179008056|1BkbJwqkXJdQEC5vBdgAUommGfk6byjBUP|175437539|1HKJHZzJ1SyvgCppsWLi7JXaCp5QcMcHKu|175061416|1CbXbBmuqCzi3d6otHEYsBjhoZ1XUYrD17,wallet|transaction|wallet|transaction|wallet|transaction|wallet,|0.0157827|0.0952382|0.0151829|0.0951523|0.0168869|0.0886062,|0.0157827|0.0238096|0.0151829|0.0475761|0.0168869|0.0886062,|0.173111|0.0409373|0.103507|0.0685675|0.851834|0.00684059
16MXo1Vprw9emkm3xmGRgECX5QqDyTjyva,6,wallet,1NGCh1haeuAhD8aJyE3BgR98wkywmqBYqM,False,True,7,16MXo1Vprw9emkm3xmGRgECX5QqDyTjyva|339095527|1D9iy6Eo7NADPKeuMbxLj2CaPHuuADaH9b|339059332|15ovwb8jQ1kfALQTrNcEGv6pwgpJ33v5SA|339057165|1NGCh1haeuAhD8aJyE3BgR98wkywmqBYqM,wallet|transaction|wallet|transaction|wallet|transaction|wallet,|0.014946|0.0952314|0.0114567|0.095296|0.0169238|0.0886583,|0.014946|0.0476157|0.0114567|0.011912|0.0169238|0.0886583,|0.0782682|0.0689628|-0.00146383|-2.59131e-05|0.907695|0.125789
173yAzoM3cVMYtXDoC7XimHnEMKAfMUzdt,6,wallet,149pVxPXYiVhyFR9k87NBGsdGii8NrZDWK,False,True,7,173yAzoM3cVMYtXDoC7XimHnEMKAfMUzdt|378394621|1JvVE5ffTFXC1o87BRBEDvAsdZdxGmvgt4|378316477|13SGPY5pnbxhnuTPYH6fuSB93ymoBRMNjp|378138278|149pVxPXYiVhyFR9k87NBGsdGii8NrZDWK,wallet|transaction|wallet|transaction|wallet|transaction|wallet,|0.016686|0.0915366|0.0106739|0.0952644|0.0169046|0.0886617,|0.016686|0.0457683|0.0106739|0.0476322|0.0169046|0.0886617,|0.909821|0.45254|-0.363852|-0.0329906|0.890146|0.319193
18qDQ2CeLfNzJSNjR738WLQfxN6E8sE6L8,6,wallet,1Bh6hzTEKWpMa7MycqfKFY2xq9sBd8W1Ud,False,True,7,18qDQ2CeLfNzJSNjR738WLQfxN6E8sE6L8|269459070|33DKdjgdUEttDHWUJbuMEV9UZYjvTi7GQR|308001304|1EbxRqoLLLSjx9sxUQftyEyRCYsMj99udG|48792268|1Bh6hzTEKWpMa7MycqfKFY2xq9sBd8W1Ud,wallet|transaction|wallet|transaction|wallet|transaction|wallet,|0.0175246|0.0953046|0.0165944|0.0724947|0.0169339|0.0885571,|0.0175246|0.0238262|0.0165944|0.0362473|0.0169339|0.0885571,|0.994829|0.000493661|0.000336587|0.00014329|0.0319627|0.00239803
18ri8MzFchLhRnK8PLU3X5PW59rJNBmnK1,6,wallet,1MeFBRNnT91GY227gh1iwuxbMP9sL59w1K,False,True,7,18ri8MzFchLhRnK8PLU3X5PW59rJNBmnK1|30179614|1K4uf331DSSZ6paGoqY7mKqqWNY13LsvhY|30180254|12SUDbsVPQToMcfSahpWELJS32EvzMd1Tm|30179367|1MeFBRNnT91GY227gh1iwuxbMP9sL59w1K,wallet|transaction|wallet|transaction|wallet|transaction|wallet,|0.0156006|0.0952761|0.0155814|0.095184|0.0168659|0.0889226,|0.0156006|0.0476381|0.0155814|0.047592|0.0168659|0.0889226,|0.000921488|0.0495455|0.00924391|0.10647|0.836266|-0.00802702
18tWUyN12VfkTFyTmu1ceiRa8HQvVapNDu,6,wallet,18zFZR13Vn1vXFM9y4wJLCWPu2qQvEZiD,False,True,7,18tWUyN12VfkTFyTmu1ceiRa8HQvVapNDu|294510766|1AR5z7Sch8Tbi7q9D33Txn4wV5Jqk6f2gy|294376159|17eVypNeX782JBjn8tJi2KdHqsj1B5MAK4|294329505|18zFZR13Vn1vXFM9y4wJLCWPu2qQvEZiD,wallet|transaction|wallet|transaction|wallet|transaction|wallet,|0.0141742|0.0952973|0.0148406|0.0952801|0.0168861|0.0888059,|0.0141742|0.0476487|0.0148406|0.04764|0.0168861|0.0888059,|-0.00145125|0.00452814|-0.00202101|0.055411|0.886935|0.01769
19sE2HsS8z2aND1CZ54QZkei98PBT3yjvR,6,wallet,1FWFBZQB7HXCdP7PHVd5Lz41PXG8u9Wf17,False,True,7,19sE2HsS8z2aND1CZ54QZkei98PBT3yjvR|209951990|195eqvV43dFxexf4cqEWzmCgNXNiyeecmS|209084673|1NBkQFkxuKxWgFDH8bjfkXWMDSoZGRWc4e|114134815|1FWFBZQB7HXCdP7PHVd5Lz41PXG8u9Wf17,wallet|transaction|wallet|transaction|wallet|transaction|wallet,|0.0176286|0.0402016|0.0158314|0.0953002|0.0169041|0.088713,|0.0176286|0.0201008|0.00791568|0.023825|0.00563471|0.088713,|0.999147|0.000452161|0.00560078|2.55217e-05|0.000155151|0.000484943
1A4MMSoVq2Q9RFfaSAnyVmFkhcctt3XfH7,6,wallet,1EKWgZRjjyQbvrdeZQF3EymxMxUMsfoiuD,False,True,7,1A4MMSoVq2Q9RFfaSAnyVmFkhcctt3XfH7|248915318|14qmAzCW3rGvDDXE9tGDJL63D2QQ5CnD7W|248915319|13CGBJ96crUsDH23F4YFHgJRm9x1USR2u4|248888670|1EKWgZRjjyQbvrdeZQF3EymxMxUMsfoiuD,wallet|transaction|wallet|transaction|wallet|transaction|wallet,|0.0117268|0.095305|0.016435|0.0952885|0.0169405|0.0887125,|0.0117268|0.0476525|0.016435|0.0476443|0.0169405|0.0147854,|-0.00889724|0.23223|0.974346|0.00197405|0.951774|0.00142974
1ALCet8iMKesGu5oo3XD2XRui3SdAZeGH4,6,wallet,1HJ6scVBtYqeL8VSZD7ZYtKhXoJeX6fsVz,False,True,7,1ALCet8iMKesGu5oo3XD2XRui3SdAZeGH4|215872199|1JfBw5EvP78j5SbLU9R9nvpT5aaAcN5xaY|84749894|18tYaUYkAxKas1pwqNFAjRa9PjFA68Xtse|84335456|1HJ6scVBtYqeL8VSZD7ZYtKhXoJeX6fsVz,wallet|transaction|wallet|transaction|wallet|transaction|wallet,|0.0148867|0.0952845|0.0135175|0.0951875|0.016881|0.0888009,|0.00297734|0.0476422|0.0135175|0.0475938|0.016881|0.0888009,|0.00055387|0.000368029|0.152823|0.0801297|0.835408|0.120528
1BmWjBnMnJcbw2JEcBjoDdrDC6Ps5J2FU5,6,wallet,19yUsfDTKMdZtkyYTLLZQvxjE8Tituky8y,False,True,7,1BmWjBnMnJcbw2JEcBjoDdrDC6Ps5J2FU5|97731146|1C7gMxZUcKVcoDNW6C8HPUqPd7ujhU89m1|97021579|1pwfvrzxoQwAJ9soexk2M7yaSXQ5cFGTx|97021583|19yUsfDTKMdZtkyYTLLZQvxjE8Tituky8y,wallet|transaction|wallet|transaction|wallet|transaction|wallet,|0.0171487|0.0952539|0.0148312|0.095138|0.0168614|0.0889466,|0.0171487|0.0105838|0.0148312|0.047569|0.0168614|0.0444733,|0.809641|0.00362937|0.0380785|0.147851|0.804493|-0.0056887
1CUs4ixkE68Ld85Zy1wwqyBWw7nwehZ3jE,6,wallet,1PTR2yxafrrXES1ju8J2pLss992xjaGZQZ,False,True,7,1CUs4ixkE68Ld85Zy1wwqyBWw7nwehZ3jE|378156284|13eEC5ZWwtruzsbdcM43qm58tKMvhu19Pq|378066434|12JorEyJptuF8Xm1ACBP8K1vQWtEEnAdAk|308263588|1PTR2yxafrrXES1ju8J2pLss992xjaGZQZ,wallet|transaction|wallet|transaction|wallet|transaction|wallet,|0.015043|0.0952446|0.0127438|0.0952953|0.0169039|0.0885091,|0.015043|0.0476223|0.0127438|0.0952953|0.0169039|0.0885091,|-0.00254869|0.159743|-0.00845206|0.00563103|0.942092|0.0409389
1DSda4aWVokNsqQjLvb3UqmJm7FkpwAfuw,6,wallet,37vy4kn1eMvtmUJ4LX4ihPqY1ZsqYcom2X,False,True,7,1DSda4aWVokNsqQjLvb3UqmJm7FkpwAfuw|355110526|3MZVWdD5vbRGtgLA95YLyz7XYcWTRcmXPi|277024867|19psDtnG8hgYDzefznR3cvpXnjpakcmobA|268849739|37vy4kn1eMvtmUJ4LX4ihPqY1ZsqYcom2X,wallet|transaction|wallet|transaction|wallet|transaction|wallet,|0.0166547|0.0952998|0.0135836|0.0951676|0.0168892|0.088796,|0.0166547|0.0119125|0.0135836|0.0475838|0.0168892|0.044398,|0.663573|5.53951e-05|0.00014317|0.000194013|0.865115|0.0479584
1DgudzUm8imK8Z4Dbc9QD6LwoGScVoX8Sc,6,wallet,1Bh6hzTEKWpMa7MycqfKFY2xq9sBd8W1Ud,False,True,7,1DgudzUm8imK8Z4Dbc9QD6LwoGScVoX8Sc|269459070|33DKdjgdUEttDHWUJbuMEV9UZYjvTi7GQR|308001304|1EbxRqoLLLSjx9sxUQftyEyRCYsMj99udG|48792268|1Bh6hzTEKWpMa7MycqfKFY2xq9sBd8W1Ud,wallet|transaction|wallet|transaction|wallet|transaction|wallet,|0.0175246|0.0953046|0.0165944|0.0724947|0.0169339|0.0885571,|0.0175246|0.0238262|0.0165944|0.0362473|0.0169339|0.0885571,|0.994741|0.000504285|0.000336587|0.00014329|0.0319627|0.00239803
1EBXtxpxK9XN716nvy7RyKrh4eYm6jq7nU,6,wallet,1y8aTeChWd96w1baLxc4EGU7uUXhC5MPE,False,True,7,1EBXtxpxK9XN716nvy7RyKrh4eYm6jq7nU|269019588|1ApzH1ZUVjbzXJz23x9kun5J74LDJ5mVtZ|269019582|12ajTUf3BTBgRg5o4zzkCa75Ek3TxaCix7|269019578|1y8aTeChWd96w1baLxc4EGU7uUXhC5MPE,wallet|transaction|wallet|transaction|wallet|transaction|wallet,|0.0148897|0.0953006|0.0145942|0.0952927|0.0168715|0.0887866,|0.0148897|0.0476503|0.0145942|0.0476463|0.0168715|0.0887866,|-0.00169694|0.261245|-0.00144446|0.266455|0.873839|0.0180095
1EkwWZBCmu36eYdrVQ5AWGBbqBkwozVv9q,6,wallet,1KTWoQSEpxkYnqBFgFUMpTsJ31PaVZmHCb,False,True,7,1EkwWZBCmu36eYdrVQ5AWGBbqBkwozVv9q|248937018|12G1psDRnegCAuYojknuRA1cs3XiRtJAra|249236899|1HCrhrG4DgnarZFhNNSXwi9ybWQmrzKv6V|248888440|1KTWoQSEpxkYnqBFgFUMpTsJ31PaVZmHCb,wallet|transaction|wallet|transaction|wallet|transaction|wallet,|0.0146086|0.0952973|0.013905|0.0952973|0.0168912|0.0887077,|0.0146086|0.0476487|0.013905|0.0476487|0.0168912|0.0887077,|-0.00313759|0.16882|-0.00238925|0.255231|0.886906|0.024418
1FDLxxzC8roiGQzCk42sAN22a585GYhqfU,6,wallet,1Bh6hzTEKWpMa7MycqfKFY2xq9sBd8W1Ud,False,True,7,1FDLxxzC8roiGQzCk42sAN22a585GYhqfU|269459070|33DKdjgdUEttDHWUJbuMEV9UZYjvTi7GQR|308001304|1EbxRqoLLLSjx9sxUQftyEyRCYsMj99udG|48792268|1Bh6hzTEKWpMa7MycqfKFY2xq9sBd8W1Ud,wallet|transaction|wallet|transaction|wallet|transaction|wallet,|0.0175246|0.0953046|0.0165944|0.0724947|0.0169339|0.0885571,|0.0175246|0.0238262|0.0165944|0.0362473|0.0169339|0.0885571,|0.994829|0.000493661|0.000336587|0.00014329|0.0319627|0.00239803
1FRvx1xziHQY1qsEp8pbGJMeAThSSukvCs,6,wallet,18pyZpq4iEze3H4JYREZhXxetttZNn1dYu,False,True,7,1FRvx1xziHQY1qsEp8pbGJMeAThSSukvCs|269501612|1HMs4Uk8xrq4wZekErC3ijSskdQJ7TzxZC|269128821|1HBLNGqUd7Jep4r2FLiQDjzXZPWCDNZnY7|28443663|18pyZpq4iEze3H4JYREZhXxetttZNn1dYu,wallet|transaction|wallet|transaction|wallet|transaction|wallet,|0.0137735|0.0953038|0.0148689|0.0952927|0.0169003|0.0887748,|0.0137735|0.0238259|0.0148689|0.0476463|0.0169003|0.0887748,|-3.22461e-05|0.0451248|-0.000571966|0.00369555|0.895878|0.0151605
1G9ssZdjzjMFa6KrPq7gaiRcf3bDYAyKrB,6,wallet,18HtW49o3uEpTnpErmVyJixRnopUQeJdXh,False,True,7,1G9ssZdjzjMFa6KrPq7gaiRcf3bDYAyKrB|378414958|1EEJ8HKj3MS9TTvuAVc76tBemejTRFym8U|331226641|19kZCEsTwzSUogWErTegHgkRVYuJmensFz|331210091|18HtW49o3uEpTnpErmVyJixRnopUQeJdXh,wallet|transaction|wallet|transaction|wallet|transaction|wallet,|0.012862|0.0953027|0.0165995|0.0742401|0.0169427|0.0886351,|0.012862|0.0476514|0.0165995|0.0371201|0.0169427|0.0886351,|-0.00121611|0.00843716|0.995875|0.471169|0.0232584|0.00335808
1GW5C464c726jG3HzYBirpKbGpHWLtEQ2p,6,wallet,37vy4kn1eMvtmUJ4LX4ihPqY1ZsqYcom2X,False,True,7,1GW5C464c726jG3HzYBirpKbGpHWLtEQ2p|355110526|3MZVWdD5vbRGtgLA95YLyz7XYcWTRcmXPi|277024867|19psDtnG8hgYDzefznR3cvpXnjpakcmobA|268849739|37vy4kn1eMvtmUJ4LX4ihPqY1ZsqYcom2X,wallet|transaction|wallet|transaction|wallet|transaction|wallet,|0.0166547|0.0952998|0.0135836|0.0951676|0.0168892|0.088796,|0.0166547|0.0119125|0.0135836|0.0475838|0.0168892|0.044398,|0.663573|5.53951e-05|0.00014317|0.000194013|0.865115|0.0479584
1GWEuRoaACHcdHU3YK4fNfAHW34wLksVCd,6,wallet,1G1G8VATkYejtH1HFMEYfKQ2v6B8ubCSnP,False,True,7,1GWEuRoaACHcdHU3YK4fNfAHW34wLksVCd|209490127|1PtAoU8488Jvp3z5eFdQyKbxcrPpc3cu28|209710576|128FsrS1JvhaoPuqXP6WdkqUgX3K1NWtiJ|208931431|1G1G8VATkYejtH1HFMEYfKQ2v6B8ubCSnP,wallet|transaction|wallet|transaction|wallet|transaction|wallet,|0.0161724|0.0952042|0.016418|0.0952935|0.0168875|0.0887299,|0.0161724|0.0238011|0.016418|0.0136134|0.0168875|0.0887299,|0.599677|0.0013703|0.552631|0.0002051|0.880638|0.0282596
1JktTzNVshQ4sxdiKSKFyrZwytc6RVsoy,6,wallet,1A2mb4Bzf7kjnNW8s12Ck3kyhunLyV19ce,False,True,7,1JktTzNVshQ4sxdiKSKFyrZwytc6RVsoy|378414379|1J78rdoMqf9YiTtAmGQF46X3vFTDXQBJoW|378255660|1LwvStMXKVYGoKgXMWH9KkCiCUEQLJmV4u|378073029|1A2mb4Bzf7kjnNW8s12Ck3kyhunLyV19ce,wallet|transaction|wallet|transaction|wallet|transaction|wallet,|0.0135189|0.0952976|0.0138733|0.0952551|0.0168999|0.0886861,|0.0135189|0.0476488|0.0138733|0.0476276|0.0168999|0.029562,|-0.00156611|0.0158479|0.00585669|0.229613|0.870788|0.000688851
1KYzuhyXNebSYZU5va8oMHwzagqvM5vHc4,6,wallet,1Gs9GpUPTWZSa3ikyZS2spg4aPRhCNUXm,False,True,7,1KYzuhyXNebSYZU5va8oMHwzagqvM5vHc4|313647326|1KysAhAkomypNUdHnFpM4REcdk7fHJ4nC7|312446694|16DBEjRH4XgTxENgGG5pREwY7TyxzNyUmi|312446700|1Gs9GpUPTWZSa3ikyZS2spg4aPRhCNUXm,wallet|transaction|wallet|transaction|wallet|transaction|wallet,|0.0151846|0.0949839|0.016164|0.0844682|0.0169053|0.0887417,|0.00303692|0.047492|0.0032328|0.0422341|0.0169053|0.0887417,|-0.000195551|0.000140727|0.0102653|0.0105878|0.0353704|-0.00505489
1Kgd5h3sJAUmcrei4MkaoDs5a4vUPHy1V6,6,wallet,18sANZJ2bXCnvY84GqDzcHig3auJqMMRYe,False,True,7,1Kgd5h3sJAUmcrei4MkaoDs5a4vUPHy1V6|209541747|1KDJ3aZEtJEZZ8u32zbx1GaB6wJkAZjPTZ|209709679|1H5Dhk1jKV9n6TN2ZEqdpaPD8souPHKmbq|208915415|18sANZJ2bXCnvY84GqDzcHig3auJqMMRYe,wallet|transaction|wallet|transaction|wallet|transaction|wallet,|0.0161186|0.0952445|0.0141891|0.0952959|0.0169159|0.0887372,|0.0161186|0.0317482|0.0141891|0.0158827|0.0169159|0.0443686,|0.711468|0.00194965|0.00418532|0.0010243|0.881918|0.0110864
1Lf912ACBzsTRr1dwrt5tnKqavmsHzfYXv,6,wallet,14ARi6Jh8dbxXFoTdbA8ipR8EK5RsF5gUv,False,True,7,1Lf912ACBzsTRr1dwrt5tnKqavmsHzfYXv|269870093|1AuoecxuqxUZszHQjcxqy8jgKEZPg1ad5h|191347647|1JPebcuXkcCjeg4c8gDLEyJhLeNK9tTgy6|87494797|14ARi6Jh8dbxXFoTdbA8ipR8EK5RsF5gUv,wallet|transaction|wallet|transaction|wallet|transaction|wallet,|0.0143411|0.0952891|0.0145466|0.0952719|0.0168827|0.0888214,|0.0143411|0.0476446|0.0145466|0.047636|0.0168827|0.0222054,|-0.0227943|0.154149|-0.00472236|0.23939|0.873538|0.00845174
1LzdCsdy4zb442X9Lh2MmHcxajnFFBjvxY,6,wallet,1P3PfxfB4KeGryDUgDyWZzNwZqna59sSFK,False,True,7,1LzdCsdy4zb442X9Lh2MmHcxajnFFBjvxY|288452590|1KQwVbucQXkVUKH6sD1a7Q1E5ZxPUVXrfD|288452380|115u8uEP1j1x8Q6rpU9RtrJuDBa5EB4RHz|288338048|1P3PfxfB4KeGryDUgDyWZzNwZqna59sSFK,wallet|transaction|wallet|transaction|wallet|transaction|wallet,|0.0154959|0.0952891|0.0153433|0.0952193|0.0168459|0.0888946,|0.0154959|0.0476446|0.0153433|0.0476096|0.0168459|0.0888946,|-0.00569516|0.306407|0.00527936|0.31017|0.851191|-0.00265527
1Mike5Fczvc2dPKSTpDMJimQ14QJKWmfFo,6,wallet,1ACUPYuiTbfBaDhES7rHseun3sNQB24CiE,False,True,7,1Mike5Fczvc2dPKSTpDMJimQ14QJKWmfFo|355111006|1K8u6cxVzEhJobSk55dHtTUK7xmxSuiDip|355179762|137T5gvvA1CwkEuZyuNmRzYjmYn9UY7Z8t|355940553|1ACUPYuiTbfBaDhES7rHseun3sNQB24CiE,wallet|transaction|wallet|transaction|wallet|transaction|wallet,|0.0157859|0.0952102|0.0150352|0.0951694|0.0168712|0.0888721,|0.0157859|0.0476051|0.0150352|0.0475847|0.0168712|0.0888721,|0.0319109|0.231203|0.0254424|0.0800491|0.840146|0.00789773
1PZKCtgD65iwCowgLxUA5hkrNpNddcN6Qo,6,wallet,194DPUZqbTouNAqtU68Gri9MvECqoqqwu2,False,True,7,1PZKCtgD65iwCowgLxUA5hkrNpNddcN6Qo|339261655|1P1rxyqkzyvzgcMWYn6rFDnWBW962LkWi6|133999918|19XZBPqaV6mHy5Bv1Nvy2riaeicrtdLXUW|339101104|194DPUZqbTouNAqtU68Gri9MvECqoqqwu2,wallet|transaction|wallet|transaction|wallet|transaction|wallet,|0.0160052|0.0949476|0.0162979|0.0752942|0.0168679|0.0886337,|0.00533507|0.0474738|0.0162979|0.0376471|0.0168679|0.0443168,|-2.43386e-05|0.00555027|0.89445|0.439907|0.0272503|-0.00642495
1QxbV77RZf3DnvBEhqjKFH6K8wFyCpn1a,6,wallet,1C6U2caHrcYZkgpqxjMxZ6yvAgjPCkCUsZ,False,True,7,1QxbV77RZf3DnvBEhqjKFH6K8wFyCpn1a|209522305|12qzXRb9PvhY3b9FF2supNEjFJR5LGCcAF|50875717|1Khe9rcNMbvHoq4Xrr2nGzfCfWfpnnyopr|82608842|1C6U2caHrcYZkgpqxjMxZ6yvAgjPCkCUsZ,wallet|transaction|wallet|transaction|wallet|transaction|wallet,|0.0120917|0.0953048|0.0153387|0.0953009|0.0168985|0.0884403,|0.0120917|0.0476524|0.0153387|0.0476505|0.0168985|0.0884403,|-0.000640929|0.236459|-0.000204265|0.0204857|0.969272|0.00932688
1cQfhgCAQqbtzScB8BB3MuQ6hoP7nHrf3,6,wallet,18HtW49o3uEpTnpErmVyJixRnopUQeJdXh,False,True,7,1cQfhgCAQqbtzScB8BB3MuQ6hoP7nHrf3|302002780|1Pbe8JUGpbikLufxowtEhyA8a4nbstJy38|331226641|19kZCEsTwzSUogWErTegHgkRVYuJmensFz|331210091|18HtW49o3uEpTnpErmVyJixRnopUQeJdXh,wallet|transaction|wallet|transaction|wallet|transaction|wallet,|0.0144739|0.0951172|0.0165995|0.0742401|0.0169427|0.0886351,|0.0144739|0.0237793|0.0165995|0.0371201|0.0169427|0.0886351,|0.907407|-0.00149725|0.831691|0.412563|0.0232584|0.00335808
36eX7mPccAP9fySyipfL2HYsoJEygMTdb2,6,wallet,1A89rXnZV2jayQsv1nA2FFEJej9evb7c2P,False,True,7,36eX7mPccAP9fySyipfL2HYsoJEygMTdb2|5167400|1Dks5kvxMTHoACKAyomDoc4W7oBghj8tBh|163669681|17afB2UEqE9hhLmNuQeH3GKZLcf81Tskmw|163669686|1A89rXnZV2jayQsv1nA2FFEJej9evb7c2P,wallet|transaction|wallet|transaction|wallet|transaction|wallet,|0.0161516|0.0951675|0.015112|0.0952598|0.0168849|0.0888314,|0.0161516|0.0190335|0.015112|0.0238149|0.0168849|0.0888314,|0.219025|0.0259729|0.486242|0.0860185|0.861077|0.0213977
129EJwmfpK8eznhJD2ysSTQMt8nPa69vgx,5,transaction,241499328,False,True,6,129EJwmfpK8eznhJD2ysSTQMt8nPa69vgx|243777776|1AyfSkiWxg2R2xXX1Roe593h9tn61CfvLZ|241531633|14gzC6sMfe8Vo3UyH6QeGqYoFSt2Ljiw7d|241499328,wallet|transaction|wallet|transaction|wallet|transaction,|0.0153691|0.0786454|0.0161527|0.0834387|0.0169218,|0.0153691|0.0393227|0.0161527|0.0417193|0.0169218,|0.987081|0.473834|0.102124|0.0495986|0.0333343
12XmLo73hSLBzdcFUbgCNi3MiM2AKkqowY,5,transaction,96950013,False,True,6,12XmLo73hSLBzdcFUbgCNi3MiM2AKkqowY|32498113|1Cmpd6z6SLGskKqBDXjcLjg9abR3At5trh|96950012|12uVoFC45YoDt6SMYwCQATzbHdjqtZVZMf|96950013,wallet|transaction|wallet|transaction|wallet|transaction,|0.0161424|0.0952693|0.0155718|0.095221|0.016439,|0.0161424|0.0476347|0.0155718|0.0476105|0.016439,|-0.00596875|0.369219|0.0652743|0.247045|0.906536
12gF9EAmod9AynTNtQGVtdF9o7nxMSviYE,5,transaction,49876060,False,True,6,12gF9EAmod9AynTNtQGVtdF9o7nxMSviYE|219565903|19kiYrzGLdgrvzJbudyre3mEhePgazuYkv|218091572|1Dym1yThrVo5T1Q7bzgu8ekQBYEma2ftge|49876060,wallet|transaction|wallet|transaction|wallet|transaction,|0.0166094|0.0951751|0.0165415|0.0952913|0.0166996,|0.0166094|0.0135964|0.0165415|0.0238228|0.0166996,|0.454506|-0.000575108|0.157075|-0.0003708|0.995665
12hDGz5WEEeM9j4unPY4fMRbBJAyb84Y5n,5,transaction,368790611,False,True,6,12hDGz5WEEeM9j4unPY4fMRbBJAyb84Y5n|372726695|17aFxZVYwMdDaMSQZrkVDTqs4oogRjobqb|372672230|15M1TU8CFLzaoX9r9ZWCsxDYY9gNJvUaDr|368790611,wallet|transaction|wallet|transaction|wallet|transaction,|0.0158444|0.0946603|0.015429|0.0945375|0.0160705,|0.00113174|0.0473302|0.015429|0.0472687|0.0160705,|-1.29427e-06|1.16825e-05|0.788851|0.331155|0.579254
12igAb84wUJ5LVoetojTXuUe9ELLVtQr4Y,5,transaction,8361189,False,True,6,12igAb84wUJ5LVoetojTXuUe9ELLVtQr4Y|64580922|1koUxXojWn45rzCV4dLtVaX3q425QSLxv|11780829|1L9iryG2mbMMFHaGVVVpPGuz8GUHnkxuvD|8361189,wallet|transaction|wallet|transaction|wallet|transaction,|0.0140522|0.0953043|0.0165962|0.0674695|0.0168461,|0.0140522|0.0476521|0.0165962|0.0337347|0.0168461,|-0.000449598|0.00151199|0.998534|0.00442117|0.0391121
13UF5mLdrQL37dvijFo5wNg5wW5RJntDQu,5,transaction,281192117,False,True,6,13UF5mLdrQL37dvijFo5wNg5wW5RJntDQu|299043430|16E8G8qLPMYgp16askUv6KHwQ6xpAG9NWr|298687023|1RtGxRyrBGkqq7ogjxHTbGnLYXikXJsfU|281192117,wallet|transaction|wallet|transaction|wallet|transaction,|0.0143907|0.0953028|0.0159215|0.0952724|0.0168557,|0.0143907|0.0476514|0.0159215|0.0476362|0.0168557,|-0.00658488|0.128186|-0.0011217|0.0045962|0.948515
13py6FaMb5TRMWdEnZRQobCLFrLPJvR9gP,5,transaction,339114911,False,True,6,13py6FaMb5TRMWdEnZRQobCLFrLPJvR9gP|339643017|1LiGfXWRi7QmR9Zt82JyiXurD4fznozocr|5807241|1N9kWJzgfx5oFsQm6oDJvwyhW6xNdKS4Ta|339114911,wallet|transaction|wallet|transaction|wallet|transaction,|0.0162988|0.0947332|0.0165867|0.0942319|0.0149129,|0.00325975|0.0473666|0.0165867|0.023558|0.0149129,|0.000558496|0.000118226|0.867962|0.153851|-0.264126
14MKJbhJSkn78pswW4UNCQDkvvQHCmftRb,5,transaction,175122972,False,True,6,14MKJbhJSkn78pswW4UNCQDkvvQHCmftRb|175759428|194Fgd59NmPWh5ydYGzZCaSzrSZxXdDJLr|175472351|1QEKqvAJffvzE5aHvDbxVNWVq98U5Yutf3|175122972,wallet|transaction|wallet|transaction|wallet|transaction,|0.0157158|0.0948042|0.0151539|0.0945132|0.0168766,|0.0157158|0.0474021|0.0151539|0.0472566|0.0168766,|0.797668|0.280104|0.842598|0.251652|0.664707
14Nkb98hyCTu1X1PicThBp3MWfh4tCcYrY,5,transaction,380467143,False,True,6,14Nkb98hyCTu1X1PicThBp3MWfh4tCcYrY|383082766|1Gw4NxFwDFUkFWzTyo3Zt2KoVBiHRYVDxo|382973358|1vrVe2t78wz8acTjEXmejQad39AuM3V62|380467143,wallet|transaction|wallet|transaction|wallet|transaction,|0.0136976|0.0953037|0.0165274|0.0927429|0.0174841,|0.0136976|0.0476518|0.0165274|0.0463715|0.0174841,|-0.00884914|0.261355|0.912038|0.00846776|0.0903532
14UR7yiAScRkA6Nd9xcjeXyJ1nxcMWwJXx,5,transaction,226277187,False,True,6,14UR7yiAScRkA6Nd9xcjeXyJ1nxcMWwJXx|355239158|1NcwxYbesLnQ12htrcC3ESYUu4gQDZ5LGd|355092392|1Dp4srGB8YWq833pzJC7JC2QcUk8ZcsKiT|226277187,wallet|transaction|wallet|transaction|wallet|transaction,|0.0155378|0.0952896|0.0161112|0.0950148|0.0152264,|0.0155378|0.0476448|0.0080556|0.0475074|0.0152264,|0.000663519|0.00229654|0.492649|0.0075506|0.874722
15S5KGkVbfr9WwVmAvLXr2Dja7BxETvnPf,5,transaction,13216374,False,True,6,15S5KGkVbfr9WwVmAvLXr2Dja7BxETvnPf|12661060|1K9DmoDgdqA5nL5xsgaqbwGmkoqpXiDesN|12661065|1EqJAbSGaybn9jMNtpaS71LSREEFJMe334|13216374,wallet|transaction|wallet|transaction|wallet|transaction,|0.0165077|0.0950676|0.0153834|0.0949514|0.0168397,|0.00235824|0.0475338|0.0153834|0.0474757|0.0168397,|-1.94396e-05|2.61664e-05|0.41963|0.259187|0.783123
15zictteFvZ9NT9t3nyTqbt1b4fybPgMMa,5,transaction,116453119,False,True,6,15zictteFvZ9NT9t3nyTqbt1b4fybPgMMa|45350873|18CR4MmYgRze9DWdgFJaNtRyouzSRLYcMQ|149627478|17Qn3FbssXZWKHyKf6nYyfC7J9yz5j3hgv|116453119,wallet|transaction|wallet|transaction|wallet|transaction,|0.0152886|0.0952863|0.0162535|0.095162|0.0168748,|0.0152886|0.0476431|0.0162535|0.047581|0.0168748,|-0.0391875|0.0781566|-0.00332016|0.00521669|0.928357
16Gme9xJNRjxb2xeS8RLypBfn6NiJnY8Cu,5,transaction,174759148,False,True,6,16Gme9xJNRjxb2xeS8RLypBfn6NiJnY8Cu|175411118|1P54pj8n1vxcW9o1PYyHApa6RpwwDnqUMG|175048827|1APhRhcm9xmbne1gNR8yDaZrAn67izCQd5|174759148,wallet|transaction|wallet|transaction|wallet|transaction,|0.0140879|0.095288|0.0148982|0.0952461|0.0168712,|0.0140879|0.047644|0.0148982|0.047623|0.0168712,|-0.00683784|0.167008|0.00110108|0.246635|0.87923
16HL5g6Byc4vcCv8ZSYd9ya9U3fskFFfYn,5,transaction,72333681,False,True,6,16HL5g6Byc4vcCv8ZSYd9ya9U3fskFFfYn|72632811|1EWVwzNmv5qL9TeSKnzYLcdK4fiELgQhho|72384062|115hcGDYGbbUjaB3Akb99yH2dXirkj3AHb|72333681,wallet|transaction|wallet|transaction|wallet|transaction,|0.016427|0.0950734|0.0161908|0.0952073|0.0168069,|0.016427|0.0475367|0.0161908|0.0476037|0.0168069,|0.523595|-0.0222709|-0.0372009|0.291774|0.940368
16U55Ea3UZRXmf468ShHS9NrYxQC9ZZfXB,5,transaction,269544040,False,True,6,16U55Ea3UZRXmf468ShHS9NrYxQC9ZZfXB|269870957|1JVvQzYRNM6qMU9sqiM8v8gmwUq8NTqL7t|276995017|12fzEY9K4Wm5zBYGgdAbMCmrJQk2jt6WpT|269544040,wallet|transaction|wallet|transaction|wallet|transaction,|0.015972|0.0943398|0.0164081|0.0807716|0.0169001,|0.00798598|0.0471699|0.0164081|0.0403858|0.0169001,|0.103838|0.00558659|0.750299|0.360883|0.00740142
16cvB5yMgUb7LYjYfR8Yg31gh8vzo4by5h,5,transaction,390045727,False,True,6,16cvB5yMgUb7LYjYfR8Yg31gh8vzo4by5h|390327170|1MSMU5ynydjKp7WbeFt9S9nmKhyJrcTMYx|390327174|1CM8JfniBj3t63qEaGBropcFdqNQejBdqv|390045727,wallet|transaction|wallet|transaction|wallet|transaction,|0.013483|0.0952952|0.0157148|0.0952933|0.0168901,|0.013483|0.0476476|0.0157148|0.0317644|0.0168901,|-0.0152209|0.0201083|0.338594|0.00036639|0.883884
16tgwuHsF5m8D2FzQazuZAyMKcJcbskGZh,5,transaction,84756079,False,True,6,16tgwuHsF5m8D2FzQazuZAyMKcJcbskGZh|84713533|1KaJqDFsjpx7jx3721h9SA39jaZ15jHxUX|84313961|18aF1hWBPW3bmcX6qxFgGc3Xi7uP1PB3ae|84756079,wallet|transaction|wallet|transaction|wallet|transaction,|0.0165772|0.0951802|0.017057|0.0946094|0.0169818,|0.0165772|0.0475901|0.017057|0.0946094|0.0169818,|0.984974|0.330348|0.0688455|-4.93526e-05|0.69115
17DCxZGMqSpc452uwz2xVQ3UV1aY9m6W88,5,transaction,148541145,False,True,6,17DCxZGMqSpc452uwz2xVQ3UV1aY9m6W88|150413127|1Lbg6vPoJCVBDrXbSSUE7JCc7Vi358AqWY|30700346|1MynQdmpcHsKSRdmrWCahHWmg9jpRZR176|148541145,wallet|transaction|wallet|transaction|wallet|transaction,|0.0160454|0.0951817|0.0148911|0.0938094|0.0168368,|0.00320908|0.0475909|0.0148911|0.0469047|0.0168368,|0.000342011|0.000483036|0.9689|0.309593|0.526879
17GGEd35RHJje1gtR5t2kdoghuNFVRA2x8,5,transaction,73390511,False,True,6,17GGEd35RHJje1gtR5t2kdoghuNFVRA2x8|73219430|1Mg7MUTP5KkZMfeiDL7vDsVpQa3V2KbE7e|73219484|113y5eQyRboyNsn7sCw7eUowjGBUDCNYVu|73390511,wallet|transaction|wallet|transaction|wallet|transaction,|0.015761|0.0951322|0.0163069|0.0921211|0.0162237,|0.00525367|0.0475661|0.0163069|0.0460605|0.0162237,|0.0154273|0.0026105|0.966958|0.0835189|0.00934166
17qLafpipUVmLssXzm3hLgxB1mqfn2MJTU,5,transaction,12672860,False,True,6,17qLafpipUVmLssXzm3hLgxB1mqfn2MJTU|12778505|1KacrxgxFiYE1rjKB8PNEAbUZQp9uJGX9p|12715329|19BbknHNBfHZFbtcf1KNqvwrGxqNCJYD6V|12672860,wallet|transaction|wallet|transaction|wallet|transaction,|0.0142201|0.0952094|0.0172922|0.0299487|0.0123724,|0.0142201|0.0476047|0.0172922|0.00748718|0.0123724,|0.163007|0.386329|0.946169|0.000128672|-0.0162928
185PRptkue1GRHVHFS9YvzV8Fv8XYSh5N3,5,transaction,339104573,False,True,6,185PRptkue1GRHVHFS9YvzV8Fv8XYSh5N3|339964521|17gHrogzj76dFfpSP8tmvKdnUJ3QiBsjXf|339104579|14XMN3Re3Xf8XM3Sz5pAipQgSsmtk2SqWu|339104573,wallet|transaction|wallet|transaction|wallet|transaction,|0.0163621|0.0949868|0.0153006|0.0951144|0.0151,|0.00327243|0.0474934|0.0153006|0.0475572|0.0151,|0.00321056|7.02441e-05|0.631358|0.108362|-0.0112189
18E96y3Gy9WkPcxqaRXrubb2JT3kVEpFcG,5,transaction,346823271,False,True,6,18E96y3Gy9WkPcxqaRXrubb2JT3kVEpFcG|346377453|14yrbvLjXjbscrGHL4J37ezqKbAVLQVzgf|346097525|19b3pPyFPPbAymWUoPyoudMXpxRdkVgsnU|346823271,wallet|transaction|wallet|transaction|wallet|transaction,|0.0168222|0.0824087|0.0153077|0.0947251|0.0169909,|0.0168222|0.0412044|0.0153077|0.0947251|0.0169909,|0.997968|0.0166966|0.145045|0.00536573|-0.0386606
18aSycHNRJqzoywqdXxPH3fqBscjCzNzXQ,5,transaction,312469239,False,True,6,18aSycHNRJqzoywqdXxPH3fqBscjCzNzXQ|372726664|1FmHAyBbtYBaLcizbUXbvob4wqeqSsw3bx|368747363|1JuboB9h2jx9oUq2n7Ms9vH775K8Z9CMg|312469239,wallet|transaction|wallet|transaction|wallet|transaction,|0.0127674|0.0952913|0.0124102|0.0952848|0.0169042,|0.0127674|0.0476456|0.0124102|0.0476424|0.0169042,|0.00151366|0.0900279|0.000943184|0.0612549|0.872112
198iXzkZKCcpWKt71M6ZipKCKTDc8Mv1wQ,5,transaction,248904109,False,True,6,198iXzkZKCcpWKt71M6ZipKCKTDc8Mv1wQ|248915711|1914T6qACv6M1dTMvGVcmqb4pC7xT6MWp8|248915712|1JyRNrt7PD2NaRypd7VPnjWAno2XXbakoA|248904109,wallet|transaction|wallet|transaction|wallet|transaction,|0.0150815|0.0952952|0.0142965|0.0952977|0.0168886,|0.0150815|0.0476476|0.0142965|0.0476488|0.0168886,|0.0016014|0.101077|-0.00323355|0.298747|0.884951
19WXhdRrHZr4AkzkgcEfPJucJD6D2PaLfp,5,transaction,376202522,False,True,6,19WXhdRrHZr4AkzkgcEfPJucJD6D2PaLfp|386132228|1Q4YioT2thfaJcqEW5pwi5czzG2K86bcKB|344157899|3MEXY5bKD7AZH1TdWnHnJRjQvWSTazC7e4|376202522,wallet|transaction|wallet|transaction|wallet|transaction,|0.016075|0.0944594|0.0150929|0.0943729|0.0168411,|0.00803748|0.0472297|0.0150929|0.0471865|0.0168411,|0.177454|0.0106495|0.718403|0.322239|0.595416
19X1ZDPV1neY7bH2VSxArUWmvTkQAmJy75,5,transaction,174774267,False,True,6,19X1ZDPV1neY7bH2VSxArUWmvTkQAmJy75|175789563|1A27P6JvVqY14ssne4eKZZJvnYsX7BwqCE|175433937|17WZo15h71VJwMTdzbkJsyNEJHymASqheC|174774267,wallet|transaction|wallet|transaction|wallet|transaction,|0.0163347|0.0951655|0.0152307|0.0950887|0.016906,|0.0163347|0.0135951|0.0152307|0.0475443|0.016906,|0.798218|0.000498755|0.12626|0.0565088|0.838598
19ZMNGYumF6TmRTyLzWTdBpQ2jzC5tGSXQ,5,transaction,238247439,False,True,6,19ZMNGYumF6TmRTyLzWTdBpQ2jzC5tGSXQ|241537479|1FRkzyBLhrMCeutxiBaR42vjUCbSvsUupN|241503779|13bQ6ewbvXMadmVNktsNANSujfYghdQ9ZH|238247439,wallet|transaction|wallet|transaction|wallet|transaction,|0.0137348|0.0952859|0.0123034|0.0953041|0.0169463,|0.0137348|0.0476429|0.0123034|0.0476521|0.0169463,|0.0636086|0.0305735|-0.00600338|0.00808227|0.963264
19gpfUDjUHm9nR6U7j1NZEUUjQ3rCPeRb5,5,transaction,163806318,False,True,6,19gpfUDjUHm9nR6U7j1NZEUUjQ3rCPeRb5|319922710|1AZqSCEfxzk3y5tN4Xj56npgKLWUiYTXVx|376249040|17nko3qu2KwvSew5UMbDbp6BPomtzFmU7k|163806318,wallet|transaction|wallet|transaction|wallet|transaction,|0.0171126|0.0948222|0.0167578|0.0950432|0.0168142,|0.0171126|0.0474111|0.0167578|0.0950432|0.0168142,|0.774093|0.15779|0.736422|0.000418067|0.564625
1A2iNz9kcEVn3oFS8agJwraQmCjFeExUGq,5,transaction,294602321,False,True,6,1A2iNz9kcEVn3oFS8agJwraQmCjFeExUGq|85004961|17tz8uYZ5sWRnGhWBP3qXPgULqjtJmS6Uv|85004953|1NgNNa6hFEoFYj9CnpYK4mX3v5GwEK1fiS|294602321,wallet|transaction|wallet|transaction|wallet|transaction,|0.0143037|0.0952944|0.0141389|0.0952644|0.0161994,|0.0143037|0.0476472|0.0141389|0.0476322|0.0161994,|-0.00292581|0.0467055|0.00190991|0.138074|0.542664
1AUb3JXS7uLtoAx89qn5Z1Dusp5w1dqqyq,5,transaction,211118681,False,True,6,1AUb3JXS7uLtoAx89qn5Z1Dusp5w1dqqyq|210367157|1C7Y6bp6URUPhVEQT83wno2wTsFYYyfnmW|210642706|1GAy1qPgHkboWegAezYH5NYGu1QYGkieRY|211118681,wallet|transaction|wallet|transaction|wallet|transaction,|0.014987|0.0953001|0.0145326|0.0952951|0.015375,|0.014987|0.04765|0.0145326|0.0476475|0.015375,|-0.0107211|0.309242|-0.00121653|0.223662|0.0132663
1BAThQjWLezcoTa7Gp2oTNAt6zEJtXe2kG,5,transaction,57129548,False,True,6,1BAThQjWLezcoTa7Gp2oTNAt6zEJtXe2kG|234836322|1LzmUk5HFsq8KjkC52LkHovj1Pi5Q7me72|61769776|1Mb1Y5T1WLNap8WCebd6S77DDCJ6VBJce3|57129548,wallet|transaction|wallet|transaction|wallet|transaction,|0.0155684|0.0926983|0.0166473|0.0951032|0.0165588,|0.0155684|0.0463492|0.0166473|0.010567|0.0165588,|0.820009|0.41996|0.476321|0.00670059|0.881257
1BLrPquffCZQ87nKSLciPkmAP5E5XAKWxP,5,transaction,272123653,False,True,6,1BLrPquffCZQ87nKSLciPkmAP5E5XAKWxP|272511054|1GpKJh4mE2DcVVGXW9pTmCb4vsrKMXvv1U|272507609|1BMpyVzydjSQPnwu1SY96ZXikfEAsmjPuT|272123653,wallet|transaction|wallet|transaction|wallet|transaction,|0.015233|0.0952933|0.0141427|0.095282|0.016877,|0.015233|0.0476466|0.0141427|0.047641|0.016877,|-0.00270903|0.301182|-0.00202847|0.215763|0.870114
1BfnRGdiPbPnyQRQxdgLQwcd5b7k4UchCr,5,transaction,67672679,False,True,6,1BfnRGdiPbPnyQRQxdgLQwcd5b7k4UchCr|67682778|1PoJfJM84bHofDcsGaYsfPbZsaCRUC8nxc|67682780|1HnonTFcYdnksX7tdPUdD3cbdBWHHct9nG|67672679,wallet|transaction|wallet|transaction|wallet|transaction,|0.0155917|0.0952796|0.0153974|0.0952791|0.015721,|0.0155917|0.0476398|0.0153974|0.0476395|0.015721,|-0.052893|0.292725|-0.00386351|0.0464442|-0.00176096
1BprJEYC1v5RPWs3eThb97h3bXYoqs8YjL,5,transaction,272081630,False,True,6,1BprJEYC1v5RPWs3eThb97h3bXYoqs8YjL|272273597|18zL4FuVfVQvaBrwAn3jarxp4YJEvHtRAs|78155198|1LK1eeoejC1cbJGw6T5q4AryJfUcf9NKpU|272081630,wallet|transaction|wallet|transaction|wallet|transaction,|0.0142778|0.0952917|0.0166162|0.09144|0.0169035,|0.0142778|0.0476459|0.0166162|0.04572|0.0169035,|-0.0120837|0.0103895|0.93517|0.20273|0.227502
1C5tpq2zV94H4mX8nwGhsKB7V4naxUC6qk,5,transaction,346381953,False,True,6,1C5tpq2zV94H4mX8nwGhsKB7V4naxUC6qk|339262401|1NTELqzP6bTddvUZdFwdxML3NGbvuRUB26|339261636|3QyUSB4eRYePHcvpS6k6YDMBUDGXRSSMPc|346381953,wallet|transaction|wallet|transaction|wallet|transaction,|0.0152552|0.095305|0.0169706|0.0953046|0.0171112,|0.0152552|0.0476525|0.00154278|0.0953046|0.00570375,|-0.00242156|0.00056985|-5.57574e-06|0.000132442|-4.76837e-07
1DGqRXbpExNU2PRh219rJMdHZ9zJuZsHV,5,transaction,73735772,False,True,6,1DGqRXbpExNU2PRh219rJMdHZ9zJuZsHV|191111259|1NXdRSkHi2rTtUaNn6drM4FnJHdUzofoTe|190826216|199LoaBqXkc6TP8kDMVFpjzkMP9XwbJ3yH|73735772,wallet|transaction|wallet|transaction|wallet|transaction,|0.0162562|0.0949003|0.0156437|0.0946254|0.0165047,|0.0162562|0.0474502|0.0156437|0.0236563|0.0165047,|0.103402|0.0101904|0.770725|0.0444676|0.713948
1DTcKy3U6TXUeNeDE7brxWb9uoffRsng7w,5,transaction,148213439,False,True,6,1DTcKy3U6TXUeNeDE7brxWb9uoffRsng7w|372812284|1EP6kA7rsU8VE11euuNuM9GcWFER556N6q|372753154|1BQPa3bA8Dia4Zc3LM16t8xg9qfEx6JCYB|148213439,wallet|transaction|wallet|transaction|wallet|transaction,|0.0158454|0.0929415|0.015632|0.0949734|0.0164662,|0.00396134|0.0464708|0.015632|0.0189947|0.0164662,|-4.69536e-05|6.4075e-05|0.49546|0.0307167|0.330678
1Detvh6CX4R2e36yNSKKX2FUFG8tNnFeje,5,transaction,69603466,False,True,6,1Detvh6CX4R2e36yNSKKX2FUFG8tNnFeje|70408671|1QCQe7LbFeAwoy8gVuMLN6munprkEWQz5P|67605387|16sDbUwm662QtuCH6P1gzxyZH1R7Yv1KHs|69603466,wallet|transaction|wallet|transaction|wallet|transaction,|0.0156744|0.0950851|0.0165912|0.095305|0.0175632,|0.00522478|0.0475425|0.0165912|0.0476525|0.0175632,|-0.000422478|-0.000423133|0.855143|0.370139|0.98062
1DucdXFCnVZ9pwfFTzvRC5w9JAqePggVjK,5,transaction,312453693,False,True,6,1DucdXFCnVZ9pwfFTzvRC5w9JAqePggVjK|372680075|139hw4F176hjZ8W9JF7CVdZVRLoLRCmX5A|372677158|1GhGq323bDDzGZxAEt3FHgUsff2rqUJFih|312453693,wallet|transaction|wallet|transaction|wallet|transaction,|0.0149186|0.095299|0.014181|0.0952932|0.0168808,|0.0149186|0.0476495|0.014181|0.0476466|0.0168808,|-0.00171477|0.270909|-0.00174111|0.235087|0.877718
1EX3Sqmz9eh4VzfEoQn9CbVhfP9mcPj1M4,5,transaction,73735772,False,True,6,1EX3Sqmz9eh4VzfEoQn9CbVhfP9mcPj1M4|191111259|1NXdRSkHi2rTtUaNn6drM4FnJHdUzofoTe|190826216|199LoaBqXkc6TP8kDMVFpjzkMP9XwbJ3yH|73735772,wallet|transaction|wallet|transaction|wallet|transaction,|0.0162562|0.0949003|0.0156437|0.0946254|0.0165047,|0.00812811|0.0474502|0.0156437|0.0236563|0.0165047,|0.338941|-0.000701457|0.770725|0.0444676|0.713948
1EyhRLKWXkor6eZ7nUdsRudkuD5DVc9doc,5,transaction,226549201,False,True,6,1EyhRLKWXkor6eZ7nUdsRudkuD5DVc9doc|226629847|1DaKGsHBy7us9DfF5dVV8jWFVZB4TK7zzo|204022971|1v8jFTTwUunXhRYa4Rd5iJkwpw5axWM2p|226549201,wallet|transaction|wallet|transaction|wallet|transaction,|0.0157427|0.0952303|0.0152671|0.0950089|0.0168808,|0.0157427|0.0476152|0.0152671|0.0475045|0.0168808,|0.00298434|0.293724|0.433926|0.105291|0.809557
1FEsoMTRk9LFrrn4TT1SVhE6g6oo6TpK2S,5,transaction,237880926,False,True,6,1FEsoMTRk9LFrrn4TT1SVhE6g6oo6TpK2S|339261608|17tuuGqdcF5qLK9wzpubGh1KDdMzLc4txE|339642994|1GnPXMn1qSLT7WugYw4WWV5rQZCGewcMgN|237880926,wallet|transaction|wallet|transaction|wallet|transaction,|0.0152709|0.0952185|0.0149621|0.0952649|0.0168669,|0.00763547|0.0476093|0.0149621|0.0238162|0.0168669,|-0.00298628|0.00488016|-0.00698715|0.00133248|0.8771
1FL8Zjh5DcYLTcw6KKRmquTth1ScoFA2Jy,5,transaction,346381953,False,True,6,1FL8Zjh5DcYLTcw6KKRmquTth1ScoFA2Jy|339261257|1NTELqzP6bTddvUZdFwdxML3NGbvuRUB26|339261636|3QyUSB4eRYePHcvpS6k6YDMBUDGXRSSMPc|346381953,wallet|transaction|wallet|transaction|wallet|transaction,|0.0152794|0.095305|0.0169706|0.0953046|0.0171112,|0.0152794|0.0476525|0.00154278|0.0953046|0.00570375,|-0.00431657|-0.00112367|-5.57574e-06|0.000132442|-4.76837e-07
1FMTyq8JVy3Lz7kAXxuwmzJQfrsQmdaMrr,5,transaction,209493399,False,True,6,1FMTyq8JVy3Lz7kAXxuwmzJQfrsQmdaMrr|211087780|1QGXTvVEXUdnTBmwwiCTuZvdqJqrADNES|209805555|1KxFQJvXkvioejBk9Y1oNV1ioz11R7f73J|209493399,wallet|transaction|wallet|transaction|wallet|transaction,|0.0151164|0.0952985|0.0152249|0.0952146|0.0169216,|0.0151164|0.0476493|0.0152249|0.0476073|0.0169216,|-0.00414187|0.336401|-0.00179684|0.0684981|0.961354
1FYZyBjDmNh3au9BEv1WyPNZTrD7xiAFqz,5,transaction,339059326,False,True,6,1FYZyBjDmNh3au9BEv1WyPNZTrD7xiAFqz|284128608|1DFzGW1p698wzoAUi1d3AzmcYQqyujpExD|39431431|14aGnfqrfH85wQdhvPaT5i6PatZ5k4V3Xf|339059326,wallet|transaction|wallet|transaction|wallet|transaction,|0.0172026|0.0917397|0.0170734|0.0952227|0.0168982,|0.0172026|0.0458698|0.0170734|0.00501172|0.0168982,|0.775492|0.387212|0.117766|-0.000268308|0.8703
1FvtWwP3ePJDeR6K7ZePGujUuusUTds8Vy,5,transaction,272076413,False,True,6,1FvtWwP3ePJDeR6K7ZePGujUuusUTds8Vy|277807108|1CswjXMBgBQFgM58vGN8qhN3SSkwK2hFzP|277807631|1C8SiSeRhL5ppy61pZXishNavjz3fVvDfp|272076413,wallet|transaction|wallet|transaction|wallet|transaction,|0.0159329|0.0953032|0.016628|0.0944836|0.0171798,|0.0159329|0.000700759|0.016628|0.0472418|0.0171798,|-0.0136918|-2.5779e-06|0.0173092|0.00373688|0.5687
1GMtqu9EQRgS25fTadUnMnixctJcRr4CUF,5,transaction,96348644,False,True,6,1GMtqu9EQRgS25fTadUnMnixctJcRr4CUF|94654142|17dh9ALNVek6K6akJJPXDtdjCFRLZH2Ugc|115071280|1LbaYuq19sL9n3UazywnQWkniJzD1ndPeT|96348644,wallet|transaction|wallet|transaction|wallet|transaction,|0.0149602|0.094939|0.015204|0.0944611|0.0168518,|0.0149602|0.0474695|0.015204|0.0472305|0.0168518,|0.885479|0.44024|0.762624|0.396873|0.633549
1GXRSerqFmWEya6giGRYNoLatrFbwAM3bt,5,transaction,137673488,False,True,6,1GXRSerqFmWEya6giGRYNoLatrFbwAM3bt|12730539|1Pc4Mc9svtjeupbY3cWtszxNKsBSGu5Dmu|190957670|127Q34ukuvVUq2jueDFiif86WntH5kzaz4|137673488,wallet|transaction|wallet|transaction|wallet|transaction,|0.0157474|0.0949864|0.0157111|0.0898859|0.0165871,|0.00393684|0.0474932|0.0157111|0.0449429|0.0165871,|-0.000230581|0.00145283|0.912124|0.400377|0.291654
1H1TcKzseAVk2XatDXA9xsYoGHcDZUjLCM,5,transaction,238324149,False,True,6,1H1TcKzseAVk2XatDXA9xsYoGHcDZUjLCM|238363563|1Dy99uh3GgaPMW5TEUj8QFPiPMJ9b9E9Aj|138516098|1BwuFa1mEDK1ne1Pe39sNnnAQiJF48p9VL|238324149,wallet|transaction|wallet|transaction|wallet|transaction,|0.0146151|0.0951807|0.0165993|0.0711823|0.0169392,|0.0146151|0.0475904|0.0165993|0.0177956|0.0169392,|-0.00586814|0.142555|0.944766|0.229605|0.0275413
1Hmkqo49Tg2zAFGzrHoT1tLgnSNXQz9aPA,5,transaction,218051158,False,True,6,1Hmkqo49Tg2zAFGzrHoT1tLgnSNXQz9aPA|212722108|1EgWzgvsegeJDNh2Qx5zkCYwm7sjZK51Ti|218051160|1L3hJHxkJgL6MwVSjin8WYczTfJc6u7Wq1|218051158,wallet|transaction|wallet|transaction|wallet|transaction,|0.0163675|0.0952328|0.0156034|0.0940523|0.0167345,|0.0163675|0.00297603|0.0156034|0.0470262|0.0167345,|0.21247|5.31264e-05|0.950182|0.0359192|0.728344
1JP84sUvUL5RmQNVbSnCvtRD9Wmhhsem88,5,transaction,167647851,False,True,6,1JP84sUvUL5RmQNVbSnCvtRD9Wmhhsem88|375754977|1GU1B4cjFP6YshJgU4er2HqfHAB5t2K3fb|79902301|1D9sKALBQN2TTmrcmrJV83kCtviXAHFmxZ|167647851,wallet|transaction|wallet|transaction|wallet|transaction,|0.0155232|0.0952728|0.0163783|0.0905119|0.0168671,|0.0155232|0.0476364|0.0163783|0.022628|0.0168671,|-0.00196642|0.029386|0.990049|-0.000877351|0.287109
1JXpWdVz1jPMHhUESRFRv67A1keJGoBgbt,5,transaction,209075975,False,True,6,1JXpWdVz1jPMHhUESRFRv67A1keJGoBgbt|110276377|19D18Vr49rqFgQndY3vVCFMTUoZw4KpNSr|209106522|19wWcz9E9hS9VrDZMuE792JXGuqeXxamhm|209075975,wallet|transaction|wallet|transaction|wallet|transaction,|0.0151007|0.0952964|0.0158923|0.0952865|0.016894,|0.0151007|0.0190593|0.0158923|0.0317622|0.016894,|0.126057|0.000400519|0.292854|0.000108182|0.877259
1KD3rmpNx1fjhwBieQNQQyYXC3pgeriCEx,5,transaction,84451942,False,True,6,1KD3rmpNx1fjhwBieQNQQyYXC3pgeriCEx|86175653|1A3Mz3TgfTuzH5WGX3X4tKFS51YbJfrbnb|84474265|145V6ddSe9hGFVBaK1mrKPoLTiH1ZJrc5z|84451942,wallet|transaction|wallet|transaction|wallet|transaction,|0.0125864|0.0953043|0.01569|0.0952929|0.0169121,|0.0125864|0.0476521|0.01569|0.0476465|0.0169121,|-0.146721|0.128871|-0.000580907|0.00879681|0.947834
1KHEVChKngFH3mKWuLLefdQPfBmMwpYs5o,5,transaction,163708871,False,True,6,1KHEVChKngFH3mKWuLLefdQPfBmMwpYs5o|163808019|1Pxeh8yzFTnsBijMvsAVMBJYyxBXmiJdd|163808022|1B1hYinqyWix9U65Nm6iGcj2z6tZK9mhwN|163708871,wallet|transaction|wallet|transaction|wallet|transaction,|0.0159314|0.095219|0.0153705|0.091588|0.0168145,|0.00531046|0.0476095|0.0153705|0.045794|0.0168145,|-0.0010045|0.00366509|0.979033|0.0173385|0.344608
1KNgruJUmTLzd4v8XcivBrqMjiENMVY6sE,5,transaction,316861680,False,True,6,1KNgruJUmTLzd4v8XcivBrqMjiENMVY6sE|363085230|1D6fQ5hDqvv83rETibVXZxwhjpPWJ9Jr6L|362972750|18SL9TuMxhVtK5izJpiVHkTF3kAR2g1hcu|316861680,wallet|transaction|wallet|transaction|wallet|transaction,|0.0153226|0.0953044|0.0143527|0.0949403|0.0176802,|0.00139296|0.0476522|0.0143527|0.0474702|0.0176802,|1.69602e-06|5.52237e-05|0.988961|0.00458509|0.220877
1KP8RFqGVzP5nBniHC8tiFftaHf2HyBGSq,5,transaction,230266918,False,True,6,1KP8RFqGVzP5nBniHC8tiFftaHf2HyBGSq|339662623|18tS9hmXn3j2ErbXxJdHECBroJrhsPLmfa|228736379|17oeUJvFioMrtykxXcJ1KXZniPcuwZn7qM|230266918,wallet|transaction|wallet|transaction|wallet|transaction,|0.0145993|0.095123|0.0157451|0.0952786|0.0148014,|0.00729966|0.0475615|0.0157451|0.00952786|0.0148014,|0.0162265|0.0136475|0.95766|-0.00128345|-0.00530183
1KW7WEQF6mZVZ62WjtHmFYQAndCP3Yq6hc,5,transaction,15827512,False,True,6,1KW7WEQF6mZVZ62WjtHmFYQAndCP3Yq6hc|15949720|1AMeYuETTkQ91BLSNL5vaZCyXwEDtY6PDo|15827502|1bDW78oVLHYjvtbrH9GkLMzYnKGEgfCZm|15827512,wallet|transaction|wallet|transaction|wallet|transaction,|0.0150221|0.0953033|0.0112053|0.0951679|0.0166742,|0.0150221|0.0158839|0.00224106|0.0475839|0.0166742,|-0.0229348|0.0204919|-1.10626e-05|1.70767e-05|0.892228
1KeQnJNAqsBcPMNaL1kUgN31mZCzLBfaSi,5,transaction,71822801,False,True,6,1KeQnJNAqsBcPMNaL1kUgN31mZCzLBfaSi|74314568|159asTS4jGkDMXgmsLfPFMcZ9RUpoGvdiQ|73042467|1AgwMakJ3R4m8VzW2VtmbGLRVwUvP4JFEJ|71822801,wallet|transaction|wallet|transaction|wallet|transaction,|0.0165408|0.0953051|0.0171876|0.0950612|0.0176802,|0.0165408|0.0119131|0.0171876|0.00950612|0.0176802,|0.81775|0.00306123|0.976455|0.000860143|0.384124
1LFyJrJ2nZXiPQ45tRp2Br79LuCCavR1HJ,5,transaction,376202522,False,True,6,1LFyJrJ2nZXiPQ45tRp2Br79LuCCavR1HJ|386132228|1Q4YioT2thfaJcqEW5pwi5czzG2K86bcKB|344157899|3MEXY5bKD7AZH1TdWnHnJRjQvWSTazC7e4|376202522,wallet|transaction|wallet|transaction|wallet|transaction,|0.016075|0.0944594|0.0150929|0.0943729|0.0168411,|0.016075|0.0472297|0.0150929|0.0471865|0.0168411,|0.732718|0.335414|0.718403|0.322239|0.595416
1LZUW8YV9LywwFk6tZRAgLTaQqdd7eWbcc,5,transaction,114495074,False,True,6,1LZUW8YV9LywwFk6tZRAgLTaQqdd7eWbcc|116125864|1qzRDyqkHhftvMfnc11pyez1fQeEWLBW7|332925|1AhaGcBsS4TUxZStghcmy5W2LUZ2skLmzV|114495074,wallet|transaction|wallet|transaction|wallet|transaction,|0.0163258|0.0949548|0.0153558|0.0948915|0.0168591,|0.00181397|0.0474774|0.0153558|0.0474457|0.0168591,|-2.89414e-06|7.15256e-06|0.6761|0.289358|0.754422
1LfDgD879DuLSPeBADny77iRLSo8dBoCL4,5,transaction,238247439,False,True,6,1LfDgD879DuLSPeBADny77iRLSo8dBoCL4|243780852|18N32VTpWKzR1PjPRXNngjxwJVBEAmfbeb|241513499|1Q92CMv5xX3ZeqnPKZWdrkXezX8iWtDeE7|238247439,wallet|transaction|wallet|transaction|wallet|transaction,|0.0132706|0.0953012|0.0119261|0.0953035|0.0169463,|0.0132706|0.0476506|0.0119261|0.0476518|0.0169463,|-0.0031969|0.183395|-0.00202233|0.00298998|0.96296
1MVJFvuDf5kzjdYBABUekDtxBzNQULQSfY,5,transaction,200008641,False,True,6,1MVJFvuDf5kzjdYBABUekDtxBzNQULQSfY|9580797|1EaEyE79XsKNJrryAFVG3naSUqukKrFzHN|200472743|1G8TCxmswfxJKiAXfH9wQwcoBx3uAjWfuq|200008641,wallet|transaction|wallet|transaction|wallet|transaction,|0.0164234|0.0937011|0.0161812|0.0849707|0.0172394,|0.00410585|0.0468505|0.0161812|0.0424854|0.0172394,|-0.0321405|0.00372088|0.762714|0.324185|0.0784361
1McuRt9caavHZ45RTPvTwt74YatiuomkSg,5,transaction,119062763,False,True,6,1McuRt9caavHZ45RTPvTwt74YatiuomkSg|336428774|1KwenviySubuTPQ3Rf4Vd2ftaMJUvt4ayQ|331556399|13t6Zn4Fw9AN5tccAFzg1MjEm3pRxQoaW3|119062763,wallet|transaction|wallet|transaction|wallet|transaction,|0.014069|0.0953037|0.0147299|0.0952727|0.0143226,|0.00468965|0.0476518|0.0147299|0.0476363|0.0143226,|-0.000309328|0.00364369|0.00519186|0.00762025|0.949261
1MdWCUoQr7E9uQErLp6BT19fVfqEY1Bqsm,5,transaction,355610486,False,True,6,1MdWCUoQr7E9uQErLp6BT19fVfqEY1Bqsm|355221944|1JWhmmtjos5xzPu4aygBGXdcuJAfT3X9Kf|355124244|1DCPU2RgtxF6ooUeVqz5Y3uEe4yFSS4QTf|355610486,wallet|transaction|wallet|transaction|wallet|transaction,|0.0159453|0.0951837|0.0157756|0.0950614|0.0168459,|0.00398631|0.0475919|0.0157756|0.0475307|0.0168459,|-0.000403643|0.00100952|0.0281616|0.269959|0.801614
1Micm93qCtE6s2CKafvfLtYc4PkPwfpUe2,5,transaction,66780895,False,True,6,1Micm93qCtE6s2CKafvfLtYc4PkPwfpUe2|191110884|1KEDhCJJhVyUbsxNAordNXjnMjNXQFxK4D|190447239|1Hmu5iahbfm5aix2ZRPeYhDGgArmuGGgfE|66780895,wallet|transaction|wallet|transaction|wallet|transaction,|0.0160981|0.0932962|0.0155093|0.0748233|0.0161092,|0.00536605|0.0466481|0.0155093|0.0374117|0.0161092,|0.126169|0.00978267|0.689402|0.327919|0.108118
1NATwwxzZe6gmgMqEkmCfKgbFHgynWkg5A,5,transaction,368814335,False,True,6,1NATwwxzZe6gmgMqEkmCfKgbFHgynWkg5A|372680071|17tRR2sxuAEXxbEV76eNt3KKepFbvtRR85|372680063|1HKB9RPAW6gfrhkzrkCtHaT9Z7dHYWTVgt|368814335,wallet|transaction|wallet|transaction|wallet|transaction,|0.0149342|0.0952978|0.0140925|0.0952914|0.0168805,|0.0149342|0.0476489|0.0140925|0.0476457|0.0168805,|-0.000689209|0.247986|-0.00194883|0.227541|0.877196
1NJhiVAKhTcJSaQz6ks7mUuWgG9JJbvRCm,5,transaction,70791525,False,True,6,1NJhiVAKhTcJSaQz6ks7mUuWgG9JJbvRCm|1879066|12t9r6N7su9xU1QvSPddZPoDQMqTN4PFC7|71770126|1LPZbiPNb9vF2mcYCCvdsXECYs8nZMZeNV|70791525,wallet|transaction|wallet|transaction|wallet|transaction,|0.0165274|0.0951257|0.0154507|0.0923696|0.0168437,|0.0165274|0.0118907|0.0154507|0.0461848|0.0168437,|0.794829|0.00313172|0.96251|0.0780121|0.354589
1NQfkhByR6nSBKvLXisnotEpwGgQkHxzUR,5,transaction,44255125,False,True,6,1NQfkhByR6nSBKvLXisnotEpwGgQkHxzUR|175755806|14fm2yj1QYccss2kZUCTbzg8dfkyyugsa2|78084652|1LCoPwVLqZ1mkxpp1zMuoNySVg1iR51eoC|44255125,wallet|transaction|wallet|transaction|wallet|transaction,|0.0152839|0.0952792|0.0165713|0.0382972|0.0168154,|0.00764194|0.0476396|0.0165713|0.0191486|0.0168154,|-0.000566125|0.00055024|0.992652|0.0918657|0.0260413
1NTkFtqN7b47iQXAWzsQwFXSJ5vGqKW6Th,5,transaction,216286479,False,True,6,1NTkFtqN7b47iQXAWzsQwFXSJ5vGqKW6Th|272270458|1E7KrjW8q9RoJC12FWeFVizQfktPcsnqSZ|55902252|1EUF3Z6GL2WcKUELmnNcYsVZpdw9tdoz4A|216286479,wallet|transaction|wallet|transaction|wallet|transaction,|0.0154731|0.0952569|0.0148346|0.0951082|0.0168912,|0.00773656|0.0476285|0.0148346|0.0475541|0.0168912,|-0.00939259|0.00949916|0.592801|0.164121|0.812466
1NeLE9EAhu6nGDhShaRfXtbX9dAqsCuTme,5,transaction,13340480,False,True,6,1NeLE9EAhu6nGDhShaRfXtbX9dAqsCuTme|72711614|16qJc8owQFzZCzvcvnxJyPcbNHp6MTn9Nx|40764117|15n2wTzdWMdRNGxtEMAEBkHRz4RvG8eamu|13340480,wallet|transaction|wallet|transaction|wallet|transaction,|0.0155366|0.0952728|0.0151739|0.0952398|0.015384,|0.0155366|0.0476364|0.0151739|0.0476199|0.015384,|0.00461447|-0.0217298|0.792871|0.0555129|0.159558
1NmVFK2Pw8kTSqo3PCvgFPjwbwwMdwRC8d,5,transaction,13339462,False,True,6,1NmVFK2Pw8kTSqo3PCvgFPjwbwwMdwRC8d|288474786|19NJtuAc7kQwprZ1MFRSJdRVx2v6qLqfbp|13339732|1ADrJqbAYe72pe29twXUnUvHGq7oNHYwez|13339462,wallet|transaction|wallet|transaction|wallet|transaction,|0.0163675|0.095144|0.0172835|0.0951293|0.0175999,|0.0163675|0.047572|0.0172835|0.0475647|0.00439999,|0.819407|0.0424715|0.725583|0.198424|0.000966102
1NoDgnHmcVWJXLadMKJsMAgUCVC49kXrXv,5,transaction,84329316,False,True,6,1NoDgnHmcVWJXLadMKJsMAgUCVC49kXrXv|84732636|1Bee9c1ePneuBLH1V21gg98oCADe75kCji|84732640|1EFa7iEWZPoRWL9bc2r5pSpNupjBMXgxS2|84329316,wallet|transaction|wallet|transaction|wallet|transaction,|0.0153521|0.0952435|0.0144148|0.0946669|0.0168523,|0.0153521|0.0476217|0.0144148|0.0473334|0.0168523,|-0.0181627|0.0569741|0.904854|0.364761|0.665524
1Nqw2JbchQmqqEyUvPeM6tVAeU3RSSTfdv,5,transaction,72057688,False,True,6,1Nqw2JbchQmqqEyUvPeM6tVAeU3RSSTfdv|14381000|1EWCrTYpHPC2qTov4CW8zz4Mf3xewKop5H|70784303|18vpeXkfvArKS5Qg6bd52F4QYidFuByB64|72057688,wallet|transaction|wallet|transaction|wallet|transaction,|0.0164102|0.0943812|0.016872|0.0946203|0.0169207,|0.0164102|0.0471906|0.016872|0.0946203|0.0169207,|0.981876|0.442342|0.689417|0.000400066|0.68456
1NrLdSHjcNDmfqB3WWQ9Vx849EUYLFmrwU,5,transaction,119062763,False,True,6,1NrLdSHjcNDmfqB3WWQ9Vx849EUYLFmrwU|336428774|1KwenviySubuTPQ3Rf4Vd2ftaMJUvt4ayQ|331556399|13t6Zn4Fw9AN5tccAFzg1MjEm3pRxQoaW3|119062763,wallet|transaction|wallet|transaction|wallet|transaction,|0.014069|0.0953037|0.0147299|0.0952727|0.0143226,|0.014069|0.0476518|0.0147299|0.0476363|0.0143226,|-0.000503421|0.230751|0.00519186|0.00762025|0.949261
1PCAaeg2uMy9Ms79C5iZrPye88od6ifkAL,5,transaction,235473257,False,True,6,1PCAaeg2uMy9Ms79C5iZrPye88od6ifkAL|234565828|1FyV8M6VrKHAaTT7eQKxMbRqi8DHetaWKk|234565830|1ELWgs4Rj6iMULRaFSL86KPg3y4bsufSRm|235473257,wallet|transaction|wallet|transaction|wallet|transaction,|0.0147939|0.0952899|0.0152299|0.0952303|0.0168622,|0.00493129|0.047645|0.0152299|0.0476152|0.0168622,|0.00144358|0.0043821|0.00285113|0.248797|0.871226
1PE4MS7TKHzs6sFTvsHWjN9aBCZVSZdgxf,5,transaction,98975362,False,True,6,1PE4MS7TKHzs6sFTvsHWjN9aBCZVSZdgxf|99192029|1EiL69dbeKJGHCqSM7VKnwcgGSgTN4MFFA|99191725|1hLEVY9McF9R7vnFEWrWW1idY2ye6384r|98975362,wallet|transaction|wallet|transaction|wallet|transaction,|0.0152693|0.0953006|0.0173323|0.0886672|0.0169122,|0.00254488|0.0476503|0.0173323|0.0443336|0.0169122,|6.64393e-05|0.000202686|0.985974|0.40367|0.0258962
1PrbS44p6rZv4RB2xj4w8ufe8URfCParxK,5,transaction,311313977,False,True,6,1PrbS44p6rZv4RB2xj4w8ufe8URfCParxK|316837467|12Tb9ttpXcQQBQDFLZc1oS584BLb7W3BTn|372687081|1We4HGfnaKqYPgLSEgiV46AzJ71bWazXU|311313977,wallet|transaction|wallet|transaction|wallet|transaction,|0.0156394|0.0951945|0.0139079|0.0952855|0.0168911,|0.0156394|0.0475972|0.0139079|0.0238214|0.0168911,|0.459009|0.254094|-0.0149487|0.0150876|0.886593
1PuRuHeaFCVU62UZzDwfP6NouVyrz1JVkf,5,transaction,82087179,False,True,6,1PuRuHeaFCVU62UZzDwfP6NouVyrz1JVkf|349622760|1LzJr9GPD3LfbW37ggM8sk3qs7QoW7gqWf|329482648|19x8i59vxgA5YQDFyLqwoFD6yKvLP5wbCL|82087179,wallet|transaction|wallet|transaction|wallet|transaction,|0.0154542|0.0952294|0.0160844|0.0284619|0.0168839,|0.00772712|0.0476147|0.0160844|0.014231|0.0168839,|-0.00154734|0.0033612|0.976251|0.47903|0.0122067
1qpWgT5ChJ9cRgf9aqnVR3UXssYzM8z8D,5,transaction,160770234,False,True,6,1qpWgT5ChJ9cRgf9aqnVR3UXssYzM8z8D|299178053|1Frveuks9tcFst2H34YEbd4X8btGr26uMW|232656419|13MtFizs6X3y5kG35MLKFUcf8s2ZGsYW25|160770234,wallet|transaction|wallet|transaction|wallet|transaction,|0.0144069|0.0953034|0.0165812|0.0574886|0.016836,|0.0144069|0.0476517|0.0165812|0.0287443|0.016836,|-0.0012086|0.00137937|0.998889|0.0122574|0.0248935
1yiGPfgEK6b1o35c6FyEWjNPnmk8r2ikD,5,transaction,372723979,False,True,6,1yiGPfgEK6b1o35c6FyEWjNPnmk8r2ikD|372960181|1JhyYwqm3hJAKJTaohAbCUe34Nzbx1g4Bz|372825372|1L52zU2sLZJuFhzYnA3Lduki3qxCXokQgy|372723979,wallet|transaction|wallet|transaction|wallet|transaction,|0.0152358|0.0952594|0.0152231|0.0948298|0.0149097,|0.0152358|0.0476297|0.0152231|0.0474149|0.0149097,|-0.0255814|0.18251|0.494865|0.058066|0.903217
3BMpZKn6UVtftuhEnnQ2D93s38mLywT1SV,5,transaction,288147481,False,True,6,3BMpZKn6UVtftuhEnnQ2D93s38mLywT1SV|288717023|1FpXSTZmBu1rSzwv7aMumjT7HdjZoWSiHs|219619612|144z5AYEKa8FtCWBs1dDuW7pvbwcHwmhPn|288147481,wallet|transaction|wallet|transaction|wallet|transaction,|0.0144379|0.0952992|0.0157822|0.0952638|0.0152107,|0.0144379|0.00060316|0.0157822|0.0476319|0.0152107,|-0.0176391|-1.37128e-05|0.00853056|0.0474942|-0.00459898
113Y1qyts1FNejKhJJbXciDnasM9yT1EfZ,4,wallet,1672DJUMTLqxLJNbxC1JBRoTRZhFHKdgHa,False,True,5,113Y1qyts1FNejKhJJbXciDnasM9yT1EfZ|84748910|1FHV7A6ar3w8A1MpSKEVwZff4N3VTDtA6S|84332819|1672DJUMTLqxLJNbxC1JBRoTRZhFHKdgHa,wallet|transaction|wallet|transaction|wallet,|0.0143914|0.0952675|0.0168855|0.0887987,|0.00719571|0.0476338|0.0168855|0.0887987,|0.000148803|0.000317931|0.8694|0.0420905
126iVJut2nHUXeMoikE44Fo5mLdFMRVv5K,4,wallet,1CfTBEgz7Bm4Pxkd7tfSqB1GmjgrdLzLkB,False,True,5,126iVJut2nHUXeMoikE44Fo5mLdFMRVv5K|209058193|14EDRcJT46HNDE3AJGp9QjJoKh1KiDDXqb|208938499|1CfTBEgz7Bm4Pxkd7tfSqB1GmjgrdLzLkB,wallet|transaction|wallet|transaction|wallet,|0.0127494|0.0952846|0.0168831|0.088728,|0.0127494|0.0476423|0.0168831|0.088728,|0.00577599|0.191739|0.875419|0.0423101
12FMf4Gj85eYPLWmuVAndnjgL55vUsBJrG,4,wallet,1QDDgh22Jc7RftDBeWYQK5KUV51usFsjvx,False,True,5,12FMf4Gj85eYPLWmuVAndnjgL55vUsBJrG|161958397|148iteTcgjsZaR5AaYZ7dt33H5AoJeiRBo|254232010|1QDDgh22Jc7RftDBeWYQK5KUV51usFsjvx,wallet|transaction|wallet|transaction|wallet,|0.0166205|0.0781493|0.0168852|0.0888472,|0.0166205|0.0390747|0.0168852|0.0888472,|0.998357|0.419497|0.0881824|-0.0296281
12KywPgC1KgDDsWRv2MsEhafYCTKogAST8,4,wallet,17tmTHgkB5C8Mpreo4NyDDXNaRC1AvTNib,False,True,5,12KywPgC1KgDDsWRv2MsEhafYCTKogAST8|372678485|1Cdm1xeWWsq7bkM555a9GLEvygWzhcFiyA|372678483|17tmTHgkB5C8Mpreo4NyDDXNaRC1AvTNib,wallet|transaction|wallet|transaction|wallet,|0.0144063|0.0952971|0.0168795|0.0887542,|0.0144063|0.0476485|0.0168795|0.0887542,|-0.000776052|0.231979|0.879337|0.0181901
12LyDmU8LdQaLNcgTY4ouQzMrgrqfdAdna,4,wallet,3964G36rzvtYRdAULprDVzQsQLPrfWWhQi,False,True,5,12LyDmU8LdQaLNcgTY4ouQzMrgrqfdAdna|114675613|1ANXWpxRLq9BATf34J8tqP21hMngjnkqh|49875113|3964G36rzvtYRdAULprDVzQsQLPrfWWhQi,wallet|transaction|wallet|transaction|wallet,|0.0158533|0.0951836|0.0168378|0.088973,|0.0158533|0.0475918|0.0168378|0.088973,|-0.0549316|0.351458|0.885607|-0.0197574
12M9LCLUBbfGFgWvpMnY4aoSR72e4YZEiy,4,wallet,16UDjgcakxhi3TCnTntctpHgYwc1dgkpE7,False,True,5,12M9LCLUBbfGFgWvpMnY4aoSR72e4YZEiy|241503295|1W5kyNEyQdwVduZ6kK9VrAmVwa3uavfcz|241494998|16UDjgcakxhi3TCnTntctpHgYwc1dgkpE7,wallet|transaction|wallet|transaction|wallet,|0.0146134|0.0951413|0.0168737|0.0886713,|0.0146134|0.0475706|0.0168737|0.0443356,|0.0464702|0.128563|0.832523|0.0712309
12oqQzioksAqvgkth2bJSMAxHqMtaPkzfH,4,wallet,31r2SnDuXPkkd6WzNMTFZiayRfW47iYUto,False,True,5,12oqQzioksAqvgkth2bJSMAxHqMtaPkzfH|190006225|124ybw1QjNKcBTtKg6HkaSXsU8vS1qR8W3|190006242|31r2SnDuXPkkd6WzNMTFZiayRfW47iYUto,wallet|transaction|wallet|transaction|wallet,|0.0156917|0.0946549|0.0169589|0.0885956,|0.0156917|0.0473274|0.00847945|0.0442978,|0.288492|0.224887|0.414047|0.0218022
13eGZRd58X9SmARBerDhJV4TYvoCwyVPnL,4,wallet,1Q3SEEJ4qVnRmbg86uWsy1gcuFd1bHncGf,False,True,5,13eGZRd58X9SmARBerDhJV4TYvoCwyVPnL|283178275|1NYCuYueGDP4yk9c3AXJjtbNo5Nimh4ggW|269560449|1Q3SEEJ4qVnRmbg86uWsy1gcuFd1bHncGf,wallet|transaction|wallet|transaction|wallet,|0.0149437|0.0953|0.0176812|0.0702915,|0.0149437|0.04765|0.0176812|0.0351458,|0.619829|0.295452|0.894679|0.410857
14AeKdYbsdAjTuotE4zep9erZgL3Q9JrkD,4,wallet,1FjHrXdENAZms7bTeNjwHZ8faPkC9Zw9CS,False,True,5,14AeKdYbsdAjTuotE4zep9erZgL3Q9JrkD|234169263|12TcFnW3nrBG4Ahu3Mzvqjzk345GvRkGoX|64103261|1FjHrXdENAZms7bTeNjwHZ8faPkC9Zw9CS,wallet|transaction|wallet|transaction|wallet,|0.0151062|0.0946943|0.0168639|0.088581,|0.0151062|0.0473471|0.0168639|0.088581,|0.777688|0.417044|0.674616|0.27557
14HVMGZEiPLaQySi15hfCAogVWmfjpWvS9,4,wallet,133xFyR8XgLggVPxT1PjxVPXMVmcoYqahJ,False,True,5,14HVMGZEiPLaQySi15hfCAogVWmfjpWvS9|84734120|1CnoEmVYwhpyyWjWaEcp5ULWpEhehP1LAZ|84734122|133xFyR8XgLggVPxT1PjxVPXMVmcoYqahJ,wallet|transaction|wallet|transaction|wallet,|0.0150016|0.0952426|0.0168663|0.088801,|0.0037504|0.0476213|0.0168663|0.0444005,|-6.39707e-05|0.000117034|0.858012|0.0316434
14Sha1J6pSUJPuA23pExYi22CB2sphUVz4,4,wallet,19DQVWDdWxBUuSCU7bE329tqV1NYMxYvnq,False,True,5,14Sha1J6pSUJPuA23pExYi22CB2sphUVz4|269118746|193RgpseMZzLShkWNPcsPJ9nVeH8LNTAQn|268806590|19DQVWDdWxBUuSCU7bE329tqV1NYMxYvnq,wallet|transaction|wallet|transaction|wallet,|0.014738|0.0952857|0.0143122|0.0938765,|0.014738|0.0476428|0.0143122|0.0938765,|0.972509|0.460072|0.971522|0.398513
14p3sTzV3ikZhZo5Cnru9ob4crF2fn3JES,4,wallet,1DaVD4N9LicN65k6wq82TPu3yWfU9GNb4S,False,True,5,14p3sTzV3ikZhZo5Cnru9ob4crF2fn3JES|209682050|17htBuQvt459DxbiMgK22r9Vprjn3t7i7L|209050993|1DaVD4N9LicN65k6wq82TPu3yWfU9GNb4S,wallet|transaction|wallet|transaction|wallet,|0.014635|0.095291|0.0168898|0.088688,|0.014635|0.0476455|0.00337795|0.088688,|-0.00336784|0.122438|0.179951|0.00116694
154WbyPSJPfS4ksay17pZg7P3nubEAf8Bp,4,wallet,12AuxuNWcMkvUPog6zxhFBY2yEsttW8hSm,False,True,5,154WbyPSJPfS4ksay17pZg7P3nubEAf8Bp|29216210|14Bzim7WVmChZntRTwDznKhWfz672pnmUF|5733497|12AuxuNWcMkvUPog6zxhFBY2yEsttW8hSm,wallet|transaction|wallet|transaction|wallet,|0.0167131|0.0401322|0.0168706|0.0887772,|0.0167131|0.0200661|0.0168706|0.0887772,|0.997996|0.371205|0.0190582|-0.00310543
15TXyoBeeeirMyt7eyPrbdPDbKuq5ZZQ3C,4,wallet,1NXmhZSsR4vCmt3D7W4MRbBYpMDnTYJaT1,False,True,5,15TXyoBeeeirMyt7eyPrbdPDbKuq5ZZQ3C|96938193|1FKT2v7z72hXm3JtJcBjuUEgbSkux6DJoq|17303883|1NXmhZSsR4vCmt3D7W4MRbBYpMDnTYJaT1,wallet|transaction|wallet|transaction|wallet,|0.0158753|0.0952866|0.016919|0.0891128,|0.0158753|0.0476433|0.016919|0.0891128,|-0.000991166|0.012951|0.980312|0.00619441
15pZrtLASxK5L6Tj8U8LRq7ygX4yYFbM4F,4,wallet,34jkiFgMZUDx3CQ6WynqhhutuxzMbbbjdA,False,True,5,15pZrtLASxK5L6Tj8U8LRq7ygX4yYFbM4F|96580297|1Hao8cP5zqHiVjy2o2tfu5BKWQWP8UQAp2|96647229|34jkiFgMZUDx3CQ6WynqhhutuxzMbbbjdA,wallet|transaction|wallet|transaction|wallet,|0.0163603|0.0946693|0.0168405|0.0889777,|0.0163603|0.0189339|0.0168405|0.0889777,|0.71021|-0.000518274|0.72051|-0.108763
161uuFYKzKaNupTop6tRvFEFLZvUFrAWdt,4,wallet,19Jq7AssQczgxQdpxgmYiFVD8t2vKuVVUZ,False,True,5,161uuFYKzKaNupTop6tRvFEFLZvUFrAWdt|355102469|1A9wXnMdHa1GCfUzcYMdX7eYEpxQNZq4Yd|355109280|19Jq7AssQczgxQdpxgmYiFVD8t2vKuVVUZ,wallet|transaction|wallet|transaction|wallet,|0.0153362|0.0944809|0.0168803|0.0888998,|0.0153362|0.0472405|0.0168803|0.0888998,|0.97605|0.0619366|0.676316|-0.0436641
16EWVNgruRqCqFrWtwjMKDqZRwHcsg1VBv,4,wallet,1569tRSELMUVFyL91RyRSQr9uGfTp8Db3Q,False,True,5,16EWVNgruRqCqFrWtwjMKDqZRwHcsg1VBv|115726373|1JR1Wt5tc6HQh3hLSQb6REFmjdK94t9jkh|1119474|1569tRSELMUVFyL91RyRSQr9uGfTp8Db3Q,wallet|transaction|wallet|transaction|wallet,|0.0126449|0.095289|0.0157091|0.094556,|0.0126449|0.0476445|0.0157091|0.047278,|0.0716227|0.0390472|0.872901|0.0454564
16PwKyPvNZYZyB6BjE51vvEBQFNJj1XY56,4,wallet,1PHRi3jvFnJ1SHs8MGRyrZez51kKrPHEWK,False,True,5,16PwKyPvNZYZyB6BjE51vvEBQFNJj1XY56|97013836|1Hy4hE2raGcBLr2kb1mxaRVYiw7cdcuxnv|97013839|1PHRi3jvFnJ1SHs8MGRyrZez51kKrPHEWK,wallet|transaction|wallet|transaction|wallet,|0.0157382|0.0946746|0.0168459|0.0889727,|0.0157382|0.0473373|0.0168459|0.0889727,|0.609709|0.221327|0.716019|-0.0939062
16VXkVf1KqkWrt81rHFDFMC2STBBGxfM12,4,wallet,1Ji8kr2GkWb3BnQ3LTBXTVJLw1TABrMe9h,False,True,5,16VXkVf1KqkWrt81rHFDFMC2STBBGxfM12|107083983|1FJZQ25gV9MNZRqDHgUYQVDYNjSfGqWoFM|105451156|1Ji8kr2GkWb3BnQ3LTBXTVJLw1TABrMe9h,wallet|transaction|wallet|transaction|wallet,|0.016484|0.0951118|0.0168555|0.0889848,|0.016484|0.0317039|0.0168555|0.0222462,|0.183853|0.00660054|0.810301|-0.00280328
16a6acv5vbGpKVk17LLMSP3rrhCbPNZwyQ,4,wallet,1762XHHLtrkJoyoJCnf1X7ypQ9Xrw6cdxt,False,True,5,16a6acv5vbGpKVk17LLMSP3rrhCbPNZwyQ|241512596|12oTxdyBz6RPXLMZFdaYhjn4HRBsa6bHb9|240298507|1762XHHLtrkJoyoJCnf1X7ypQ9Xrw6cdxt,wallet|transaction|wallet|transaction|wallet,|0.0161143|0.0953009|0.0169257|0.0886763,|0.0161143|0.031767|0.0169257|0.0886763,|0.210923|-2.31266e-05|0.904517|0.0200657
16ixpF3S8cYwkYbDrhBZMJGyKKDhyoWTFW,4,wallet,3BbN4AXLktFAaby7ks2eLAc2kfu6ucWj9Y,False,True,5,16ixpF3S8cYwkYbDrhBZMJGyKKDhyoWTFW|299172427|1FA84FS8wLiFAA1WjoJaM1aCsisHVcJLXd|300317561|3BbN4AXLktFAaby7ks2eLAc2kfu6ucWj9Y,wallet|transaction|wallet|transaction|wallet,|0.0149474|0.095233|0.0168806|0.088847,|0.0149474|0.0476165|0.0168806|0.088847,|0.00643325|0.0860066|0.858464|0.017663
175T5Z6CZBXKHLu9Fxf4Z9jYnsQsd85hky,4,wallet,1BST7WP6ojsa4n6VsmoxKqWd5pBrs6deES,False,True,5,175T5Z6CZBXKHLu9Fxf4Z9jYnsQsd85hky|378151922|1om4hkVmTn8gE52vs9uPgs4qoybV9g2e8|344453848|1BST7WP6ojsa4n6VsmoxKqWd5pBrs6deES,wallet|transaction|wallet|transaction|wallet,|0.0140684|0.0950953|0.0168626|0.0886867,|0.00281367|0.0475477|0.0168626|0.0443434,|-9.00865e-05|0.000162244|0.822825|0.0127313
175h3PP18MpAXfQiQxJEeGidqeXhD4Y7hT,4,wallet,13TtS48LBELUEhaGdzYReu8uMecFup7FMW,False,True,5,175h3PP18MpAXfQiQxJEeGidqeXhD4Y7hT|100045365|1PNvbmvcjT2pNG54MPJo65Mf8Lc9nqsb7k|98975214|13TtS48LBELUEhaGdzYReu8uMecFup7FMW,wallet|transaction|wallet|transaction|wallet,|0.0154728|0.0952948|0.0168935|0.088743,|0.0154728|0.0158825|0.0168935|0.088743,|0.00724077|0.0238535|0.878582|0.0256118
17eoRPx7wvBcAeJtX2QxEFuwda5nYJ3T7d,4,wallet,1LS1p2rJmugNhJnGKvrPaRacXG28fizTjs,False,True,5,17eoRPx7wvBcAeJtX2QxEFuwda5nYJ3T7d|92672488|1G3CVzLyzCkB2Q9i5aEEcmBsyqJRAw3Afm|92672483|1LS1p2rJmugNhJnGKvrPaRacXG28fizTjs,wallet|transaction|wallet|transaction|wallet,|0.0150867|0.0952396|0.0168461|0.0888774,|0.0150867|0.0476198|0.0168461|0.0888774,|-0.0139987|0.289718|0.852026|0.00467956
17ffWirkPwzAwi82kqdzocHvZ34BZyzpqL,4,wallet,1MeFBRNnT91GY227gh1iwuxbMP9sL59w1K,False,True,5,17ffWirkPwzAwi82kqdzocHvZ34BZyzpqL|30180254|12SUDbsVPQToMcfSahpWELJS32EvzMd1Tm|30179367|1MeFBRNnT91GY227gh1iwuxbMP9sL59w1K,wallet|transaction|wallet|transaction|wallet,|0.0155814|0.095184|0.0168659|0.0889226,|0.0155814|0.047592|0.0168659|0.0889226,|0.0120301|0.0740415|0.836266|-0.00802702
17gqENPQKuSD8duDSXubJEwjhLKxNdPdrY,4,wallet,13xyyTymEp91gQr9iQ3AfTJX5LYe1LCxFK,False,True,5,17gqENPQKuSD8duDSXubJEwjhLKxNdPdrY|30179462|17uJBzLLnv9E1oP7t1Fh8TeBmUsi8BrALD|30179369|13xyyTymEp91gQr9iQ3AfTJX5LYe1LCxFK,wallet|transaction|wallet|transaction|wallet,|0.0155136|0.0951798|0.0168659|0.0889226,|0.0155136|0.0475899|0.0168659|0.0889226,|0.0136757|0.0684728|0.834921|-0.00839216
17y1YvgzjVGaZs1yAKNrpTszbAXUi8XSqb,4,wallet,14oJWXN66rJEczwDnWj3fRZ3UJq5bUyiHt,False,True,5,17y1YvgzjVGaZs1yAKNrpTszbAXUi8XSqb|336436020|1EYqejuA5FbqUmcxwsKtTb82kyXmNoqenv|331496023|14oJWXN66rJEczwDnWj3fRZ3UJq5bUyiHt,wallet|transaction|wallet|transaction|wallet,|0.0140709|0.0952859|0.0168796|0.088765,|0.0140709|0.0476429|0.0168796|0.088765,|-0.00386536|0.216765|0.873092|0.0361868
188nmTCRevpJSMVHhS8wAj239QgbMqZjy4,4,wallet,1HrTtf4tCy9STMZyvDiuwcZhivAHndz7FR,False,True,5,188nmTCRevpJSMVHhS8wAj239QgbMqZjy4|30179618|12ngaHHBJFj5PbMRYqQtgWUGUW3vuERipw|30179328|1HrTtf4tCy9STMZyvDiuwcZhivAHndz7FR,wallet|transaction|wallet|transaction|wallet,|0.0153936|0.0951772|0.0168658|0.0889224,|0.0153936|0.0475886|0.0168658|0.0889224,|0.00742704|0.0737448|0.834153|-0.00860935
18NmhXfS1dFn8w9ZdzPb7yd4EUy9TncAGZ,4,wallet,18yR6znhenEa5YyjmR2kiuLhEp8fuVGBrk,False,True,5,18NmhXfS1dFn8w9ZdzPb7yd4EUy9TncAGZ|98429569|1KUDwyvL2SnR61vmwgETfmjHLLFSW2K5Vs|209071804|18yR6znhenEa5YyjmR2kiuLhEp8fuVGBrk,wallet|transaction|wallet|transaction|wallet,|0.0170851|0.0946896|0.0167782|0.0887285,|0.0170851|0.00728382|0.0167782|0.0221821,|0.990909|-0.000180446|0.777905|0.0799178
18tZGvM5sB7b8gZAp7kRGK7bvAe5ykjYi9,4,wallet,1A6PFkdF7axeFsyhpJYE1pRcCBQQhTviNm,False,True,5,18tZGvM5sB7b8gZAp7kRGK7bvAe5ykjYi9|71789594|17exTrafYtYn1eoXDaSqpgyApGhhgJ3bE2|71789586|1A6PFkdF7axeFsyhpJYE1pRcCBQQhTviNm,wallet|transaction|wallet|transaction|wallet,|0.0159268|0.0950915|0.0168162|0.0889725,|0.0159268|0.0316972|0.0168162|0.0889725,|-0.0288898|0.00965327|0.80233|-0.00341862
1927jdMauuzfZ4zWxuNZM1F4MGuJA7UZQk,4,wallet,1Q8YhgGgC7Movu8HgBH2gQEAE7bZWWLGot,False,True,5,1927jdMauuzfZ4zWxuNZM1F4MGuJA7UZQk|209050851|1GgM2yygXXQ5iAWyCbgkUiVWnbWH2xx1Fq|9565016|1Q8YhgGgC7Movu8HgBH2gQEAE7bZWWLGot,wallet|transaction|wallet|transaction|wallet,|0.015169|0.0953009|0.0169084|0.0885866,|0.00505634|0.0476505|0.0169084|0.0885866,|0.000224471|6.51181e-05|0.951289|0.0147295
194ZfiUckyFwSF1wPJBVcXPT6PrMdoia89,4,wallet,1LTuGxTtUeSpibtHpYC6EduZF7Yn6sbUcK,False,True,5,194ZfiUckyFwSF1wPJBVcXPT6PrMdoia89|191103777|131KeucQSA8DBs2rPfHrgYGjj9waNv8e2W|191103979|1LTuGxTtUeSpibtHpYC6EduZF7Yn6sbUcK,wallet|transaction|wallet|transaction|wallet,|0.0162826|0.094892|0.0168622|0.0885944,|0.0162826|0.0189784|0.0168622|0.0885944,|0.634677|0.000901198|0.772776|-0.0341951
199ajGn11hBQWbAyA1FzdhLJehG6fnnY4z,4,wallet,16ECuRD6zkYStkwMwhDarbrUgFwbhCsNk7,False,True,5,199ajGn11hBQWbAyA1FzdhLJehG6fnnY4z|339851480|158W92YqUUwW54RAyVHNB9koaVkJ1TTCmi|305080357|16ECuRD6zkYStkwMwhDarbrUgFwbhCsNk7,wallet|transaction|wallet|transaction|wallet,|0.0148937|0.095302|0.0169151|0.0887206,|0.0148937|0.00794183|0.0169151|0.0887206,|-0.179708|0.000897701|0.901812|0.0122036
19BrkJWkMJ2CPHSFdfj9syivTCu5HcBNMk,4,wallet,1EKWgZRjjyQbvrdeZQF3EymxMxUMsfoiuD,False,True,5,19BrkJWkMJ2CPHSFdfj9syivTCu5HcBNMk|248915737|1KQt1nXkXLL2VqyC9VmfiGhjhmyPTasfvV|248888670|1EKWgZRjjyQbvrdeZQF3EymxMxUMsfoiuD,wallet|transaction|wallet|transaction|wallet,|0.016406|0.0952843|0.0169405|0.0887125,|0.016406|0.0476422|0.0169405|0.0147854,|0.977981|0.0010958|0.943158|0.00176316
19E49RfNrnWYhh411QrHoB5pMf68kwk4SX,4,wallet,1294YBChtMxM1S36kHA12psHi8Ny6iDpWj,False,True,5,19E49RfNrnWYhh411QrHoB5pMf68kwk4SX|71450697|12cBJfbVg5QmUM2cKPpC5jjFiVwVQweZDJ|70782417|1294YBChtMxM1S36kHA12psHi8Ny6iDpWj,wallet|transaction|wallet|transaction|wallet,|0.0159749|0.095126|0.0168245|0.0889956,|0.0159749|0.047563|0.0168245|0.0889956,|0.0232351|0.35792|0.84147|-0.0301323
19zm69Hy6o3mi1sYx5SCXTc4XMYjdtxdEr,4,wallet,13wdkDasM1KcscU89hKGbLXmguebkX18JT,False,True,5,19zm69Hy6o3mi1sYx5SCXTc4XMYjdtxdEr|99636195|13WwySyNYefSW8Rmkb4g1UjAdnNDstPvtS|99497255|13wdkDasM1KcscU89hKGbLXmguebkX18JT,wallet|transaction|wallet|transaction|wallet,|0.0140702|0.0952971|0.0168794|0.088743,|0.0140702|0.0476485|0.0168794|0.088743,|-0.028872|0.257916|0.880605|0.020242
1A7qUFDbaPSRxWhP8HnJXDzUHFycDVgp7z,4,wallet,1H1z8H9F6YSmpgc3dZ2zy811CEHLLbGRVP,False,True,5,1A7qUFDbaPSRxWhP8HnJXDzUHFycDVgp7z|362960728|1Jj3t3nnxfRE6Y2q6oQongPaRRV11TaSo3|362855605|1H1z8H9F6YSmpgc3dZ2zy811CEHLLbGRVP,wallet|transaction|wallet|transaction|wallet,|0.0136908|0.095297|0.0168918|0.0887192,|0.0136908|0.0476485|0.0168918|0.0887192,|-0.00729227|0.272999|0.887282|0.0291225
1AGrgp2XNdXyw45rfyEEMpgG6Gr3UySfBZ,4,wallet,1FLiLtQMASJPAx77ZkFkxyQb5F7p3fBuqf,False,True,5,1AGrgp2XNdXyw45rfyEEMpgG6Gr3UySfBZ|241503808|18ejknucGKiFEN25E1DMsUG8qovFKroqTr|241489128|1FLiLtQMASJPAx77ZkFkxyQb5F7p3fBuqf,wallet|transaction|wallet|transaction|wallet,|0.0135494|0.0952945|0.0168855|0.0886753,|0.0135494|0.0476472|0.0168855|0.0886753,|-0.0020805|0.180319|0.890248|0.0355299
1AM6YETwLM8JenQRgBq3cs94Pu9GThJfGP,4,wallet,1HRU1SUf19U5WwDWW4bT2cM6K4zsBcj8V6,False,True,5,1AM6YETwLM8JenQRgBq3cs94Pu9GThJfGP|149138176|1KPQzVGhH7DDCMzZEgY6q7J2YgsQvLorfW|29679152|1HRU1SUf19U5WwDWW4bT2cM6K4zsBcj8V6,wallet|transaction|wallet|transaction|wallet,|0.0152903|0.0952148|0.0169336|0.0890892,|0.0152903|0.0476074|0.0169336|0.0890892,|-0.0722083|0.229986|0.967772|0.0817122
1AT3GEcR3ma3Lm4N36M6VeAEgswejcTwoR,4,wallet,1EKk6fL3V83jgMxdWn2uSDy1G5LeL1DD4x,False,True,5,1AT3GEcR3ma3Lm4N36M6VeAEgswejcTwoR|368747251|16HugQUiSxjzVA67K1K4JahsXpKXbZ1bBJ|313670795|1EKk6fL3V83jgMxdWn2uSDy1G5LeL1DD4x,wallet|transaction|wallet|transaction|wallet,|0.015314|0.095293|0.016866|0.0885146,|0.00510466|0.0476465|0.016866|0.0885146,|0.000112871|0.00081715|0.940993|0.0155384
1BHeTKX56dxYfB1e3vujLiFfDd6gvcQU3R,4,wallet,1L2BPfrYotv5ZJ4iuChUZgKmHTKqye6rG2,False,True,5,1BHeTKX56dxYfB1e3vujLiFfDd6gvcQU3R|69770247|1LFgusE2UTYrFjeGCx99q3uNNk6MkgdTMM|54725736|1L2BPfrYotv5ZJ4iuChUZgKmHTKqye6rG2,wallet|transaction|wallet|transaction|wallet,|0.0155107|0.0952016|0.0168812|0.0889128,|0.00775537|0.0476008|0.00337623|0.0444564,|-0.00169811|0.00218144|0.0010831|-7.28965e-05
1BjS6UbosMK4vEK2vQopaCaa3wRRswjb6H,4,wallet,1xJNjCft7AvmNAfrFh19atXzgDrE36ShY,False,True,5,1BjS6UbosMK4vEK2vQopaCaa3wRRswjb6H|355008334|1NoTZBqaxdXUn9RWZ45zmPwA3CMoTwVe8f|192942618|1xJNjCft7AvmNAfrFh19atXzgDrE36ShY,wallet|transaction|wallet|transaction|wallet,|0.0150915|0.0945165|0.0168559|0.0888636,|0.0150915|0.0472583|0.0168559|0.0296212,|0.512959|0.281523|0.665593|-0.00206701
1CK54oYdAX2wA3onQjRbsnQ1BMw7LqMJjS,4,wallet,1MtQiXkgFuvpy9UFQnuVt2F5LejNy23GFZ,False,True,5,1CK54oYdAX2wA3onQjRbsnQ1BMw7LqMJjS|141574560|19dfGGL5Ge25dkTwJfgmkh9EM7S4jZZMm2|248901768|1MtQiXkgFuvpy9UFQnuVt2F5LejNy23GFZ,wallet|transaction|wallet|transaction|wallet,|0.0153214|0.0951885|0.0167308|0.088695,|0.0153214|0.0475942|0.0167308|0.029565,|-0.00186789|0.0438558|0.967002|-0.00485436
1CS3ReQoGKv3kNHAUJTdvhUi9f9f2nWGoM,4,wallet,153s3hoZY7pZvSNphZoshTXJFrgcNFsxVZ,False,True,5,1CS3ReQoGKv3kNHAUJTdvhUi9f9f2nWGoM|96990197|1xgGH9wSLRaEpM4mL1voFSivLhR6KHXP6|96990199|153s3hoZY7pZvSNphZoshTXJFrgcNFsxVZ,wallet|transaction|wallet|transaction|wallet,|0.0159215|0.0952008|0.0168447|0.0889797,|0.0159215|0.0476004|0.00561492|0.0889797,|-0.0844871|0.296793|-0.00134542|-0.00782615
1CcvAxTTS27UnpDNFenURaFbToY21Z7rvb,4,wallet,1Q3Ja6Cafya2pQDzoJF7dchD6fnW4iQP7S,False,True,5,1CcvAxTTS27UnpDNFenURaFbToY21Z7rvb|43531652|1KjnHsViHG5roTfJDP8kHNEP86nx16VoWk|38523191|1Q3Ja6Cafya2pQDzoJF7dchD6fnW4iQP7S,wallet|transaction|wallet|transaction|wallet,|0.0153929|0.0946385|0.0143442|0.0948421,|0.0153929|0.0473193|0.0143442|0.0948421,|0.84828|0.0429985|0.546631|0.678821
1CjFP9w321hu8Ety2e7wxCVoGrMQuSBnED,4,wallet,1KcJtaJzvftrBPRscQhWCHGGG5rmkudnL8,False,True,5,1CjFP9w321hu8Ety2e7wxCVoGrMQuSBnED|209091416|1FdF7QM9vU5YSXdxjSMJNqBUzWHmp8o6B6|208930299|1KcJtaJzvftrBPRscQhWCHGGG5rmkudnL8,wallet|transaction|wallet|transaction|wallet,|0.0152505|0.095294|0.0169084|0.0887322,|0.0152505|0.0119117|0.0169084|0.0887322,|0.428071|6.90222e-05|0.881074|0.0272115
1DH9yCUA33vRi8QaN5jUVsfJs2ioJ9aiXS,4,wallet,1DYmQndRngYDJKK9xdxshFHdR5WbHJpqwv,False,True,5,1DH9yCUA33vRi8QaN5jUVsfJs2ioJ9aiXS|339093790|1Goct8xVqHcgVNy8C24ktUtzSFY5ZRmEvT|339553711|1DYmQndRngYDJKK9xdxshFHdR5WbHJpqwv,wallet|transaction|wallet|transaction|wallet,|0.0159033|0.0952694|0.0164751|0.0952768,|0.0159033|0.0476347|0.0164751|0.0952768,|-0.00847387|0.0251585|-0.0110599|0.0297534
1DVyXCbNpmByYFFhnVRnp8wWMtyFSK7b1g,4,wallet,144fAkgQphjXFPBEx6Ljv1YZneasnhTKFH,False,True,5,1DVyXCbNpmByYFFhnVRnp8wWMtyFSK7b1g|92606197|1KCgF3EJJKoHoWfCNjfu8vxwoVKqUHKh7u|92606152|144fAkgQphjXFPBEx6Ljv1YZneasnhTKFH,wallet|transaction|wallet|transaction|wallet,|0.0151168|0.0952437|0.0168461|0.0888779,|0.0151168|0.0476218|0.0168461|0.0888779,|-0.0142733|0.292902|0.85341|0.00445634
1DdVAqggrsAudYfGd1TGHbnTs17jeK888k,4,wallet,1GD8w96xgtHkZLfyqEYbXAsFrM5Vfuim8W,False,True,5,1DdVAqggrsAudYfGd1TGHbnTs17jeK888k|157636225|1AD8LZh1XqWSDySmbWxwpifRyPoG3ysatV|157622934|1GD8w96xgtHkZLfyqEYbXAsFrM5Vfuim8W,wallet|transaction|wallet|transaction|wallet,|0.0166522|0.0952247|0.016844|0.0889403,|0.0166522|0.0317416|0.016844|0.0889403,|0.275029|-0.000641406|0.920118|-0.00906038
1DfDNE5Y4tdukqJ9qtsoWdZfV4KFHUtvSB,4,wallet,1FmdoeTYx82j8iAJxPgUKPsJ4FmhvTmeg7,False,True,5,1DfDNE5Y4tdukqJ9qtsoWdZfV4KFHUtvSB|306911718|1372KT5myi66VchhmmKyN5VL84KxJYAjBp|129110519|1FmdoeTYx82j8iAJxPgUKPsJ4FmhvTmeg7,wallet|transaction|wallet|transaction|wallet,|0.0142009|0.0952859|0.0168734|0.0887195,|0.0142009|0.0476429|0.0168734|0.0887195,|-0.016366|0.0847487|0.878048|0.0483648
1DzcnY8KRU4qHh42qUHg2EKTvE17JKEZEB,4,wallet,1GBZ1kRGMn8MAUjWaiwcvy4hL52MUQxjih,False,True,5,1DzcnY8KRU4qHh42qUHg2EKTvE17JKEZEB|179105964|1PFCjk7oLH4KRi9arLBsSGEakv2L6YUbKZ|156419855|1GBZ1kRGMn8MAUjWaiwcvy4hL52MUQxjih,wallet|transaction|wallet|transaction|wallet,|0.0165362|0.0952256|0.015711|0.0952153,|0.0165362|0.0476128|0.015711|0.0476077,|-0.167311|0.118509|-0.0264646|0.0445647
1E9svKrWb7fu1kw9cAbuVbcCAxvUVCGWTU,4,wallet,1DYmQndRngYDJKK9xdxshFHdR5WbHJpqwv,False,True,5,1E9svKrWb7fu1kw9cAbuVbcCAxvUVCGWTU|339093790|1Goct8xVqHcgVNy8C24ktUtzSFY5ZRmEvT|339553711|1DYmQndRngYDJKK9xdxshFHdR5WbHJpqwv,wallet|transaction|wallet|transaction|wallet,|0.0159033|0.0952694|0.0164751|0.0952768,|0.00795165|0.0476347|0.0164751|0.0952768,|0.00509548|0.00952527|-0.0110599|0.0297534
1ETvkrDgzAzNKXwzEFQVr1S42CMe2tqhPb,4,wallet,1B3k6vUs1LFNkDvfdkBcAmT3EWszruyTRc,False,True,5,1ETvkrDgzAzNKXwzEFQVr1S42CMe2tqhPb|30179461|198RB7eq3K97J8mjgshG9kiUTKJMNTDSNP|30179376|1B3k6vUs1LFNkDvfdkBcAmT3EWszruyTRc,wallet|transaction|wallet|transaction|wallet,|0.0154913|0.0952061|0.0168414|0.0889226,|0.0154913|0.0476031|0.0168414|0.0889226,|0.00555044|0.302308|0.838128|-0.0074234
1EUkwfqQfqjAkGzQ8q5Ep745uuzL89UXn4,4,wallet,1NL8ag76hUxkUxQDThezdw1Cy7jQ72WmN9,False,True,5,1EUkwfqQfqjAkGzQ8q5Ep745uuzL89UXn4|56767080|16Vvs712orq1kbKBQkerXf2sdEq1ffs4eN|57056468|1NL8ag76hUxkUxQDThezdw1Cy7jQ72WmN9,wallet|transaction|wallet|transaction|wallet,|0.0165566|0.069823|0.0168512|0.088693,|0.0165566|0.0349115|0.0168512|0.088693,|0.998439|0.00760263|0.0446192|-0.00906408
1EafVDYF8D292BRErRcRfJcUMm5P1kw1wW,4,wallet,147qD1wif5CqPdtmgsaobtvuPX3D7zvMj7,False,True,5,1EafVDYF8D292BRErRcRfJcUMm5P1kw1wW|240772643|1EfVgwUcTCjKk88jeVMx62T3XnFkxkCUqo|240790220|147qD1wif5CqPdtmgsaobtvuPX3D7zvMj7,wallet|transaction|wallet|transaction|wallet,|0.0138537|0.0952905|0.0169153|0.0886654,|0.0138537|0.0476453|0.0169153|0.0886654,|-0.0132117|0.103569|0.896316|0.0453221
1Ek2NLvf1y3kDJZG4Gcxg9aSopHr2gFZeU,4,wallet,15ZyESkcDq7BWqZC3c817erc464yYQhPD5,False,True,5,1Ek2NLvf1y3kDJZG4Gcxg9aSopHr2gFZeU|96018652|16Dt2AsozzUrVApehZtFUYatiG2LTnrMtj|73023827|15ZyESkcDq7BWqZC3c817erc464yYQhPD5,wallet|transaction|wallet|transaction|wallet,|0.0146499|0.0952983|0.0167178|0.0889587,|0.0146499|0.0476491|0.0083589|0.0177917,|-0.000906587|0.023776|0.00409055|-8.85725e-06
1F46SjXCbQJzoHUv6fWbLKxJoyWYXSfoGa,4,wallet,1MRVmD1V2xBD8QGFVhXc2xXP5sJv5BH7Wd,False,True,5,1F46SjXCbQJzoHUv6fWbLKxJoyWYXSfoGa|99191240|1BsUNUGM5MQF6Es1qZbt7xjA5YiSiJ7t8X|98975509|1MRVmD1V2xBD8QGFVhXc2xXP5sJv5BH7Wd,wallet|transaction|wallet|transaction|wallet,|0.0147051|0.0953002|0.0168824|0.0887339,|0.0147051|0.0476501|0.0168824|0.0887339,|-0.00238597|0.343854|0.884125|0.0111901
1FAorvBoBSZaL22xttUDuKtzEPNvpgKPU8,4,wallet,1KPgc1oAD6t4VPTQZD8PeYx2HP49ybSHUP,False,True,5,1FAorvBoBSZaL22xttUDuKtzEPNvpgKPU8|339110575|1K8Ubmt2gpoYc1aXM6fjjj3QbP6mggW3LG|201869681|1KPgc1oAD6t4VPTQZD8PeYx2HP49ybSHUP,wallet|transaction|wallet|transaction|wallet,|0.0156506|0.0938344|0.0168964|0.0886374,|0.0156506|0.0469172|0.0168964|0.0126625,|0.842082|0.166809|0.649313|0.00838606
1FXerNAX7ERwnMemWkCB9wVaBFX3ApzARn,4,wallet,1KYDNMd3ruHt5LQ6w83BWFDkLJyk4hpF42,False,True,5,1FXerNAX7ERwnMemWkCB9wVaBFX3ApzARn|355110893|1ADghQ8RQxVXdVWwJtvE7yZkuXCgB6bkRG|355110886|1KYDNMd3ruHt5LQ6w83BWFDkLJyk4hpF42,wallet|transaction|wallet|transaction|wallet,|0.0146484|0.0949382|0.0168966|0.0888686,|0.0146484|0.0474691|0.0168966|0.0444343,|0.414013|0.0935104|0.755703|-0.007029
1Fapany5MjJ51ArkS1zidgefPi66zToxQ,4,wallet,1GHsHZUDVAKyuKXdgeuDZUJFf9kW44Bib4,False,True,5,1Fapany5MjJ51ArkS1zidgefPi66zToxQ|12779380|15uNzwkxLet4E3qRB25VmAnUM96qdpjmAn|12776876|1GHsHZUDVAKyuKXdgeuDZUJFf9kW44Bib4,wallet|transaction|wallet|transaction|wallet,|0.0143024|0.0953026|0.0169409|0.0888601,|0.00286047|0.0476513|0.00847045|0.0888601,|2.45929e-05|0.000196218|0.479481|-0.000201821
1G2BKjjy2YSaZteV626k8Ka4WorkfkmRqt,4,wallet,17SUc92vuoigYrUyTUARecAP6Zy1zm6iPz,False,True,5,1G2BKjjy2YSaZteV626k8Ka4WorkfkmRqt|268885335|1J6a7T5trMyWXQmEMjuaezZYCuPC6Vy3e6|268874025|17SUc92vuoigYrUyTUARecAP6Zy1zm6iPz,wallet|transaction|wallet|transaction|wallet,|0.0158199|0.0952684|0.0168396|0.0887856,|0.0158199|0.0238171|0.0168396|0.0443928,|0.584385|3.50922e-05|0.861668|0.0208279
1GPxCxkToLStr66tsM4LjNAt5LPBuT19nP,4,wallet,1PkCbt1Hd9r5RPaffYRUzhapGm6mtwJBXE,False,True,5,1GPxCxkToLStr66tsM4LjNAt5LPBuT19nP|372691618|1BHn94jmtvVnSws1djX6gGamtSAhWHk5YH|372691611|1PkCbt1Hd9r5RPaffYRUzhapGm6mtwJBXE,wallet|transaction|wallet|transaction|wallet,|0.0143077|0.0952883|0.0168726|0.0887519,|0.0143077|0.0476441|0.0168726|0.0887519,|-0.00491816|0.250533|0.874352|0.0350929
1GUshP8y2SUvgZTzHoHYbZ2Ptom6PuZYE,4,wallet,1DcKaxwc7TKvo1wHtoNANJsC7UJt5xgHpa,False,True,5,1GUshP8y2SUvgZTzHoHYbZ2Ptom6PuZYE|240791672|1Eb9HU5LGfky7JjPf9AJXWjVqayM2WiSiS|238608154|1DcKaxwc7TKvo1wHtoNANJsC7UJt5xgHpa,wallet|transaction|wallet|transaction|wallet,|0.0143567|0.0953046|0.0169233|0.0884399,|0.00717837|0.0476523|0.0169233|0.0884399,|-6.95586e-05|0.00036639|0.969512|0.00672656
1GorT8vTi45H1wZJRzvQF56c1A51RYqz1q,4,wallet,1Gjt3wkSsP9svuQTg92vgxXfqeDuvjFJuv,False,True,5,1GorT8vTi45H1wZJRzvQF56c1A51RYqz1q|355102403|35MTYxR1aPYdbWo9P7thHf4GYJZvf2cd2D|238506100|1Gjt3wkSsP9svuQTg92vgxXfqeDuvjFJuv,wallet|transaction|wallet|transaction|wallet,|0.0162879|0.0953048|0.0169577|0.0885922,|0.0162879|0.0238262|0.0169577|0.0885922,|0.892809|0.00151029|0.962981|0.00390738
1GvVxz291Nx7QYjcBaNP2shXtfPSuGpCqp,4,wallet,1Lnr2mG3pwzdMV2JYszKkjLZ9wSH21nfgy,False,True,5,1GvVxz291Nx7QYjcBaNP2shXtfPSuGpCqp|288594849|1FUadU6Xm6SEcgwtEkBmVXBrZJYU6yH5ej|288594845|1Lnr2mG3pwzdMV2JYszKkjLZ9wSH21nfgy,wallet|transaction|wallet|transaction|wallet,|0.0152373|0.0951685|0.0168399|0.0888937,|0.0152373|0.0475842|0.0168399|0.0888937,|0.00418729|0.301071|0.832679|-0.0037325
1GzutoyZtS27d74gxzm2L9fm6jMnaA6vK4,4,wallet,13Lu1vew3J4PpiLx8mtzegGPXfaJkXsmCB,False,True,5,1GzutoyZtS27d74gxzm2L9fm6jMnaA6vK4|209727886|1FHghrWapHdKChkMneTreyfY2DBGHDzusW|209104007|13Lu1vew3J4PpiLx8mtzegGPXfaJkXsmCB,wallet|transaction|wallet|transaction|wallet,|0.0152799|0.0952824|0.0171877|0.0941299,|0.00763997|0.0476412|0.0171877|0.0941299,|0.0029369|9.22084e-05|0.679821|0.308156
1H1amSxfpyjrLMhn1DQcGciTiBm6VcN98L,4,wallet,3JgD9qyArxzGyLJdPrd12p1srhW9Y8zreQ,False,True,5,1H1amSxfpyjrLMhn1DQcGciTiBm6VcN98L|12777291|1GQZijftMyPd249VnvCMN9YxFoRiCXaMQe|12777292|3JgD9qyArxzGyLJdPrd12p1srhW9Y8zreQ,wallet|transaction|wallet|transaction|wallet,|0.0164084|0.0925028|0.0169908|0.0890533,|0.00328168|0.0462514|0.0169908|0.0445266,|-0.00117728|0.000158101|0.543114|-0.00725308
1HQfXfrtw7zZVq3ouzdDKSeF42xgBgnY5t,4,wallet,1K55556AmJzrS8oMMoMnE7uf5PLQP7qXcD,False,True,5,1HQfXfrtw7zZVq3ouzdDKSeF42xgBgnY5t|241554832|1HcjyYtE38Y2oND4JSrV34sB89mh46nM9h|238398788|1K55556AmJzrS8oMMoMnE7uf5PLQP7qXcD,wallet|transaction|wallet|transaction|wallet,|0.0154365|0.0952741|0.0167633|0.0886634,|0.0154365|0.047637|0.00558778|0.0221658,|-0.00435919|0.0691413|0.324093|-0.00149415
1HWKMcXYEcDo4tYTFao7SCbi7B1Kv98hUH,4,wallet,197FgF9iCXAZbBsbGu7Wvny9MnwyRH59uu,False,True,5,1HWKMcXYEcDo4tYTFao7SCbi7B1Kv98hUH|96367838|1ECb4ousitLjggVGjA36DFKbUTRccNx7CK|92728959|197FgF9iCXAZbBsbGu7Wvny9MnwyRH59uu,wallet|transaction|wallet|transaction|wallet,|0.0150529|0.0952011|0.0168427|0.0888817,|0.0150529|0.0476006|0.0168427|0.0888817,|-0.0284477|0.270329|0.84324|0.00300819
1HXhSdbCHG2psLhDA3c18nLVM2qnfwZfTF,4,wallet,1L9pd8iebANDk8Ypmn3cqDamFxjgUmjis9,False,True,5,1HXhSdbCHG2psLhDA3c18nLVM2qnfwZfTF|210635984|16MsDB4hEJGabYmqkWbNoSSz9V2VRtHLyZ|51018430|1L9pd8iebANDk8Ypmn3cqDamFxjgUmjis9,wallet|transaction|wallet|transaction|wallet,|0.0149448|0.0953015|0.0169212|0.088733,|0.0149448|0.0476508|0.00338423|0.0443665,|-0.00215232|0.00389308|1.90616e-05|1.57058e-05
1Hq2WZfQEBVqZDe31mdamjsW66Nt6WaicM,4,wallet,3H8xUxc3Q3XeWUwbLx6SSn44CrX74aUqcr,False,True,5,1Hq2WZfQEBVqZDe31mdamjsW66Nt6WaicM|106342427|1ERv92uD8b5yC1kjPAPyMEspBvwF6fWZU4|105442370|3H8xUxc3Q3XeWUwbLx6SSn44CrX74aUqcr,wallet|transaction|wallet|transaction|wallet,|0.0168527|0.0939577|0.0168265|0.089,|0.0168527|0.00303089|0.0168265|0.089,|0.804199|1.94196e-07|0.523442|-0.121995
1Hy8WS1JjLgixL19Se5tXd98TPpnmvgKXH,4,wallet,38dWYjJim5CEhABQxYLxdFjxAATcCxjdnE,False,True,5,1Hy8WS1JjLgixL19Se5tXd98TPpnmvgKXH|175467844|17qzS84md7jf5JpRLdaLe5i7AoDSpQba7r|111174830|38dWYjJim5CEhABQxYLxdFjxAATcCxjdnE,wallet|transaction|wallet|transaction|wallet,|0.0159671|0.0950946|0.0168838|0.0886036,|0.0159671|0.0475473|0.0168838|0.0886036,|0.214599|0.0250312|0.86572|-0.037776
1J78rdoMqf9YiTtAmGQF46X3vFTDXQBJoW,4,wallet,1A2mb4Bzf7kjnNW8s12Ck3kyhunLyV19ce,False,True,5,1J78rdoMqf9YiTtAmGQF46X3vFTDXQBJoW|378255660|1LwvStMXKVYGoKgXMWH9KkCiCUEQLJmV4u|378073029|1A2mb4Bzf7kjnNW8s12Ck3kyhunLyV19ce,wallet|transaction|wallet|transaction|wallet,|0.0138733|0.0952551|0.0168999|0.0886861,|0.0138733|0.0476276|0.0168999|0.029562,|0.00585669|0.229613|0.870788|0.000688851
1JGmSA9LUwp2G3Rt42bb6QRZCnyBpRMLe,4,wallet,12LgL765QvvRqk9buAy9iLFwz7cLRPmSeP,False,True,5,1JGmSA9LUwp2G3Rt42bb6QRZCnyBpRMLe|269502435|1GBdQKJcvZNo7dKDCTXT18goQtFcfgNsNJ|201786771|12LgL765QvvRqk9buAy9iLFwz7cLRPmSeP,wallet|transaction|wallet|transaction|wallet,|0.0156475|0.0952853|0.0168334|0.0884086,|0.0156475|0.0476426|0.0168334|0.0884086,|-0.00661689|0.0685683|0.960957|0.011467
1JJidpwXBsxibio835Pkj2hrwCf7KDJ1zA,4,wallet,1Pcz8hmDkreU71EVRj8eaAP81sf12Z4wms,False,True,5,1JJidpwXBsxibio835Pkj2hrwCf7KDJ1zA|92622793|197BFu2Y2VLWh86eTV5Yar78bmgkgfDjNr|92622789|1Pcz8hmDkreU71EVRj8eaAP81sf12Z4wms,wallet|transaction|wallet|transaction|wallet,|0.015124|0.0952445|0.0168461|0.0888779,|0.015124|0.0476223|0.0168461|0.0888779,|-0.0142623|0.293311|0.853732|0.00440693
1JZ97Q1ysYSkhcTPrxPrMp73oAmKyJeBq7,4,wallet,39qgb8XEdTeZfgN3CbrbCGGfzPKp9LEv7y,False,True,5,1JZ97Q1ysYSkhcTPrxPrMp73oAmKyJeBq7|70046276|1JgjQav2YCN45j1z4mp9NyxqKg4ECH2FUP|56944199|39qgb8XEdTeZfgN3CbrbCGGfzPKp9LEv7y,wallet|transaction|wallet|transaction|wallet,|0.0158638|0.0869602|0.0168894|0.0889434,|0.00528793|0.0434801|0.0168894|0.0222359,|0.225468|0.00203854|0.153727|-0.0127653
1JoqgsPaTmfAyTb8DdZ41kjJ12USqpj7LK,4,wallet,1P93d9EwLD6NYUy22NXkBxJV6JR5jUuFkH,False,True,5,1JoqgsPaTmfAyTb8DdZ41kjJ12USqpj7LK|372723972|1B7RktshPPVJYYsDPMgJMHajU5AijW339i|311749569|1P93d9EwLD6NYUy22NXkBxJV6JR5jUuFkH,wallet|transaction|wallet|transaction|wallet,|0.0134955|0.0950217|0.0168846|0.0887024,|0.0134955|0.0475108|0.0168846|0.0887024,|0.693098|0.124441|0.783707|0.32682
1JxdBNFxr81tBAHbtLXYQLBw7bM4Hi4ozH,4,wallet,14UeNJU5f29JsgbnsPvQpd3621BoBEJh5W,False,True,5,1JxdBNFxr81tBAHbtLXYQLBw7bM4Hi4ozH|307435871|1MQaBvuWwSQgTmrqiJT72NvYByiqUwdGjn|362907076|14UeNJU5f29JsgbnsPvQpd3621BoBEJh5W,wallet|transaction|wallet|transaction|wallet,|0.0141168|0.0951372|0.0168937|0.0887148,|0.0141168|0.0475686|0.0168937|0.0887148,|0.107236|0.138721|0.823475|0.279981
1KDJ3aZEtJEZZ8u32zbx1GaB6wJkAZjPTZ,4,wallet,18sANZJ2bXCnvY84GqDzcHig3auJqMMRYe,False,True,5,1KDJ3aZEtJEZZ8u32zbx1GaB6wJkAZjPTZ|209709679|1H5Dhk1jKV9n6TN2ZEqdpaPD8souPHKmbq|208915415|18sANZJ2bXCnvY84GqDzcHig3auJqMMRYe,wallet|transaction|wallet|transaction|wallet,|0.0141891|0.0952959|0.0169159|0.0887372,|0.0141891|0.0158827|0.0169159|0.0443686,|0.00418532|0.0010243|0.881918|0.0110864
1Kp8dYpisNkDzamaWdh8zDhhfCGk26dQ7Q,4,wallet,1F47pLzQkmmmv49TCC6B8nTvTYZwnBXiV,False,True,5,1Kp8dYpisNkDzamaWdh8zDhhfCGk26dQ7Q|139233124|19pbmALF1QgVNbvQ6hXfV6TCs8GEg7ygrT|51551341|1F47pLzQkmmmv49TCC6B8nTvTYZwnBXiV,wallet|transaction|wallet|transaction|wallet,|0.0157294|0.095228|0.0168884|0.0887174,|0.0157294|0.047614|0.0168884|0.0887174,|-0.0055303|0.166252|0.917089|0.0284739
1KxLxBeiWtmTu9io56p6SNSCqVbXCGo323,4,wallet,12ym7oHnW78iDGQDFrqfPQkJKgWogwnydq,False,True,5,1KxLxBeiWtmTu9io56p6SNSCqVbXCGo323|336427607|16iWh3Ag36AQjidPDPDVq9Sbwq878nTMC5|331533296|12ym7oHnW78iDGQDFrqfPQkJKgWogwnydq,wallet|transaction|wallet|transaction|wallet,|0.0157384|0.0952958|0.016877|0.0887651,|0.0157384|0.011912|0.016877|0.0887651,|0.153164|0.0259038|0.877564|0.018833
1KyvjyH8QZReT2xuuX1VkN1HgME7VS3XDs,4,wallet,1BGbYAkX58ZwdXkAbBhgAbtBj6Veksa2H1,False,True,5,1KyvjyH8QZReT2xuuX1VkN1HgME7VS3XDs|72288093|1JJDgcHtfjEwNXoBJ5Ck4LNr2ig7Kj2juj|70781861|1BGbYAkX58ZwdXkAbBhgAbtBj6Veksa2H1,wallet|transaction|wallet|transaction|wallet,|0.0165572|0.0690532|0.0168635|0.0890154,|0.0165572|0.0345266|0.0168635|0.0890154,|0.998272|0.0112678|0.0335153|-0.00789402
1LW6sdaMkzuYa7mFTg7mmvgzj4pBeiL6Yk,4,wallet,1FP5MzNddgvi2HYYsPceAcupR2cT9zdSHq,False,True,5,1LW6sdaMkzuYa7mFTg7mmvgzj4pBeiL6Yk|70328737|1Ht86srvAgQRRNYWTqoV5j1Zg8Qh6CumV8|55735705|1FP5MzNddgvi2HYYsPceAcupR2cT9zdSHq,wallet|transaction|wallet|transaction|wallet,|0.0157441|0.0937304|0.0168382|0.088829,|0.00393604|0.0468652|0.0168382|0.088829,|-0.000212431|-2.02358e-05|0.592606|-0.114647
1LvXpB6jHWUYpQbmGBzFXXS3KHxBzx2wcR,4,wallet,14rBy53QMqGMGqhQ6JZa3ECm4XofVHzRx3,False,True,5,1LvXpB6jHWUYpQbmGBzFXXS3KHxBzx2wcR|84734162|1DCnyDcNM2aT2KtYTq9FRuroKBxJutdG76|84460349|14rBy53QMqGMGqhQ6JZa3ECm4XofVHzRx3,wallet|transaction|wallet|transaction|wallet,|0.0151538|0.0952785|0.0168948|0.0888007,|0.0151538|0.0238196|0.0168948|0.0888007,|-0.023309|0.0255219|0.871137|0.0285413
1MH4LSx53UPTdqt4CFM215giRSWHrraX4i,4,wallet,1KWxuvPpYmUsxz3qnpRtJSD5QAd5gBjSZb,False,True,5,1MH4LSx53UPTdqt4CFM215giRSWHrraX4i|234169860|1GPj54G15Z2LJpaVionQsCLxFkLU5Ad457|234151304|1KWxuvPpYmUsxz3qnpRtJSD5QAd5gBjSZb,wallet|transaction|wallet|transaction|wallet,|0.0132729|0.0953016|0.0169258|0.0886471,|0.0132729|0.0476508|0.00423145|0.0886471,|-0.0103006|0.127268|0.00010854|0.000433981
1MNGdEvUuX793VyHn3QkTtpMXEDjzLbwvL,4,wallet,14ARi6Jh8dbxXFoTdbA8ipR8EK5RsF5gUv,False,True,5,1MNGdEvUuX793VyHn3QkTtpMXEDjzLbwvL|191347647|1JPebcuXkcCjeg4c8gDLEyJhLeNK9tTgy6|87494797|14ARi6Jh8dbxXFoTdbA8ipR8EK5RsF5gUv,wallet|transaction|wallet|transaction|wallet,|0.0145466|0.0952719|0.0168827|0.0888214,|0.0145466|0.047636|0.0168827|0.0222054,|-0.0161412|0.173856|0.873538|0.00845174
1NJK7cuotubN9NbsU9NjS2sBDa8KxkLijf,4,wallet,15Y4vhtyPrtEYGZmvPk3U2SPB5sNZFLvz3,False,True,5,1NJK7cuotubN9NbsU9NjS2sBDa8KxkLijf|99206910|1MAFhWSnuJ6hP4SSR9LbvZNQzRct677nb4|99191735|15Y4vhtyPrtEYGZmvPk3U2SPB5sNZFLvz3,wallet|transaction|wallet|transaction|wallet,|0.0159272|0.0951293|0.0167518|0.0879224,|0.0159272|0.0475647|0.0167518|0.0879224,|-0.00147444|0.00174233|0.947137|0.00232905
1NUpZ86VQVagtMZn5K5fFycBVuaEM2CfYv,4,wallet,12isvHUbFNBJBychknZB6eGq99x4ZyAC65,False,True,5,1NUpZ86VQVagtMZn5K5fFycBVuaEM2CfYv|310399847|1C337DFJTfXBQkXQudaXvZ9CnvGwJXfFi7|190488886|12isvHUbFNBJBychknZB6eGq99x4ZyAC65,wallet|transaction|wallet|transaction|wallet,|0.0164399|0.0932961|0.0168553|0.0885082,|0.0164399|0.0310987|0.0168553|0.0885082,|0.496566|0.0859606|0.526549|-0.356849
1Nb3KuzW6BimSKLrniirdE2PHBsNwoZBfQ,4,wallet,1MNhQXurHFdyAavNFhRwWSrAD7Sx97Mt94,False,True,5,1Nb3KuzW6BimSKLrniirdE2PHBsNwoZBfQ|11306533|1LCu8c8PUQA2nMyvYefZiGq93DJKXZZgTS|195422155|1MNhQXurHFdyAavNFhRwWSrAD7Sx97Mt94,wallet|transaction|wallet|transaction|wallet,|0.015579|0.0951408|0.0168234|0.0890414,|0.015579|0.0475704|0.0168234|0.0890414,|-0.169347|0.236539|0.842454|-0.0302169
1NusPrMQX8bPsM5ZK4W2Sc7xbXapsXx7rv,4,wallet,1FLiLtQMASJPAx77ZkFkxyQb5F7p3fBuqf,False,True,5,1NusPrMQX8bPsM5ZK4W2Sc7xbXapsXx7rv|241503808|18ejknucGKiFEN25E1DMsUG8qovFKroqTr|241489128|1FLiLtQMASJPAx77ZkFkxyQb5F7p3fBuqf,wallet|transaction|wallet|transaction|wallet,|0.0135494|0.0952945|0.0168855|0.0886753,|0.0135494|0.0476472|0.0168855|0.0886753,|-0.00203812|0.182465|0.890248|0.0355299
1P2VBaZEJh17W22CThryKzihtnAGfSyqd1,4,wallet,17aDvrrQ8HfDmVLwrjpHoEsN4WzfYUsRJQ,False,True,5,1P2VBaZEJh17W22CThryKzihtnAGfSyqd1|114648386|1JyFDxALqbn4y22EATW8kpGkemxqVtWYZe|114563604|17aDvrrQ8HfDmVLwrjpHoEsN4WzfYUsRJQ,wallet|transaction|wallet|transaction|wallet,|0.0157925|0.0952486|0.0168369|0.0889351,|0.00789624|0.0476243|0.0168369|0.0889351,|0.000116885|0.00152165|0.854263|-0.00501007
1PLBiqPoC1LNyTZBi5mb2iXvAnjxHTn2br,4,wallet,1Gjt3wkSsP9svuQTg92vgxXfqeDuvjFJuv,False,True,5,1PLBiqPoC1LNyTZBi5mb2iXvAnjxHTn2br|355102403|35MTYxR1aPYdbWo9P7thHf4GYJZvf2cd2D|238506100|1Gjt3wkSsP9svuQTg92vgxXfqeDuvjFJuv,wallet|transaction|wallet|transaction|wallet,|0.0162879|0.0953048|0.0169577|0.0885922,|0.0162879|0.0238262|0.0169577|0.0885922,|0.893334|0.00152348|0.962981|0.00390738
1Pu4E9AAMS1pN9X9csvEAnQb8iZbxSjwSD,4,wallet,13bwNjYYESRwk6XNswq6HHA16xqcZN5SQk,False,True,5,1Pu4E9AAMS1pN9X9csvEAnQb8iZbxSjwSD|12661226|152RbjQxTKi8WPa23gAUuScquYCu5gzLDG|13214987|13bwNjYYESRwk6XNswq6HHA16xqcZN5SQk,wallet|transaction|wallet|transaction|wallet,|0.0158918|0.0951351|0.0168284|0.0889843,|0.0158918|0.0475675|0.0168284|0.0889843,|0.0553423|0.341739|0.849745|-0.0290334
1QEcXfsJE2nqD5Tkmz73Hmp59BipBfpfpa,4,wallet,1cTkwmUYgnaKk6rgCfp2kE1ixNyvv4E27,False,True,5,1QEcXfsJE2nqD5Tkmz73Hmp59BipBfpfpa|269236358|15NvzkZc3yURxaGE9V4byMtsrj8RJBdGJd|269235878|1cTkwmUYgnaKk6rgCfp2kE1ixNyvv4E27,wallet|transaction|wallet|transaction|wallet,|0.0143201|0.0952674|0.0168949|0.0887836,|0.0143201|0.0476337|0.0168949|0.0887836,|-0.000767589|0.0367959|0.862743|0.0463682
1nYMnZATSevQaWkF58tPeY3Pz7PWgE5zL,4,wallet,1CxnaQNdJkUq4vtw5a4JqBePZN4V9mssmw,False,True,5,1nYMnZATSevQaWkF58tPeY3Pz7PWgE5zL|92559461|18295hBfbG9jzpHyhVjVR2QvqiqM9YJM8y|92559448|1CxnaQNdJkUq4vtw5a4JqBePZN4V9mssmw,wallet|transaction|wallet|transaction|wallet,|0.0151303|0.0952454|0.0168461|0.0888778,|0.0151303|0.0476227|0.0168461|0.0888778,|-0.0141062|0.292962|0.854099|0.00435495
1sZJHGCxZHGPt5WQ7Gou95jEkyTYKU3vf,4,wallet,1C5drCMEuVedTuQXZiBqrqwqi6hnZgGeiq,False,True,5,1sZJHGCxZHGPt5WQ7Gou95jEkyTYKU3vf|210507246|1GKmtBp8AMM3Vz5HYTvZ1M8ELRgrDKg72V|209061249|1C5drCMEuVedTuQXZiBqrqwqi6hnZgGeiq,wallet|transaction|wallet|transaction|wallet,|0.0143003|0.0953002|0.0168883|0.0887334,|0.0143003|0.0476501|0.0168883|0.0887334,|-0.0145693|0.277791|0.88511|0.0150061
1xPudw9ZSBzLPjYM4zHhFTmgYqVvtvRvL,4,wallet,15LUKuuJmmJi6BCikjMoJGmWDqyDtvSx8L,False,True,5,1xPudw9ZSBzLPjYM4zHhFTmgYqVvtvRvL|97068677|17SUWWC7MmiiNuCS2M9pgyuFDDhubXzts4|96256406|15LUKuuJmmJi6BCikjMoJGmWDqyDtvSx8L,wallet|transaction|wallet|transaction|wallet,|0.0165225|0.0952905|0.0168874|0.0890842,|0.0165225|0.00733004|0.00844368|0.0445421,|0.610372|-9.85219e-05|4.23789e-05|-1.74046e-05
37DkwLjQm3ZUH6EqBtwjtAYc2FVKePqmps,4,transaction,3181,False,True,5,37DkwLjQm3ZUH6EqBtwjtAYc2FVKePqmps|288574034|1LjQWdyM4Ra4NosgDqS9HjzMCXmDRMgmDj|255226747|3181,wallet|transaction|wallet|transaction|transaction,|0.0146291|0.0953051|0.0176818|0.01361,|0.0146291|0.000488744|0.0176818|0.00680502,|-0.0599732|2.05636e-05|0.99948|-0.0804527
37NZY5NPfZUdJg39g7ZkcAhPCYw18nnWYs,4,wallet,16ECuRD6zkYStkwMwhDarbrUgFwbhCsNk7,False,True,5,37NZY5NPfZUdJg39g7ZkcAhPCYw18nnWYs|339851480|158W92YqUUwW54RAyVHNB9koaVkJ1TTCmi|305080357|16ECuRD6zkYStkwMwhDarbrUgFwbhCsNk7,wallet|transaction|wallet|transaction|wallet,|0.0148937|0.095302|0.0169151|0.0887206,|0.0148937|0.00794183|0.0169151|0.0887206,|-0.171095|0.000873446|0.901812|0.0122036
11C2wvhHd5BEAcUnvisfQrBi87g2J63TV,3,transaction,94120314,False,True,4,11C2wvhHd5BEAcUnvisfQrBi87g2J63TV|94297154|12wDHq1Faq6AqYJmCLqrbz6gXpBziwwB2B|94120314,wallet|transaction|wallet|transaction,|0.0163357|0.0950627|0.0102341,|0.0163357|0.0475313|0.0102341,|0.534246|0.127537|-0.0364622
123KBbJSbQZzBpp9ugyKVSHJhRABmhcYqV,3,transaction,234205090,False,True,4,123KBbJSbQZzBpp9ugyKVSHJhRABmhcYqV|234836328|1D2KVzADRbiAwr2a8ex3J3kvCYaSiXwVpU|234205090,wallet|transaction|wallet|transaction,|0.0169818|0.0255183|0.0168567,|0.00566061|0.0127591|0.0168567,|0.00013866|0.00123772|0.0013744
12KbSr7W8UXUCymqi5Jwv1kXq2TbXfgfZ6,3,transaction,85254994,False,True,4,12KbSr7W8UXUCymqi5Jwv1kXq2TbXfgfZ6|85008951|1MP3Vg3UGYVDsXaFRoUKuLViCGzj2xwuXu|85254994,wallet|transaction|wallet|transaction,|0.0166219|0.0953004|0.016595,|0.0166219|0.00433184|0.0082975,|0.451924|0.000107998|0.00502619
12QnsysFgXJ4mUP8WCPCVBi38CBHgxvxW3,3,transaction,12665081,False,True,4,12QnsysFgXJ4mUP8WCPCVBi38CBHgxvxW3|12661310|1JDS6teqSE1iuMGwVwkQdE6jhGJnuDYQZk|12665081,wallet|transaction|wallet|transaction,|0.0161766|0.0950093|0.0168564,|0.0161766|0.0475046|0.0168564,|0.0953128|0.00643077|0.834278
12SS3XKwT1fxCQo1ZjCqTt1iheQUHFosJm,3,transaction,12661644,False,True,4,12SS3XKwT1fxCQo1ZjCqTt1iheQUHFosJm|12662334|13qfrue894XyizGmaWq58e8d3VEBLVSE7j|12661644,wallet|transaction|wallet|transaction,|0.0157754|0.0951732|0.0161887,|0.0157754|0.0475866|0.0161887,|0.0240543|0.283548|0.350104
12TZtnj5ywAURL2wesWBkqyPdKcs1smTf5,3,transaction,355098142,False,True,4,12TZtnj5ywAURL2wesWBkqyPdKcs1smTf5|355110991|1NPmH6RbpWvamdv88cq8dMrwrTwumExyFE|355098142,wallet|transaction|wallet|transaction,|0.0158846|0.0952615|0.0151113,|0.0158846|0.0476307|0.0151113,|0.00185865|0.263361|-0.00790328
12VxRtrhrU27gpWR5xaZvjrxWvavLcQuUa,3,transaction,54701343,False,True,4,12VxRtrhrU27gpWR5xaZvjrxWvavLcQuUa|69268129|17449eF7RZzkijqwoVAm9GstJq5DNmzFkK|54701343,wallet|transaction|wallet|transaction,|0.0159355|0.0952203|0.0156537,|0.0159355|0.0476102|0.0156537,|0.0971614|0.162335|0.0502193
12ec93ju3WrFzYFuD4NURdYwrT2K5aowht,3,transaction,54857371,False,True,4,12ec93ju3WrFzYFuD4NURdYwrT2K5aowht|54857458|19FAd5LpiRWeum9yUtxv1kczDxaEsSwfKw|54857371,wallet|transaction|wallet|transaction,|0.0127859|0.0940962|0.0158575,|0.0127859|0.0470481|0.0158575,|0.93615|0.0864419|0.717847
12iBytyEBLetMuX7y92jNogjkLoizejCTf,3,transaction,335609583,False,True,4,12iBytyEBLetMuX7y92jNogjkLoizejCTf|372970048|1DRbLTBgcQwCzhkz7BVdtScZJHcXw1TfCT|335609583,wallet|transaction|wallet|transaction,|0.0152872|0.0952913|0.0160858,|0.0152872|0.0238228|0.0160858,|-0.00517988|0.0680462|0.392863
12vQ6E7SbKMACkLSvdudaxvB1BT7uNUpTM,3,transaction,272317954,False,True,4,12vQ6E7SbKMACkLSvdudaxvB1BT7uNUpTM|272292592|1KHnUpiJq5p63wMnRy1VQRJ9L1iLbzRH8a|272317954,wallet|transaction|wallet|transaction,|0.014502|0.0952832|0.0153512,|0.014502|0.0476416|0.00153512,|-0.00897419|0.000317663|-5.90086e-06
12xXS1QCNim8KLtUL67VysxmnFA2rd9uKD,3,transaction,98902486,False,True,4,12xXS1QCNim8KLtUL67VysxmnFA2rd9uKD|99245166|1MeqCgUkEu6Vaf9HLnTPsVgbvY9TWRSW5P|98902486,wallet|transaction|wallet|transaction,|0.0150722|0.0952897|0.0168826,|0.0150722|0.0190579|0.0168826,|0.14119|9.15527e-05|0.884404
133UQg2tgAwQQva2kP6rGGcaWssJTGqBxg,3,transaction,19246172,False,True,4,133UQg2tgAwQQva2kP6rGGcaWssJTGqBxg|72686308|1GNDTmLwjwCDcLDgcqs9e8PiwuDK7XxoEF|19246172,wallet|transaction|wallet|transaction,|0.0158686|0.0952746|0.0168145,|0.0158686|0.0476373|0.0168145,|-0.118763|-0.056546|0.979453
13G8Jj2ST3FSU8usq8LqGyJQbi1Muo9ib7,3,transaction,13311663,False,True,4,13G8Jj2ST3FSU8usq8LqGyJQbi1Muo9ib7|58664206|1LX7GAm3RxyBhikE1aZEYGCagFqBaXs9i2|13311663,wallet|transaction|wallet|transaction,|0.0164834|0.0863234|0.0169011,|0.0164834|0.0431617|0.0169011,|0.950026|0.113475|0.0868488
13Sad4RwGyB5v1UEe281pppi6kgwSp868k,3,transaction,84338075,False,True,4,13Sad4RwGyB5v1UEe281pppi6kgwSp868k|84732708|168wG2zaRmaN31sGgj2DTbyGJQXu6o9ToQ|84338075,wallet|transaction|wallet|transaction,|0.0138057|0.095292|0.0168694,|0.0138057|0.023823|0.0168694,|-0.0146543|0.0656235|0.875576
13drxYCymEKJZ51gLfRfCU3uXvvwF5XU5T,3,transaction,288091540,False,True,4,13drxYCymEKJZ51gLfRfCU3uXvvwF5XU5T|288309009|1Km2vgCATsKCSY1CJb8YiVVB3dg7TppaVj|288091540,wallet|transaction|wallet|transaction,|0.0153682|0.0951155|0.0168652,|0.0153682|0.0475577|0.0168652,|0.0702263|0.169187|0.828408
13mcDLgoUHZPpfE8sVVzSY24pPRyHpUiBx,3,transaction,241494296,False,True,4,13mcDLgoUHZPpfE8sVVzSY24pPRyHpUiBx|241518508|13m2oCmZyj4vRGRpfqyRZgxfiX1ZmKQxKT|241494296,wallet|transaction|wallet|transaction,|0.0145175|0.0952554|0.016893,|0.0145175|0.0476277|0.016893,|-0.00613767|0.0965211|0.874959
13swdzVgAqHWKCAgejX1Kqr68ZKzvsWHYW,3,transaction,339064942,False,True,4,13swdzVgAqHWKCAgejX1Kqr68ZKzvsWHYW|339064834|15vm4pprunhwZUnc4NtkvWTCG416H1Gda6|339064942,wallet|transaction|wallet|transaction,|0.015712|0.0952721|0.0168763,|0.015712|0.0190544|0.0168763,|0.136002|-0.000303543|0.882533
13udL5vExk8u2BEvXVzGvRpsCLvDH8gY1U,3,transaction,72296620,False,True,4,13udL5vExk8u2BEvXVzGvRpsCLvDH8gY1U|72637933|18iR8gJVbC2jnuQziLpUkCnHRb2JwwPm4J|72296620,wallet|transaction|wallet|transaction,|0.0172073|0.095305|0.0176375,|0.0172073|0.0476525|0.00251964,|0.967098|0.333191|0.0402144
1437cUeECbfW1KaQzpJTRunDnTP1LifEtZ,3,transaction,138182641,False,True,4,1437cUeECbfW1KaQzpJTRunDnTP1LifEtZ|13290886|1E8NnVYKkN21rpr6DhGBZxPSpK16TgZkaP|138182641,wallet|transaction|wallet|transaction,|0.0162734|0.0823506|0.0168558,|0.0162734|0.0411753|0.0168558,|0.991827|0.463406|0.0323352
145uP9Suy7ejTGnXWZhUCZdgBP2EP4vki7,3,transaction,209796382,False,True,4,145uP9Suy7ejTGnXWZhUCZdgBP2EP4vki7|211089437|1GqqpQMq8P8KE1j2wM2GCb3PxUey9xNZ98|209796382,wallet|transaction|wallet|transaction,|0.0152857|0.0952801|0.0165355,|0.00305713|0.04764|0.00413388,|-1.36018e-05|1.67489e-05|0.229451
148miPtpwJQ48tgDcRRMUffWoVjyzBdtEh,3,transaction,379046067,False,True,4,148miPtpwJQ48tgDcRRMUffWoVjyzBdtEh|336437136|12QRP71BUw7xBMwLZ9AEUyMscXWqppDyhz|379046067,wallet|transaction|wallet|transaction,|0.012904|0.0952356|0.0168909,|0.012904|0.0476178|0.0168909,|0.036397|0.119972|0.853741
14DJ2AKFntaCpGzT1q2JNut5sQprs1BQBA,3,transaction,269599775,False,True,4,14DJ2AKFntaCpGzT1q2JNut5sQprs1BQBA|269599771|19XGkrdfpHy7xKkLeExFFXf4cJ96XD8hM4|269599775,wallet|transaction|wallet|transaction,|0.0149193|0.0952932|0.0139636,|0.0149193|0.0476466|0.0139636,|-0.00174904|0.330794|-0.00209647
14T39Tz1Ls4GSBTLE6WKkstfdUAmSj8CJh,3,transaction,23666507,False,True,4,14T39Tz1Ls4GSBTLE6WKkstfdUAmSj8CJh|191632582|1BAMathW63rsi52SckjMcoymhJbEAAHc1e|23666507,wallet|transaction|wallet|transaction,|0.0153525|0.0947249|0.0166202,|0.0153525|0.0473624|0.0166202,|0.46708|0.167956|0.777509
14WhsQhTasspQEr9BQHXnMus1937JSfRmG,3,transaction,194581614,False,True,4,14WhsQhTasspQEr9BQHXnMus1937JSfRmG|154061463|1Nr22aioHnimYg6gvnUGymdGB9J81bBB38|194581614,wallet|transaction|wallet|transaction,|0.0149679|0.0952966|0.0165641,|0.0149679|0.0476483|0.0165641,|-0.0134855|0.00374261|0.993884
14b9bpTgf7DxeokHabbWGtBaf76seknMt5,3,transaction,115056829,False,True,4,14b9bpTgf7DxeokHabbWGtBaf76seknMt5|100075384|1DUSYE8wiwXqJGM36cayd6TmWzxybieyFG|115056829,wallet|transaction|wallet|transaction,|0.0152497|0.0952377|0.0168966,|0.0152497|0.0317459|0.0168966,|0.592385|0.0189528|0.861619
14dUskV8M5cLjsLHaiKsbPT6kB8fNFDebm,3,transaction,1809797,False,True,4,14dUskV8M5cLjsLHaiKsbPT6kB8fNFDebm|84374871|3Pp1DjF8ghYqTEji3uXLCtLCjh65zZXDzN|1809797,wallet|transaction|wallet|transaction,|0.0123083|0.0952985|0.0165901,|0.0123083|0.0952985|0.0165901,|-0.00363147|0.00346631|0.998402
156hr4RNsANVvaXBpyZxSzSfJGAeidGnWM,3,transaction,312469997,False,True,4,156hr4RNsANVvaXBpyZxSzSfJGAeidGnWM|372673770|1PZAMeist9MKFJDTnLgCTavDUf2RWkKcJc|312469997,wallet|transaction|wallet|transaction,|0.0139944|0.095287|0.016882,|0.0139944|0.0476435|0.016882,|-0.00299317|0.212023|0.874736
15NHnFuqK4pVkKZQCxGdfpCeg1ZcneV9en,3,transaction,73219821,False,True,4,15NHnFuqK4pVkKZQCxGdfpCeg1ZcneV9en|73219656|149Jtyaxa3d1M3wfkDFqT3pS7kZ4dWJt95|73219821,wallet|transaction|wallet|transaction,|0.0161806|0.0947873|0.0166924,|0.0161806|0.0473936|0.0166924,|-0.141927|0.012548|0.885646
15QucPTAwbKutMpcBDoWti4UpWnLeUB98L,3,transaction,12776767,False,True,4,15QucPTAwbKutMpcBDoWti4UpWnLeUB98L|12780353|18dWdBKaCpjtGtndQ497arDLXUWLXD1T2m|12776767,wallet|transaction|wallet|transaction,|0.0159748|0.0951686|0.0161402,|0.0159748|0.0475843|0.0161402,|0.00780576|0.094939|0.363134
15ZnXriJiezVyjhKyFWB1ZQX6Ho5h1fkXB,3,transaction,208931358,False,True,4,15ZnXriJiezVyjhKyFWB1ZQX6Ho5h1fkXB|119149506|17YpmMzuefsm31hnxmDZwueLo7uqKCzrE5|208931358,wallet|transaction|wallet|transaction,|0.0169514|0.0890974|0.0175265,|0.0169514|0.0222744|0.0175265,|0.987098|6.34342e-05|0.0623375
15ahvubjdW3X5reCRydTceYUkoUxgPiLUR,3,transaction,356902018,False,True,4,15ahvubjdW3X5reCRydTceYUkoUxgPiLUR|363528680|1C45AkCFRAZwmMxGJqLWJ72KJn8aTUQy1X|356902018,wallet|transaction|wallet|transaction,|0.0150554|0.095286|0.014934,|0.0150554|0.047643|0.014934,|-0.00527203|0.123802|-0.00298703
15awF74GqmnSQcqoDsMB1xY2P5nLij17aG,3,transaction,288401071,False,True,4,15awF74GqmnSQcqoDsMB1xY2P5nLij17aG|288401420|1LU4SqRr18uSYchuHFgrk2VUyYNaH2Kk9b|288401071,wallet|transaction|wallet|transaction,|0.0164266|0.0952439|0.0154303,|0.0164266|0.031748|0.0154303,|0.431924|0.00252235|-0.00794995
15dKuw1knjv8qm1VxeLNSUqrkws82s5PG5,3,transaction,339058549,False,True,4,15dKuw1knjv8qm1VxeLNSUqrkws82s5PG5|339094214|1KrycbahyJKzFDtJdF3838xZR3xyikHkPy|339058549,wallet|transaction|wallet|transaction,|0.0152628|0.0952456|0.0144449,|0.0152628|0.0476228|0.0144449,|0.032136|0.0559033|-0.0117131
15tTA9CaZMArZfHZK8KLqmC56nhWBRhdUc,3,transaction,73218950,False,True,4,15tTA9CaZMArZfHZK8KLqmC56nhWBRhdUc|73218947|183joidrnGfyF6GZjoatahtzAsx661jAYa|73218950,wallet|transaction|wallet|transaction,|0.0165409|0.0909794|0.0166004,|0.000972993|0.0454897|0.0166004,|-1.2559e-05|-1.03116e-05|0.457586
162714kvzBmmRik7JSb9rzGC9EnF5UFwMX,3,transaction,98975273,False,True,4,162714kvzBmmRik7JSb9rzGC9EnF5UFwMX|99206831|15SM4bhGtDEzxSG4XztA1zeNm91QScXCcY|98975273,wallet|transaction|wallet|transaction,|0.0152813|0.0952654|0.0143187,|0.0152813|0.0476327|0.0143187,|0.00387949|0.296589|0.159376
1653dJ71bo3H5pR3Cw8ZTE29AGtKK1GNGs,3,transaction,20009648,False,True,4,1653dJ71bo3H5pR3Cw8ZTE29AGtKK1GNGs|210642273|1DQKqM6sdy7EUz4yhkHe9E4VxzVFJsotS9|20009648,wallet|transaction|wallet|transaction,|0.0125525|0.0953034|0.0174569,|0.0125525|0.0476517|0.0174569,|-0.0149067|0.00387442|0.998306
166XQjeB87Eruq7mK4yHQUjccu3et1NtCV,3,transaction,1809797,False,True,4,166XQjeB87Eruq7mK4yHQUjccu3et1NtCV|84374871|3Pp1DjF8ghYqTEji3uXLCtLCjh65zZXDzN|1809797,wallet|transaction|wallet|transaction,|0.0123083|0.0952985|0.0165901,|0.0123083|0.0952985|0.0165901,|-0.00362557|0.00346076|0.998402
169CR7r3rJETz4FyebDtRw1JhfVNxEE85d,3,transaction,299176487,False,True,4,169CR7r3rJETz4FyebDtRw1JhfVNxEE85d|77985071|3J9xX7EUdQxmQQZ9Xa3HELzmwUTXpAvdr1|299176487,wallet|transaction|wallet|transaction,|0.00659484|0.0953047|0.0165674,|0.00659484|0.0476524|0.0165674,|-0.013911|-0.00468898|0.99919
16Nm5gA56TVujrkLd7zWx82XPJWZWGJuk4,3,transaction,372684388,False,True,4,16Nm5gA56TVujrkLd7zWx82XPJWZWGJuk4|372727546|19p2UFk8YDGXgioHgWcLhZbAvnLHohQ1rg|372684388,wallet|transaction|wallet|transaction,|0.0159155|0.0951979|0.0143833,|0.0159155|0.047599|0.0143833,|0.773092|0.354464|-0.0315937
16ZQVbjJH81keu7HqjT69T8EgCtmZzRP4y,3,transaction,241507480,False,True,4,16ZQVbjJH81keu7HqjT69T8EgCtmZzRP4y|238546004|17R9No7yNpgrQ41fqZvRmnNqcVfatFrt6Z|241507480,wallet|transaction|wallet|transaction,|0.015854|0.0948167|0.016885,|0.015854|0.0474083|0.016885,|0.524643|0.0601117|0.708288
16bAP2EBr6uxaqW69fAbQTFsECE2v9WUk3,3,transaction,54816062,False,True,4,16bAP2EBr6uxaqW69fAbQTFsECE2v9WUk3|54915900|176xHDtQwPV1ckM2kdrcisAwiTVPgURLCz|54816062,wallet|transaction|wallet|transaction,|0.0167298|0.0819153|0.0168584,|0.0167298|0.0409577|0.0168584,|0.76494|0.232827|0.0396535
16c3KHbWi9MwwxJZ5xP2k4iGipNMWC7s65,3,transaction,234169864,False,True,4,16c3KHbWi9MwwxJZ5xP2k4iGipNMWC7s65|234169863|15Fg1um6STzipAFNpix89KYw6GifzU8Ura|234169864,wallet|transaction|wallet|transaction,|0.0158092|0.0950094|0.0168012,|0.00790462|0.0475047|0.0168012,|0.334729|0.00404668|0.85813
16fqJ23TKVm8z38MhHwfbp3hJ3Ru8g66TS,3,transaction,13588765,False,True,4,16fqJ23TKVm8z38MhHwfbp3hJ3Ru8g66TS|163811747|1Cp6H3uZVXTpynummkyu7qDeJmhXjoBQz8|13588765,wallet|transaction|wallet|transaction,|0.0158916|0.0952873|0.0164918,|0.00317831|0.0476437|0.0164918,|0.00534428|0.0110895|0.995178
17J5jCdtQrzhCNJcyCteqUv5LMudhkLr2X,3,transaction,10280742,False,True,4,17J5jCdtQrzhCNJcyCteqUv5LMudhkLr2X|163652664|1J4mBi6E6bHwzDzDJ8SPHnNuoLD8CAw7BH|10280742,wallet|transaction|wallet|transaction,|0.013667|0.0952948|0.0167281,|0.013667|0.0476474|0.0167281,|-0.00493002|0.0136031|0.996234
17k2L2LNxVmgdezYqWE7ReJXBcE5tfZivN,3,transaction,194581614,False,True,4,17k2L2LNxVmgdezYqWE7ReJXBcE5tfZivN|353699854|12ZgeytYEfSJf3S28FegkBErxBciwbcPAR|194581614,wallet|transaction|wallet|transaction,|0.0154746|0.0952989|0.0165641,|0.00773728|0.0476494|0.0165641,|0.00493377|0.00594202|0.994674
17phnZ8eMLdwKkGc8qM5bB4hXRpU4HmpRE,3,transaction,1744684,False,True,4,17phnZ8eMLdwKkGc8qM5bB4hXRpU4HmpRE|44562505|16BUSSdNtJyjQ5tW4irdYLsp6rc9SjEuhT|1744684,wallet|transaction|wallet|transaction,|0.0117357|0.0950853|0.017653,|0.00293393|0.0475427|0.017653,|0.114948|0.02323|0.739345
17sA1yvLeJpP25XfMX3AGjhgrojwzYfH7y,3,transaction,226277187,False,True,4,17sA1yvLeJpP25XfMX3AGjhgrojwzYfH7y|355092392|1Dp4srGB8YWq833pzJC7JC2QcUk8ZcsKiT|226277187,wallet|transaction|wallet|transaction,|0.0161112|0.0950148|0.0152264,|0.0161112|0.0475074|0.0152264,|0.725845|0.381407|0.874722
17shn5YvyYFhWsc789uR3PrY1jSixjhn3u,3,transaction,67681867,False,True,4,17shn5YvyYFhWsc789uR3PrY1jSixjhn3u|67681829|1FUSGdPSxm9u6wkSvVeSLEiLvZ8bgvG8se|67681867,wallet|transaction|wallet|transaction,|0.0164078|0.0939391|0.0166122,|0.00164078|0.0469696|0.00332245,|-2.27451e-05|7.78735e-05|0.0761192
17tV4BuGBV6yLxtnaGNeQx27qy4t3X4Pub,3,transaction,49025732,False,True,4,17tV4BuGBV6yLxtnaGNeQx27qy4t3X4Pub|54465449|1CJmdGTk8M3S4n1sWA3e2QjNiDqJ5r3qUy|49025732,wallet|transaction|wallet|transaction,|0.0120654|0.0952758|0.0169234,|0.0120654|0.0476379|0.0169234,|0.0372502|0.0565164|0.898988
17vZpVtS5CQPjZBUdq1ZDZebBV49QxcdZd,3,transaction,290313048,False,True,4,17vZpVtS5CQPjZBUdq1ZDZebBV49QxcdZd|360401482|1EVfaxiANiE9yCH4Uzpc3J8HCUqM72Lho1|290313048,wallet|transaction|wallet|transaction,|0.0144204|0.0952871|0.016898,|0.0144204|0.0476435|0.016898,|-0.0095486|0.138326|0.957129
17wJgWixe7kGmWYp8Vied8eY7SSEvRjJts,3,transaction,36750199,False,True,4,17wJgWixe7kGmWYp8Vied8eY7SSEvRjJts|200579209|3LxmL9UCFMGs3ofnZMyPqxcS8cYZHaiGcP|36750199,wallet|transaction|wallet|transaction,|0.0155072|0.0949614|0.0168607,|0.0155072|0.0237404|0.0168607,|0.901435|0.085814|0.794977
18CQSBxriW5r53xGKnRy7GmSin3yMXfQ8P,3,transaction,331564379,False,True,4,18CQSBxriW5r53xGKnRy7GmSin3yMXfQ8P|334607303|1BZU9sMBkPWKs5unjLyE2qaoaxxxcKKsKM|331564379,wallet|transaction|wallet|transaction,|0.0175598|0.0952343|0.017549,|0.0175598|0.0476171|0.017549,|0.995669|0.165538|0.329995
18N32VTpWKzR1PjPRXNngjxwJVBEAmfbeb,3,transaction,238247439,False,True,4,18N32VTpWKzR1PjPRXNngjxwJVBEAmfbeb|241513499|1Q92CMv5xX3ZeqnPKZWdrkXezX8iWtDeE7|238247439,wallet|transaction|wallet|transaction,|0.0119261|0.0953035|0.0169463,|0.0119261|0.0476518|0.0169463,|-0.00202233|0.00298998|0.96296
18gtsvEmoV5wA2rBk6q9cJn6V7WGw6dewE,3,transaction,378047224,False,True,4,18gtsvEmoV5wA2rBk6q9cJn6V7WGw6dewE|378255036|1Eq1vcHC4GJcfsW1KUyubEZAj6pXbWRyxb|378047224,wallet|transaction|wallet|transaction,|0.00394267|0.0952789|0.0169189,|0.00394267|0.0952789|0.0169189,|0.00401813|0.0210322|0.894022
194Fgd59NmPWh5ydYGzZCaSzrSZxXdDJLr,3,transaction,175122972,False,True,4,194Fgd59NmPWh5ydYGzZCaSzrSZxXdDJLr|175472351|1QEKqvAJffvzE5aHvDbxVNWVq98U5Yutf3|175122972,wallet|transaction|wallet|transaction,|0.0151539|0.0945132|0.0168766,|0.0151539|0.0472566|0.0168766,|0.842598|0.251652|0.664707
19638JLC6XEzAY32voToAHjgrvw9XvZf9K,3,transaction,96995895,False,True,4,19638JLC6XEzAY32voToAHjgrvw9XvZf9K|96995890|1PMYeF6gokwEtm4LFYe7x8DkgSLqKt68n4|96995895,wallet|transaction|wallet|transaction,|0.016055|0.0952157|0.0168325,|0.016055|0.0476078|0.0168325,|-0.00194079|0.378621|0.884743
197s6kUPfweD8N4hTJ71TzM6yakS1NXyKD,3,transaction,288093871,False,True,4,197s6kUPfweD8N4hTJ71TzM6yakS1NXyKD|288296401|14L5Wjk7VHPWDxmGnFgjhuhfJNUnpFaVcS|288093871,wallet|transaction|wallet|transaction,|0.0151982|0.0951602|0.0168583,|0.0151982|0.0475801|0.0168583,|0.00867289|0.196749|0.843722
19885fwTEXnW1r12MPXPhNfVtaWfmdPoHR,3,transaction,8827141,False,True,4,19885fwTEXnW1r12MPXPhNfVtaWfmdPoHR|179099727|1GUZ9oUWqFqqZXsgA5CpsjnBPq4WQAfxGw|8827141,wallet|transaction|wallet|transaction,|0.0158715|0.095275|0.0166087,|0.0158715|0.0476375|0.0166087,|-0.00358891|0.0200496|0.986709
19BZW9Mqi8pREmYr8JmusBZoRJGCSdb9ZD,3,transaction,72296620,False,True,4,19BZW9Mqi8pREmYr8JmusBZoRJGCSdb9ZD|72629365|18iR8gJVbC2jnuQziLpUkCnHRb2JwwPm4J|72296620,wallet|transaction|wallet|transaction,|0.0172815|0.095305|0.0176375,|0.00246878|0.0476525|0.00251964,|-8.3753e-05|3.05176e-05|0.0402144
19WD7rTGfHaLhjR7hqsw4GBgoz63Z1NqPE,3,transaction,38544260,False,True,4,19WD7rTGfHaLhjR7hqsw4GBgoz63Z1NqPE|12666163|17eduVfcQN9sX3HtZB7AzdY625ZQpNZTvC|38544260,wallet|transaction|wallet|transaction,|0.0165938|0.0944664|0.0162958,|0.0165938|0.0188933|0.0162958,|0.786473|0.000931048|0.392113
19aeaUawh3hsjLa8rHS2oqscXdGNVz8XEb,3,transaction,9969789,False,True,4,19aeaUawh3hsjLa8rHS2oqscXdGNVz8XEb|97729143|1Bg8hBdzDG2TJweHZtTttZZDEdwv8WbEzS|9969789,wallet|transaction|wallet|transaction,|0.0170286|0.0952021|0.0176817,|0.0170286|0.047601|0.0176817,|0.964019|0.384411|0.279575
19ouoxaugCU8eXFYE1xuz1HmRTf2JVgkmN,3,transaction,399663395,False,True,4,19ouoxaugCU8eXFYE1xuz1HmRTf2JVgkmN|346091909|1PRmyj1DdefKgEqsFw77zjqDdgY5zxabCd|399663395,wallet|transaction|wallet|transaction,|0.0101285|0.0952865|0.0169132,|0.0101285|0.0476432|0.0169132,|0.0194585|0.14837|0.903216
19qSUk2YQBpqXZECjEdHU3LXR5CeDCrNVc,3,transaction,3278955,False,True,4,19qSUk2YQBpqXZECjEdHU3LXR5CeDCrNVc|234149919|1N3NaeeDoZXCaArKv4bxmYo1PMjGzv9QHd|3278955,wallet|transaction|wallet|transaction,|0.0111944|0.095243|0.0169078,|0.00373147|0.0476215|0.0169078,|0.034911|0.0592988|0.887302
19tD7f6o9whavMSxWUyXJE5ytegyH25tcN,3,transaction,99200944,False,True,4,19tD7f6o9whavMSxWUyXJE5ytegyH25tcN|99676516|19QT9yrazMZw7FWnrkV9bs64wpVwbDPzyS|99200944,wallet|transaction|wallet|transaction,|0.0156561|0.0952933|0.0168869,|0.0156561|0.0317644|0.0168869,|0.305699|0.000419756|0.882285
1A1CZSa4YQHeuaGhCFtEigaRodmTnnpaF,3,transaction,72340864,False,True,4,1A1CZSa4YQHeuaGhCFtEigaRodmTnnpaF|72743120|13mcvXZK8pW14WpUpfKRzppG3BiqiZRwVb|72340864,wallet|transaction|wallet|transaction,|0.016307|0.0952358|0.0167887,|0.016307|0.0119045|0.0167887,|0.626365|4.34741e-05|0.9784
1ABigCQYGYXPGRChRX8JkJxXEfuCDVdeEg,3,transaction,84728970,False,True,4,1ABigCQYGYXPGRChRX8JkJxXEfuCDVdeEg|85005013|1GtJ2khS81coFVZV529zhx6DZX3th1bGTE|84728970,wallet|transaction|wallet|transaction,|0.0153416|0.0951334|0.0139374,|0.0153416|0.0475667|0.0139374,|0.230529|0.208029|0.302742
1ADwq8aVzCVWHysRwJm887a1EECzPR2mBb,3,transaction,98972882,False,True,4,1ADwq8aVzCVWHysRwJm887a1EECzPR2mBb|98972871|15JHfV2CyPH7s4tdVPNP9ARDMwPmPVPM4c|98972882,wallet|transaction|wallet|transaction,|0.0162916|0.0869259|0.0168946,|0.0162916|0.0434629|0.0168946,|0.995152|0.394749|0.0779789
1AERAogZ6epUpgsQMKH4GMLuwhCVhAigWS,3,transaction,1809797,False,True,4,1AERAogZ6epUpgsQMKH4GMLuwhCVhAigWS|84374871|3Pp1DjF8ghYqTEji3uXLCtLCjh65zZXDzN|1809797,wallet|transaction|wallet|transaction,|0.0123083|0.0952985|0.0165901,|0.0123083|0.0952985|0.0165901,|-0.00362557|0.00346076|0.998402
1AJcpoHeymvR1zGqDMFu8SWcEerG5xfg4M,3,transaction,175411114,False,True,4,1AJcpoHeymvR1zGqDMFu8SWcEerG5xfg4M|175758689|18bXZqpPALGN22hLrmPoCXN2iPUm2NM2L2|175411114,wallet|transaction|wallet|transaction,|0.0149847|0.0952693|0.0165908,|0.0149847|0.0476347|0.0165908,|0.0099017|0.0388013|0.0113075
1Ah9JpJU5EhyHzZ9GetnzkifqjKHaXJnnN,3,transaction,190039816,False,True,4,1Ah9JpJU5EhyHzZ9GetnzkifqjKHaXJnnN|190427446|1CJ8UDmfzAWUsamqerpWzormuFNAxmnpwX|190039816,wallet|transaction|wallet|transaction,|0.016206|0.0943832|0.0154722,|0.00324119|0.0471916|0.0154722,|3.17931e-05|0.00100717|0.824972
1Ankd48sB4LStxg1caZuUCjQcqMhdLLj6L,3,transaction,189805129,False,True,4,1Ankd48sB4LStxg1caZuUCjQcqMhdLLj6L|189805127|148TMmBdUKUP3ABarNVtLJnXkPaFwzzyxr|189805129,wallet|transaction|wallet|transaction,|0.0151911|0.0950657|0.0168599,|0.0151911|0.0475328|0.0168599,|0.0245283|0.327171|0.830966
1B2mkRV1S1NW3z3iLFzBNBhkHnUi5KiutF,3,transaction,272106011,False,True,4,1B2mkRV1S1NW3z3iLFzBNBhkHnUi5KiutF|272106010|17ueFNsaNfMZcnzvgTBWA1ABEryGVzyqJX|272106011,wallet|transaction|wallet|transaction,|0.0142143|0.095292|0.0168957,|0.0142143|0.047646|0.0168957,|-0.00236368|0.0664859|0.876436
1B5F1oWBLS6u1iNs3rprvGT8PS6s9VQX9m,3,transaction,248887342,False,True,4,1B5F1oWBLS6u1iNs3rprvGT8PS6s9VQX9m|249236463|1LjcN13H2mTBCP16LNFEhfTD44eh8yi5v9|248887342,wallet|transaction|wallet|transaction,|0.014222|0.0952995|0.0169014,|0.014222|0.0476497|0.0169014,|-0.0023303|0.009094|0.952534
1BGHnvRy2r6S2AK6QJypdqr9EWUYjMoSxt,3,transaction,1809797,False,True,4,1BGHnvRy2r6S2AK6QJypdqr9EWUYjMoSxt|84374871|3Pp1DjF8ghYqTEji3uXLCtLCjh65zZXDzN|1809797,wallet|transaction|wallet|transaction,|0.0123083|0.0952985|0.0165901,|0.0123083|0.0952985|0.0165901,|-0.00494099|0.0048328|0.998402
1BKRs69RkmR99aHaDhAtCjebkhipkXWauF,3,transaction,37680627,False,True,4,1BKRs69RkmR99aHaDhAtCjebkhipkXWauF|339642957|12DHrnSs148YJ6FueBs8cmSk2gzqBk5AYa|37680627,wallet|transaction|wallet|transaction,|0.0137624|0.095304|0.0166669,|0.00458747|0.047652|0.0166669,|0.00013574|0.000396609|0.999512
1BNRSo9eskbpZzKPScHHp3j4QRUsdxLEg4,3,transaction,13582003,False,True,4,1BNRSo9eskbpZzKPScHHp3j4QRUsdxLEg4|12664490|121cTqQTUb8mQmaGVjdtvQmtoHk9Eg4KDu|13582003,wallet|transaction|wallet|transaction,|0.0163234|0.0916827|0.0154817,|0.0163234|0.0458414|0.0154817,|0.800959|0.229439|0.443185
1BS2baifcjeBXRBq8Nn1ApsuERxectbr9H,3,transaction,339088477,False,True,4,1BS2baifcjeBXRBq8Nn1ApsuERxectbr9H|339095203|1HUSdQuMDsYuj3SjwwoBR5WM6HcTsY5Wqv|339088477,wallet|transaction|wallet|transaction,|0.0151414|0.0951369|0.0168455,|0.0151414|0.0475684|0.0168455,|0.0523858|0.256008|0.850775
1Bo7FuiVd3qFzks4xqt5MC4xdMnwMgS1wd,3,transaction,160770234,False,True,4,1Bo7FuiVd3qFzks4xqt5MC4xdMnwMgS1wd|232656419|13MtFizs6X3y5kG35MLKFUcf8s2ZGsYW25|160770234,wallet|transaction|wallet|transaction,|0.0165812|0.0574886|0.016836,|0.0165812|0.0287443|0.016836,|0.998768|0.0170448|0.0248935
1C7Y6bp6URUPhVEQT83wno2wTsFYYyfnmW,3,transaction,211118681,False,True,4,1C7Y6bp6URUPhVEQT83wno2wTsFYYyfnmW|210642706|1GAy1qPgHkboWegAezYH5NYGu1QYGkieRY|211118681,wallet|transaction|wallet|transaction,|0.0145326|0.0952951|0.015375,|0.0145326|0.0476475|0.015375,|-0.00121653|0.223662|0.0132663
1CALMbS2A9AFfFdXYGw6rRVZW9A3FVz7fo,3,transaction,203672502,False,True,4,1CALMbS2A9AFfFdXYGw6rRVZW9A3FVz7fo|29599380|1N7U5DHnpBdooHxDe69MgFpgsBXymkw9Qy|203672502,wallet|transaction|wallet|transaction,|0.0147774|0.0935674|0.0162981,|0.0147774|0.0467837|0.0162981,|0.953424|0.0299487|0.507315
1CEn9pKVyoQ49byd9L6xZ9oifkZ586w46j,3,transaction,272334640,False,True,4,1CEn9pKVyoQ49byd9L6xZ9oifkZ586w46j|272419455|1LnJiNrnMq9sXGJoZMMvAMhj63pFi2xtd6|272334640,wallet|transaction|wallet|transaction,|0.0156299|0.0338304|0.0166326,|0.00390749|0.0169152|0.0166326,|0.000248954|0.00277135|0.0370069
1CSt6qGLpgc5XcAocUNLj7fhF7BTGkwkk3,3,transaction,72712935,False,True,4,1CSt6qGLpgc5XcAocUNLj7fhF7BTGkwkk3|73220628|16KCU2P5pjjn8oPJA4n5EeLdMFsYNkNcNE|72712935,wallet|transaction|wallet|transaction,|0.0155712|0.0949131|0.0168302,|0.0155712|0.0474565|0.0168302,|0.556912|0.33497|0.768513
1Cr53Doa3kJiricseWoepF93Lb9GmKu14W,3,transaction,13340480,False,True,4,1Cr53Doa3kJiricseWoepF93Lb9GmKu14W|40764117|15n2wTzdWMdRNGxtEMAEBkHRz4RvG8eamu|13340480,wallet|transaction|wallet|transaction,|0.0151739|0.0952398|0.015384,|0.0151739|0.0476199|0.015384,|0.798754|0.0284594|0.159558
1D2tfET1oJ8ULN6t5SdVQZKn8kTgy6vCaM,3,transaction,92001003,False,True,4,1D2tfET1oJ8ULN6t5SdVQZKn8kTgy6vCaM|94336031|18FgHfqYZpipbTPHVDJPWixymjNewv5Nr5|92001003,wallet|transaction|wallet|transaction,|0.0158743|0.0951191|0.0168518,|0.0158743|0.0118899|0.0168518,|0.742118|0.044336|0.820137
1DHHJdsakHN7tCuLziQqfUHFK5RKpJB6RN,3,transaction,71774451,False,True,4,1DHHJdsakHN7tCuLziQqfUHFK5RKpJB6RN|72012836|1Pqm49Qob5hiY5AtPh4g5icNFQCYe1S4ec|71774451,wallet|transaction|wallet|transaction,|0.0154699|0.0936928|0.0168465,|0.0154699|0.0468464|0.0168465,|0.953229|0.0656782|0.537506
1DSsh1Wf74a2V9JoHhhSZfsX9NVxNvSVih,3,transaction,99675351,False,True,4,1DSsh1Wf74a2V9JoHhhSZfsX9NVxNvSVih|100075057|12q3nKf7EDhdqPPRUhGLbdds9SvpWCDQ5D|99675351,wallet|transaction|wallet|transaction,|0.0143997|0.0952772|0.0168779,|0.0143997|0.0476386|0.0168779,|-0.00642747|0.215971|0.869726
1DaeCftczdiy6YMY5hfh2Ab1T7yQoHcKXJ,3,transaction,378510296,False,True,4,1DaeCftczdiy6YMY5hfh2Ab1T7yQoHcKXJ|378593247|17mTgBoZbV5sF6GiTWgrYi9suxFg9NYSYU|378510296,wallet|transaction|wallet|transaction,|0.0151146|0.0952293|0.016034,|0.0075573|0.0476146|0.016034,|0.00442705|0.0199741|0.981848
1DyiUUazTR6XwSbPXpdh3gzRtQoJokWUdN,3,transaction,372957321,False,True,4,1DyiUUazTR6XwSbPXpdh3gzRtQoJokWUdN|323888916|1PHiTUHWzrWxqadENv2az1LZbKX8DTrBwU|372957321,wallet|transaction|wallet|transaction,|0.0144628|0.0941415|0.0163215,|0.0144628|0.0470708|0.0163215,|0.834849|0.280485|0.670671
1EEE25dm1UmWq7T4buvTHZBvHkHfFuR64S,3,transaction,9576638,False,True,4,1EEE25dm1UmWq7T4buvTHZBvHkHfFuR64S|210373225|15D5PJsyN8ykP5eVJw8JgNT7Rshfqyc8jh|9576638,wallet|transaction|wallet|transaction,|0.0141425|0.0953026|0.0164468,|0.0141425|0.0476513|0.0164468,|-0.00131983|0.00566715|0.999162
1ET5nYBfiUqhLtpUoFd1MgpvhWzkRTq1YY,3,transaction,7309494,False,True,4,1ET5nYBfiUqhLtpUoFd1MgpvhWzkRTq1YY|92724844|1DVpQazjy9XBWFmnMaaSrPzm61RRHEV9Z9|7309494,wallet|transaction|wallet|transaction,|0.0165849|0.093765|0.0168821,|0.0165849|0.0156275|0.0168821,|0.527798|-0.0220012|0.596456
1EWygJ5gxGvPiBsJnzSTNaT5xZkvyfgBtr,3,transaction,368754919,False,True,4,1EWygJ5gxGvPiBsJnzSTNaT5xZkvyfgBtr|310355053|13yBfxunPsrgbRunA3jzuh3jtYJzv47Lhm|368754919,wallet|transaction|wallet|transaction,|0.0159016|0.0951476|0.0156758,|0.0159016|0.0237869|0.0156758,|0.941102|0.148522|0.922472
1EfaUk4CzJr36J3Nuw3BRNkHfo7gB8BJTd,3,transaction,91844922,False,True,4,1EfaUk4CzJr36J3Nuw3BRNkHfo7gB8BJTd|91845019|1BE3e8QUkHt4H9PbfsVYAaM88FXJtMT7A2|91844922,wallet|transaction|wallet|transaction,|0.0163338|0.0952328|0.0168634,|0.0163338|0.0317443|0.0168634,|0.337148|0.00023516|0.867072
1EitoeKAUzWZuybhoGbPao8XwbfMTj6w2Z,3,transaction,99675390,False,True,4,1EitoeKAUzWZuybhoGbPao8XwbfMTj6w2Z|100075829|1Cv6trvjmfj8m13assPpgEEY47kQLnBFPd|99675390,wallet|transaction|wallet|transaction,|0.0150381|0.0952803|0.014298,|0.0150381|0.0476401|0.014298,|-0.000614285|0.112109|-0.00523967
1Eziyq5LPL5Ra1FiT72TcTPVktwfVGtsfu,3,transaction,70804318,False,True,4,1Eziyq5LPL5Ra1FiT72TcTPVktwfVGtsfu|71450735|17iuZcX7VmkbnQPNhJaoG7jZRZquJ2aKAb|70804318,wallet|transaction|wallet|transaction,|0.015849|0.0945967|0.0168409,|0.015849|0.0472984|0.0168409,|0.501879|0.00319099|0.723659
1F89dRDA37hkg3gHZCfom6gShm9SmNbcLF,3,transaction,378064478,False,True,4,1F89dRDA37hkg3gHZCfom6gShm9SmNbcLF|378252179|1L2VxhkG5CYSU9dWLgTVSYHDAUPYM37wbw|378064478,wallet|transaction|wallet|transaction,|0.0135727|0.0952721|0.0169123,|0.0135727|0.047636|0.0169123,|-0.00839764|0.0423068|0.880059
1FT5U4KKxMavFJrrFDt6hLWPCvQEtsU3Hp,3,transaction,346099498,False,True,4,1FT5U4KKxMavFJrrFDt6hLWPCvQEtsU3Hp|280526433|1ByqSru5E3Nrwhvsq5tyXHzbHNMsAUuE5W|346099498,wallet|transaction|wallet|transaction,|0.0135134|0.0952805|0.0162818,|0.00337835|0.0476403|0.0162818,|-6.02305e-05|4.01437e-05|0.986579
1FTT5S3CvpBxwPqw9qegjxsHopCb2xyPZU,3,transaction,269192894,False,True,4,1FTT5S3CvpBxwPqw9qegjxsHopCb2xyPZU|244475603|1Pt8soMb8PiiHCZGDBVduMhiDMDz3YeRDN|269192894,wallet|transaction|wallet|transaction,|0.00699514|0.0768687|0.0171475,|0.00699514|0.0384343|0.0171475,|0.978827|0.0575727|0.119921
1FU8h6WDyeoMKATLRHNWe4iABWLikuqBL7,3,transaction,372526908,False,True,4,1FU8h6WDyeoMKATLRHNWe4iABWLikuqBL7|312232042|1FAqzSdh28qSs4rQpPcSa8ATYiCawoncVz|372526908,wallet|transaction|wallet|transaction,|0.0161234|0.0952665|0.0169065,|0.0161234|0.0136095|0.0169065,|0.649425|-0.000304282|0.890878
1FW2VB4NVmmH6q2MfuCuSxPhp6juXE7f3y,3,transaction,339114911,False,True,4,1FW2VB4NVmmH6q2MfuCuSxPhp6juXE7f3y|5807241|1N9kWJzgfx5oFsQm6oDJvwyhW6xNdKS4Ta|339114911,wallet|transaction|wallet|transaction,|0.0165867|0.0942319|0.0149129,|0.0165867|0.023558|0.0149129,|0.852922|0.157559|-0.264126
1FsLjMgkr4aHcRiuafYoeqGaGpgeYmBSaZ,3,transaction,209796382,False,True,4,1FsLjMgkr4aHcRiuafYoeqGaGpgeYmBSaZ|210636338|1GqqpQMq8P8KE1j2wM2GCb3PxUey9xNZ98|209796382,wallet|transaction|wallet|transaction,|0.0152355|0.0952801|0.0165355,|0.00761774|0.04764|0.00413388,|-0.000161707|0.000324488|0.229451
1FvSbfwcLEuZJsQEqhEvbZWRw4ww2P6Ggq,3,transaction,313338843,False,True,4,1FvSbfwcLEuZJsQEqhEvbZWRw4ww2P6Ggq|313042759|12oxyPhww7jWA7y4gV1hijXQEJK9h9mMRC|313338843,wallet|transaction|wallet|transaction,|0.0139784|0.0945821|0.0159115,|0.0139784|0.0472911|0.0159115,|0.929083|0.121303|0.739204
1G6zM9DMC2bBLN9SNvaq8osjsEKz5Gbenx,3,transaction,355089532,False,True,4,1G6zM9DMC2bBLN9SNvaq8osjsEKz5Gbenx|355003247|1QGKb31PyP8eta7ZuHiaQdrmbJLdWqiYzK|355089532,wallet|transaction|wallet|transaction,|0.0147417|0.0946214|0.0168858,|0.0147417|0.0473107|0.0168858,|0.331992|0.055631|0.720996
1G9M7U6KHYxFbr6aKLBcm5ty4FfAR6QU1n,3,transaction,171417302,False,True,4,1G9M7U6KHYxFbr6aKLBcm5ty4FfAR6QU1n|355155563|16hASvDZQ4Je1MS5kPiernmjQFrPcb2BRo|171417302,wallet|transaction|wallet|transaction,|0.015645|0.0952008|0.0161622,|0.00782251|0.0476004|0.0161622,|-1.85668e-05|0.00188723|0.978871
1G9fpGV4gp4fFcgaMoqwU8T9p9G8vJY5Zv,3,transaction,162893680,False,True,4,1G9fpGV4gp4fFcgaMoqwU8T9p9G8vJY5Zv|171746189|1LrUoiJ3q2jpVK4C4hu38mm6GKJLWN7ydQ|162893680,wallet|transaction|wallet|transaction,|0.0165127|0.0914156|0.0156201,|0.0165127|0.0304719|0.0156201,|0.794687|0.0260755|-0.512859
1GCoJcqC7APvkDmvcj2fDiPP84HQwLTdYo,3,transaction,355294122,False,True,4,1GCoJcqC7APvkDmvcj2fDiPP84HQwLTdYo|355099662|16GwNDM5JJLzVQxcRYKPtexY2Wyjxwc1qP|355294122,wallet|transaction|wallet|transaction,|0.0153329|0.0952643|0.0168488,|0.0153329|0.0476322|0.0168488,|-0.00203449|0.341724|0.863505
1GDEhvVbDBaR6Wro6GXve3xp2gDKtDpRQr,3,transaction,336436758,False,True,4,1GDEhvVbDBaR6Wro6GXve3xp2gDKtDpRQr|272518718|17ZHeMc3H7fW23qRC9kYR7NXtTDrCPr4BZ|336436758,wallet|transaction|wallet|transaction,|0.016634|0.095273|0.016634,|0.016634|0.095273|0.016634,|-0.0162656|0.0216109|0.00264776
1GQ5MT4pWKyeUdfThrdYrcicPasi7YEJxq,3,transaction,116101613,False,True,4,1GQ5MT4pWKyeUdfThrdYrcicPasi7YEJxq|116839462|1DRVsRCks3LKwMG2KY3rR7DsG1g6BCp1HU|116101613,wallet|transaction|wallet|transaction,|0.0167879|0.0953045|0.00927132,|0.0167879|0.0476522|0.00927132,|0.933246|0.371569|0.963292
1GScPnyf6ehkBZTr5V33qBd5BynAX9obBz,3,transaction,99284734,False,True,4,1GScPnyf6ehkBZTr5V33qBd5BynAX9obBz|99369455|1HcLBj5z4rhLQ2eou3pVQsNDwYsokUtidr|99284734,wallet|transaction|wallet|transaction,|0.0148677|0.0952977|0.0168958,|0.0148677|0.0238244|0.0168958,|-0.00073725|9.8601e-05|0.879657
1GU1B4cjFP6YshJgU4er2HqfHAB5t2K3fb,3,transaction,167647851,False,True,4,1GU1B4cjFP6YshJgU4er2HqfHAB5t2K3fb|79902301|1D9sKALBQN2TTmrcmrJV83kCtviXAHFmxZ|167647851,wallet|transaction|wallet|transaction,|0.0163783|0.0905119|0.0168671,|0.0163783|0.022628|0.0168671,|0.990049|-0.00087738|0.287109
1GcDaQHDh1U8xPJKbdszT45j87J2ecUUj,3,transaction,241552555,False,True,4,1GcDaQHDh1U8xPJKbdszT45j87J2ecUUj|243780869|1AJ4EnByhxkyk3EENDcmv5vFQrV1z1MUsw|241552555,wallet|transaction|wallet|transaction,|0.0156993|0.0949304|0.0163497,|0.0156993|0.0474652|0.0163497,|-0.0635436|0.225725|0.91752
1GgNM14LmR6JmJ3T65Wd6hgk9kdK2GU81X,3,transaction,13224031,False,True,4,1GgNM14LmR6JmJ3T65Wd6hgk9kdK2GU81X|12666422|15JnsPYizBRVTTMKCJGwmGbrRAMFbJAJQq|13224031,wallet|transaction|wallet|transaction,|0.0153707|0.094142|0.0168498,|0.0153707|0.047071|0.0168498,|0.937419|0.0131325|0.625016
1GzFaP8uvKEzwCShPRqpEHpbLDpLHMYiEi,3,transaction,272146547,False,True,4,1GzFaP8uvKEzwCShPRqpEHpbLDpLHMYiEi|272146544|1BnJwQa9jFvU9qsB4PHDdXseLXfcU6ppDW|272146547,wallet|transaction|wallet|transaction,|0.0165465|0.0932218|0.0168782,|0.0165465|0.0466109|0.0168782,|0.276523|0.110995|0.389838
1H4jX8G6nTuue6Y6pbj8ioEA2odnYSuKQM,3,transaction,96583393,False,True,4,1H4jX8G6nTuue6Y6pbj8ioEA2odnYSuKQM|96583198|1F2gYmWhFXSencWLXb6zmaqFJ8UFxUiU3G|96583393,wallet|transaction|wallet|transaction,|0.0159488|0.092947|0.0157109,|0.0159488|0.0464735|0.0157109,|0.88313|0.392922|0.638711
1HLGbik88uLbJGnCoYJF1h5qTFaUV8Aiv6,3,transaction,378096047,False,True,4,1HLGbik88uLbJGnCoYJF1h5qTFaUV8Aiv6|378325428|1Mhqr4VnwoHXkisSFj8xce8o9qhXtvNXNa|378096047,wallet|transaction|wallet|transaction,|0.0102549|0.0583009|0.0171582,|0.0102549|0.0291504|0.0171582,|0.995008|0.0552478|0.0567305
1HTkSYKPPmpqUkvE32A9Y9RxPPxe3x2k2P,3,transaction,189858264,False,True,4,1HTkSYKPPmpqUkvE32A9Y9RxPPxe3x2k2P|355006736|18FkgoDde9JUZdtNyyELTuyn1Es2WWWYEZ|189858264,wallet|transaction|wallet|transaction,|0.0159836|0.0950782|0.0168504,|0.0159836|0.0316927|0.0168504,|0.589705|0.000378331|0.810545
1HmoD9inGrSdnNQ8oisqRq67cGF2zxzkdq,3,transaction,200623725,False,True,4,1HmoD9inGrSdnNQ8oisqRq67cGF2zxzkdq|44081248|1H7VLW9mxaUeyvif95e7BkruHguJjgurMs|200623725,wallet|transaction|wallet|transaction,|0.0148182|0.0952399|0.0168683,|0.0148182|0.0476199|0.0168683,|-0.000260711|0.000128508|0.87715
1HvTWPZj6xhj79XoayPMdZU9HpAqPRq28B,3,transaction,184383289,False,True,4,1HvTWPZj6xhj79XoayPMdZU9HpAqPRq28B|283161041|1MeLQ3rV6CNKXyjS4HXuKPtx2ZaXAaCwTa|184383289,wallet|transaction|wallet|transaction,|0.0144646|0.0952969|0.0163761,|0.00482154|0.0476484|0.0163761,|1.70668e-05|0.000139832|0.997067
1J33riwcPtmCVPdtnhh95dM6fiypg4dgDb,3,transaction,71145488,False,True,4,1J33riwcPtmCVPdtnhh95dM6fiypg4dgDb|71762280|19qS7kLg1dXUP8tdmbsQzb7DEYfypmNDQE|71145488,wallet|transaction|wallet|transaction,|0.0153445|0.0943935|0.0168484,|0.0153445|0.0471967|0.0168484,|0.910935|0.0158924|0.673051
1JDYnj2gSwpSz32wAoTyTv6MuZYVUvmGy6,3,transaction,8960994,False,True,4,1JDYnj2gSwpSz32wAoTyTv6MuZYVUvmGy6|9605827|1KGKmruH7wCELy8MQfwDv3vFm2EhXDGPwm|8960994,wallet|transaction|wallet|transaction,|0.0147486|0.0951413|0.0169177,|0.0147486|0.0475706|0.0169177,|0.200388|0.212784|0.877127
1JQN4ThctNN2himNjnQ6rvdFhWMrLJkcYH,3,transaction,311861787,False,True,4,1JQN4ThctNN2himNjnQ6rvdFhWMrLJkcYH|266113017|1CajuZVtXZBqaMMvGA3Fvkg9Z2RJpTHp6G|311861787,wallet|transaction|wallet|transaction,|0.0156374|0.0952864|0.0169011,|0.0156374|0.0317621|0.0169011,|0.341174|0.00167853|0.890337
1JQfujkbY8z3jNq4LAMQ5fAhznp73j6TZD,3,transaction,339083961,False,True,4,1JQfujkbY8z3jNq4LAMQ5fAhznp73j6TZD|339103434|1LC1HCSYwM4erBY17XbrpyPSjEt8mXMKMx|339083961,wallet|transaction|wallet|transaction,|0.0159266|0.0887475|0.0169101,|0.0159266|0.0443738|0.0169101,|0.977608|0.34015|0.223205
1JYbEg3bRiajmPPghpGh8BKayZafrUwNVz,3,transaction,390076579,False,True,4,1JYbEg3bRiajmPPghpGh8BKayZafrUwNVz|390332178|1DkD4K5sLzXfgTsXGGJgyvR5Mr1F7yzNv6|390076579,wallet|transaction|wallet|transaction,|0.0146232|0.0950741|0.0168167,|0.0146232|0.0475371|0.0168167,|0.0100937|0.0787432|0.718034
1JhyYwqm3hJAKJTaohAbCUe34Nzbx1g4Bz,3,transaction,372723979,False,True,4,1JhyYwqm3hJAKJTaohAbCUe34Nzbx1g4Bz|372825372|1L52zU2sLZJuFhzYnA3Lduki3qxCXokQgy|372723979,wallet|transaction|wallet|transaction,|0.0152231|0.0948298|0.0149097,|0.0152231|0.0474149|0.0149097,|0.494865|0.058066|0.903217
1K3DwaXLLSyxwZyrWKWnab56HA9N5LQy18,3,transaction,209796382,False,True,4,1K3DwaXLLSyxwZyrWKWnab56HA9N5LQy18|210636338|1GqqpQMq8P8KE1j2wM2GCb3PxUey9xNZ98|209796382,wallet|transaction|wallet|transaction,|0.0152355|0.0952801|0.0165355,|0.0152355|0.04764|0.00413388,|-0.00633007|0.256284|0.229451
1KDAow64UYTLfU1wadUGXuZjdAYP6aRuTa,3,transaction,37482805,False,True,4,1KDAow64UYTLfU1wadUGXuZjdAYP6aRuTa|73220428|12quKG72gEXyQJ18ohPTzCgrS2zURpBujw|37482805,wallet|transaction|wallet|transaction,|0.0157695|0.0952436|0.0165159,|0.0157695|0.0476218|0.0165159,|-0.00761092|-0.0165096|0.982436
1KVnumTwkzxTruffQn4S47cCNLSsDBr8n,3,transaction,288280822,False,True,4,1KVnumTwkzxTruffQn4S47cCNLSsDBr8n|288449905|13zJ2DoqmYkHkx1pEjd3Xqv6wAH5Xuw4mA|288280822,wallet|transaction|wallet|transaction,|0.0159975|0.095219|0.0153379,|0.0159975|0.0476095|0.0153379,|0.040652|0.0579811|0.00627083
1KZempmu9NQgDM2tHRUtsQdHHX8tGKL9D,3,transaction,372672054,False,True,4,1KZempmu9NQgDM2tHRUtsQdHHX8tGKL9D|372731488|1C9iZGCVNeRwLXp3zP4Q7r6fKAWaFVBD9W|372672054,wallet|transaction|wallet|transaction,|0.0165052|0.0952245|0.0157703,|0.0165052|0.0238061|0.0157703,|0.617419|8.46684e-05|0.454295
1KacrxgxFiYE1rjKB8PNEAbUZQp9uJGX9p,3,transaction,12672860,False,True,4,1KacrxgxFiYE1rjKB8PNEAbUZQp9uJGX9p|12715329|19BbknHNBfHZFbtcf1KNqvwrGxqNCJYD6V|12672860,wallet|transaction|wallet|transaction,|0.0172922|0.0299487|0.0123724,|0.0172922|0.00748718|0.0123724,|0.946169|0.000128672|-0.0162929
1Kgc4L9MtD3GDsXkWqRbbdTh63pWxsAAzY,3,transaction,355181828,False,True,4,1Kgc4L9MtD3GDsXkWqRbbdTh63pWxsAAzY|355092074|1MfYjossPuAXUvHfZoVXBue5mYH2R5cwsm|355181828,wallet|transaction|wallet|transaction,|0.0158198|0.0949702|0.0166799,|0.0158198|0.0474851|0.0166799,|-0.00160998|0.089705|0.905505
1KjZWsyc3YXVLMkfoJT2kL28vtUTeWqRGp,3,transaction,331564743,False,True,4,1KjZWsyc3YXVLMkfoJT2kL28vtUTeWqRGp|331564747|14T5Pqe62pqP1oQerun8UGfxoXKkQQDKav|331564743,wallet|transaction|wallet|transaction,|0.0156157|0.0951654|0.0164456,|0.0156157|0.0475827|0.0164456,|0.0194355|0.308072|0.939393
1KwKLJTCWUQZwtBhgBQi5cwgnUip7L68z1,3,transaction,346381953,False,True,4,1KwKLJTCWUQZwtBhgBQi5cwgnUip7L68z1|378320266|3QyUSB4eRYePHcvpS6k6YDMBUDGXRSSMPc|346381953,wallet|transaction|wallet|transaction,|0.0174739|0.0953046|0.0171112,|0.0174739|0.0953046|0.00570375,|-0.00453359|0.00791675|-4.76837e-07
1KzzfsytshZkS279B1YuuK3tHTdPVRo98d,3,transaction,209822245,False,True,4,1KzzfsytshZkS279B1YuuK3tHTdPVRo98d|209824604|115MJQAQ4zT3LTw8sH7VbEh5dH7hqCRuvp|209822245,wallet|transaction|wallet|transaction,|0.0135245|0.0952797|0.0168957,|0.0135245|0.0476398|0.0168957,|-0.00774235|0.0548239|0.877168
1L1i1Kqfd6w5Wz4G3xV39vq6cLKxbi2Yra,3,transaction,1809797,False,True,4,1L1i1Kqfd6w5Wz4G3xV39vq6cLKxbi2Yra|84374871|3Pp1DjF8ghYqTEji3uXLCtLCjh65zZXDzN|1809797,wallet|transaction|wallet|transaction,|0.0123083|0.0952985|0.0165901,|0.0123083|0.0952985|0.0165901,|-0.00363445|0.00346917|0.998402
1L3QW4S46ofCxBfeNb37q8uSBPv2hZ2y3J,3,transaction,123066617,False,True,4,1L3QW4S46ofCxBfeNb37q8uSBPv2hZ2y3J|199951116|1FoCZUHcoRUQRwYkVawKBg3WcV9iEZnAag|123066617,wallet|transaction|wallet|transaction,|0.015905|0.0949774|0.0168343,|0.015905|0.0158296|0.0168343,|0.861097|0.0380127|0.779949
1L5Fa9sAjpmH9X7CorqnzJWi6Wo9SeH2Ft,3,transaction,17301640,False,True,4,1L5Fa9sAjpmH9X7CorqnzJWi6Wo9SeH2Ft|158373311|1LPkxJBrtvZvSRwaUkmXQrJtLwxUNkSRsd|17301640,wallet|transaction|wallet|transaction,|0.016564|0.0952351|0.0167615,|0.016564|0.0476176|0.0167615,|0.0943217|-0.0102906|0.978404
1LCePW5Liqg3kuJFgWkVU3NRtsjtjzzbwz,3,transaction,174774267,False,True,4,1LCePW5Liqg3kuJFgWkVU3NRtsjtjzzbwz|175433937|17WZo15h71VJwMTdzbkJsyNEJHymASqheC|174774267,wallet|transaction|wallet|transaction,|0.0152307|0.0950887|0.016906,|0.0152307|0.0475443|0.016906,|0.128845|0.0522587|0.838598
1LTGvyYrkUeaUyKz28BocFTLnyhXhXhMMB,3,transaction,209479465,False,True,4,1LTGvyYrkUeaUyKz28BocFTLnyhXhXhMMB|209946183|1MrQtBgRoBHBczgcPcEth7DUMMG8TpgKAE|209479465,wallet|transaction|wallet|transaction,|0.0143134|0.0952988|0.0159019,|0.0143134|0.0476494|0.00318037,|-0.049237|0.129403|-3.12567e-05
1LXKUtNH2L6ALNKy6T1bWSCtQYhexJNViX,3,transaction,81543749,False,True,4,1LXKUtNH2L6ALNKy6T1bWSCtQYhexJNViX|194348508|1EmccN6xqtfRZ6UdtQfe1YE1ecRyLv5jbC|81543749,wallet|transaction|wallet|transaction,|0.0156797|0.095055|0.0168208,|0.0156797|0.0475275|0.0168208,|0.158498|0.328638|0.819406
1LZm4gA2kJzKJvKBNmKKmfjwqLY61fen7M,3,transaction,99201090,False,True,4,1LZm4gA2kJzKJvKBNmKKmfjwqLY61fen7M|100075510|1AJhPaYoAU4YaZNvSdMWmPNT6dqSNbmC8y|99201090,wallet|transaction|wallet|transaction,|0.0130709|0.0952795|0.0169021,|0.0130709|0.0476397|0.0169021,|-0.00590515|0.0502759|0.877737
1LgZyKQqwcQWzjjDoryoPMLAxVM7YLpvJU,3,transaction,43322460,False,True,4,1LgZyKQqwcQWzjjDoryoPMLAxVM7YLpvJU|43525228|15j8qH6ZH2EYNE348Kd3tjhda5oKiU6myY|43322460,wallet|transaction|wallet|transaction,|0.0150008|0.095251|0.0166165,|0.0150008|0.0476255|0.00415413,|-0.0101807|0.0767237|0.00177138
1Lk5Eax35hRrossE8bW3ZHsecsrtXWu6E7,3,transaction,190014509,False,True,4,1Lk5Eax35hRrossE8bW3ZHsecsrtXWu6E7|190434068|1KJrajDEsMkh7VJtS1xnVaxh38fjVw25k3|190014509,wallet|transaction|wallet|transaction,|0.0150474|0.0950198|0.0146338,|0.0150474|0.0475099|0.0146338,|0.804016|0.27427|0.150519
1Lmhvx9dwm3NpXXiCNwADWhJ4NNMYmmLAe,3,transaction,105427123,False,True,4,1Lmhvx9dwm3NpXXiCNwADWhJ4NNMYmmLAe|105590319|1PcEvtTPQZZoe6WQvwoB45SvJiu45WYLiB|105427123,wallet|transaction|wallet|transaction,|0.0102975|0.0947|0.0170407,|0.0102975|0.04735|0.0170407,|0.872877|0.382555|0.775984
1MPfnTCCwNVg9BSLvjA4X3zAboZUCJyxYp,3,transaction,337725330,False,True,4,1MPfnTCCwNVg9BSLvjA4X3zAboZUCJyxYp|382880021|1H5EtCycWr5bpwqZnuE5LdKba5ABwQuW87|337725330,wallet|transaction|wallet|transaction,|0.0149816|0.0951957|0.0168986,|0.0149816|0.0475978|0.0168986,|0.0180296|0.037466|0.865422
1MTJ3FbQQhkLof4FZRqUDZuwUGYHFvuRxk,3,transaction,294602321,False,True,4,1MTJ3FbQQhkLof4FZRqUDZuwUGYHFvuRxk|85004953|1NgNNa6hFEoFYj9CnpYK4mX3v5GwEK1fiS|294602321,wallet|transaction|wallet|transaction,|0.0141389|0.0952644|0.0161994,|0.0141389|0.0476322|0.0161994,|0.00328153|0.132535|0.542664
1MhBdL9AQGVtxm6wskTbEYNsW77bGJgcYw,3,transaction,4893367,False,True,4,1MhBdL9AQGVtxm6wskTbEYNsW77bGJgcYw|12782835|12pqvGb7v2xu7ESTEikZrYpnZBiuhywQNB|4893367,wallet|transaction|wallet|transaction,|0.0175714|0.0556682|0.0176544,|0.00585715|0.0278341|0.0176544,|0.238221|-0.0284115|0.131273
1MwGFbYYonWp76M3qfRHsZpM6B9TSkYTWk,3,transaction,309502106,False,True,4,1MwGFbYYonWp76M3qfRHsZpM6B9TSkYTWk|358237573|1EXSExhiHL4R6abyR6ETTaZcb8WrdRDA4b|309502106,wallet|transaction|wallet|transaction,|0.0149205|0.0952708|0.0157316,|0.0149205|0.0476354|0.0157316,|0.00202972|0.267184|0.292498
1N4npafhgN6qqgvyS8fCmaWbJGMc9F7iM2,3,transaction,298796810,False,True,4,1N4npafhgN6qqgvyS8fCmaWbJGMc9F7iM2|64649302|1G6JRVAQNLsqrqRhGWZK7AWfRWEvxQ7Bnb|298796810,wallet|transaction|wallet|transaction,|0.0163196|0.0253962|0.0161815,|0.0163196|0.0126981|0.0161815,|0.643101|0.297353|0.0379988
1N5scUhRaUCUFz9LttUfZ8BpihmBheX8dA,3,transaction,238207969,False,True,4,1N5scUhRaUCUFz9LttUfZ8BpihmBheX8dA|124241011|3N2yMrhZd2m8ysSubwSPHnDByuQptg8Vsf|238207969,wallet|transaction|wallet|transaction,|0.0175173|0.0953034|0.0169713,|0.0175173|0.0238259|0.0169713,|0.991674|0.0121281|0.999371
1NHphiEmNRDKo2TAPaVgEKRC4GRARC4gua,3,transaction,6214724,False,True,4,1NHphiEmNRDKo2TAPaVgEKRC4GRARC4gua|269545885|145V8ooJtacSCorUAMa9Y73qseTquHNayG|6214724,wallet|transaction|wallet|transaction,|0.0176815|0.0847293|0.0171162,|0.0176815|0.0423646|0.0171162,|0.996423|0.49821|-0.000915522
1NNWUppsXsiEDQ9LcRaHYZNTV4FQ7XwL1A,3,transaction,72325322,False,True,4,1NNWUppsXsiEDQ9LcRaHYZNTV4FQ7XwL1A|71297856|1BRi8qPyajMdVLLTjjuME1Qc4UEvFLxwx3|72325322,wallet|transaction|wallet|transaction,|0.0134167|0.0953047|0.0161344,|0.0134167|0.0476524|0.0161344,|-0.00301772|0.0951478|-0.00018698
1NUUk8W6mxxFXPbrVdKd363yu55hZPPxCX,3,transaction,490419,False,True,4,1NUUk8W6mxxFXPbrVdKd363yu55hZPPxCX|14537263|18DTRuYEe9t6HaifkhA7sVUwmQjYTgfCkv|490419,wallet|transaction|wallet|transaction,|0.0165994|0.0677381|0.016862,|0.0165994|0.0338691|0.016862,|0.99722|0.104899|0.0407215
1NcwxYbesLnQ12htrcC3ESYUu4gQDZ5LGd,3,transaction,226277187,False,True,4,1NcwxYbesLnQ12htrcC3ESYUu4gQDZ5LGd|355092392|1Dp4srGB8YWq833pzJC7JC2QcUk8ZcsKiT|226277187,wallet|transaction|wallet|transaction,|0.0161112|0.0950148|0.0152264,|0.0080556|0.0475074|0.0152264,|0.492649|0.0075506|0.874722
1Ndyi8xzhLnY9JttqHYeTDyN9WMRwiBEWd,3,transaction,27653479,False,True,4,1Ndyi8xzhLnY9JttqHYeTDyN9WMRwiBEWd|209478843|18utyFupZpoRam1mRY67SCs37ng2LkNdNc|27653479,wallet|transaction|wallet|transaction,|0.0159391|0.0892633|0.0149382,|0.0159391|0.0446317|0.0149382,|0.953872|0.469436|0.258835
1NfBUat6BUSsXW7SArgNR6f53JE3kynRs8,3,transaction,378194007,False,True,4,1NfBUat6BUSsXW7SArgNR6f53JE3kynRs8|378194239|18fEXCXxx2BGtWS7iQdB8yw23eDWdCdbR9|378194007,wallet|transaction|wallet|transaction,|0.0153481|0.0952804|0.015406,|0.0153481|0.0476402|0.015406,|-0.000681698|0.293066|0.0668146
1NhwGFeZ9ajtszrtxK64v8yYB8LKqD2SWs,3,transaction,53829118,False,True,4,1NhwGFeZ9ajtszrtxK64v8yYB8LKqD2SWs|208595753|16BLjNF2quFbdRuRwFe5ChDZ5PZ1AvECWQ|53829118,wallet|transaction|wallet|transaction,|0.0166199|0.0952008|0.0139223,|0.00830993|0.0190402|0.0139223,|0.114374|0.000104463|0.370609
1NsmnLZtTCBLfkLpkPR991en44dAh7ie2w,3,transaction,209161715,False,True,4,1NsmnLZtTCBLfkLpkPR991en44dAh7ie2w|209680773|12vjovNSZLK1z8KchXHBo1QvUmTuZEcEJs|209161715,wallet|transaction|wallet|transaction,|0.0171793|0.0789664|0.0164511,|0.0171793|0.0394832|0.0164511,|0.985206|0.435074|0.110936
1P3Rr64yy337dHZcc76giy1SqekezV847J,3,transaction,1732946,False,True,4,1P3Rr64yy337dHZcc76giy1SqekezV847J|118137011|1DHkkzZ8NgfQeakLMQ7uHGbyH6ZvQVsD1s|1732946,wallet|transaction|wallet|transaction,|0.0165092|0.0692449|0.0168601,|0.0165092|0.0346225|0.0168601,|0.995826|0.00860047|0.0410617
1P8b9wgiN39GPuhi5ZaCZPeSd81HayL5EN,3,transaction,71160951,False,True,4,1P8b9wgiN39GPuhi5ZaCZPeSd81HayL5EN|71759115|12gCtPjEMzRtSRyMNaBWTKQ2bcdvAPnXdy|71160951,wallet|transaction|wallet|transaction,|0.0155628|0.095222|0.0168289,|0.0155628|0.047611|0.0168289,|-0.00885469|0.265236|0.826709
1P9BzzezfjuPnttdwgFae9ZiMUDqd1y6vj,3,transaction,175754507,False,True,4,1P9BzzezfjuPnttdwgFae9ZiMUDqd1y6vj|49025731|1NaRxwBnkKajaumCCDBmchSTAKNaJNJwpJ|175754507,wallet|transaction|wallet|transaction,|0.0156648|0.0744026|0.0166069,|0.0156648|0.0372013|0.0166069,|0.983672|0.387046|0.0955089
1PGEycxo1gJVF8KixmoVLqYLnQk1m3a2WU,3,transaction,238223712,False,True,4,1PGEycxo1gJVF8KixmoVLqYLnQk1m3a2WU|241537485|144VfB9NF21wwNMhqhgfGQCyJDEh722U5p|238223712,wallet|transaction|wallet|transaction,|0.0132976|0.0953047|0.0164813,|0.0132976|0.0476524|0.0164813,|-0.000531256|0.0125604|0.998919
1PHA4QXDvNzuUZ9i6xETfqsTwUAxhz3y7R,3,transaction,94299586,False,True,4,1PHA4QXDvNzuUZ9i6xETfqsTwUAxhz3y7R|94299583|1GyyYFqHd7bJdZr8CWumYXn5p7ToAuZGBd|94299586,wallet|transaction|wallet|transaction,|0.0162798|0.094776|0.0159739,|0.0162798|0.047388|0.0159739,|0.266389|0.421116|0.872865
1PNk9qWC2WyZiYgVVaysZdJgnVZTZnhvxr,3,transaction,113948301,False,True,4,1PNk9qWC2WyZiYgVVaysZdJgnVZTZnhvxr|100075516|1PXqdhZ6AqZrJ3855s97RVQZUiD6K5pLVZ|113948301,wallet|transaction|wallet|transaction,|0.013864|0.0952922|0.0168837,|0.013864|0.0476461|0.0168837,|-0.0056172|0.270515|0.87817
1PcCCFvjubhHpca57RaiWtit9jwkT7KQaC,3,transaction,209479465,False,True,4,1PcCCFvjubhHpca57RaiWtit9jwkT7KQaC|210403106|1MrQtBgRoBHBczgcPcEth7DUMMG8TpgKAE|209479465,wallet|transaction|wallet|transaction,|0.0145011|0.0952988|0.0159019,|0.00362527|0.0476494|0.00318037,|-0.000103831|0.00017938|-3.12567e-05
1Q2uqSQhtYjRxiwsxc7QfUZn73ZqKqtBL5,3,transaction,84732740,False,True,4,1Q2uqSQhtYjRxiwsxc7QfUZn73ZqKqtBL5|85005395|1DN2aVA9n6fTfyS5sPbDeqmP7gQMZuTX2y|84732740,wallet|transaction|wallet|transaction,|0.0142111|0.0952747|0.0168946,|0.0142111|0.0476373|0.0168946,|-0.00401163|0.0994818|0.869989
1Q3QwbB6oP19mo7TFLmshpBskLG9cyDrS2,3,transaction,105436365,False,True,4,1Q3QwbB6oP19mo7TFLmshpBskLG9cyDrS2|105880409|12qJfJNbFQSfLMD6UDx4Yn79iPacRSZUwK|105436365,wallet|transaction|wallet|transaction,|0.0155959|0.0949509|0.016881,|0.0155959|0.0474755|0.016881,|0.0751175|0.0417362|0.783871
1Q4YioT2thfaJcqEW5pwi5czzG2K86bcKB,3,transaction,376202522,False,True,4,1Q4YioT2thfaJcqEW5pwi5czzG2K86bcKB|344157899|3MEXY5bKD7AZH1TdWnHnJRjQvWSTazC7e4|376202522,wallet|transaction|wallet|transaction,|0.0150929|0.0943729|0.0168411,|0.0150929|0.0471865|0.0168411,|0.718403|0.322239|0.595416
1Q5bbSroHTMnWhZGTvq6k8WxTNSzXKU5vG,3,transaction,14927630,False,True,4,1Q5bbSroHTMnWhZGTvq6k8WxTNSzXKU5vG|15856048|1Ff9pPmXKLZkbNgnoH2SLNF6Y1bDW7qPdx|14927630,wallet|transaction|wallet|transaction,|0.0160227|0.0892831|0.0169207,|0.00801134|0.0446416|0.0169207,|0.130153|0.0348262|0.1213
1QA7gCL3ZmL1GfgFJSTvwXmKH5GsdKHYN1,3,transaction,12684134,False,True,4,1QA7gCL3ZmL1GfgFJSTvwXmKH5GsdKHYN1|12778413|16BGmgrUuJfUZao6cqpaYADwBf1mPhNo6i|12684134,wallet|transaction|wallet|transaction,|0.0160787|0.0848101|0.0167291,|0.0160787|0.0424051|0.0167291,|0.886711|0.381092|0.193703
1QBMhaU4UhLEauvnCjhteTaz2cxtKrGKrk,3,transaction,360718454,False,True,4,1QBMhaU4UhLEauvnCjhteTaz2cxtKrGKrk|326832756|13o2E4dJGmbJF8rsFztsL3TzYXEmjGWSbv|360718454,wallet|transaction|wallet|transaction,|0.0165414|0.0678041|0.0160246,|0.00827068|0.033902|0.0160246,|0.0158679|0.000915676|0.0100039
1SvWNixP6nM2vvVJq77XqcZyWrRSaP5Wa,3,transaction,355215737,False,True,4,1SvWNixP6nM2vvVJq77XqcZyWrRSaP5Wa|355110996|1KaQrvkiGbPCqpMmL4JVEFLCd1fXNMR2bq|355215737,wallet|transaction|wallet|transaction,|0.0154777|0.0952429|0.015671,|0.0154777|0.0476214|0.015671,|-0.00782955|0.113697|0.0235874
1XEv3qqgHzTqV1mKBKSaxp6zHfNWoDnvS,3,transaction,11620988,False,True,4,1XEv3qqgHzTqV1mKBKSaxp6zHfNWoDnvS|28564176|1B5R5JcLhYiZ78ZyPHEduocbtX4rVcmw6N|11620988,wallet|transaction|wallet|transaction,|0.0164804|0.0951253|0.016849,|0.0164804|0.0317084|0.016849,|0.450869|-0.00228123|0.864704
1XbAeYo4XfBuy7GpoMWBsDewq2JWmEND9,3,transaction,13368508,False,True,4,1XbAeYo4XfBuy7GpoMWBsDewq2JWmEND9|12780333|1N5z1bLc87ViGMV41Tmh1jbHytS5rZzxq|13368508,wallet|transaction|wallet|transaction,|0.0167455|0.095304|0.0175607,|0.0167455|0.047652|0.0175607,|0.827269|0.00586078|0.901211
1Xtkso8TbKfvUojD8e5UrBchGiErigcK6,3,transaction,150635889,False,True,4,1Xtkso8TbKfvUojD8e5UrBchGiErigcK6|272472659|1MDfH19v7hY3LFyYAhkhiPqsayViKkf4nH|150635889,wallet|transaction|wallet|transaction,|0.0149666|0.0950913|0.0170271,|0.0149666|0.0475456|0.0170271,|0.0964972|0.10602|0.219057
1xxBJyKGC3Xv4d82tcxZ4bzxxTP7LHYXZ,3,transaction,21571244,False,True,4,1xxBJyKGC3Xv4d82tcxZ4bzxxTP7LHYXZ|179582590|1JF2Pb9R9YpXzEUNuT6bdgkCx3c4F5xEXN|21571244,wallet|transaction|wallet|transaction,|0.0140138|0.0949023|0.0165886,|0.0140138|0.0474512|0.0165886,|0.615908|0.0128341|0.81872
113UD7kW6Tm6eGUSdx1nxbyJUXDmPgh9YY,2,wallet,3JqYwD8gGDYfkHEAR8EQHvgVdmxzVXPBoS,False,True,3,113UD7kW6Tm6eGUSdx1nxbyJUXDmPgh9YY|105826996|3JqYwD8gGDYfkHEAR8EQHvgVdmxzVXPBoS,wallet|transaction|wallet,|0.0168694|0.0890905,|0.0168694|0.0222726,|0.79877|-0.0116115
121DWzW6dfYGoMJXRDrHA74t5JPUyrtLCb,2,wallet,33i7FZnUtQaHp9rX6ZRkeHvPoAusDMiG7G,False,True,3,121DWzW6dfYGoMJXRDrHA74t5JPUyrtLCb|84375386|33i7FZnUtQaHp9rX6ZRkeHvPoAusDMiG7G,wallet|transaction|wallet,|0.0169095|0.088818,|0.0169095|0.044409,|0.901338|0.00140542
122PuEnPGyVJ6rLmVBHpxywLeCvhozCHGh,2,wallet,18st1SFGuh2vx8f6TGC4UczuDvvC81b1e1,False,True,3,122PuEnPGyVJ6rLmVBHpxywLeCvhozCHGh|372749761|18st1SFGuh2vx8f6TGC4UczuDvvC81b1e1,wallet|transaction|wallet,|0.0168892|0.0887458,|0.00844458|0.0887458,|0.316476|0.0146312
124wkTiD8UieQBmBQmk9Ko3PsvU53d5oLu,2,wallet,3HdRAVD84kcNCUYJjJ7HgEDQ6E7Mjg1scu,False,True,3,124wkTiD8UieQBmBQmk9Ko3PsvU53d5oLu|332563582|3HdRAVD84kcNCUYJjJ7HgEDQ6E7Mjg1scu,wallet|transaction|wallet,|0.0171069|0.0887709,|0.0171069|0.0443855,|0.958477|0.00997555
125cDvGg4c7ySbfmmrsdTmaRpcg8E7uRZD,2,wallet,32re8L1jQXDPqKwv86hHAi9sv3mWSXvRX6,False,True,3,125cDvGg4c7ySbfmmrsdTmaRpcg8E7uRZD|20219869|32re8L1jQXDPqKwv86hHAi9sv3mWSXvRX6,wallet|transaction|wallet,|0.0168671|0.0888976,|0.0168671|0.0888976,|0.959981|-0.00068748
126t2Uo8SoUn7djGxjzbENQQbzsfSiiAXf,2,wallet,1BGbYAkX58ZwdXkAbBhgAbtBj6Veksa2H1,False,True,3,126t2Uo8SoUn7djGxjzbENQQbzsfSiiAXf|70781861|1BGbYAkX58ZwdXkAbBhgAbtBj6Veksa2H1,wallet|transaction|wallet,|0.0168635|0.0890154,|0.00843176|0.0890154,|0.0300368|-0.00930578
12A6GH9vPBqvTMyLkfFWzEUXwx3xAu92Mt,2,wallet,354nJAzZaw3CGbqNtNEPPh7w9WZvCgxark,False,True,3,12A6GH9vPBqvTMyLkfFWzEUXwx3xAu92Mt|268861287|354nJAzZaw3CGbqNtNEPPh7w9WZvCgxark,wallet|transaction|wallet,|0.0168941|0.0887967,|0.0168941|0.0887967,|0.917336|0.00286961
12CiFhPEPSL4f5S8H9F4msLSLi6fRXjwX8,2,wallet,38ucSTUWX1Brz7BfUwCtGEbTPHAeJXvGab,False,True,3,12CiFhPEPSL4f5S8H9F4msLSLi6fRXjwX8|268883403|38ucSTUWX1Brz7BfUwCtGEbTPHAeJXvGab,wallet|transaction|wallet,|0.016921|0.0887936,|0.016921|0.0443968,|0.864805|0.000535458
12EHhxkFooMedrdRJ65BLSwr5i1scvBF1n,2,wallet,3E2UTxF4UWnFEALt7vkw8HjqrADcxdQxVs,False,True,3,12EHhxkFooMedrdRJ65BLSwr5i1scvBF1n|36909940|3E2UTxF4UWnFEALt7vkw8HjqrADcxdQxVs,wallet|transaction|wallet,|0.0168791|0.0889452,|0.0168791|0.0889452,|0.970911|0.00069505
12ELn46LqXT8oFw5mNY4jEdRvJg2y5vucy,2,wallet,34K7QoYcSUZyE5gJfkzZKRih8qnu2n1zL4,False,True,3,12ELn46LqXT8oFw5mNY4jEdRvJg2y5vucy|311608482|34K7QoYcSUZyE5gJfkzZKRih8qnu2n1zL4,wallet|transaction|wallet,|0.0170057|0.088762,|0.0170057|0.044381,|0.904186|0.0162878
12HfAuEKueBu9jXubbJSBcdwmLMPp35JmG,2,wallet,195ETHcmzGnBEzxZuenHxYDDP1YQM8tY3v,False,True,3,12HfAuEKueBu9jXubbJSBcdwmLMPp35JmG|218064667|195ETHcmzGnBEzxZuenHxYDDP1YQM8tY3v,wallet|transaction|wallet,|0.0168297|0.089035,|0.0168297|0.0445175,|0.51993|-0.0869553
12J6wagoZ8aF4Eup2VWCGzGBMQfcgEpuoN,2,wallet,1pakSUc3WaV81TZYib2cTjYo6TEyUiMnt,False,True,3,12J6wagoZ8aF4Eup2VWCGzGBMQfcgEpuoN|234166793|1pakSUc3WaV81TZYib2cTjYo6TEyUiMnt,wallet|transaction|wallet,|0.0168949|0.0886263,|0.0168949|0.0886263,|0.881148|0.0138731
12MdsVrFK6nPMKiNMzcy4NS6G9yb9qTsRR,2,wallet,3FBzSuWyFUHez1mzdUDgDUSygV4omCARx1,False,True,3,12MdsVrFK6nPMKiNMzcy4NS6G9yb9qTsRR|16713136|3FBzSuWyFUHez1mzdUDgDUSygV4omCARx1,wallet|transaction|wallet,|0.0171736|0.0890467,|0.0171736|0.0445233,|0.974674|-0.00755617
12NFtZWbH2fQEVhWwTHyzZ4E94zyd7eHGp,2,wallet,37fRSUGZ5CpR1RBg5yQNjmA5S7kkqCQnbn,False,True,3,12NFtZWbH2fQEVhWwTHyzZ4E94zyd7eHGp|355110328|37fRSUGZ5CpR1RBg5yQNjmA5S7kkqCQnbn,wallet|transaction|wallet,|0.0168607|0.0888748,|0.0168607|0.0888748,|0.896573|0.000350773
12RQsZMjE2UWCw2Xy6FC2ZMP9E5edqUCQt,2,wallet,33iAE9e7qj4EcVPEEhgcgo7VFU6GVZ23aF,False,True,3,12RQsZMjE2UWCw2Xy6FC2ZMP9E5edqUCQt|180219451|33iAE9e7qj4EcVPEEhgcgo7VFU6GVZ23aF,wallet|transaction|wallet,|0.0169986|0.0889051,|0.0169986|0.029635,|0.967209|0.000358204
12RVhggPA3eakwxqfVWNAFdUZXNmNKyuRq,2,wallet,3EuHoJxzhZjnq1jxSdhdDT1m8CgQxnaRJp,False,True,3,12RVhggPA3eakwxqfVWNAFdUZXNmNKyuRq|151823513|3EuHoJxzhZjnq1jxSdhdDT1m8CgQxnaRJp,wallet|transaction|wallet,|0.0169401|0.0887955,|0.0169401|0.0295985,|0.888277|0.00161854
12U7bTXXgEWHf4RV8tmK3Dkz7biZkGv3xL,2,wallet,3EUAw6AckQpmGAZvvXfmCL5Cqq7Y7iuVQ9,False,True,3,12U7bTXXgEWHf4RV8tmK3Dkz7biZkGv3xL|53784539|3EUAw6AckQpmGAZvvXfmCL5Cqq7Y7iuVQ9,wallet|transaction|wallet,|0.0168588|0.0889346,|0.0168588|0.0889346,|0.897042|-0.0172125
12UdfjGWDqt6xsKCjwhe3YabpzHij8anfB,2,wallet,3DVpmDTTpx1ZWSENnECu4AnJoq76DuTTRL,False,True,3,12UdfjGWDqt6xsKCjwhe3YabpzHij8anfB|158349653|3DVpmDTTpx1ZWSENnECu4AnJoq76DuTTRL,wallet|transaction|wallet,|0.0169005|0.089119,|0.0169005|0.0222797,|0.879742|-0.0016668
12WpuvTeCikQyrRGx4VHQtPKghCDA3H5u2,2,wallet,1E8VHSFxgYa54v5TCyjGDSc3xdTyVroQgQ,False,True,3,12WpuvTeCikQyrRGx4VHQtPKghCDA3H5u2|288621678|1E8VHSFxgYa54v5TCyjGDSc3xdTyVroQgQ,wallet|transaction|wallet,|0.0168447|0.0888885,|0.0168447|0.0888885,|0.85954|0.000916123
12XYAxCT8K7whxCbZyd1RcfJVVf8UGgnVP,2,wallet,3FfKvRjCg3Ev3Li5Ly5ybZL2itAn2TCjji,False,True,3,12XYAxCT8K7whxCbZyd1RcfJVVf8UGgnVP|286848744|3FfKvRjCg3Ev3Li5Ly5ybZL2itAn2TCjji,wallet|transaction|wallet,|0.0168953|0.0887719,|0.0168953|0.0887719,|0.938395|0.00879455
12bNPHjSjpFtUQEkahABvfV6Ax2BAhhV49,2,wallet,3BcjbK3E2HgJz4CGmhVrVfwstwx5ne1HXz,False,True,3,12bNPHjSjpFtUQEkahABvfV6Ax2BAhhV49|268867552|3BcjbK3E2HgJz4CGmhVrVfwstwx5ne1HXz,wallet|transaction|wallet,|0.0168935|0.0887977,|0.0168935|0.0887977,|0.91706|0.00327778
12f68DZGgGs8zoQ9VfHKE5htPjNt7kqdns,2,wallet,1NEUmjCD2ua8axUsd6gXGkef4hG8NvP2MP,False,True,3,12f68DZGgGs8zoQ9VfHKE5htPjNt7kqdns|368783589|1NEUmjCD2ua8axUsd6gXGkef4hG8NvP2MP,wallet|transaction|wallet,|0.0168513|0.0886104,|0.0168513|0.0886104,|0.907324|0.0312765
12gxr2cGBGjTc5bzVccaiTeZ1fQvatvixj,2,wallet,3LRVntjrG3WeNKNBjA31GkM3MshSaX7uBo,False,True,3,12gxr2cGBGjTc5bzVccaiTeZ1fQvatvixj|10174843|3LRVntjrG3WeNKNBjA31GkM3MshSaX7uBo,wallet|transaction|wallet,|0.0169705|0.0890651,|0.0169705|0.0445326,|0.871245|-0.00875735
12h3U7AHZgzSAa67k1gqWAjCHreLauYpwz,2,wallet,14zrtnkHAqvPoy9wDvY14a8eNgAuYHiWA1,False,True,3,12h3U7AHZgzSAa67k1gqWAjCHreLauYpwz|272088225|14zrtnkHAqvPoy9wDvY14a8eNgAuYHiWA1,wallet|transaction|wallet,|0.0168855|0.0887773,|0.0168855|0.0887773,|0.817884|0.225563
12h6piHLNNjwnxMpxzBp76qjjrrgqvYCTo,2,wallet,327AGvbE1a4Tt8oXgL814DBCnnqtCJXqTy,False,True,3,12h6piHLNNjwnxMpxzBp76qjjrrgqvYCTo|355505391|327AGvbE1a4Tt8oXgL814DBCnnqtCJXqTy,wallet|transaction|wallet,|0.0168622|0.0888919,|0.0168622|0.0296306,|0.888608|-0.000376443
12jvaTJifZparc5znmwvJ8a3tDR6WWmic7,2,wallet,1FHHmHTjx66tLn845hTh6Pkxhim66GrRg7,False,True,3,12jvaTJifZparc5znmwvJ8a3tDR6WWmic7|105860380|1FHHmHTjx66tLn845hTh6Pkxhim66GrRg7,wallet|transaction|wallet,|0.0168444|0.0889997,|0.0168444|0.0889997,|0.830629|-0.014827
12m5fFEzafQBZ1dt14xymUjBafMNUCXvUL,2,wallet,3EWcy1SBK15BRSfT4VKD4NTeoxk6vaubYL,False,True,3,12m5fFEzafQBZ1dt14xymUjBafMNUCXvUL|191598956|3EWcy1SBK15BRSfT4VKD4NTeoxk6vaubYL,wallet|transaction|wallet,|0.0168535|0.0890052,|0.0168535|0.0445026,|0.90459|0.00107408
12mFwCqExS7Qmtt5GS4XpaTeF49UtmcY5F,2,wallet,1FGAyrXFBGcRsYJ5B38QXG9GpuwAihwCX7,False,True,3,12mFwCqExS7Qmtt5GS4XpaTeF49UtmcY5F|372690435|1FGAyrXFBGcRsYJ5B38QXG9GpuwAihwCX7,wallet|transaction|wallet,|0.0168791|0.0887523,|0.0168791|0.0887523,|0.876924|0.0084914
12mqi8Weg7uwgbHUH214mCwrfHmnyiGi2V,2,wallet,3GVkczRPqFnbDiZWuYZGBk3tawfL9ZUeRU,False,True,3,12mqi8Weg7uwgbHUH214mCwrfHmnyiGi2V|372682766|3GVkczRPqFnbDiZWuYZGBk3tawfL9ZUeRU,wallet|transaction|wallet,|0.016916|0.0887665,|0.016916|0.0443832,|0.912462|0.00499699
12nhRTVECSfuPibeSCnD5SQ4WLfLgaTX7U,2,wallet,1C6n14vvVenUw4zK1UCU1wLSqA5CohBVKb,False,True,3,12nhRTVECSfuPibeSCnD5SQ4WLfLgaTX7U|322493613|1C6n14vvVenUw4zK1UCU1wLSqA5CohBVKb,wallet|transaction|wallet,|0.0168762|0.0887532,|0.0168762|0.0887532,|0.879378|0.0391884
12qjhAXXR9vBkVZpocxtr77yAsXSAXp3PZ,2,wallet,156RsL92UHS8B7i3B7U1hdPU3Cf51ND9kv,False,True,3,12qjhAXXR9vBkVZpocxtr77yAsXSAXp3PZ|15085796|156RsL92UHS8B7i3B7U1hdPU3Cf51ND9kv,wallet|transaction|wallet,|0.0168946|0.0886673,|0.0168946|0.0886673,|0.886006|0.0156484
12r8dVf71NBf3CSpAcdhfZ3S9DYeyRhWRn,2,wallet,36xSQoXT2hwVLVUJQn2w7oWtj9r1tBdRDS,False,True,3,12r8dVf71NBf3CSpAcdhfZ3S9DYeyRhWRn|99676831|36xSQoXT2hwVLVUJQn2w7oWtj9r1tBdRDS,wallet|transaction|wallet,|0.01692|0.0887448,|0.01692|0.0221862,|0.897441|0.00520766
12rEzrcDvdCveLjXxDaFrMadb5iQtBAXHk,2,wallet,3LT7YtppGZuB55EHubikYytHdjBbGvWhuL,False,True,3,12rEzrcDvdCveLjXxDaFrMadb5iQtBAXHk|53782276|3LT7YtppGZuB55EHubikYytHdjBbGvWhuL,wallet|transaction|wallet,|0.0168923|0.0889559,|0.0168923|0.044478,|0.903285|-0.00136074
12sjQctohASpKV8nWHyvB4wxjcjdFc516D,2,wallet,3HyqUfX7m7PNPxqgN3KkajodvFJf1y1DvX,False,True,3,12sjQctohASpKV8nWHyvB4wxjcjdFc516D|312223867|3HyqUfX7m7PNPxqgN3KkajodvFJf1y1DvX,wallet|transaction|wallet,|0.0169026|0.088764,|0.0169026|0.088764,|0.920546|0.00628382
12tq7NaYLZKjZmEKehzT92pr7fspeFWtSJ,2,wallet,1BvqnYGMuchyqYc211aZn6SZFDcSamxX2j,False,True,3,12tq7NaYLZKjZmEKehzT92pr7fspeFWtSJ|92748480|1BvqnYGMuchyqYc211aZn6SZFDcSamxX2j,wallet|transaction|wallet,|0.0168498|0.088874,|0.0168498|0.088874,|0.857764|0.00125873
12uqXBJdpwySK4yZA5RBoWioJt5sE2CwDd,2,wallet,3J48nQyU4G6qitwTCwe22LPCwHNv57occd,False,True,3,12uqXBJdpwySK4yZA5RBoWioJt5sE2CwDd|268867035|3J48nQyU4G6qitwTCwe22LPCwHNv57occd,wallet|transaction|wallet,|0.0168982|0.0887988,|0.0168982|0.0887988,|0.911571|0.00244194
1345K8cctj3Zf5teUJZG8Lg8WzA5ViC26T,2,wallet,1Lqd4EbSVhmXEgJkEhmZWe9U9ncuaoVS8E,False,True,3,1345K8cctj3Zf5teUJZG8Lg8WzA5ViC26T|28802162|1Lqd4EbSVhmXEgJkEhmZWe9U9ncuaoVS8E,wallet|transaction|wallet,|0.0168619|0.0889304,|0.0168619|0.0889304,|0.831453|-0.0146461
134HwgYHxCWW21C7eZCEbZaeu4UR2fZkoZ,2,wallet,3BDNgqHoF4tKjdgi8Yt8S3dQ9SVcLpngHg,False,True,3,134HwgYHxCWW21C7eZCEbZaeu4UR2fZkoZ|288602158|3BDNgqHoF4tKjdgi8Yt8S3dQ9SVcLpngHg,wallet|transaction|wallet,|0.0168927|0.0889847,|0.0168927|0.0222462,|0.870975|-0.00325817
134T6xirgyABfmPCNTuhopYsy2WaJN1Mst,2,wallet,1Kra6QWCJBHrcDeLUnJEBfjqyxRNiGv2t3,False,True,3,134T6xirgyABfmPCNTuhopYsy2WaJN1Mst|95676411|1Kra6QWCJBHrcDeLUnJEBfjqyxRNiGv2t3,wallet|transaction|wallet,|0.0168462|0.088878,|0.0168462|0.088878,|0.861161|0.00121069
134WLp1zZELK7rUYPScs2kMsmmfMCJVxec,2,wallet,1KFnQbRs43ZNUfwQbZi6m9fzoD6n2qfARr,False,True,3,134WLp1zZELK7rUYPScs2kMsmmfMCJVxec|272430225|1KFnQbRs43ZNUfwQbZi6m9fzoD6n2qfARr,wallet|transaction|wallet,|0.0168797|0.088776,|0.0168797|0.088776,|0.877749|0.0135676
134YXML9nCZnz86AbGzsGmSQZNNvEuGB31,2,wallet,1KWED7fkZck8fFzxkFfHKkLoWo9eurzb8R,False,True,3,134YXML9nCZnz86AbGzsGmSQZNNvEuGB31|269459065|1KWED7fkZck8fFzxkFfHKkLoWo9eurzb8R,wallet|transaction|wallet,|0.0169038|0.0887976,|0.0169038|0.0443988,|0.873069|0.0118003
135oSUXCXb848eqHeughAXDT8cTjqrrc99,2,wallet,16NnsE9xJDD8xYeuPb19nruVaToj4PAC1t,False,True,3,135oSUXCXb848eqHeughAXDT8cTjqrrc99|299041249|16NnsE9xJDD8xYeuPb19nruVaToj4PAC1t,wallet|transaction|wallet,|0.0168506|0.0888124,|0.0168506|0.0888124,|0.875257|0.00787997
136vFELaBg11sBHvHD5fCuS9H6ZdeKjG2j,2,wallet,39WDveUcdNdZT1zE1w2WSLmtWDw2rbJc6y,False,True,3,136vFELaBg11sBHvHD5fCuS9H6ZdeKjG2j|355109541|39WDveUcdNdZT1zE1w2WSLmtWDw2rbJc6y,wallet|transaction|wallet,|0.0166104|0.0951192,|0.0166104|0.0237798,|0.945604|-0.000291705
13Bf2nNFDkb77pFP2aG3gi4WNnaDKpMHmS,2,wallet,3CWNv8JurEUrCBTKHWeHYCNRxZvafJYDvk,False,True,3,13Bf2nNFDkb77pFP2aG3gi4WNnaDKpMHmS|84373476|3CWNv8JurEUrCBTKHWeHYCNRxZvafJYDvk,wallet|transaction|wallet,|0.0169053|0.088811,|0.0169053|0.0444055,|0.904557|0.00217083
13DThMtvDTxzXxCo8gw9iqv8Bv4bnw8Kiu,2,wallet,1AGaZBXxxzTPJcnNgNENk99XJtxKcR1DfS,False,True,3,13DThMtvDTxzXxCo8gw9iqv8Bv4bnw8Kiu|372672184|1AGaZBXxxzTPJcnNgNENk99XJtxKcR1DfS,wallet|transaction|wallet,|0.0168936|0.0887541,|0.0168936|0.0887541,|0.877705|0.00746286
13ELjt94DzHR1zbhx9UrcMpq6RxSJY9u2N,2,wallet,3LYkhZLUdkvLabpRkBUuFmUYQjPPJXiA9N,False,True,3,13ELjt94DzHR1zbhx9UrcMpq6RxSJY9u2N|180533541|3LYkhZLUdkvLabpRkBUuFmUYQjPPJXiA9N,wallet|transaction|wallet,|0.0169969|0.0888098,|0.0169969|0.0444049,|0.90648|0.0049969
13Gw2pFYiqTpSMfVH6dvy1tqfANy8bRZji,2,wallet,1LXT9d8cT4uWhvN7jCin55XrnGceQUdqJK,False,True,3,13Gw2pFYiqTpSMfVH6dvy1tqfANy8bRZji|92595282|1LXT9d8cT4uWhvN7jCin55XrnGceQUdqJK,wallet|transaction|wallet,|0.0168462|0.088878,|0.0168462|0.088878,|0.861125|0.00124699
13JgiSiJ3bMSognhNkmC6pud95U2H3asTg,2,wallet,3FfKvRjCg3Ev3Li5Ly5ybZL2itAn2TCjji,False,True,3,13JgiSiJ3bMSognhNkmC6pud95U2H3asTg|286848744|3FfKvRjCg3Ev3Li5Ly5ybZL2itAn2TCjji,wallet|transaction|wallet,|0.0168953|0.0887719,|0.0168953|0.0887719,|0.938389|0.0089134
13Jk6kLeaMBYzwjdQHnYqVTY58G6oasVM5,2,wallet,14Fs5nBjPGBaBWdN4Yb1WTdbUjNciHZ8cB,False,True,3,13Jk6kLeaMBYzwjdQHnYqVTY58G6oasVM5|288617215|14Fs5nBjPGBaBWdN4Yb1WTdbUjNciHZ8cB,wallet|transaction|wallet,|0.0168735|0.0888847,|0.0168735|0.0888847,|0.843553|0.00409746
13JvVZDmJwzrBihU47qApspxxhdsq1FRvG,2,wallet,1PL4ZHs4FQYqxhsVbPhKfdpN2AbtobmVr6,False,True,3,13JvVZDmJwzrBihU47qApspxxhdsq1FRvG|336436976|1PL4ZHs4FQYqxhsVbPhKfdpN2AbtobmVr6,wallet|transaction|wallet,|0.0168771|0.0887651,|0.0168771|0.0887651,|0.877848|0.00761276
13Mo9yuMuAoVLyTwgm5y3nGERhi2waBKhD,2,wallet,1NNF4aaAnNqUknRfwBArA55XafPuZyYWzG,False,True,3,13Mo9yuMuAoVLyTwgm5y3nGERhi2waBKhD|114509390|1NNF4aaAnNqUknRfwBArA55XafPuZyYWzG,wallet|transaction|wallet,|0.0168344|0.0889306,|0.0168344|0.0889306,|0.789812|-0.0322789
13Ntho7CZ1oauGpJQdTBu1AJ1Zb9QVVnmn,2,wallet,3BSJ4xjcaV48esbGdymK1E12j3bmBqkxUX,False,True,3,13Ntho7CZ1oauGpJQdTBu1AJ1Zb9QVVnmn|28021032|3BSJ4xjcaV48esbGdymK1E12j3bmBqkxUX,wallet|transaction|wallet,|0.0169511|0.0890803,|0.0169511|0.0222701,|0.692468|-0.0301412
13PCEtMLKCfMn2GgzKYvXxRZABCF1yyMhv,2,wallet,3AjyJBNoUfdozUAA9RWx4oqzgxj5j9YigN,False,True,3,13PCEtMLKCfMn2GgzKYvXxRZABCF1yyMhv|92516400|3AjyJBNoUfdozUAA9RWx4oqzgxj5j9YigN,wallet|transaction|wallet,|0.0168818|0.0889014,|0.0168818|0.0889014,|0.915163|-0.00062108
13PJ8cjLBxyLmDGuJqYWuvbkAruSsvR2bk,2,wallet,3M7Ls2aCy5cBWyU4VBtUo8iBrBJRAyh4UL,False,True,3,13PJ8cjLBxyLmDGuJqYWuvbkAruSsvR2bk|54803353|3M7Ls2aCy5cBWyU4VBtUo8iBrBJRAyh4UL,wallet|transaction|wallet,|0.0169645|0.0888825,|0.0169645|0.0296275,|0.891096|-5.19951e-05
13PKV7jc3cXMyubj2LEkNL36xrrx9JZgGs,2,wallet,1F17kgbjj2G3hQ6kpU9XZ3hNKt9UkEDBZy,False,True,3,13PKV7jc3cXMyubj2LEkNL36xrrx9JZgGs|362965635|1F17kgbjj2G3hQ6kpU9XZ3hNKt9UkEDBZy,wallet|transaction|wallet,|0.0168955|0.0887209,|0.0168955|0.0887209,|0.880277|0.039629
13PqnxteCNo4z3vmNH2Vxyv16ZuLoAAaRH,2,wallet,14tJ6kTLUQ31oG1NpsAQHE8oCB8tLQZZPw,False,True,3,13PqnxteCNo4z3vmNH2Vxyv16ZuLoAAaRH|378112966|14tJ6kTLUQ31oG1NpsAQHE8oCB8tLQZZPw,wallet|transaction|wallet,|0.0168492|0.0886838,|0.0168492|0.0295613,|0.8183|0.00658929
13QLJnwJf6qLkTR2eyhshwmE43R14i7iZj,2,wallet,31uhUhpR6mkWJL3QNYxavcAQPHUxFv46aq,False,True,3,13QLJnwJf6qLkTR2eyhshwmE43R14i7iZj|11320206|31uhUhpR6mkWJL3QNYxavcAQPHUxFv46aq,wallet|transaction|wallet,|0.0169629|0.089019,|0.0169629|0.0445095,|0.905682|0.00391653
13QgDT5bNPMCKFKc5yYs1cN7oJpW7ZQhA2,2,transaction,2984918,False,True,3,13QgDT5bNPMCKFKc5yYs1cN7oJpW7ZQhA2|106756743|2984918,wallet|transaction|transaction,|0.0176818|0.0136856,|0.0176818|0.00684281,|0.522878|-0.0294787
13Rd2eLbYhq9gpsNFTtEEDbNPy4FRuewPN,2,wallet,3ChSv3KSMLKPXW4LpW5wjf5i2RyGy8PwHi,False,True,3,13Rd2eLbYhq9gpsNFTtEEDbNPy4FRuewPN|122221510|3ChSv3KSMLKPXW4LpW5wjf5i2RyGy8PwHi,wallet|transaction|wallet,|0.0169271|0.0887628,|0.0169271|0.0295876,|0.892361|1.70867e-05
13RoJMh7Vks8wYEey2xkQjg3tVFNsXsZZV,2,wallet,3Hy3ry9PeLEUqWfCAJHKPKFw87H1WdCJzW,False,True,3,13RoJMh7Vks8wYEey2xkQjg3tVFNsXsZZV|268856987|3Hy3ry9PeLEUqWfCAJHKPKFw87H1WdCJzW,wallet|transaction|wallet,|0.0169138|0.0888067,|0.0169138|0.0444033,|0.908338|0.00196096
13SfLs8t2GbsCgKsp3jKKib5hBYRjD7nc3,2,wallet,3AvigXeWpSD9rupoo9grBfqn5WJ79v91rM,False,True,3,13SfLs8t2GbsCgKsp3jKKib5hBYRjD7nc3|28808235|3AvigXeWpSD9rupoo9grBfqn5WJ79v91rM,wallet|transaction|wallet,|0.0168862|0.0889958,|0.0168862|0.0889958,|0.956314|-0.000769615
13TvQ9Rt1ehhsneSsHDiiJ2XrEE6DxyHpj,2,wallet,1A5oQd6VeCighpmM5nLTRWq8EXKPPriYtd,False,True,3,13TvQ9Rt1ehhsneSsHDiiJ2XrEE6DxyHpj|179028011|1A5oQd6VeCighpmM5nLTRWq8EXKPPriYtd,wallet|transaction|wallet,|0.0168992|0.0886089,|0.0168992|0.0886089,|0.88012|0.00519389
13UfDKU2JFTevjMoj6eyoXqUgv8r7qS8vG,2,wallet,1Aqh1BQQam643YQSRdB46uxa3EViEEEvuL,False,True,3,13UfDKU2JFTevjMoj6eyoXqUgv8r7qS8vG|98975505|1Aqh1BQQam643YQSRdB46uxa3EViEEEvuL,wallet|transaction|wallet,|0.0168998|0.0887417,|0.0168998|0.0887417,|0.879311|0.0344034
13VeF9uDNz5HtWZvvAAX7TBzwMy31SpW6m,2,wallet,3FZK7cfs1iRVW8PT7zofap94HRKr4Tb6br,False,True,3,13VeF9uDNz5HtWZvvAAX7TBzwMy31SpW6m|207150123|3FZK7cfs1iRVW8PT7zofap94HRKr4Tb6br,wallet|transaction|wallet,|0.0168548|0.0889835,|0.0168548|0.0444917,|0.878986|-0.00794062
13VzkXPURxj5aZmpMcavouqMFJMrEMxoeA,2,wallet,31iZopYrA7fP9NqdVnSZ6xRzmVfhiS6fuD,False,True,3,13VzkXPURxj5aZmpMcavouqMFJMrEMxoeA|165594204|31iZopYrA7fP9NqdVnSZ6xRzmVfhiS6fuD,wallet|transaction|wallet,|0.0169626|0.0887969,|0.0169626|0.029599,|0.879274|0.00126716
13W7ypPeSAANDvdDKy6x3hW1Ymqv5YqTfM,2,wallet,3Hbx2v1YH7UMALXeNgrcAyadQFQd19D57G,False,True,3,13W7ypPeSAANDvdDKy6x3hW1Ymqv5YqTfM|313613074|3Hbx2v1YH7UMALXeNgrcAyadQFQd19D57G,wallet|transaction|wallet,|0.0169432|0.0887794,|0.0169432|0.0177559,|0.903863|0.000308096
13Wb1vBXdbF7CimibvbcsArqmyt9CecUEt,2,wallet,12k5vD8uYy4cB72S7N6EvmE3d1eLEHSYpp,False,True,3,13Wb1vBXdbF7CimibvbcsArqmyt9CecUEt|70781785|12k5vD8uYy4cB72S7N6EvmE3d1eLEHSYpp,wallet|transaction|wallet,|0.0168704|0.0889752,|0.0168704|0.0889752,|0.936646|-0.00945187
13aWVf2fNYceWUMBZnWCJvGLN6pz8XWv8D,2,wallet,3EJvgztcJzTrtMq1GNTRAV5AL2Cm4FSFsm,False,True,3,13aWVf2fNYceWUMBZnWCJvGLN6pz8XWv8D|85005396|3EJvgztcJzTrtMq1GNTRAV5AL2Cm4FSFsm,wallet|transaction|wallet,|0.0169132|0.088604,|0.0169132|0.088604,|0.978907|0.0551514
13dtAaWV3RVJA2DtjvPfi3qfRjhB5HGo8J,2,wallet,3Fzzji5nFaSptmYL8bNsm3KcpYm3qnxqBS,False,True,3,13dtAaWV3RVJA2DtjvPfi3qfRjhB5HGo8J|658042|3Fzzji5nFaSptmYL8bNsm3KcpYm3qnxqBS,wallet|transaction|wallet,|0.016849|0.0891355,|0.016849|0.0297118,|0.889845|-0.00845702
13e9a4yM6oGJ9TBnmSrvGBBELkf19E8CEp,2,wallet,35GkXyiDEDtnioqKwyCh6hLBSYzDNgwyDd,False,True,3,13e9a4yM6oGJ9TBnmSrvGBBELkf19E8CEp|32293580|35GkXyiDEDtnioqKwyCh6hLBSYzDNgwyDd,wallet|transaction|wallet,|0.0143024|0.095297,|0.0143024|0.095297,|-0.00683314|-0.0032534
13fBrzqGwZ4TPToADrR4pJFyAKmzjj2Kuk,2,wallet,3NGEaUcni4jrk8v2JNLpEFUxrtQ1ogh8fT,False,True,3,13fBrzqGwZ4TPToADrR4pJFyAKmzjj2Kuk|171324635|3NGEaUcni4jrk8v2JNLpEFUxrtQ1ogh8fT,wallet|transaction|wallet,|0.0168025|0.093809,|0.0168025|0.0312697,|0.993063|0.000459552
13fDrLd5HszbFo2x9XyyA4B9RwjSESkJSL,2,wallet,1HSmP4M1om4Sp4iLUG4nfYbW2ZGKmqs4yo,False,True,3,13fDrLd5HszbFo2x9XyyA4B9RwjSESkJSL|106001669|1HSmP4M1om4Sp4iLUG4nfYbW2ZGKmqs4yo,wallet|transaction|wallet,|0.0168269|0.0889958,|0.0168269|0.0889958,|0.835284|-0.00843757
13hxJDJjMGXGXm5GWNtaHmtrYFkychJYyz,2,wallet,1PZDmCMfvu8z3dTzVbCBKZK61f4EWCCtAp,False,True,3,13hxJDJjMGXGXm5GWNtaHmtrYFkychJYyz|163711912|1PZDmCMfvu8z3dTzVbCBKZK61f4EWCCtAp,wallet|transaction|wallet,|0.0168805|0.0888032,|0.0168805|0.0888032,|0.871249|0.0269172
13iLRr2kvgLQjV5scUComTsNR5o95pDXQy,2,wallet,1G61nH4CjpUHnS3Ra6FdsqVpUEdyk5rRLe,False,True,3,13iLRr2kvgLQjV5scUComTsNR5o95pDXQy|30179360|1G61nH4CjpUHnS3Ra6FdsqVpUEdyk5rRLe,wallet|transaction|wallet,|0.0168554|0.0889225,|0.0168554|0.0889225,|0.849239|-0.00183141
13jLZMueuXM5x6MKfT2nUt9pCffsDo7Ydw,2,wallet,3CRLRBFQ8wVkTor4JJWHoHuuq6VPLofipq,False,True,3,13jLZMueuXM5x6MKfT2nUt9pCffsDo7Ydw|85005003|3CRLRBFQ8wVkTor4JJWHoHuuq6VPLofipq,wallet|transaction|wallet,|0.0169936|0.0887848,|0.0169936|0.0443924,|0.897703|0.000288576
13jbU1M8ZCyzrVYDokZkqrD9D42tbXgfkJ,2,wallet,3JCNfkGzxrygtZpzu1gA9to1fsFG1ghTag,False,True,3,13jbU1M8ZCyzrVYDokZkqrD9D42tbXgfkJ|92107945|3JCNfkGzxrygtZpzu1gA9to1fsFG1ghTag,wallet|transaction|wallet,|0.0168762|0.0889003,|0.0168762|0.0889003,|0.922045|-0.00137144
13jmHuv9exM1NTJpYKfJhq6RLoKbTKQXMW,2,wallet,3Fzzji5nFaSptmYL8bNsm3KcpYm3qnxqBS,False,True,3,13jmHuv9exM1NTJpYKfJhq6RLoKbTKQXMW|658042|3Fzzji5nFaSptmYL8bNsm3KcpYm3qnxqBS,wallet|transaction|wallet,|0.016849|0.0891355,|0.016849|0.0297118,|0.889754|-0.00849185
13k4mJ8TopNEiq9oU9PwKc5Av27DtMu7DM,2,wallet,14p7rnu6LkJgE2hMHaWH5W1UHc8BHrAPAX,False,True,3,13k4mJ8TopNEiq9oU9PwKc5Av27DtMu7DM|269561973|14p7rnu6LkJgE2hMHaWH5W1UHc8BHrAPAX,wallet|transaction|wallet,|0.0168712|0.0887841,|0.0168712|0.0887841,|0.869376|0.0374243
13mNQEazD6yMbLyKvoeS6ViUndXxPEfUu9,2,wallet,3M7Ls2aCy5cBWyU4VBtUo8iBrBJRAyh4UL,False,True,3,13mNQEazD6yMbLyKvoeS6ViUndXxPEfUu9|54803353|3M7Ls2aCy5cBWyU4VBtUo8iBrBJRAyh4UL,wallet|transaction|wallet,|0.0169645|0.0888825,|0.0169645|0.0296275,|0.891975|-4.70281e-05
13moibcQyBaSJKTuomYe25877ZCXfoq5wV,2,wallet,38EYLMdPwKuVSQjYJqcAepoopyb5wGbM91,False,True,3,13moibcQyBaSJKTuomYe25877ZCXfoq5wV|97457576|38EYLMdPwKuVSQjYJqcAepoopyb5wGbM91,wallet|transaction|wallet,|0.0168874|0.088792,|0.0168874|0.088792,|0.919891|0.00339586
13nQyYDQJWKrtYSgT9xJgAyw8mjZgLhwyx,2,wallet,1Gch5PEkGASLr2dTc8dxudemry6JVofgi7,False,True,3,13nQyYDQJWKrtYSgT9xJgAyw8mjZgLhwyx|99676504|1Gch5PEkGASLr2dTc8dxudemry6JVofgi7,wallet|transaction|wallet,|0.0168953|0.0887414,|0.0168953|0.0887414,|0.87822|0.0182592
13nqKUgJz5Ya7vvCaEqKri4JTwzBdvAkgb,2,wallet,1Ga1KPvEVGcPDMJFcJeDE1P8xYCNjkzsJA,False,True,3,13nqKUgJz5Ya7vvCaEqKri4JTwzBdvAkgb|308075880|1Ga1KPvEVGcPDMJFcJeDE1P8xYCNjkzsJA,wallet|transaction|wallet,|0.0168976|0.0887523,|0.0168976|0.0887523,|0.874626|0.0262766
13oxPxDyosVC89BTqoezURRYjNmqfyLad4,2,wallet,3J48nQyU4G6qitwTCwe22LPCwHNv57occd,False,True,3,13oxPxDyosVC89BTqoezURRYjNmqfyLad4|268867035|3J48nQyU4G6qitwTCwe22LPCwHNv57occd,wallet|transaction|wallet,|0.0168982|0.0887988,|0.0168982|0.0887988,|0.911571|0.00244194
13pdSX4fZEE6JjG3ScHaCtm86BC81HwQsx,2,wallet,17wJk7DM4gzLLv115Gv1xtbA4pcgAMNY7f,False,True,3,13pdSX4fZEE6JjG3ScHaCtm86BC81HwQsx|248889354|17wJk7DM4gzLLv115Gv1xtbA4pcgAMNY7f,wallet|transaction|wallet,|0.0168796|0.08871,|0.0168796|0.08871,|0.883754|0.0380998
13rLnA6RGwRuTvkwLMHqHd9KeD11Ay4d1V,2,wallet,1Nqwfa6TrWEs3Xi1NmZNRKPsHvo1F7RsHQ,False,True,3,13rLnA6RGwRuTvkwLMHqHd9KeD11Ay4d1V|372688009|1Nqwfa6TrWEs3Xi1NmZNRKPsHvo1F7RsHQ,wallet|transaction|wallet,|0.0168735|0.0887528,|0.0168735|0.0887528,|0.877219|0.00959778
13rMCvQCqemL662UpCTUye5DGpFd3xkP9q,2,wallet,1Q9qrxvpbPgDCbJuxQXPVQrRG4pN6zD8W1,False,True,3,13rMCvQCqemL662UpCTUye5DGpFd3xkP9q|372690570|1Q9qrxvpbPgDCbJuxQXPVQrRG4pN6zD8W1,wallet|transaction|wallet,|0.016904|0.0887521,|0.016904|0.0887521,|0.87666|0.0117614
13sUDtNdkdZ9yDrjzsjsbB7YvdeUmpad4s,2,wallet,3Fr1H62NuXsEXFcvi9GTmfhKVvA2ec5cf7,False,True,3,13sUDtNdkdZ9yDrjzsjsbB7YvdeUmpad4s|130377008|3Fr1H62NuXsEXFcvi9GTmfhKVvA2ec5cf7,wallet|transaction|wallet,|0.0169084|0.088807,|0.0169084|0.0444035,|0.907998|0.000305802
13trBMdWruprvWHdnjuUKRgbpaJNzvCcNF,2,wallet,37eLhmL47dJEnKQdfyqUn4RzcD2r75X8zB,False,True,3,13trBMdWruprvWHdnjuUKRgbpaJNzvCcNF|30165216|37eLhmL47dJEnKQdfyqUn4RzcD2r75X8zB,wallet|transaction|wallet,|0.0168971|0.0890516,|0.0168971|0.0890516,|0.973482|0.00111163
13uLRvvnHAffXN3w9GJyMRTpyW3BDKWnaT,2,wallet,1GEFpVA3UuXmXfEZNTs6L5kzCFHPHo4v6P,False,True,3,13uLRvvnHAffXN3w9GJyMRTpyW3BDKWnaT|390045476|1GEFpVA3UuXmXfEZNTs6L5kzCFHPHo4v6P,wallet|transaction|wallet,|0.0168896|0.0886986,|0.0168896|0.0886986,|0.874031|0.063333
13uWS2mUm5GbybQnjPrUp9HaTDdwCnEx33,2,wallet,15fSfdSNBrZhHDCDyu5iHAshXnxtPp3mBd,False,True,3,13uWS2mUm5GbybQnjPrUp9HaTDdwCnEx33|100075806|15fSfdSNBrZhHDCDyu5iHAshXnxtPp3mBd,wallet|transaction|wallet,|0.0168722|0.0887413,|0.0168722|0.0887413,|0.877481|0.0255783
13v7j2FdoJo5hHvSnf3BqPYwV35FkockN2,2,wallet,3BLyNUTMmg4kJUM1geHqgGpiUHKPjCKTdy,False,True,3,13v7j2FdoJo5hHvSnf3BqPYwV35FkockN2|332330444|3BLyNUTMmg4kJUM1geHqgGpiUHKPjCKTdy,wallet|transaction|wallet,|0.0169094|0.0887657,|0.0169094|0.0887657,|0.899513|0.00400501
13vYdngnDCUNAcu7PtJdbKwzAdy9Ls4VD1,2,wallet,1ETGQ1uBThN9ZCFRBpYV2U6QkmXJbwzWcJ,False,True,3,13vYdngnDCUNAcu7PtJdbKwzAdy9Ls4VD1|335858227|1ETGQ1uBThN9ZCFRBpYV2U6QkmXJbwzWcJ,wallet|transaction|wallet,|0.016896|0.0887661,|0.016896|0.0887661,|0.878483|0.0112253
13w24MKsYhBwysjqtnzg5sc3wVwanz2Ypm,2,wallet,35PVtsUn94Ho8J1uitwPJ5tpiNUZjF5ebT,False,True,3,13w24MKsYhBwysjqtnzg5sc3wVwanz2Ypm|43840946|35PVtsUn94Ho8J1uitwPJ5tpiNUZjF5ebT,wallet|transaction|wallet,|0.0169029|0.0890298,|0.0169029|0.0296766,|0.881523|0.000216285
13wNmsdwcUT5D9zhcA1fFYfgA5oUpM4Zw6,2,wallet,3DJi5YziqGMx2KTxiSsAxUDqq2SmQNq3zY,False,True,3,13wNmsdwcUT5D9zhcA1fFYfgA5oUpM4Zw6|22204803|3DJi5YziqGMx2KTxiSsAxUDqq2SmQNq3zY,wallet|transaction|wallet,|0.0168451|0.0891231,|0.0168451|0.0445615,|0.796498|-0.00411326
13wtHzS3xQfLY11MGKadfL3pnDWiGAqU6H,2,wallet,354nJAzZaw3CGbqNtNEPPh7w9WZvCgxark,False,True,3,13wtHzS3xQfLY11MGKadfL3pnDWiGAqU6H|268861287|354nJAzZaw3CGbqNtNEPPh7w9WZvCgxark,wallet|transaction|wallet,|0.0168941|0.0887967,|0.0168941|0.0887967,|0.917336|0.00286961
141feopWQWgcdiCML128zyNw9uKCrtsn3C,2,wallet,3BLyNUTMmg4kJUM1geHqgGpiUHKPjCKTdy,False,True,3,141feopWQWgcdiCML128zyNw9uKCrtsn3C|332330444|3BLyNUTMmg4kJUM1geHqgGpiUHKPjCKTdy,wallet|transaction|wallet,|0.0169094|0.0887657,|0.0169094|0.0887657,|0.899512|0.00390363
143ZVypVgvoomQqQ8pGTHTCho3ojG4WaC3,2,wallet,3HtHoFd9zAZWeyja96c4F6Lm4vbRzDkUbM,False,True,3,143ZVypVgvoomQqQ8pGTHTCho3ojG4WaC3|72046294|3HtHoFd9zAZWeyja96c4F6Lm4vbRzDkUbM,wallet|transaction|wallet,|0.0164397|0.0951475,|0.0164397|0.0475737,|0.201153|-0.0100592
143wjL39Zx2ENMnjQkFtE7dp33cvuJQVE5,2,wallet,35KurQjk7Asa4go4tGMdS9f3PnkixjFx5v,False,True,3,143wjL39Zx2ENMnjQkFtE7dp33cvuJQVE5|247774814|35KurQjk7Asa4go4tGMdS9f3PnkixjFx5v,wallet|transaction|wallet,|0.0169739|0.0889577,|0.0169739|0.0222394,|0.858625|-0.000821829
145dvAkRnpejWf2hdgH1LBbspN9ZeBHGst,2,wallet,37CTBd1xdiztjcokAWQn44NLwVzXfwdH4M,False,True,3,145dvAkRnpejWf2hdgH1LBbspN9ZeBHGst|33843382|37CTBd1xdiztjcokAWQn44NLwVzXfwdH4M,wallet|transaction|wallet,|0.0169152|0.0890937,|0.0169152|0.0178187,|0.87022|0.000498796
14A45agMAvsLwKuL7VCp63PFEE7RkBvsFT,2,wallet,1HrTsNpwdAUJYQUrbYcT3dPCRnKTaaZ3ap,False,True,3,14A45agMAvsLwKuL7VCp63PFEE7RkBvsFT|97009610|1HrTsNpwdAUJYQUrbYcT3dPCRnKTaaZ3ap,wallet|transaction|wallet,|0.0168236|0.0889772,|0.0168236|0.0889772,|0.858684|-0.0177082
14BMwudyCf9sbgzzVsLDfKEYAbmWAfKuyk,2,wallet,3JZXwKuGCr5pJcCAgjqqrcRKkBSqQS6Ncg,False,True,3,14BMwudyCf9sbgzzVsLDfKEYAbmWAfKuyk|46862458|3JZXwKuGCr5pJcCAgjqqrcRKkBSqQS6Ncg,wallet|transaction|wallet,|0.016893|0.0890182,|0.016893|0.0890182,|0.951085|0.00190228
14BnZZWz9JnX5TeR4vPjcFvge6u6v2UJQ7,2,wallet,3NGEaUcni4jrk8v2JNLpEFUxrtQ1ogh8fT,False,True,3,14BnZZWz9JnX5TeR4vPjcFvge6u6v2UJQ7|268860742|3NGEaUcni4jrk8v2JNLpEFUxrtQ1ogh8fT,wallet|transaction|wallet,|0.0150836|0.093809,|0.0150836|0.093809,|0.993988|0.22423
14C3nas8FP7q8vozF1WVQHR5e3zR8DMCJP,2,wallet,3AexPXmrWQTg1jQpmDDUgwwH7YXDi9yBwh,False,True,3,14C3nas8FP7q8vozF1WVQHR5e3zR8DMCJP|179193468|3AexPXmrWQTg1jQpmDDUgwwH7YXDi9yBwh,wallet|transaction|wallet,|0.0169097|0.0888047,|0.0169097|0.0177609,|0.929432|0.000592697
14D2pPnYSHccrgMyS66v328CY4244Bu7uK,2,wallet,38X4LyzPrZ4RwXgFMfb6f8gS4eWWdyhRUQ,False,True,3,14D2pPnYSHccrgMyS66v328CY4244Bu7uK|272096174|38X4LyzPrZ4RwXgFMfb6f8gS4eWWdyhRUQ,wallet|transaction|wallet,|0.0168888|0.0887718,|0.0168888|0.0221929,|0.871568|0.00846556
14DNSdavaUf8qysjfpKFehMXj2nj1dmctL,2,wallet,18zE7XrZ8svofn2Rg1QM32JNUV2PBwi4Vy,False,True,3,14DNSdavaUf8qysjfpKFehMXj2nj1dmctL|92631357|18zE7XrZ8svofn2Rg1QM32JNUV2PBwi4Vy,wallet|transaction|wallet,|0.0168459|0.088878,|0.0168459|0.088878,|0.855323|0.00293523
14F2Jo3wmPSCg4hCV2CfgJ42P5LYebyg6F,2,wallet,3M3Wp24aJ5KSsB6ToKTVRx4f6L5CACwrGH,False,True,3,14F2Jo3wmPSCg4hCV2CfgJ42P5LYebyg6F|372682840|3M3Wp24aJ5KSsB6ToKTVRx4f6L5CACwrGH,wallet|transaction|wallet,|0.0169176|0.0887634,|0.0169176|0.0443817,|0.908534|0.00266674
14FLkudvztaUJzCatbPJi3WLigZLcYvs5H,2,wallet,329NW49Jb8pJTxug1ibj5cAqq1xSLzsNEK,False,True,3,14FLkudvztaUJzCatbPJi3WLigZLcYvs5H|105436390|329NW49Jb8pJTxug1ibj5cAqq1xSLzsNEK,wallet|transaction|wallet,|0.0175979|0.0890304,|0.0175979|0.0296768,|0.889497|-0.00425879
14Gvvz8kYM5edxBV1Qyym7WhpMaka4whn5,2,wallet,3CRLRBFQ8wVkTor4JJWHoHuuq6VPLofipq,False,True,3,14Gvvz8kYM5edxBV1Qyym7WhpMaka4whn5|85005003|3CRLRBFQ8wVkTor4JJWHoHuuq6VPLofipq,wallet|transaction|wallet,|0.0169936|0.0887848,|0.0169936|0.0443924,|0.898157|0.000277519
14HvJYCc9R5bnRyn1dknWYwowSGfFqkxWg,2,wallet,39mSFHL1f1Hj2Fg8L46r6e14xBUud6rB8K,False,True,3,14HvJYCc9R5bnRyn1dknWYwowSGfFqkxWg|332563581|39mSFHL1f1Hj2Fg8L46r6e14xBUud6rB8K,wallet|transaction|wallet,|0.0169169|0.0887725,|0.0169169|0.0443862,|0.886765|0.00412449
14KDiUsnRZ3ymPonMwpHLB4WryUYVAZjgF,2,wallet,3CYQR53n8CxDRZMNtkt1AGo8mCByMxuCXq,False,True,3,14KDiUsnRZ3ymPonMwpHLB4WryUYVAZjgF|268856573|3CYQR53n8CxDRZMNtkt1AGo8mCByMxuCXq,wallet|transaction|wallet,|0.0168957|0.0887973,|0.0168957|0.0887973,|0.921155|0.00517929
14LUkqfnHn7QK6THosmTjhymMPGA4nZ5Uq,2,wallet,1gfXxPddiWeY2R2or7DS8Gp5sCk19fjAU,False,True,3,14LUkqfnHn7QK6THosmTjhymMPGA4nZ5Uq|269105344|1gfXxPddiWeY2R2or7DS8Gp5sCk19fjAU,wallet|transaction|wallet,|0.0168896|0.088786,|0.0168896|0.088786,|0.871269|0.0060901
14SWuu6KRrDvNEp5AxnBm3g6f8QS1FaZJG,2,wallet,15B7kFQ5nGS9X9hv63Pcz9RRSz9AUpi6br,False,True,3,14SWuu6KRrDvNEp5AxnBm3g6f8QS1FaZJG|269584820|15B7kFQ5nGS9X9hv63Pcz9RRSz9AUpi6br,wallet|transaction|wallet,|0.0168708|0.0887877,|0.0168708|0.0887877,|0.873409|0.0222237
14WKSHZdqqBmewn8nK8okXYkeK3eZu4cDg,2,wallet,13rD6M1EKjqyGJRqHtjX2YnDGyqFaYLj86,False,True,3,14WKSHZdqqBmewn8nK8okXYkeK3eZu4cDg|234181138|13rD6M1EKjqyGJRqHtjX2YnDGyqFaYLj86,wallet|transaction|wallet,|0.0168737|0.088628,|0.0168737|0.088628,|0.874755|0.0198513
14XegGUCfzJ5GBrcDMmAWwzECQQFRM6nnt,2,wallet,37yqJKYK71LVJB6JzwS8dcdPeC5yyzPvkZ,False,True,3,14XegGUCfzJ5GBrcDMmAWwzECQQFRM6nnt|199956136|37yqJKYK71LVJB6JzwS8dcdPeC5yyzPvkZ,wallet|transaction|wallet,|0.0168439|0.0886667,|0.0168439|0.0886667,|0.975565|0.00146842
14Z7URhz2LfjGhRrrWJ4FJ3fJkW6y2B8Ji,2,wallet,3FDjStiviqr5TX9CcsH19eBTatavfFBV9R,False,True,3,14Z7URhz2LfjGhRrrWJ4FJ3fJkW6y2B8Ji|84372992|3FDjStiviqr5TX9CcsH19eBTatavfFBV9R,wallet|transaction|wallet,|0.0169075|0.0888035,|0.0169075|0.0444018,|0.904524|4.70877e-06
14cqgCTzFCkqCvuAtYVRLouafL2rWfmH8x,2,wallet,37vy4kn1eMvtmUJ4LX4ihPqY1ZsqYcom2X,False,True,3,14cqgCTzFCkqCvuAtYVRLouafL2rWfmH8x|268849739|37vy4kn1eMvtmUJ4LX4ihPqY1ZsqYcom2X,wallet|transaction|wallet,|0.0168892|0.088796,|0.0168892|0.044398,|0.905272|0.00450966
14fBp5tzRjo85FEKPvnESrSq8GYvQvmGmb,2,wallet,38EYLMdPwKuVSQjYJqcAepoopyb5wGbM91,False,True,3,14fBp5tzRjo85FEKPvnESrSq8GYvQvmGmb|97457576|38EYLMdPwKuVSQjYJqcAepoopyb5wGbM91,wallet|transaction|wallet,|0.0168874|0.088792,|0.0168874|0.088792,|0.919891|0.00339586
14fGeTASTGoe8K9YNBQqig9CQzqRCmUWsY,2,wallet,36iVaBDpwubNfvDH87SNPq3Yfs4JJLdgEc,False,True,3,14fGeTASTGoe8K9YNBQqig9CQzqRCmUWsY|46490456|36iVaBDpwubNfvDH87SNPq3Yfs4JJLdgEc,wallet|transaction|wallet,|0.0169615|0.0888765,|0.0169615|0.0177753,|0.872904|-8.72612e-06
14jKgsQDDSgkojTUrgoSgpcJqZf6bQyvMA,2,wallet,3GVkczRPqFnbDiZWuYZGBk3tawfL9ZUeRU,False,True,3,14jKgsQDDSgkojTUrgoSgpcJqZf6bQyvMA|372682766|3GVkczRPqFnbDiZWuYZGBk3tawfL9ZUeRU,wallet|transaction|wallet,|0.016916|0.0887665,|0.016916|0.0443832,|0.912474|0.00493696
14korkmAU46dguJQxeUko2ZPNYBZFN4UeH,2,wallet,3LT7YtppGZuB55EHubikYytHdjBbGvWhuL,False,True,3,14korkmAU46dguJQxeUko2ZPNYBZFN4UeH|53782276|3LT7YtppGZuB55EHubikYytHdjBbGvWhuL,wallet|transaction|wallet,|0.0168923|0.0889559,|0.0168923|0.044478,|0.903237|-0.00138119
14n2xUHDgV1A3UJfh6D57CXgJKrusMQnRt,2,wallet,38iUqLcg3ask7kc59Th4jYm1RTJmjq9VND,False,True,3,14n2xUHDgV1A3UJfh6D57CXgJKrusMQnRt|285935806|38iUqLcg3ask7kc59Th4jYm1RTJmjq9VND,wallet|transaction|wallet,|0.0176816|0.0939389,|0.0176816|0.0939389,|0.982705|0.102792
14nNWt7dQ8PtSAxRLpTzdJiJ4gPuXDsBdi,2,wallet,3Gt3DqohjE3YUnZ58u4BoQRTxwoBtTZSGC,False,True,3,14nNWt7dQ8PtSAxRLpTzdJiJ4gPuXDsBdi|116442078|3Gt3DqohjE3YUnZ58u4BoQRTxwoBtTZSGC,wallet|transaction|wallet,|0.0168812|0.088979,|0.0168812|0.088979,|0.962158|1.34706e-05
14qiedTYtne9hTwyFEf2UQKLwEAdPPfpXh,2,wallet,32c559vEPj1q8mjhnYok3qD5G33NJR49ok,False,True,3,14qiedTYtne9hTwyFEf2UQKLwEAdPPfpXh|272501089|32c559vEPj1q8mjhnYok3qD5G33NJR49ok,wallet|transaction|wallet,|0.0165472|0.0887669,|0.0165472|0.0887669,|0.365081|0.00617152
14rWrJkP1QFDer5LDHPRe2b5GYNCuo4VVP,2,wallet,3K1UvCA5gDJd2r3MAwHKntYo4vKUSZbhe8,False,True,3,14rWrJkP1QFDer5LDHPRe2b5GYNCuo4VVP|85004958|3K1UvCA5gDJd2r3MAwHKntYo4vKUSZbhe8,wallet|transaction|wallet,|0.012898|0.0952997,|0.012898|0.0952997,|-0.00631458|0.0307478
14tg1SRvtNnh2bzKeHVd4hn6TeoLsq4NVb,2,wallet,1MRYrjPEDV2MMfYYwYuL1uEYB8SC7jgkG7,False,True,3,14tg1SRvtNnh2bzKeHVd4hn6TeoLsq4NVb|30179358|1MRYrjPEDV2MMfYYwYuL1uEYB8SC7jgkG7,wallet|transaction|wallet,|0.0168658|0.0889225,|0.0168658|0.0889225,|0.849497|-0.00168014
14vfPuBFF9EhMPfJ7Y4U7SthQNPwkyDuv4,2,wallet,3Hq8LMA4WEEHJR2pr9biroJYJnyhbheBP6,False,True,3,14vfPuBFF9EhMPfJ7Y4U7SthQNPwkyDuv4|269134288|3Hq8LMA4WEEHJR2pr9biroJYJnyhbheBP6,wallet|transaction|wallet,|0.0151492|0.0953017,|0.0151492|0.0476509,|0.872467|0.000726163
14wn6vb7jQ4s6BFnAFVYmk5CCGmPXqXynT,2,wallet,3HpLMNiZiVDENKTvUzADfwKdk2AZbpB59T,False,True,3,14wn6vb7jQ4s6BFnAFVYmk5CCGmPXqXynT|84354631|3HpLMNiZiVDENKTvUzADfwKdk2AZbpB59T,wallet|transaction|wallet,|0.0168921|0.0888194,|0.0168921|0.0888194,|0.923481|0.00626308
14xrgmKo8aRTWSx67SMbDXC7j1V37r9UVt,2,wallet,3MLQ7vy59DBF7zf8rcFiJPWddABL7RFg8g,False,True,3,14xrgmKo8aRTWSx67SMbDXC7j1V37r9UVt|312228916|3MLQ7vy59DBF7zf8rcFiJPWddABL7RFg8g,wallet|transaction|wallet,|0.0169063|0.0887576,|0.0169063|0.0887576,|0.921948|0.00318998
14ySZQsK7ww2rVcPv4GTG4qXArFNgukfDZ,2,wallet,3LRVntjrG3WeNKNBjA31GkM3MshSaX7uBo,False,True,3,14ySZQsK7ww2rVcPv4GTG4qXArFNgukfDZ|10174843|3LRVntjrG3WeNKNBjA31GkM3MshSaX7uBo,wallet|transaction|wallet,|0.0169705|0.0890651,|0.0169705|0.0445326,|0.873057|-0.00803968
151XjgdPXrq7q1Hka2xgKEnsUnEqcrGW6p,2,wallet,1FP5MzNddgvi2HYYsPceAcupR2cT9zdSHq,False,True,3,151XjgdPXrq7q1Hka2xgKEnsUnEqcrGW6p|54700839|1FP5MzNddgvi2HYYsPceAcupR2cT9zdSHq,wallet|transaction|wallet,|0.0168456|0.088829,|0.0168456|0.088829,|0.898344|-0.0167272
152g9b3faLLZHw7oZrw1WrnLFUi5S4hKd9,2,wallet,39fPdffe2i1bhS6vnjYVZbdieKekapMK5q,False,True,3,152g9b3faLLZHw7oZrw1WrnLFUi5S4hKd9|332328678|39fPdffe2i1bhS6vnjYVZbdieKekapMK5q,wallet|transaction|wallet,|0.0168853|0.0887593,|0.0168853|0.0295864,|0.907405|-0.00109931
156KnmJAR8zoNFur76PLNMWEHCGeiq8sec,2,wallet,31iZopYrA7fP9NqdVnSZ6xRzmVfhiS6fuD,False,True,3,156KnmJAR8zoNFur76PLNMWEHCGeiq8sec|165594204|31iZopYrA7fP9NqdVnSZ6xRzmVfhiS6fuD,wallet|transaction|wallet,|0.0169626|0.0887969,|0.0169626|0.029599,|0.879274|0.00126716
156SzJF2fSE8YZUjLSRWRWjhGDXzmPX7HX,2,wallet,36cyUSRqGziUDgKb69d9VsSehTyFKUhcHt,False,True,3,156SzJF2fSE8YZUjLSRWRWjhGDXzmPX7HX|99675806|36cyUSRqGziUDgKb69d9VsSehTyFKUhcHt,wallet|transaction|wallet,|0.0176817|0.0772218,|0.0176817|0.0772218,|0.998743|0.226173
158W92YqUUwW54RAyVHNB9koaVkJ1TTCmi,2,wallet,16ECuRD6zkYStkwMwhDarbrUgFwbhCsNk7,False,True,3,158W92YqUUwW54RAyVHNB9koaVkJ1TTCmi|305080357|16ECuRD6zkYStkwMwhDarbrUgFwbhCsNk7,wallet|transaction|wallet,|0.0169151|0.0887206,|0.0169151|0.0887206,|0.901812|0.0122036
15AHFVdj9nJyxuZNSh2nDAkxPompNoDZeb,2,wallet,1KeijKhKkgmhpvbxAWy2L8ZRDdjZLJWe1Q,False,True,3,15AHFVdj9nJyxuZNSh2nDAkxPompNoDZeb|9796280|1KeijKhKkgmhpvbxAWy2L8ZRDdjZLJWe1Q,wallet|transaction|wallet,|0.016897|0.0890807,|0.016897|0.00989785,|0.985578|0.00528247
15CwCzUbEwu75vbGCPF991QYGaU6jcmH8C,2,wallet,3BiiTmwjAHocFPzycBavHhqcx2H1KAXzjn,False,True,3,15CwCzUbEwu75vbGCPF991QYGaU6jcmH8C|249970724|3BiiTmwjAHocFPzycBavHhqcx2H1KAXzjn,wallet|transaction|wallet,|0.0168694|0.0927228,|0.0168694|0.0132461,|0.927382|0.00368559
15FMAQBCxynQadYeX3isG4em77zxMvrcgA,2,wallet,3NeBmKtVT2kSp5KJgvWeWDCTA8YAniCXGv,False,True,3,15FMAQBCxynQadYeX3isG4em77zxMvrcgA|84375106|3NeBmKtVT2kSp5KJgvWeWDCTA8YAniCXGv,wallet|transaction|wallet,|0.0168899|0.0888149,|0.0168899|0.0888149,|0.927341|0.00315398
15HY6EBvRDaHP3WtfquyRrVYsYt4nNAgxK,2,wallet,3LaRQoAg2cshSSGM2FMRbhxemN6MQ1bYf6,False,True,3,15HY6EBvRDaHP3WtfquyRrVYsYt4nNAgxK|219204636|3LaRQoAg2cshSSGM2FMRbhxemN6MQ1bYf6,wallet|transaction|wallet,|0.0165769|0.0889295,|0.0165769|0.0889295,|0.821794|0.00940806
15Javmn5ANijQTBf5rTfkaW49jaeRPumoK,2,wallet,34K7QoYcSUZyE5gJfkzZKRih8qnu2n1zL4,False,True,3,15Javmn5ANijQTBf5rTfkaW49jaeRPumoK|311608482|34K7QoYcSUZyE5gJfkzZKRih8qnu2n1zL4,wallet|transaction|wallet,|0.0170057|0.088762,|0.0170057|0.044381,|0.904042|0.0168597
15M8cfg6ut8g3ELSesCgLK1bB9QR6yeBiV,2,wallet,3B8ciXmRUt8mS5kPKe9GibnhEG8hs2GXsq,False,True,3,15M8cfg6ut8g3ELSesCgLK1bB9QR6yeBiV|268861802|3B8ciXmRUt8mS5kPKe9GibnhEG8hs2GXsq,wallet|transaction|wallet,|0.0169078|0.0888026,|0.0169078|0.0888026,|0.930977|0.0010826
15NUbEbq3vtnhb9DvLH3CZiTKWM8yra7zv,2,wallet,3GE5sAjGWYUHKg6qpkweA27y7p6v7iBF25,False,True,3,15NUbEbq3vtnhb9DvLH3CZiTKWM8yra7zv|288365473|3GE5sAjGWYUHKg6qpkweA27y7p6v7iBF25,wallet|transaction|wallet,|0.0169415|0.0889869,|0.0169415|0.0296623,|0.915181|-0.00333399
15NUyxpaD3NtccY551nn25qog7i3HNWLPF,2,wallet,1Atr2GT9BEiurnyhPNnodk9Gnn8MQhVxrb,False,True,3,15NUyxpaD3NtccY551nn25qog7i3HNWLPF|331539586|1Atr2GT9BEiurnyhPNnodk9Gnn8MQhVxrb,wallet|transaction|wallet,|0.0168917|0.0887633,|0.0168917|0.0887633,|0.87514|0.0152514
15RThMZwaUvYUBUZaezujBfzuxcjfASYPB,2,wallet,34iAa1QVsMGPauZi4RzgHSJWjjWezUh3Z3,False,True,3,15RThMZwaUvYUBUZaezujBfzuxcjfASYPB|312091759|34iAa1QVsMGPauZi4RzgHSJWjjWezUh3Z3,wallet|transaction|wallet,|0.0170095|0.0887674,|0.0170095|0.0443837,|0.890571|0.0330677
15TWsFFHuq2HPVjkmQEpWE9CHbNZr3ZSNk,2,wallet,31iZopYrA7fP9NqdVnSZ6xRzmVfhiS6fuD,False,True,3,15TWsFFHuq2HPVjkmQEpWE9CHbNZr3ZSNk|165594204|31iZopYrA7fP9NqdVnSZ6xRzmVfhiS6fuD,wallet|transaction|wallet,|0.0169626|0.0887969,|0.0169626|0.029599,|0.879274|0.00126716
15Up4Mqap1LVGiSgwqHW9wZYUTpGD2HVBK,2,wallet,1GaCKGEVxJRbCsQZS7r9L3wHUJr9c6u9Bv,False,True,3,15Up4Mqap1LVGiSgwqHW9wZYUTpGD2HVBK|272481944|1GaCKGEVxJRbCsQZS7r9L3wHUJr9c6u9Bv,wallet|transaction|wallet,|0.0168728|0.0887768,|0.0168728|0.0887768,|0.871915|0.0362023
15XnFwwXn5hFSoDtuRDQiEzqi8ZV4ruyM5,2,wallet,3ADRctaMtznbrjae9kUWUyKSEg7e5GmpiY,False,True,3,15XnFwwXn5hFSoDtuRDQiEzqi8ZV4ruyM5|100074714|3ADRctaMtznbrjae9kUWUyKSEg7e5GmpiY,wallet|transaction|wallet,|0.0169148|0.0887413,|0.0169148|0.0443707,|0.89672|0.0122973
15XqFYZNP9aBdumeGnH5GQzk7sydTuQroz,2,wallet,36R7qiChQvX2Jc38U2k9LNXzVbZFd2NPtt,False,True,3,15XqFYZNP9aBdumeGnH5GQzk7sydTuQroz|100075391|36R7qiChQvX2Jc38U2k9LNXzVbZFd2NPtt,wallet|transaction|wallet,|0.0168544|0.0883923,|0.0168544|0.0883923,|0.961053|0.00370944
15XryLQoUZaR8faF629rYjg9thHVRF3RRJ,2,wallet,3QdpY1oVe5BPSy9w4B1qRnZVKRWTD4EXVh,False,True,3,15XryLQoUZaR8faF629rYjg9thHVRF3RRJ|10864015|3QdpY1oVe5BPSy9w4B1qRnZVKRWTD4EXVh,wallet|transaction|wallet,|0.016979|0.0888042,|0.016979|0.0222011,|0.904182|0.000605047
15dtKtxmyANac1uuspy7vnJhFC9HZdHzpV,2,wallet,1GLYM5EjTWMzQJKMggmTNf92nmZ9ShtxA1,False,True,3,15dtKtxmyANac1uuspy7vnJhFC9HZdHzpV|105881091|1GLYM5EjTWMzQJKMggmTNf92nmZ9ShtxA1,wallet|transaction|wallet,|0.016858|0.0890016,|0.016858|0.0445008,|0.811011|-0.00390637
15dvPHV86hstLfo3WmQuF9CW4tuusxFCKu,2,wallet,36XCkQ8GcAU3FkbcJJt5C86CqqHKcA1XGu,False,True,3,15dvPHV86hstLfo3WmQuF9CW4tuusxFCKu|156195659|36XCkQ8GcAU3FkbcJJt5C86CqqHKcA1XGu,wallet|transaction|wallet,|0.0168898|0.0887947,|0.0168898|0.0887947,|0.910268|0.00436896
15fEjetaRTXEZZK1PPG3iYZhFzRy3MV47U,2,wallet,3JDKhmXneN7H7bF9XsGg88y3P8afD7hV5k,False,True,3,15fEjetaRTXEZZK1PPG3iYZhFzRy3MV47U|16812328|3JDKhmXneN7H7bF9XsGg88y3P8afD7hV5k,wallet|transaction|wallet,|0.0168995|0.0891286,|0.0168995|0.0891286,|0.980935|0.00647676
15g2ZDL8nG9ZiPLxGm4wMy1gumcVHJTfRj,2,wallet,39WDveUcdNdZT1zE1w2WSLmtWDw2rbJc6y,False,True,3,15g2ZDL8nG9ZiPLxGm4wMy1gumcVHJTfRj|355109541|39WDveUcdNdZT1zE1w2WSLmtWDw2rbJc6y,wallet|transaction|wallet,|0.0166104|0.0951192,|0.0166104|0.0237798,|0.945667|-0.000301629
15gC5hn2xAWenJLugcjRpEkdYPjHjNnQgh,2,wallet,1BafUwjBjhxDkyEkpbexyQ18VpxUsXHqVR,False,True,3,15gC5hn2xAWenJLugcjRpEkdYPjHjNnQgh|191247960|1BafUwjBjhxDkyEkpbexyQ18VpxUsXHqVR,wallet|transaction|wallet,|0.016856|0.0885922,|0.016856|0.0885922,|0.880145|-0.010722
15gLXAmh6o9UnrEb6mCZ5XMGhSM1EDD2jJ,2,wallet,36iVaBDpwubNfvDH87SNPq3Yfs4JJLdgEc,False,True,3,15gLXAmh6o9UnrEb6mCZ5XMGhSM1EDD2jJ|46490456|36iVaBDpwubNfvDH87SNPq3Yfs4JJLdgEc,wallet|transaction|wallet,|0.0169615|0.0888765,|0.0169615|0.0177753,|0.872961|-9.03606e-06
15kRWVagxpKLdwYtGAsfbN82z5rp6EAePE,2,wallet,3NVzXgRYdqLgP6DPR1WiQ8G2t1mnHMzwWK,False,True,3,15kRWVagxpKLdwYtGAsfbN82z5rp6EAePE|105603035|3NVzXgRYdqLgP6DPR1WiQ8G2t1mnHMzwWK,wallet|transaction|wallet,|0.0168671|0.0890555,|0.0168671|0.0890555,|0.884956|-0.0460516
15kbfCvgBDWGS3aRNbxTesPFcpbA2KVa3N,2,wallet,38iUqLcg3ask7kc59Th4jYm1RTJmjq9VND,False,True,3,15kbfCvgBDWGS3aRNbxTesPFcpbA2KVa3N|285935806|38iUqLcg3ask7kc59Th4jYm1RTJmjq9VND,wallet|transaction|wallet,|0.0176816|0.0939389,|0.0176816|0.0939389,|0.9821|0.107182
15mCsrnUkDdwAWuVGdN9BvisgsEVHfvYdQ,2,wallet,19RmGmMwSW6LfEi8MsJoWxvBkgEVHruDdM,False,True,3,15mCsrnUkDdwAWuVGdN9BvisgsEVHfvYdQ|95601913|19RmGmMwSW6LfEi8MsJoWxvBkgEVHruDdM,wallet|transaction|wallet,|0.0168703|0.0888823,|0.0168703|0.0888823,|0.862156|0.00127709
15oqhucSfDh6tHShikGxoeNjDbg12GqsDF,2,wallet,1AKKK5kV6QEeX53hQj8UjzhNH4YerKGLeR,False,True,3,15oqhucSfDh6tHShikGxoeNjDbg12GqsDF|92621783|1AKKK5kV6QEeX53hQj8UjzhNH4YerKGLeR,wallet|transaction|wallet,|0.0168438|0.088878,|0.0168438|0.088878,|0.860627|0.00137067
15sD5fZQDXsktA3wxUoDqwtjCpb69qDHfo,2,wallet,39WDveUcdNdZT1zE1w2WSLmtWDw2rbJc6y,False,True,3,15sD5fZQDXsktA3wxUoDqwtjCpb69qDHfo|355109541|39WDveUcdNdZT1zE1w2WSLmtWDw2rbJc6y,wallet|transaction|wallet,|0.0166104|0.0951192,|0.0166104|0.0237798,|0.945147|-0.000285655
15ww2xnZVuBxxR2qaXB6ZdSSCoWCaxAMDe,2,wallet,1Nc3u3r37mKV19acQecUdo5U6XQwSYeAZ8,False,True,3,15ww2xnZVuBxxR2qaXB6ZdSSCoWCaxAMDe|279015332|1Nc3u3r37mKV19acQecUdo5U6XQwSYeAZ8,wallet|transaction|wallet,|0.0168418|0.0885513,|0.0168418|0.0885513,|0.441517|-0.366905
15ycsC7UpvfSU4VttmNZjKi2yHQ49Qf15Q,2,wallet,18WTrBqYfHZhJMnQPxajgXHCZZeajocwgz,False,True,3,15ycsC7UpvfSU4VttmNZjKi2yHQ49Qf15Q|113844937|18WTrBqYfHZhJMnQPxajgXHCZZeajocwgz,wallet|transaction|wallet,|0.016888|0.0887415,|0.016888|0.0887415,|0.873872|0.0509422
15ymh2rm9QBHsRoitKUtSwKfWC4kYFMG1s,2,wallet,1HUPom2XCx8VKZEPGYgirmLSiYSxQhut9R,False,True,3,15ymh2rm9QBHsRoitKUtSwKfWC4kYFMG1s|99677329|1HUPom2XCx8VKZEPGYgirmLSiYSxQhut9R,wallet|transaction|wallet,|0.0169209|0.0887426,|0.0169209|0.0443713,|0.877197|0.000242412
15zVt1RHEqY7mab2uEY9zzcvhgLy8bnGem,2,wallet,1NVBEsMQ1f7vssDw49aHNbiX2UugKGhxeJ,False,True,3,15zVt1RHEqY7mab2uEY9zzcvhgLy8bnGem|269034952|1NVBEsMQ1f7vssDw49aHNbiX2UugKGhxeJ,wallet|transaction|wallet,|0.0168902|0.0887929,|0.0168902|0.0295976,|0.870708|0.000958999
15zziB545BcQEfsTWVpGpcr1hPj6G2GsEZ,2,wallet,1Kkh3pPHSKzjKqamg5tSXkzaAHbueCtyXW,False,True,3,15zziB545BcQEfsTWVpGpcr1hPj6G2GsEZ|331497168|1Kkh3pPHSKzjKqamg5tSXkzaAHbueCtyXW,wallet|transaction|wallet,|0.0168758|0.0887632,|0.0168758|0.0887632,|0.872301|0.0313999
165ec86X7CoLpuTBD48shJC4iUb31ePwdM,2,wallet,1Y9Yx28wHJ9eLY9aR5QzYH5JPtDjgWUfT,False,True,3,165ec86X7CoLpuTBD48shJC4iUb31ePwdM|378060826|1Y9Yx28wHJ9eLY9aR5QzYH5JPtDjgWUfT,wallet|transaction|wallet,|0.0169188|0.0886791,|0.0169188|0.0886791,|0.912793|0.0754481
166JEnKwzACd9czWjezQxWvfcMVKkckpHe,2,wallet,3MFgnzT5jgzABC67f73Zb5DL8dJfLCerYu,False,True,3,166JEnKwzACd9czWjezQxWvfcMVKkckpHe|268865654|3MFgnzT5jgzABC67f73Zb5DL8dJfLCerYu,wallet|transaction|wallet,|0.016916|0.0887926,|0.016916|0.0443963,|0.911153|3.35872e-05
16B5vBKbuu9wCYbQMzRE8tCoUMkWUpYAwy,2,wallet,38xLJAkgCqX7GF5gJWQzJ4VvVdYdZMbkio,False,True,3,16B5vBKbuu9wCYbQMzRE8tCoUMkWUpYAwy|50405501|38xLJAkgCqX7GF5gJWQzJ4VvVdYdZMbkio,wallet|transaction|wallet,|0.017148|0.0890492,|0.017148|0.0890492,|0.994373|-0.000723481
16BGv2aadHyZYbdnUd89RgpnVyfYJKuKgo,2,wallet,3BZwsuFaejXa87mg3yfMkdUpZ3GZtxkLue,False,True,3,16BGv2aadHyZYbdnUd89RgpnVyfYJKuKgo|32754708|3BZwsuFaejXa87mg3yfMkdUpZ3GZtxkLue,wallet|transaction|wallet,|0.0170141|0.0888366,|0.0170141|0.0177673,|0.914509|6.22988e-05
16BvqYBiA7jc6pGou3wcZNLUWw2e9AQz3N,2,wallet,3Gt3DqohjE3YUnZ58u4BoQRTxwoBtTZSGC,False,True,3,16BvqYBiA7jc6pGou3wcZNLUWw2e9AQz3N|116442078|3Gt3DqohjE3YUnZ58u4BoQRTxwoBtTZSGC,wallet|transaction|wallet,|0.0168812|0.088979,|0.0168812|0.088979,|0.962157|1.23382e-05
16Dt2AsozzUrVApehZtFUYatiG2LTnrMtj,2,wallet,15ZyESkcDq7BWqZC3c817erc464yYQhPD5,False,True,3,16Dt2AsozzUrVApehZtFUYatiG2LTnrMtj|73023827|15ZyESkcDq7BWqZC3c817erc464yYQhPD5,wallet|transaction|wallet,|0.0167178|0.0889587,|0.0083589|0.0177917,|0.00409055|-8.85725e-06
16JkzxJt6donL7HgSip1N3Qe7sWPyPuUei,2,wallet,14dFNzhXT5CENxCUthUHXzBqXuG9ReZT7x,False,True,3,16JkzxJt6donL7HgSip1N3Qe7sWPyPuUei|266111977|14dFNzhXT5CENxCUthUHXzBqXuG9ReZT7x,wallet|transaction|wallet,|0.0168914|0.0883824,|0.0168914|0.0883824,|0.941737|0.00667202
16KDz1hdNf3WWC3sZzhxc3cbJDuyHuQkvV,2,wallet,3M7Ls2aCy5cBWyU4VBtUo8iBrBJRAyh4UL,False,True,3,16KDz1hdNf3WWC3sZzhxc3cbJDuyHuQkvV|54803353|3M7Ls2aCy5cBWyU4VBtUo8iBrBJRAyh4UL,wallet|transaction|wallet,|0.0169645|0.0888825,|0.0169645|0.0296275,|0.891096|-5.19951e-05
16M66BF9MyzfzKDgaRe3nHhjw2tHb29q9M,2,wallet,3NKoVdvU3uKZLX5jLerqhMw3PsnEFqvy6W,False,True,3,16M66BF9MyzfzKDgaRe3nHhjw2tHb29q9M|15629510|3NKoVdvU3uKZLX5jLerqhMw3PsnEFqvy6W,wallet|transaction|wallet,|0.0169821|0.0892528,|0.0169821|0.0446264,|0.898251|0.0011031
16MsDB4hEJGabYmqkWbNoSSz9V2VRtHLyZ,2,wallet,1L9pd8iebANDk8Ypmn3cqDamFxjgUmjis9,False,True,3,16MsDB4hEJGabYmqkWbNoSSz9V2VRtHLyZ|51018430|1L9pd8iebANDk8Ypmn3cqDamFxjgUmjis9,wallet|transaction|wallet,|0.0169212|0.088733,|0.00338423|0.0443665,|1.90616e-05|1.57058e-05
16PXkAiXnbVzR8pykGPaicQ5N11j6aGwKk,2,wallet,1Hpd9GRm47nSHCj6QxxWNHuTQ2EEmtJMjp,False,True,3,16PXkAiXnbVzR8pykGPaicQ5N11j6aGwKk|148784265|1Hpd9GRm47nSHCj6QxxWNHuTQ2EEmtJMjp,wallet|transaction|wallet,|0.016831|0.0889493,|0.016831|0.0889493,|0.860092|-0.0183821
16QXzShAHuS8ycdW5Z19aKAWst1HY2VhCQ,2,wallet,3FWnLwy8tUGTrNhP1jCgsSq8wnKkWSWRCr,False,True,3,16QXzShAHuS8ycdW5Z19aKAWst1HY2VhCQ|70047035|3FWnLwy8tUGTrNhP1jCgsSq8wnKkWSWRCr,wallet|transaction|wallet,|0.0168959|0.0890343,|0.0168959|0.0890343,|0.973177|0.00086081
16SopwFbeuQzn1jdXD2x7ukXqLRvgeskYD,2,wallet,1Mbeeo8riHQJhG4BzUcitto2epk8je3AGe,False,True,3,16SopwFbeuQzn1jdXD2x7ukXqLRvgeskYD|234488147|1Mbeeo8riHQJhG4BzUcitto2epk8je3AGe,wallet|transaction|wallet,|0.0166188|0.0879969,|0.0166188|0.0439985,|0.920814|0.0502922
16VPXQWup54MCCHucJRt2xDpGuuN1EHZme,2,wallet,37TE9LvzjhLaXpo8D677b9UTFDNsCZ6Jff,False,True,3,16VPXQWup54MCCHucJRt2xDpGuuN1EHZme|54705516|37TE9LvzjhLaXpo8D677b9UTFDNsCZ6Jff,wallet|transaction|wallet,|0.0176666|0.0940265,|0.0176666|0.0470133,|0.991797|0.303975
16WUfFamZ5QgeRXWjGJQUseVAdynKzCRVR,2,wallet,37eLhmL47dJEnKQdfyqUn4RzcD2r75X8zB,False,True,3,16WUfFamZ5QgeRXWjGJQUseVAdynKzCRVR|30165216|37eLhmL47dJEnKQdfyqUn4RzcD2r75X8zB,wallet|transaction|wallet,|0.0168971|0.0890516,|0.0168971|0.0890516,|0.973465|0.00112569
16Wf5njeJHKAQgF6CSwV8KsHGXADc4TBZw,2,wallet,3EuHoJxzhZjnq1jxSdhdDT1m8CgQxnaRJp,False,True,3,16Wf5njeJHKAQgF6CSwV8KsHGXADc4TBZw|151823513|3EuHoJxzhZjnq1jxSdhdDT1m8CgQxnaRJp,wallet|transaction|wallet,|0.0169401|0.0887955,|0.0169401|0.0295985,|0.887595|0.0017101
16Za6ctHz7gG1m2fQYJ3cCmtkGkqj5XBup,2,wallet,14JjdXj8CXcvh2GHc8XWhESPkW2mdFGqpn,False,True,3,16Za6ctHz7gG1m2fQYJ3cCmtkGkqj5XBup|190005878|14JjdXj8CXcvh2GHc8XWhESPkW2mdFGqpn,wallet|transaction|wallet,|0.0151205|0.0952656,|0.0151205|0.0476328,|-0.130225|-0.0106267
16dfSaTjKbaQc1wveKRJcaLoZ6sJA1H3or,2,wallet,3NeBmKtVT2kSp5KJgvWeWDCTA8YAniCXGv,False,True,3,16dfSaTjKbaQc1wveKRJcaLoZ6sJA1H3or|84375106|3NeBmKtVT2kSp5KJgvWeWDCTA8YAniCXGv,wallet|transaction|wallet,|0.0168899|0.0888149,|0.0168899|0.0888149,|0.927335|0.0032739
16ePrYmo4j68cEFoV4sHRodqqp9ScNkQMT,2,wallet,33iAE9e7qj4EcVPEEhgcgo7VFU6GVZ23aF,False,True,3,16ePrYmo4j68cEFoV4sHRodqqp9ScNkQMT|180219451|33iAE9e7qj4EcVPEEhgcgo7VFU6GVZ23aF,wallet|transaction|wallet,|0.0169986|0.0889051,|0.0169986|0.029635,|0.966881|0.000310977
16eWqgH1K9yUYKduhsMn9SMYWr94CEkYDn,2,wallet,1FfzsHYGvkX8C3bovYDS8pHDZMR5RwrWGG,False,True,3,16eWqgH1K9yUYKduhsMn9SMYWr94CEkYDn|355110282|1FfzsHYGvkX8C3bovYDS8pHDZMR5RwrWGG,wallet|transaction|wallet,|0.0166444|0.0952442,|0.0166444|0.0952442,|-0.016004|0.000910461
16iHKz2wpPwmpYLZ3AfbnivG4t8Fvh9dTr,2,wallet,19D3t131tDiyKZs2LAKKDyhnPWpN6Yfy4i,False,True,3,16iHKz2wpPwmpYLZ3AfbnivG4t8Fvh9dTr|176536466|19D3t131tDiyKZs2LAKKDyhnPWpN6Yfy4i,wallet|transaction|wallet,|0.0168474|0.0888708,|0.0168474|0.0888708,|0.855944|0.00621825
16j5NhoUhMefDnaznJSQHYHG6PxMkAJbnb,2,wallet,3DWZmFW3sc2ZW1JQSQaXMQbQDbeECz4KLK,False,True,3,16j5NhoUhMefDnaznJSQHYHG6PxMkAJbnb|26229388|3DWZmFW3sc2ZW1JQSQaXMQbQDbeECz4KLK,wallet|transaction|wallet,|0.0169228|0.0933314,|0.0169228|0.0155552,|0.839009|0.000465026
16jVSBKJH6bX7gy679cCeCqNU2u3kTgLbU,2,wallet,3P4qvdk6uzJrUA1BnBputVyWHTHbezBKnK,False,True,3,16jVSBKJH6bX7gy679cCeCqNU2u3kTgLbU|176127022|3P4qvdk6uzJrUA1BnBputVyWHTHbezBKnK,wallet|transaction|wallet,|0.0170154|0.0887744,|0.0170154|0.0443872,|0.888187|0.000983387
16k5FutyE9k2QznndpUWAaa2GztNGH9EqG,2,wallet,3MFgnzT5jgzABC67f73Zb5DL8dJfLCerYu,False,True,3,16k5FutyE9k2QznndpUWAaa2GztNGH9EqG|268865654|3MFgnzT5jgzABC67f73Zb5DL8dJfLCerYu,wallet|transaction|wallet,|0.016916|0.0887926,|0.016916|0.0443963,|0.911143|3.22461e-05
16nkjf3j4e2X2Z2rSs9Bp5ZNfdbPCoS64R,2,wallet,16UfHzxYmeM3A3ThD5zZM9X7mFHpTArkQM,False,True,3,16nkjf3j4e2X2Z2rSs9Bp5ZNfdbPCoS64R|372687760|16UfHzxYmeM3A3ThD5zZM9X7mFHpTArkQM,wallet|transaction|wallet,|0.0168998|0.0887528,|0.0168998|0.0887528,|0.876223|0.0186607
16nnERq4nhjUWJaEmpRjLwGL3gg6VLTHBP,2,wallet,35GkXyiDEDtnioqKwyCh6hLBSYzDNgwyDd,False,True,3,16nnERq4nhjUWJaEmpRjLwGL3gg6VLTHBP|73747118|35GkXyiDEDtnioqKwyCh6hLBSYzDNgwyDd,wallet|transaction|wallet,|0.0143075|0.095297,|0.0143075|0.095297,|-0.00457329|-0.0020116
16rkthP97SsnbXmqvEjMBjPrnM3K7FTGzb,2,wallet,3CLfMmui9QbRijsd1DcRt2d1xEXLvUkPeX,False,True,3,16rkthP97SsnbXmqvEjMBjPrnM3K7FTGzb|31409359|3CLfMmui9QbRijsd1DcRt2d1xEXLvUkPeX,wallet|transaction|wallet,|0.0168389|0.0892205,|0.0168389|0.0297402,|0.856477|0.00279564
16shRdrgSCDnjA6j5Z6VELkDrWfWH4uVdf,2,wallet,38xLJAkgCqX7GF5gJWQzJ4VvVdYdZMbkio,False,True,3,16shRdrgSCDnjA6j5Z6VELkDrWfWH4uVdf|50405501|38xLJAkgCqX7GF5gJWQzJ4VvVdYdZMbkio,wallet|transaction|wallet,|0.017148|0.0890492,|0.017148|0.0890492,|0.994373|-0.000723481
16z8Jt7HP9pGJX7WSf3AJVAGcArzjG9KJK,2,wallet,3Q7n3jeNoBrTFftMmoa31SWGjgNDjpnoqf,False,True,3,16z8Jt7HP9pGJX7WSf3AJVAGcArzjG9KJK|54798281|3Q7n3jeNoBrTFftMmoa31SWGjgNDjpnoqf,wallet|transaction|wallet,|0.0168388|0.0890063,|0.0168388|0.0296688,|0.904961|-0.00312384
16zCFjP3tzPRTVg4uN9emXAtZpYecfHiND,2,wallet,34iAa1QVsMGPauZi4RzgHSJWjjWezUh3Z3,False,True,3,16zCFjP3tzPRTVg4uN9emXAtZpYecfHiND|312091759|34iAa1QVsMGPauZi4RzgHSJWjjWezUh3Z3,wallet|transaction|wallet,|0.0170095|0.0887674,|0.0170095|0.0443837,|0.890754|0.0326545
171Fr28uhga72xyRSZ7SbEuJvj4Bar2b3f,2,wallet,3FZK7cfs1iRVW8PT7zofap94HRKr4Tb6br,False,True,3,171Fr28uhga72xyRSZ7SbEuJvj4Bar2b3f|207150123|3FZK7cfs1iRVW8PT7zofap94HRKr4Tb6br,wallet|transaction|wallet,|0.0168548|0.0889835,|0.0168548|0.0444917,|0.871882|-0.00976247
172q8bv8kGyHfqTYMQfqTUUY4srodYsna,2,wallet,37CTBd1xdiztjcokAWQn44NLwVzXfwdH4M,False,True,3,172q8bv8kGyHfqTYMQfqTUUY4srodYsna|33843382|37CTBd1xdiztjcokAWQn44NLwVzXfwdH4M,wallet|transaction|wallet,|0.0169152|0.0890937,|0.0169152|0.0178187,|0.870359|0.000490236
173XUz3fmXV7G48vDM6s8UfepDT52bAHKp,2,wallet,1Hsvsqs9BjvRSznS4c69mZ8qpxhW1gMzGG,False,True,3,173XUz3fmXV7G48vDM6s8UfepDT52bAHKp|96298000|1Hsvsqs9BjvRSznS4c69mZ8qpxhW1gMzGG,wallet|transaction|wallet,|0.0169658|0.0953038,|0.0169658|0.0317679,|0.804027|-0.00122478
173nBhuxZ7HvsNZwx4BJv1HN3XtcxeHQmW,2,wallet,3DDeXJHT1r6ZsrdhePjoqSpS38g6umcudk,False,True,3,173nBhuxZ7HvsNZwx4BJv1HN3XtcxeHQmW|52295340|3DDeXJHT1r6ZsrdhePjoqSpS38g6umcudk,wallet|transaction|wallet,|0.0168685|0.0890267,|0.0168685|0.0890267,|0.944803|-0.0035876
17476UdHQugw9BbsVeURGhtVRGZuptJFF6,2,wallet,3Hq8LMA4WEEHJR2pr9biroJYJnyhbheBP6,False,True,3,17476UdHQugw9BbsVeURGhtVRGZuptJFF6|141940697|3Hq8LMA4WEEHJR2pr9biroJYJnyhbheBP6,wallet|transaction|wallet,|0.0175204|0.0953017,|0.0175204|0.0238254,|0.997734|-0.00225727
1749JCseTY8ihzChYcRdnUL8hto1Aquyi9,2,wallet,1Mbeeo8riHQJhG4BzUcitto2epk8je3AGe,False,True,3,1749JCseTY8ihzChYcRdnUL8hto1Aquyi9|268964943|1Mbeeo8riHQJhG4BzUcitto2epk8je3AGe,wallet|transaction|wallet,|0.0165373|0.0879969,|0.0165373|0.0439985,|0.9199|0.0636512
175a2tJ1dMNVkQyz8DXEK7raJBQdRDPwFC,2,wallet,3Hy3ry9PeLEUqWfCAJHKPKFw87H1WdCJzW,False,True,3,175a2tJ1dMNVkQyz8DXEK7raJBQdRDPwFC|268856987|3Hy3ry9PeLEUqWfCAJHKPKFw87H1WdCJzW,wallet|transaction|wallet,|0.0169138|0.0888067,|0.0169138|0.0444033,|0.908337|0.00195721
177tn2ibvpxYqJufPNuZuGoB5SThPDc1z,2,wallet,1EFbYDVC6Exw5RNwUxdH558j3fT8sdZyKk,False,True,3,177tn2ibvpxYqJufPNuZuGoB5SThPDc1z|248888577|1EFbYDVC6Exw5RNwUxdH558j3fT8sdZyKk,wallet|transaction|wallet,|0.0168972|0.0887079,|0.0168972|0.0887079,|0.876549|0.105199
178boHbuM2cmYwsDUn6mPbnzc2RYah15nW,2,wallet,1Q4oGNAaeEcM6UpantSE6xxxiuj8pZTDu6,False,True,3,178boHbuM2cmYwsDUn6mPbnzc2RYah15nW|65263113|1Q4oGNAaeEcM6UpantSE6xxxiuj8pZTDu6,wallet|transaction|wallet,|0.0168681|0.0885888,|0.0168681|0.0885888,|0.952693|0.022566
179Yy9135STLZY3yHzcYTRrgMEh6dW5cbc,2,wallet,3FWnLwy8tUGTrNhP1jCgsSq8wnKkWSWRCr,False,True,3,179Yy9135STLZY3yHzcYTRrgMEh6dW5cbc|70047035|3FWnLwy8tUGTrNhP1jCgsSq8wnKkWSWRCr,wallet|transaction|wallet,|0.0168959|0.0890343,|0.0168959|0.0890343,|0.973177|0.00086081
17A4W5L1eFqtCsUMcrrGWbyG8HZgh11Q3n,2,wallet,38xLJAkgCqX7GF5gJWQzJ4VvVdYdZMbkio,False,True,3,17A4W5L1eFqtCsUMcrrGWbyG8HZgh11Q3n|50405501|38xLJAkgCqX7GF5gJWQzJ4VvVdYdZMbkio,wallet|transaction|wallet,|0.017148|0.0890492,|0.017148|0.0890492,|0.994368|-0.000706673
17AF2eZG6G1FUor77J6hgvww1ind8WGLze,2,wallet,1KK9bqcaNd4kocVZtgZnrxKa51hVK7yhdh,False,True,3,17AF2eZG6G1FUor77J6hgvww1ind8WGLze|268916245|1KK9bqcaNd4kocVZtgZnrxKa51hVK7yhdh,wallet|transaction|wallet,|0.0168691|0.0887856,|0.0168691|0.0887856,|0.874401|0.0168481
17Cj2cC895nXTYPeNZTippwMS9Ep4FCXTH,2,wallet,16tVXsrGnZ41AtSeitjf2JxBsRnFp4tJwg,False,True,3,17Cj2cC895nXTYPeNZTippwMS9Ep4FCXTH|105990534|16tVXsrGnZ41AtSeitjf2JxBsRnFp4tJwg,wallet|transaction|wallet,|0.0169151|0.0888631,|0.0169151|0.0444315,|0.811394|0.0164651
17EVB3ax3YDyFWNExbMUc1rpKhzuLU9fn7,2,wallet,36K81v78bowmpwACuWFzCWWoiJJJfjnSmE,False,True,3,17EVB3ax3YDyFWNExbMUc1rpKhzuLU9fn7|312221897|36K81v78bowmpwACuWFzCWWoiJJJfjnSmE,wallet|transaction|wallet,|0.0169047|0.0887713,|0.0169047|0.0221928,|0.911367|0.00342976
17GEHLcmzYkf1SamSzWU671BJCY8gWiwv,2,wallet,3AypQiPJor61AGJRy3xDE3AoW1jCxm52RA,False,True,3,17GEHLcmzYkf1SamSzWU671BJCY8gWiwv|1061125|3AypQiPJor61AGJRy3xDE3AoW1jCxm52RA,wallet|transaction|wallet,|0.0169039|0.0891501,|0.0169039|0.0127357,|0.887865|-0.000384816
17J3gKjz9HuzHhL2WAY6usgVQ2M49evdQ5,2,wallet,3Dg8M73bmUwST46rJDrFD3cqx1EU16isDL,False,True,3,17J3gKjz9HuzHhL2WAY6usgVQ2M49evdQ5|372683044|3Dg8M73bmUwST46rJDrFD3cqx1EU16isDL,wallet|transaction|wallet,|0.0169166|0.0887647,|0.0169166|0.0443823,|0.909454|0.000247091
17LaLUbodUfDhcjRWw94UnRieU5nXXzmKN,2,wallet,3PeK3kfXJEFihTSYM3svfAzTWHvoxidL4M,False,True,3,17LaLUbodUfDhcjRWw94UnRieU5nXXzmKN|165065715|3PeK3kfXJEFihTSYM3svfAzTWHvoxidL4M,wallet|transaction|wallet,|0.0176532|0.0887738,|0.0176532|0.0887738,|0.997578|0.00182575
17MRSHbjbJFMe1DQEPvFDQfau9UJbDBex5,2,wallet,1QGXSA1q3EY5wDkUaxttPQ8A5p2upM79zA,False,True,3,17MRSHbjbJFMe1DQEPvFDQfau9UJbDBex5|339057200|1QGXSA1q3EY5wDkUaxttPQ8A5p2upM79zA,wallet|transaction|wallet,|0.0168827|0.0886517,|0.0168827|0.0886517,|0.861397|0.0805008
17MrmTtxYKLKVaHRmN2HrfdyPUKzoxgoAH,2,wallet,1E3JNa5kApdE7u2PXoy5iarRxJg86UnSMZ,False,True,3,17MrmTtxYKLKVaHRmN2HrfdyPUKzoxgoAH|331612533|1E3JNa5kApdE7u2PXoy5iarRxJg86UnSMZ,wallet|transaction|wallet,|0.0168737|0.0887626,|0.0168737|0.0887626,|0.875088|0.0158681
17N8nQ9uhLa4pCGTjExDfTjhSWUurAVVbN,2,wallet,3AexPXmrWQTg1jQpmDDUgwwH7YXDi9yBwh,False,True,3,17N8nQ9uhLa4pCGTjExDfTjhSWUurAVVbN|179193468|3AexPXmrWQTg1jQpmDDUgwwH7YXDi9yBwh,wallet|transaction|wallet,|0.0169097|0.0888047,|0.0169097|0.0177609,|0.929807|0.00066632
17NJi3uHkUQh14UJotyvRghdNwjGrujrty,2,wallet,183ovys1yCLeG5JZLR4LVJbvNumZH5HWPY,False,True,3,17NJi3uHkUQh14UJotyvRghdNwjGrujrty|355110890|183ovys1yCLeG5JZLR4LVJbvNumZH5HWPY,wallet|transaction|wallet,|0.0168477|0.0888625,|0.0168477|0.0888625,|0.859315|0.00263119
17PAa5ZXaGS4E8WDSgrowe9abNQ4RJNVnP,2,wallet,1PF1ub5oY6hcha7151mW5NWMGMgNgdg9Bt,False,True,3,17PAa5ZXaGS4E8WDSgrowe9abNQ4RJNVnP|92607818|1PF1ub5oY6hcha7151mW5NWMGMgNgdg9Bt,wallet|transaction|wallet,|0.0168462|0.088878,|0.0168462|0.088878,|0.861148|0.00124329
17PM71HYkWteFPnp8wYmkWgPVj4Zzi5B5b,2,wallet,38X4LyzPrZ4RwXgFMfb6f8gS4eWWdyhRUQ,False,True,3,17PM71HYkWteFPnp8wYmkWgPVj4Zzi5B5b|272096174|38X4LyzPrZ4RwXgFMfb6f8gS4eWWdyhRUQ,wallet|transaction|wallet,|0.0168888|0.0887718,|0.0168888|0.0221929,|0.870295|0.00873412
17QWxAj8ZuQaTqF4of2s2TZUVWibUu42Cf,2,wallet,3JDKhmXneN7H7bF9XsGg88y3P8afD7hV5k,False,True,3,17QWxAj8ZuQaTqF4of2s2TZUVWibUu42Cf|92107631|3JDKhmXneN7H7bF9XsGg88y3P8afD7hV5k,wallet|transaction|wallet,|0.0168867|0.0891286,|0.0168867|0.0178257,|0.882135|1.00374e-05
17XRi2o5P9K45vYgPj3UaEhE2VKxukyujt,2,wallet,1DFW2FUfwDHeSR9hv8vUMv131pnXGReuB,False,True,3,17XRi2o5P9K45vYgPj3UaEhE2VKxukyujt|97009383|1DFW2FUfwDHeSR9hv8vUMv131pnXGReuB,wallet|transaction|wallet,|0.0168407|0.0889654,|0.0168407|0.0444827,|0.833709|0
17XYfF5XBShrZncyDkcrE24Drqdxw4HZuM,2,wallet,174keH2SA717UUVaAjQHUn4jR4WLTs2bAP,False,True,3,17XYfF5XBShrZncyDkcrE24Drqdxw4HZuM|368814314|174keH2SA717UUVaAjQHUn4jR4WLTs2bAP,wallet|transaction|wallet,|0.0168795|0.0887541,|0.0168795|0.0887541,|0.879517|0.0172548
17XrMXtT6oH3FVAs1aWbmkPx52S6oAeDJd,2,wallet,3FfKvRjCg3Ev3Li5Ly5ybZL2itAn2TCjji,False,True,3,17XrMXtT6oH3FVAs1aWbmkPx52S6oAeDJd|286848744|3FfKvRjCg3Ev3Li5Ly5ybZL2itAn2TCjji,wallet|transaction|wallet,|0.0168953|0.0887719,|0.0168953|0.0887719,|0.938389|0.0089134
17Ywe1viFpgPGdPnUcsksSJ716ZpCmqMze,2,wallet,3B8ciXmRUt8mS5kPKe9GibnhEG8hs2GXsq,False,True,3,17Ywe1viFpgPGdPnUcsksSJ716ZpCmqMze|268861802|3B8ciXmRUt8mS5kPKe9GibnhEG8hs2GXsq,wallet|transaction|wallet,|0.0169078|0.0888026,|0.0169078|0.0888026,|0.930986|0.00109321
17baN4j7EGH5mhcZeS8us8Lc3hf1XsCHAQ,2,wallet,1LZTCHzD714aXhUUELaWeRbyEfgSeYMZgs,False,True,3,17baN4j7EGH5mhcZeS8us8Lc3hf1XsCHAQ|355110276|1LZTCHzD714aXhUUELaWeRbyEfgSeYMZgs,wallet|transaction|wallet,|0.0168777|0.0888599,|0.0168777|0.0888599,|0.855623|0.00441301
17dgV24GPTws95grJLC6xZkDr3S67cBNpP,2,wallet,1HjwEGt6ZmWRPt1s8SHaVb5XA3RmPtzBDz,False,True,3,17dgV24GPTws95grJLC6xZkDr3S67cBNpP|94157300|1HjwEGt6ZmWRPt1s8SHaVb5XA3RmPtzBDz,wallet|transaction|wallet,|0.016867|0.0885842,|0.016867|0.0885842,|0.828064|-0.0455793
17frFF3JnMWsMzh53PWwsvo4GHuTWStomg,2,wallet,3Dg8M73bmUwST46rJDrFD3cqx1EU16isDL,False,True,3,17frFF3JnMWsMzh53PWwsvo4GHuTWStomg|372683044|3Dg8M73bmUwST46rJDrFD3cqx1EU16isDL,wallet|transaction|wallet,|0.0169166|0.0887647,|0.0169166|0.0443823,|0.909446|0.000252187
17jKdYSeZvcx1G9eX8pBsebeE99XcdPD6,2,wallet,3MLQ7vy59DBF7zf8rcFiJPWddABL7RFg8g,False,True,3,17jKdYSeZvcx1G9eX8pBsebeE99XcdPD6|312228916|3MLQ7vy59DBF7zf8rcFiJPWddABL7RFg8g,wallet|transaction|wallet,|0.0169063|0.0887576,|0.0169063|0.0887576,|0.921957|0.00341648
17kwCE68hcrb3nwYH7QBUYRGs9Zu9Xxdva,2,wallet,3LyqmQP8hTTdLvMg4n6Z3GNEUQ9HKkQ5MH,False,True,3,17kwCE68hcrb3nwYH7QBUYRGs9Zu9Xxdva|268864369|3LyqmQP8hTTdLvMg4n6Z3GNEUQ9HKkQ5MH,wallet|transaction|wallet,|0.0169114|0.0887952,|0.0169114|0.017759,|0.89107|0.000106966
17mpUu126YjqKQa2U8NpjQVoUPDRphzCKx,2,wallet,39BXgpiEQ11Bwbe3nSTdqHaUjNoYaH27uD,False,True,3,17mpUu126YjqKQa2U8NpjQVoUPDRphzCKx|100075809|39BXgpiEQ11Bwbe3nSTdqHaUjNoYaH27uD,wallet|transaction|wallet,|0.016951|0.088746,|0.016951|0.00986067,|0.872238|-4.20014e-05
17mtt18Kh3k3CgrzzND9vEsDj3TKEMCLy4,2,wallet,35GkXyiDEDtnioqKwyCh6hLBSYzDNgwyDd,False,True,3,17mtt18Kh3k3CgrzzND9vEsDj3TKEMCLy4|73747118|35GkXyiDEDtnioqKwyCh6hLBSYzDNgwyDd,wallet|transaction|wallet,|0.0143075|0.095297,|0.0143075|0.095297,|-0.00458062|-0.0020175
17oKqQikF56BgSk9iRe6cbUAh6oAhnbzE7,2,wallet,3H6BZBboPZPw1MGCP25mKxTYVZPCvXzWee,False,True,3,17oKqQikF56BgSk9iRe6cbUAh6oAhnbzE7|99676600|3H6BZBboPZPw1MGCP25mKxTYVZPCvXzWee,wallet|transaction|wallet,|0.016954|0.0887417,|0.016954|0.0126774,|0.889418|0.000330201
17pztZW7y6iKmvaVEQda6J4cUiAZZGbfAq,2,wallet,3A6JRz4aaf2bMKJrcBkBLxHe9QmWKZEjzu,False,True,3,17pztZW7y6iKmvaVEQda6J4cUiAZZGbfAq|321252663|3A6JRz4aaf2bMKJrcBkBLxHe9QmWKZEjzu,wallet|transaction|wallet,|0.0169084|0.0887687,|0.0169084|0.0887687,|0.927373|0.00418675
17q6JwnYgsyXEYRXi4dZx47JhDEVzrPdaS,2,wallet,1KDftwJyWxTEMr7nCzzU2aDxr88nc643ev,False,True,3,17q6JwnYgsyXEYRXi4dZx47JhDEVzrPdaS|99676153|1KDftwJyWxTEMr7nCzzU2aDxr88nc643ev,wallet|transaction|wallet,|0.0168752|0.0887409,|0.0168752|0.0887409,|0.875542|0.0321344
17t8fm1ZnrfcL58mhD5vkhQs4m226sKbQW,2,wallet,1Lim2Sw8BG9LsBkQkhZMEFixBdk5jPnFjF,False,True,3,17t8fm1ZnrfcL58mhD5vkhQs4m226sKbQW|378232302|1Lim2Sw8BG9LsBkQkhZMEFixBdk5jPnFjF,wallet|transaction|wallet,|0.0169342|0.0887173,|0.0169342|0.0887173,|0.915829|0.0213561
17ufDb9gh1V7YpVmxHQy8D2MBNeFXe56L5,2,wallet,173o6k1HoC3YTCKV5i3rW9fq6fhHHzZLHz,False,True,3,17ufDb9gh1V7YpVmxHQy8D2MBNeFXe56L5|331228202|173o6k1HoC3YTCKV5i3rW9fq6fhHHzZLHz,wallet|transaction|wallet,|0.0169474|0.0886801,|0.0169474|0.0886801,|0.935896|0.0119748
17v9w4hEifwhzUVTr2zscJn8Jjse4woWf9,2,wallet,3J48nQyU4G6qitwTCwe22LPCwHNv57occd,False,True,3,17v9w4hEifwhzUVTr2zscJn8Jjse4woWf9|268867035|3J48nQyU4G6qitwTCwe22LPCwHNv57occd,wallet|transaction|wallet,|0.0168982|0.0887988,|0.0168982|0.0887988,|0.911544|0.00238061
17vqfc46U12fo2jToeEQ4qbN6AbSkNjKfy,2,wallet,36JStU7kDAh8xbarfkVjGxaDMsYV7iU29z,False,True,3,17vqfc46U12fo2jToeEQ4qbN6AbSkNjKfy|139102978|36JStU7kDAh8xbarfkVjGxaDMsYV7iU29z,wallet|transaction|wallet,|0.0168689|0.0890692,|0.0168689|0.0296897,|0.900953|0.00234501
17wt5FfSnR9HpsRhad9Tm937W68K4Fa2WX,2,wallet,3M7Ls2aCy5cBWyU4VBtUo8iBrBJRAyh4UL,False,True,3,17wt5FfSnR9HpsRhad9Tm937W68K4Fa2WX|54803353|3M7Ls2aCy5cBWyU4VBtUo8iBrBJRAyh4UL,wallet|transaction|wallet,|0.0169645|0.0888825,|0.0169645|0.0296275,|0.890643|-5.42998e-05
17yWG2hY5cgG3N2mCBmkrvBNem9trPbWn4,2,wallet,1MDCyGRhfAjASagGV97HbdvgtYxhp2p81W,False,True,3,17yWG2hY5cgG3N2mCBmkrvBNem9trPbWn4|208915908|1MDCyGRhfAjASagGV97HbdvgtYxhp2p81W,wallet|transaction|wallet,|0.0168984|0.088733,|0.0168984|0.088733,|0.870094|0.120202
17yeAhFrqJjjxnHyiVj76NV6f8LbZofEqo,2,wallet,1HperC2FY4bNTamyGZzkHpKC47y7mNyBEk,False,True,3,17yeAhFrqJjjxnHyiVj76NV6f8LbZofEqo|84336006|1HperC2FY4bNTamyGZzkHpKC47y7mNyBEk,wallet|transaction|wallet,|0.0168862|0.0888,|0.0168862|0.0888,|0.729994|0.265467
17yvrDuYiQkWxofwocJziVkju6dsgHq868,2,wallet,3656kvgPgpLC55LrL2gmPesZjcmxcAmgCL,False,True,3,17yvrDuYiQkWxofwocJziVkju6dsgHq868|21189498|3656kvgPgpLC55LrL2gmPesZjcmxcAmgCL,wallet|transaction|wallet,|0.0168845|0.0889803,|0.0168845|0.0889803,|0.949873|-0.00110054
17zeUsRJY71MGikdvxTJF7Z31YBCxsDQbA,2,wallet,1bsSNnB7XjgAxPziBqzvaQVmPfzqTckQc,False,True,3,17zeUsRJY71MGikdvxTJF7Z31YBCxsDQbA|288470582|1bsSNnB7XjgAxPziBqzvaQVmPfzqTckQc,wallet|transaction|wallet,|0.0168615|0.0888926,|0.0168615|0.0888926,|0.862239|-9.23276e-05
17zowQjhSrcX9y2gojS52LCg7QsS1iA7wY,2,wallet,3EWcy1SBK15BRSfT4VKD4NTeoxk6vaubYL,False,True,3,17zowQjhSrcX9y2gojS52LCg7QsS1iA7wY|155316665|3EWcy1SBK15BRSfT4VKD4NTeoxk6vaubYL,wallet|transaction|wallet,|0.0169746|0.0890052,|0.0169746|0.0296684,|0.962118|0.000720481
182VafmyMHgTEfj1PhJUQEhifsFd7pRKEZ,2,wallet,19ShJe47goU2YQuPrEMJVh3gzn81NgGYPo,False,True,3,182VafmyMHgTEfj1PhJUQEhifsFd7pRKEZ|54809336|19ShJe47goU2YQuPrEMJVh3gzn81NgGYPo,wallet|transaction|wallet,|0.0168536|0.0888593,|0.0168536|0.0888593,|0.856089|-0.00482625
186rkxxfDK4fp5SN46YrRetSoLCJHHBZdM,2,wallet,3A7w9AByxG29h46ktdx7Rd1DmjvRhZYD8b,False,True,3,186rkxxfDK4fp5SN46YrRetSoLCJHHBZdM|75067966|3A7w9AByxG29h46ktdx7Rd1DmjvRhZYD8b,wallet|transaction|wallet,|0.016893|0.0887915,|0.016893|0.0887915,|0.909186|0.00374591
186ruave9TN5xEZTP2tLGbNc37g2cQsj4W,2,wallet,14rmLkC6Bej7FkQQ8wP98zsJer1YDKPw85,False,True,3,186ruave9TN5xEZTP2tLGbNc37g2cQsj4W|238247335|14rmLkC6Bej7FkQQ8wP98zsJer1YDKPw85,wallet|transaction|wallet,|0.0168826|0.0886749,|0.0168826|0.0886749,|0.888162|0.0172075
188TVRXDfLYJM7qn5z8o5QUqEMu6hePjPV,2,wallet,3EHYjUtJZrwxRkduDoJRVyfWJBvHfUTUdf,False,True,3,188TVRXDfLYJM7qn5z8o5QUqEMu6hePjPV|268866997|3EHYjUtJZrwxRkduDoJRVyfWJBvHfUTUdf,wallet|transaction|wallet,|0.0168903|0.0887991,|0.0168903|0.0887991,|0.917514|0.00483125
188hbQ1pYXF11SLCYaH7DbstnfcyxCcXQX,2,wallet,1DoEsN4DrsFbGo63qQijFue1meboGJSrPu,False,True,3,188hbQ1pYXF11SLCYaH7DbstnfcyxCcXQX|199393791|1DoEsN4DrsFbGo63qQijFue1meboGJSrPu,wallet|transaction|wallet,|0.0169666|0.094762,|0.0169666|0.00155348,|0.827672|-9.71165e-05
188q8C9S7qxJwARzeKc5e1ZNPiEaipEfjJ,2,wallet,3GT3okpdMpfykcTA6FqbK6PqGSi8Zvt8di,False,True,3,188q8C9S7qxJwARzeKc5e1ZNPiEaipEfjJ|54771400|3GT3okpdMpfykcTA6FqbK6PqGSi8Zvt8di,wallet|transaction|wallet,|0.0168592|0.0889219,|0.0168592|0.0889219,|0.919483|-0.00465202
18APouAVF3M5axHBMCSDAvyXP2eGF76HQC,2,wallet,38mTPpcMGdrHUqSM56ZDidaDZzvNs6LPoC,False,True,3,18APouAVF3M5axHBMCSDAvyXP2eGF76HQC|85005017|38mTPpcMGdrHUqSM56ZDidaDZzvNs6LPoC,wallet|transaction|wallet,|0.0169717|0.0888091,|0.0169717|0.029603,|0.897269|0.0104734
18GsUmBCkVJ7vS5Etp7F4KkC1GvNtMty78,2,wallet,1G5cTpFygcqCd8169TWeBsqwL8MZ1MsMR3,False,True,3,18GsUmBCkVJ7vS5Etp7F4KkC1GvNtMty78|161535084|1G5cTpFygcqCd8169TWeBsqwL8MZ1MsMR3,wallet|transaction|wallet,|0.0168281|0.0889603,|0.0168281|0.0889603,|0.840366|-0.0258622
18H2NS8ngY6iDSJnKkG2qmMhkZUTUk1G3L,2,wallet,37yNFX6gTNWmAPqX14wWCp36sqyuEXdNTn,False,True,3,18H2NS8ngY6iDSJnKkG2qmMhkZUTUk1G3L|3641234|37yNFX6gTNWmAPqX14wWCp36sqyuEXdNTn,wallet|transaction|wallet,|0.0167708|0.0952202,|0.0167708|0.019044,|0.903482|-0.000462389
18H5BXvuc9Cbn38EJgzFR4wCc63za95gVw,2,wallet,3A6JRz4aaf2bMKJrcBkBLxHe9QmWKZEjzu,False,True,3,18H5BXvuc9Cbn38EJgzFR4wCc63za95gVw|321252663|3A6JRz4aaf2bMKJrcBkBLxHe9QmWKZEjzu,wallet|transaction|wallet,|0.0169084|0.0887687,|0.0169084|0.0887687,|0.927373|0.00418675
18HwjsZ6KTgTboKv2dwkivRrjSPLZEPsqy,2,wallet,3AWRvLqxiuF1jwwGQw878p8b3KDdMYdicc,False,True,3,18HwjsZ6KTgTboKv2dwkivRrjSPLZEPsqy|99676003|3AWRvLqxiuF1jwwGQw878p8b3KDdMYdicc,wallet|transaction|wallet,|0.0169092|0.0887436,|0.0169092|0.0887436,|0.908159|0.00333923
18QWu3xvx9TiNZQXKwLbFxno21x5AknfAt,2,wallet,3MpNYBkoJB9GNhbWnAbneaxrbWVXvG7swj,False,True,3,18QWu3xvx9TiNZQXKwLbFxno21x5AknfAt|43105608|3MpNYBkoJB9GNhbWnAbneaxrbWVXvG7swj,wallet|transaction|wallet,|0.0168903|0.0890185,|0.0168903|0.0890185,|0.966767|0.000194371
18RD8uAqu8EUuZqkwkVFEXnV1L4s3jTPHi,2,wallet,3NUXMwZ7oUkW9RPNm161pNsnXHLEAQj1Am,False,True,3,18RD8uAqu8EUuZqkwkVFEXnV1L4s3jTPHi|52898234|3NUXMwZ7oUkW9RPNm161pNsnXHLEAQj1Am,wallet|transaction|wallet,|0.0168772|0.0889838,|0.0168772|0.0889838,|0.94951|-0.00151938
18RDZp7KuZsf6YZut7aVj18W9kTxDrGEgN,2,wallet,3656kvgPgpLC55LrL2gmPesZjcmxcAmgCL,False,True,3,18RDZp7KuZsf6YZut7aVj18W9kTxDrGEgN|21189498|3656kvgPgpLC55LrL2gmPesZjcmxcAmgCL,wallet|transaction|wallet,|0.0168845|0.0889803,|0.0168845|0.0889803,|0.949872|-0.00109714
18RyhXj3oeYAHQEE8gmMm1C4154YMj5RSa,2,wallet,38xVRmZzgkrHzhSGfAneNyer8dp48HsfCM,False,True,3,18RyhXj3oeYAHQEE8gmMm1C4154YMj5RSa|288471753|38xVRmZzgkrHzhSGfAneNyer8dp48HsfCM,wallet|transaction|wallet,|0.016848|0.0889961,|0.016848|0.022249,|0.8845|-0.00031729
18SjLkW6SitT1MNoxnPDT8PhME3veDfd5N,2,wallet,3JBX7uBCCMjMBAk37PSjBYSwowRLyGGjEi,False,True,3,18SjLkW6SitT1MNoxnPDT8PhME3veDfd5N|99676710|3JBX7uBCCMjMBAk37PSjBYSwowRLyGGjEi,wallet|transaction|wallet,|0.0169194|0.0887428,|0.0169194|0.0443714,|0.899782|0.000466406
18UnaA7JQonyVWWDTTjGuq5finVwfVQ8SP,2,wallet,1CaTe8t7T2gHhoYGLTwLmahgMeyv1FSece,False,True,3,18UnaA7JQonyVWWDTTjGuq5finVwfVQ8SP|30179404|1CaTe8t7T2gHhoYGLTwLmahgMeyv1FSece,wallet|transaction|wallet,|0.0168659|0.0889226,|0.0168659|0.0889226,|0.849521|-0.00169611
18V8TsX7vrfxNizPh3R9ZEjfJn9toXJn4K,2,wallet,38mTPpcMGdrHUqSM56ZDidaDZzvNs6LPoC,False,True,3,18V8TsX7vrfxNizPh3R9ZEjfJn9toXJn4K|85005017|38mTPpcMGdrHUqSM56ZDidaDZzvNs6LPoC,wallet|transaction|wallet,|0.0169717|0.0888091,|0.0169717|0.029603,|0.892852|0.0131624
18VseARNK1JTrWV1sB5P3vhQSaxsbZp5HM,2,wallet,3Hq8LMA4WEEHJR2pr9biroJYJnyhbheBP6,False,True,3,18VseARNK1JTrWV1sB5P3vhQSaxsbZp5HM|269134288|3Hq8LMA4WEEHJR2pr9biroJYJnyhbheBP6,wallet|transaction|wallet,|0.0151492|0.0953017,|0.0151492|0.0476509,|0.872467|0.000726163
18X7ZvjM6zxFzSCzA8DT1EUhwaY5K2xQyq,2,wallet,1MadbNbjPZ7ACQu2nz3GFB6uD8tSTzDCc3,False,True,3,18X7ZvjM6zxFzSCzA8DT1EUhwaY5K2xQyq|7867126|1MadbNbjPZ7ACQu2nz3GFB6uD8tSTzDCc3,wallet|transaction|wallet,|0.0167706|0.0892105,|0.0167706|0.0297368,|0.979634|0.0111103
18arhaPF7gLTntCUDRgRjyYH5MzKzJ6Ywz,2,wallet,3E9FA8tkKT2PyMqZobbDJ3bkK2NHGgLD6o,False,True,3,18arhaPF7gLTntCUDRgRjyYH5MzKzJ6Ywz|355953735|3E9FA8tkKT2PyMqZobbDJ3bkK2NHGgLD6o,wallet|transaction|wallet,|0.0172634|0.0888627,|0.0172634|0.0296209,|0.838722|-0.000440081
18b8nA5uhbNti13rnVRprL8qoDngTT3dCq,2,wallet,182hENiJ77gkxhvZU1g8ZGmn8LaACTPxaL,False,True,3,18b8nA5uhbNti13rnVRprL8qoDngTT3dCq|92532810|182hENiJ77gkxhvZU1g8ZGmn8LaACTPxaL,wallet|transaction|wallet,|0.0168437|0.088878,|0.0168437|0.088878,|0.860529|0.00138831
18cTir7GcVZLzNmrzpYR2e2rMfUwbnjMPW,2,wallet,3MFgnzT5jgzABC67f73Zb5DL8dJfLCerYu,False,True,3,18cTir7GcVZLzNmrzpYR2e2rMfUwbnjMPW|268865654|3MFgnzT5jgzABC67f73Zb5DL8dJfLCerYu,wallet|transaction|wallet,|0.016916|0.0887926,|0.016916|0.0443963,|0.911153|3.37064e-05
18cjPUBLoDh4uzZrvcY3uFzo1iKFh6rhML,2,wallet,1B9Je8HxbLevUUFMVLtp28oPESXBpFAQfk,False,True,3,18cjPUBLoDh4uzZrvcY3uFzo1iKFh6rhML|99677165|1B9Je8HxbLevUUFMVLtp28oPESXBpFAQfk,wallet|transaction|wallet,|0.0168771|0.0887411,|0.0168771|0.0887411,|0.879354|0.00839776
18dQ4s3d5gxyfxDQ6SZ6gpZ2f9jhqDSFF6,2,wallet,3Ejv9Jyd1SroaqAXJTp7StCjHB8navGmXX,False,True,3,18dQ4s3d5gxyfxDQ6SZ6gpZ2f9jhqDSFF6|197467212|3Ejv9Jyd1SroaqAXJTp7StCjHB8navGmXX,wallet|transaction|wallet,|0.0160449|0.0615954,|0.0160449|0.0615954,|0.981921|0.00609267
18fVmoXu9ZEJDBrz3MjM5pAVRXdmkYPJzj,2,wallet,38EYLMdPwKuVSQjYJqcAepoopyb5wGbM91,False,True,3,18fVmoXu9ZEJDBrz3MjM5pAVRXdmkYPJzj|97457576|38EYLMdPwKuVSQjYJqcAepoopyb5wGbM91,wallet|transaction|wallet,|0.0168874|0.088792,|0.0168874|0.088792,|0.919891|0.00339586
18ipzJpW1oW55tD4YPkmJU2RcpnVvU6zYL,2,wallet,3LYkhZLUdkvLabpRkBUuFmUYQjPPJXiA9N,False,True,3,18ipzJpW1oW55tD4YPkmJU2RcpnVvU6zYL|180533541|3LYkhZLUdkvLabpRkBUuFmUYQjPPJXiA9N,wallet|transaction|wallet,|0.0169969|0.0888098,|0.0169969|0.0444049,|0.905993|0.00524259
18jVDdcGSzAjhwsGyWYaS4LVzx4hTsRMeY,2,wallet,3Ad3HDr3fK2VBbJE1uLLXTttgm2txUaTLb,False,True,3,18jVDdcGSzAjhwsGyWYaS4LVzx4hTsRMeY|10174186|3Ad3HDr3fK2VBbJE1uLLXTttgm2txUaTLb,wallet|transaction|wallet,|0.0168827|0.0890062,|0.0168827|0.0890062,|0.960699|-0.000290751
18jYQC2pWkxfo695k4ZbZv1nzoxqut8AnH,2,wallet,3CYQR53n8CxDRZMNtkt1AGo8mCByMxuCXq,False,True,3,18jYQC2pWkxfo695k4ZbZv1nzoxqut8AnH|268856573|3CYQR53n8CxDRZMNtkt1AGo8mCByMxuCXq,wallet|transaction|wallet,|0.0168957|0.0887973,|0.0168957|0.0887973,|0.921169|0.00503153
18kFXUEFFmJVWto9BRrWfri5QU7wJQXWNb,2,wallet,31uhUhpR6mkWJL3QNYxavcAQPHUxFv46aq,False,True,3,18kFXUEFFmJVWto9BRrWfri5QU7wJQXWNb|11320206|31uhUhpR6mkWJL3QNYxavcAQPHUxFv46aq,wallet|transaction|wallet,|0.0169629|0.089019,|0.0169629|0.0445095,|0.905682|0.00391653
18oRjLipGtMX94Y1H7QC2CHzQ8KagjUk2F,2,wallet,18yekCdkoEe3AZhYBu2gNt2xA9v13hWZzc,False,True,3,18oRjLipGtMX94Y1H7QC2CHzQ8KagjUk2F|157264112|18yekCdkoEe3AZhYBu2gNt2xA9v13hWZzc,wallet|transaction|wallet,|0.0168598|0.0888188,|0.0168598|0.0888188,|0.855308|0.0354283
18qL6ifBj3XU4j3E7HVC55JhFNnPXJPEv8,2,wallet,1AUW2hDc1s4r3PzGRuS1NyoqTqNvNh44Uz,False,True,3,18qL6ifBj3XU4j3E7HVC55JhFNnPXJPEv8|378120377|1AUW2hDc1s4r3PzGRuS1NyoqTqNvNh44Uz,wallet|transaction|wallet,|0.0169567|0.0886833,|0.0169567|0.0295611,|0.744406|0.00469712
18sMaoN5JT21jTTmJRfcb25mJmftFNLAa9,2,wallet,14va4zxH2otm9iHifHbsDMvzzWybhN4D6k,False,True,3,18sMaoN5JT21jTTmJRfcb25mJmftFNLAa9|12843031|14va4zxH2otm9iHifHbsDMvzzWybhN4D6k,wallet|transaction|wallet,|0.0168671|0.08893,|0.0168671|0.017786,|0.825464|-0.00486578
18uieCYizT2zrg1zgivdrgUnUc4Y5EPUJZ,2,wallet,37yNFX6gTNWmAPqX14wWCp36sqyuEXdNTn,False,True,3,18uieCYizT2zrg1zgivdrgUnUc4Y5EPUJZ|3641234|37yNFX6gTNWmAPqX14wWCp36sqyuEXdNTn,wallet|transaction|wallet,|0.0167708|0.0952202,|0.0167708|0.019044,|0.903117|-0.000460827
18uz8B3MHV6HpUCLBL1wYo2DfcMoBBo6zG,2,wallet,1FeRGGQExRvYSA47aNzcR8ZVXHH1QVFtVx,False,True,3,18uz8B3MHV6HpUCLBL1wYo2DfcMoBBo6zG|248887402|1FeRGGQExRvYSA47aNzcR8ZVXHH1QVFtVx,wallet|transaction|wallet,|0.0169222|0.0886919,|0.0169222|0.0443459,|0.918283|0.0270471
18vn2iZWgPX1qWrbKXato7VxUFHNvtu2Eg,2,wallet,1M9MfQ2vyiYQbPJsww5FwJn46WU4K7dCSD,False,True,3,18vn2iZWgPX1qWrbKXato7VxUFHNvtu2Eg|186108514|1M9MfQ2vyiYQbPJsww5FwJn46WU4K7dCSD,wallet|transaction|wallet,|0.0168683|0.0888634,|0.0168683|0.0888634,|0.859283|0.00356483
18vztPfkPCVsGqfuQrsjhTyN5HdVqoYuLU,2,wallet,32b53Lq7oxvaRYNCtBWS5Qjr5DY71CbQe7,False,True,3,18vztPfkPCVsGqfuQrsjhTyN5HdVqoYuLU|10174881|32b53Lq7oxvaRYNCtBWS5Qjr5DY71CbQe7,wallet|transaction|wallet,|0.0169116|0.0890489,|0.0169116|0.0890489,|0.973257|0.00124937
191tAAapWjwFcwxHAHHknUyFfcri9GdGX1,2,wallet,1AvePXwiVZL83a6uDVkrV19E6GKKdV5frh,False,True,3,191tAAapWjwFcwxHAHHknUyFfcri9GdGX1|50466764|1AvePXwiVZL83a6uDVkrV19E6GKKdV5frh,wallet|transaction|wallet,|0.0168721|0.0890422,|0.0168721|0.0890422,|0.944511|-0.00811368
194RQ6KtrNYW3gg3ogjaFMU43UHGZY5443,2,wallet,1AHpy7EHE4LuvSAAxoZstCCoXTB8tu2Cxk,False,True,3,194RQ6KtrNYW3gg3ogjaFMU43UHGZY5443|152610799|1AHpy7EHE4LuvSAAxoZstCCoXTB8tu2Cxk,wallet|transaction|wallet,|0.016866|0.0888222,|0.00843301|0.0444111,|0.272576|-8.76486e-05
195qRoksLUVhwtQgLi9HCiv4A8j448okhi,2,wallet,1Lwnwj1qgvWrtArbTYxbXXMn3aed9FTQ7d,False,True,3,195qRoksLUVhwtQgLi9HCiv4A8j448okhi|214136652|1Lwnwj1qgvWrtArbTYxbXXMn3aed9FTQ7d,wallet|transaction|wallet,|0.0168614|0.0887852,|0.0168614|0.0126836,|0.833083|0.0159573
198y2kcP8ZpH1CZy7CdMTdVkP1bMGaTdbE,2,wallet,3FMxEmNfDycwELFCkkYezWth5uhKfQo7s8,False,True,3,198y2kcP8ZpH1CZy7CdMTdVkP1bMGaTdbE|9259519|3FMxEmNfDycwELFCkkYezWth5uhKfQo7s8,wallet|transaction|wallet,|0.0168851|0.0889241,|0.0168851|0.0889241,|0.945709|-0.00245053
199bqTUxZrsKDNQgzdLc4DsMHPJFgt2z6e,2,wallet,35PVtsUn94Ho8J1uitwPJ5tpiNUZjF5ebT,False,True,3,199bqTUxZrsKDNQgzdLc4DsMHPJFgt2z6e|43840946|35PVtsUn94Ho8J1uitwPJ5tpiNUZjF5ebT,wallet|transaction|wallet,|0.0169029|0.0890298,|0.0169029|0.0296766,|0.8816|0.000216603
19EAaWSoaWRDiZauoVVeBPKJhtBGPb65P8,2,wallet,38Jt9Bb2sUX9zCKqAzbEborD3N1LiL6JKJ,False,True,3,19EAaWSoaWRDiZauoVVeBPKJhtBGPb65P8|74699742|38Jt9Bb2sUX9zCKqAzbEborD3N1LiL6JKJ,wallet|transaction|wallet,|0.0169677|0.0890347,|0.0169677|0.0445173,|0.901033|0.00124529
19EDfydRhWT5g29in9zsNV3UQ8A2gkHQ3w,2,wallet,36KjeQHUrDsFkFkWjUesTo8J8LPwc839aQ,False,True,3,19EDfydRhWT5g29in9zsNV3UQ8A2gkHQ3w|130377005|36KjeQHUrDsFkFkWjUesTo8J8LPwc839aQ,wallet|transaction|wallet,|0.0169092|0.0887954,|0.0169092|0.0443977,|0.920848|0.00122386
19GJDQvYCNtquUoV6VymYwUhX5yzKJovQG,2,wallet,1PiTdNfth9uZkFbk85hjuvffA8ama1iWr7,False,True,3,19GJDQvYCNtquUoV6VymYwUhX5yzKJovQG|158312743|1PiTdNfth9uZkFbk85hjuvffA8ama1iWr7,wallet|transaction|wallet,|0.0172359|0.0948131,|0.0172359|0.0948131,|-0.0617474|-0.176682
19JjfZ9Um4KPesUMz8oQYKWoCRhuB6cEKm,2,wallet,31iZopYrA7fP9NqdVnSZ6xRzmVfhiS6fuD,False,True,3,19JjfZ9Um4KPesUMz8oQYKWoCRhuB6cEKm|165594204|31iZopYrA7fP9NqdVnSZ6xRzmVfhiS6fuD,wallet|transaction|wallet,|0.0169626|0.0887969,|0.0169626|0.029599,|0.878622|0.00129114
19L1NpgikXQCv2gvAkTcjUmfpZCJYZw7E1,2,wallet,33qEhyXtaY6DDHXGHWJF5AojRDNXi9ecao,False,True,3,19L1NpgikXQCv2gvAkTcjUmfpZCJYZw7E1|99932170|33qEhyXtaY6DDHXGHWJF5AojRDNXi9ecao,wallet|transaction|wallet,|0.0168948|0.0887383,|0.0168948|0.0295794,|0.86732|0.031359
19M9u625mqzaRdBwPLcrr9U8fEkmiGedqc,2,wallet,3GhtjDLFhevCZmParfC2yrimZ5wsUBKbJG,False,True,3,19M9u625mqzaRdBwPLcrr9U8fEkmiGedqc|84334516|3GhtjDLFhevCZmParfC2yrimZ5wsUBKbJG,wallet|transaction|wallet,|0.0169748|0.0888497,|0.0169748|0.0296166,|0.877394|0.00252903
19NYaooEZaXdQtKrCfHQobr2HhddpuAU7n,2,wallet,1J3Smm5WYimCuGD71fJG8nuN4fdvGDQdy7,False,True,3,19NYaooEZaXdQtKrCfHQobr2HhddpuAU7n|269587293|1J3Smm5WYimCuGD71fJG8nuN4fdvGDQdy7,wallet|transaction|wallet,|0.0168697|0.0887875,|0.0168697|0.0887875,|0.868661|0.0368066
19NsqhAw2bqCCTQJt2zT46uyzP3fjniVCi,2,wallet,39M5wWQ1rk3F7zrodaJ9r1RpikZM2Q3k1L,False,True,3,19NsqhAw2bqCCTQJt2zT46uyzP3fjniVCi|204054358|39M5wWQ1rk3F7zrodaJ9r1RpikZM2Q3k1L,wallet|transaction|wallet,|0.0168912|0.0890029,|0.0168912|0.00890029,|0.804371|-0.000487411
19PoNLoYzkDmFkg2Kj6qmyZQTpgmgeGPDp,2,wallet,1Lg3kXnpK5dQkXauX8FxiEcttKUQApmbjw,False,True,3,19PoNLoYzkDmFkg2Kj6qmyZQTpgmgeGPDp|339057170|1Lg3kXnpK5dQkXauX8FxiEcttKUQApmbjw,wallet|transaction|wallet,|0.0168819|0.0886554,|0.0168819|0.0886554,|0.889264|0.0407957
19PpZGcmnxmSSqy2E6CnDCrbxEqqQnFq8T,2,wallet,3A77j7eCZAWRucGYa3E8wAbcdcs7Xhbf7b,False,True,3,19PpZGcmnxmSSqy2E6CnDCrbxEqqQnFq8T|23344692|3A77j7eCZAWRucGYa3E8wAbcdcs7Xhbf7b,wallet|transaction|wallet,|0.0169495|0.0890137,|0.0169495|0.0222534,|0.8595|-0.000494525
19WAscwHmhCW557yHsdtGR4ySySYfduiWs,2,wallet,3K7WqtUiNyHErmNCnjn1c1RNqWEeF2VKAr,False,True,3,19WAscwHmhCW557yHsdtGR4ySySYfduiWs|61988163|3K7WqtUiNyHErmNCnjn1c1RNqWEeF2VKAr,wallet|transaction|wallet,|0.01688|0.0889857,|0.01688|0.0296619,|0.869981|-0.000748237
19YYhajoivhaB2QbTxykKx8w4Em2oNeUoj,2,wallet,3BiiTmwjAHocFPzycBavHhqcx2H1KAXzjn,False,True,3,19YYhajoivhaB2QbTxykKx8w4Em2oNeUoj|249970724|3BiiTmwjAHocFPzycBavHhqcx2H1KAXzjn,wallet|transaction|wallet,|0.0168694|0.0927228,|0.0168694|0.0132461,|0.931261|0.00277369
19ZmzvkHn1atACaisixBS5pch5tRjXRpqp,2,wallet,33i7FZnUtQaHp9rX6ZRkeHvPoAusDMiG7G,False,True,3,19ZmzvkHn1atACaisixBS5pch5tRjXRpqp|84375386|33i7FZnUtQaHp9rX6ZRkeHvPoAusDMiG7G,wallet|transaction|wallet,|0.0169095|0.088818,|0.0169095|0.044409,|0.901325|0.00136608
19cc9dE3m3r3Y7YiCFA2qjYCYCDZpeJq88,2,wallet,3BDNgqHoF4tKjdgi8Yt8S3dQ9SVcLpngHg,False,True,3,19cc9dE3m3r3Y7YiCFA2qjYCYCDZpeJq88|288602158|3BDNgqHoF4tKjdgi8Yt8S3dQ9SVcLpngHg,wallet|transaction|wallet,|0.0168927|0.0889847,|0.0168927|0.0222462,|0.869335|-0.00351956
19dD3ooPn6vnAVu6Qgg8pGSA1QEL4Ue2kQ,2,wallet,32b53Lq7oxvaRYNCtBWS5Qjr5DY71CbQe7,False,True,3,19dD3ooPn6vnAVu6Qgg8pGSA1QEL4Ue2kQ|10174881|32b53Lq7oxvaRYNCtBWS5Qjr5DY71CbQe7,wallet|transaction|wallet,|0.0169116|0.0890489,|0.0169116|0.0890489,|0.97325|0.00126088
19fkVbHcvoTpChNcSfLh9SKgUW73Ut4X5Y,2,wallet,3FZK7cfs1iRVW8PT7zofap94HRKr4Tb6br,False,True,3,19fkVbHcvoTpChNcSfLh9SKgUW73Ut4X5Y|207150123|3FZK7cfs1iRVW8PT7zofap94HRKr4Tb6br,wallet|transaction|wallet,|0.0168548|0.0889835,|0.0168548|0.0444917,|0.867967|-0.0106835
19jFzmUHbfA8e4RvWy36o5dG7As1BRDAhi,2,wallet,3JHv4H3k8f73ERGX3ux5oJG3srDBhhMKhB,False,True,3,19jFzmUHbfA8e4RvWy36o5dG7As1BRDAhi|25563902|3JHv4H3k8f73ERGX3ux5oJG3srDBhhMKhB,wallet|transaction|wallet,|0.0168659|0.0888162,|0.0168659|0.0888162,|0.93971|-0.00207722
19jm3XvrkgUujFsebAQP3rEoTbQuxwwi2p,2,wallet,16wnVeNANLFSfD6ZXJnSTrwrzffjZXb1B9,False,True,3,19jm3XvrkgUujFsebAQP3rEoTbQuxwwi2p|99676520|16wnVeNANLFSfD6ZXJnSTrwrzffjZXb1B9,wallet|transaction|wallet,|0.0168914|0.0887434,|0.0168914|0.0887434,|0.84985|0.198823
19tAwQzDeRfev8qS46uTEDJMsiFopRfHJE,2,wallet,3APUu6Y2HZM5aDTsJy7Y7Fxs1ecc8YNUjB,False,True,3,19tAwQzDeRfev8qS46uTEDJMsiFopRfHJE|331566935|3APUu6Y2HZM5aDTsJy7Y7Fxs1ecc8YNUjB,wallet|transaction|wallet,|0.0168983|0.0887673,|0.0168983|0.0887673,|0.887114|0.0144532
19vAiYatot8wRfKsmBVqMyv57DvuPHgNGW,2,wallet,3Hbx2v1YH7UMALXeNgrcAyadQFQd19D57G,False,True,3,19vAiYatot8wRfKsmBVqMyv57DvuPHgNGW|313613074|3Hbx2v1YH7UMALXeNgrcAyadQFQd19D57G,wallet|transaction|wallet,|0.0169432|0.0887794,|0.0169432|0.0177559,|0.902449|0.000703979
19wbNFk6XsUwQYzYLb3NLeutSB7rP7LpAY,2,wallet,15iZ9WU4jTkmr95Hc3Zbavr6SaL3FKpumv,False,True,3,19wbNFk6XsUwQYzYLb3NLeutSB7rP7LpAY|372695283|15iZ9WU4jTkmr95Hc3Zbavr6SaL3FKpumv,wallet|transaction|wallet,|0.0169036|0.0887538,|0.0169036|0.0221884,|0.869644|0.000137791
1A25uinGtsmon3oWBiwGKvGFjG1WrRXQtf,2,wallet,32r9FFx6C4JTrazjtA8YY7GcidDyHyuvpk,False,True,3,1A25uinGtsmon3oWBiwGKvGFjG1WrRXQtf|92108374|32r9FFx6C4JTrazjtA8YY7GcidDyHyuvpk,wallet|transaction|wallet,|0.0168827|0.088914,|0.0168827|0.088914,|0.932269|-0.000931621
1A3iTtz8QxzYsCpqUWRNhZWGQmsjx4FMF7,2,wallet,3M3Wp24aJ5KSsB6ToKTVRx4f6L5CACwrGH,False,True,3,1A3iTtz8QxzYsCpqUWRNhZWGQmsjx4FMF7|372682840|3M3Wp24aJ5KSsB6ToKTVRx4f6L5CACwrGH,wallet|transaction|wallet,|0.0169176|0.0887634,|0.0169176|0.0443817,|0.908561|0.00242478
1A57YXLWQ5k6qfSykymNy5SDdMRzfqKXf1,2,wallet,3MLQ7vy59DBF7zf8rcFiJPWddABL7RFg8g,False,True,3,1A57YXLWQ5k6qfSykymNy5SDdMRzfqKXf1|312228916|3MLQ7vy59DBF7zf8rcFiJPWddABL7RFg8g,wallet|transaction|wallet,|0.0169063|0.0887576,|0.0169063|0.0887576,|0.921958|0.00347376
1A62esfxUJdKG7NpZDzHr7zqjDJEjMwsHg,2,wallet,3LgpbGyhuCNMfcFHnpaFz5K9nBJWFYSw4W,False,True,3,1A62esfxUJdKG7NpZDzHr7zqjDJEjMwsHg|174790146|3LgpbGyhuCNMfcFHnpaFz5K9nBJWFYSw4W,wallet|transaction|wallet,|0.0169196|0.0885934,|0.0169196|0.0295311,|0.782202|-0.013785
1A7oVGzsXa3rmbbLALtgM9cSWV23K9iwKX,2,wallet,1KJbKr1kah13PD9J1Vtd1DZYLhfb6AFkyx,False,True,3,1A7oVGzsXa3rmbbLALtgM9cSWV23K9iwKX|334612261|1KJbKr1kah13PD9J1Vtd1DZYLhfb6AFkyx,wallet|transaction|wallet,|0.0168771|0.088765,|0.0168771|0.088765,|0.876396|0.0169954
1A7wiAv22f5RUfDc4BkXcw2Fxc19xZAiGT,2,wallet,1B9pRcHonNqU9i7t1w16CNLaeRKpNqybiJ,False,True,3,1A7wiAv22f5RUfDc4BkXcw2Fxc19xZAiGT|183242487|1B9pRcHonNqU9i7t1w16CNLaeRKpNqybiJ,wallet|transaction|wallet,|0.016902|0.0887733,|0.016902|0.0887733,|0.883095|0.073719
1A9Jf6BybobfzqN1ffgiWEz1QNnPdFsQS2,2,wallet,1NEogPJMYE7hybZUH2gNiqq1dDcR7rQ1YS,False,True,3,1A9Jf6BybobfzqN1ffgiWEz1QNnPdFsQS2|99677488|1NEogPJMYE7hybZUH2gNiqq1dDcR7rQ1YS,wallet|transaction|wallet,|0.0168746|0.0887421,|0.0168746|0.0887421,|0.874813|0.0444853
1AAmHswpMMpeRQ6NtWL3eT9EGwHkTCoKGn,2,wallet,1Fs8G3G2wNAwVQasYUYhS9BexR9iiUNTJB,False,True,3,1AAmHswpMMpeRQ6NtWL3eT9EGwHkTCoKGn|331611467|1Fs8G3G2wNAwVQasYUYhS9BexR9iiUNTJB,wallet|transaction|wallet,|0.0168735|0.0887634,|0.0168735|0.0887634,|0.875959|0.00808561
1ABDVpvZGwbHm9dmvwVAr1zRRWuGZVAYNx,2,wallet,1LtU8QE86HSs6voaFN4YKYfv8YapLSZdBk,False,True,3,1ABDVpvZGwbHm9dmvwVAr1zRRWuGZVAYNx|268911484|1LtU8QE86HSs6voaFN4YKYfv8YapLSZdBk,wallet|transaction|wallet,|0.0168694|0.0887868,|0.0168694|0.0887868,|0.87221|0.00523698
1ABg7HLx3viW4sjj3ViCUkxr6HqQ5qJT4P,2,wallet,1E5QHGsqgrFaMwQEkmwnUWV3fuJvEFvC31,False,True,3,1ABg7HLx3viW4sjj3ViCUkxr6HqQ5qJT4P|12661072|1E5QHGsqgrFaMwQEkmwnUWV3fuJvEFvC31,wallet|transaction|wallet,|0.0169696|0.0891611,|0.0169696|0.0891611,|0.994842|0.00897294
1AEAGhm5tBQnfrHPV7WLrLENbyj1pFDdhR,2,wallet,1DUtnMjwarcE4YvQUecKkPdKbHMoF4iTc1,False,True,3,1AEAGhm5tBQnfrHPV7WLrLENbyj1pFDdhR|26532670|1DUtnMjwarcE4YvQUecKkPdKbHMoF4iTc1,wallet|transaction|wallet,|0.0169653|0.0891379,|0.0169653|0.0891379,|0.990165|0.0233707
1AHwzByyxQT3Dm5NkEN4bY8NZEMeQtnDbz,2,wallet,3MEbqyNoUEddy8AvytRWKYJgnZ1y8d5uy1,False,True,3,1AHwzByyxQT3Dm5NkEN4bY8NZEMeQtnDbz|339057158|3MEbqyNoUEddy8AvytRWKYJgnZ1y8d5uy1,wallet|transaction|wallet,|0.0169065|0.0886494,|0.0169065|0.0886494,|0.887109|0.0582883
1AJ7Y92Q54Yh2ySBcq8tpHxrLoit4bDEmp,2,wallet,3Dg8M73bmUwST46rJDrFD3cqx1EU16isDL,False,True,3,1AJ7Y92Q54Yh2ySBcq8tpHxrLoit4bDEmp|372683044|3Dg8M73bmUwST46rJDrFD3cqx1EU16isDL,wallet|transaction|wallet,|0.0169166|0.0887647,|0.0169166|0.0443823,|0.909473|0.000235438
1AKYiRjLa1LJpXf1GvJHgmfenHLWVRYFzs,2,wallet,1LYEQ3443Kd7NVhXqF7pcinsrFL8MHk75B,False,True,3,1AKYiRjLa1LJpXf1GvJHgmfenHLWVRYFzs|205611677|1LYEQ3443Kd7NVhXqF7pcinsrFL8MHk75B,wallet|transaction|wallet,|0.0171171|0.0952747,|0.0171171|0.0952747,|-0.0218365|0.0813024
1ALwQZkdnh7qwJWsmLiFQufXqYKbAy8FMj,2,wallet,3FqvEGJho61zE8hAeRi8sbNS9dcE7Fhg83,False,True,3,1ALwQZkdnh7qwJWsmLiFQufXqYKbAy8FMj|71359357|3FqvEGJho61zE8hAeRi8sbNS9dcE7Fhg83,wallet|transaction|wallet,|0.0168856|0.0889986,|0.0168856|0.0889986,|0.95382|-0.00067842
1ANwMSWEkHbsW25nVLmUdwZVK4ZxhQKHb5,2,wallet,36K81v78bowmpwACuWFzCWWoiJJJfjnSmE,False,True,3,1ANwMSWEkHbsW25nVLmUdwZVK4ZxhQKHb5|312221897|36K81v78bowmpwACuWFzCWWoiJJJfjnSmE,wallet|transaction|wallet,|0.0169047|0.0887713,|0.0169047|0.0221928,|0.911505|0.00326395
1APMyySxba6yKBCxvWXZnQFdHdwiXVi8af,2,wallet,3NGEaUcni4jrk8v2JNLpEFUxrtQ1ogh8fT,False,True,3,1APMyySxba6yKBCxvWXZnQFdHdwiXVi8af|171324635|3NGEaUcni4jrk8v2JNLpEFUxrtQ1ogh8fT,wallet|transaction|wallet,|0.0168025|0.093809,|0.0168025|0.0312697,|0.993065|0.000458221
1AUyYrRx8XDozSbHy3C9zsw4dNh1cHTcPJ,2,wallet,3K3q91GQLDZqJnhwUNF38xEJ15ZeCLPZhB,False,True,3,1AUyYrRx8XDozSbHy3C9zsw4dNh1cHTcPJ|84195141|3K3q91GQLDZqJnhwUNF38xEJ15ZeCLPZhB,wallet|transaction|wallet,|0.0168719|0.089044,|0.0168719|0.044522,|0.886395|-0.00229785
1AVQKoVwELD9cKeFsR8V17RVzR7XQgYSz6,2,wallet,3DWZmFW3sc2ZW1JQSQaXMQbQDbeECz4KLK,False,True,3,1AVQKoVwELD9cKeFsR8V17RVzR7XQgYSz6|74815310|3DWZmFW3sc2ZW1JQSQaXMQbQDbeECz4KLK,wallet|transaction|wallet,|0.0168675|0.0933314,|0.0168675|0.0233328,|0.872229|0.000800267
1AVijumYdsnPX8Reo7jqZ1q8r6XK2KUwHs,2,wallet,3FZK7cfs1iRVW8PT7zofap94HRKr4Tb6br,False,True,3,1AVijumYdsnPX8Reo7jqZ1q8r6XK2KUwHs|207150123|3FZK7cfs1iRVW8PT7zofap94HRKr4Tb6br,wallet|transaction|wallet,|0.0168548|0.0889835,|0.0168548|0.0444917,|0.871882|-0.00976247
1AZn5b7ANQtyER1EKbUVR8EeTy2kgrBY8X,2,wallet,1FsN1eGpjSU4vief6zpo9eoRJu8Yr99kku,False,True,3,1AZn5b7ANQtyER1EKbUVR8EeTy2kgrBY8X|320558688|1FsN1eGpjSU4vief6zpo9eoRJu8Yr99kku,wallet|transaction|wallet,|0.0168916|0.0888074,|0.0168916|0.0888074,|0.915198|0.00520653
1AbWfzcNWkWercip3tnhd7zoQ54Fa5dXDB,2,wallet,1D6yk9W5HfhUB1JnVWdfsvQCa36yZcQUY8,False,True,3,1AbWfzcNWkWercip3tnhd7zoQ54Fa5dXDB|84328724|1D6yk9W5HfhUB1JnVWdfsvQCa36yZcQUY8,wallet|transaction|wallet,|0.0168645|0.0888015,|0.0168645|0.0888015,|0.874503|0.00716698
1AgcsQXbSVH2ckKQEyZXjLsBMxdqvcU4WZ,2,wallet,3HzpcCdB8A3gF7YPgK7oV1ZBU6bXAUEtjk,False,True,3,1AgcsQXbSVH2ckKQEyZXjLsBMxdqvcU4WZ|100075816|3HzpcCdB8A3gF7YPgK7oV1ZBU6bXAUEtjk,wallet|transaction|wallet,|0.0169588|0.0887356,|0.0169588|0.0126765,|0.837158|0.00125894
1AggCdjQa19kKWSAC67BwX5TeRt1P8LSAu,2,wallet,3NVzXgRYdqLgP6DPR1WiQ8G2t1mnHMzwWK,False,True,3,1AggCdjQa19kKWSAC67BwX5TeRt1P8LSAu|105603035|3NVzXgRYdqLgP6DPR1WiQ8G2t1mnHMzwWK,wallet|transaction|wallet,|0.0168671|0.0890555,|0.0168671|0.0890555,|0.880089|-0.0489786
1Anvp8UfG8LYPTEsNuvo3ARa48EMoYS5Yh,2,wallet,1DqYzJv3u26ooYgXRuxBeZdj9SSWaaUueA,False,True,3,1Anvp8UfG8LYPTEsNuvo3ARa48EMoYS5Yh|272125155|1DqYzJv3u26ooYgXRuxBeZdj9SSWaaUueA,wallet|transaction|wallet,|0.0168716|0.088773,|0.0168716|0.088773,|0.870912|0.0256458
1AqCQ1QNi1sQT85sPnLuUSi4vKWhn3n5eH,2,wallet,3G5rhEd3cZBsWbv4wyzqMjkJG1vUsKmWPm,False,True,3,1AqCQ1QNi1sQT85sPnLuUSi4vKWhn3n5eH|85005009|3G5rhEd3cZBsWbv4wyzqMjkJG1vUsKmWPm,wallet|transaction|wallet,|0.0169759|0.0888114,|0.0169759|0.0444057,|0.837108|0.0520433
1AqyCDYatN2hxnmYJGugbgftPerJ9xkNEr,2,wallet,1LoR48uDFQ3MZVX7DZz9eQfyjvYSx8MSiu,False,True,3,1AqyCDYatN2hxnmYJGugbgftPerJ9xkNEr|291271105|1LoR48uDFQ3MZVX7DZz9eQfyjvYSx8MSiu,wallet|transaction|wallet,|0.0169187|0.088662,|0.0169187|0.088662,|0.947609|0.0209887
1Atvv6rpK6L1S2RvdMBKcD2qT4rir9bTWY,2,wallet,1AR8z3GkQSSY5n2jECS6cKF5gc16wZzNeH,False,True,3,1Atvv6rpK6L1S2RvdMBKcD2qT4rir9bTWY|268981796|1AR8z3GkQSSY5n2jECS6cKF5gc16wZzNeH,wallet|transaction|wallet,|0.0168716|0.0887868,|0.0168716|0.0887868,|0.872351|0.0143113
1AvTkdCqH4HU2JXJB2XjBHn5b2jMWJuzem,2,wallet,39q3XCCSGUoJfzrcLRRVqECx82Q8BfGNL3,False,True,3,1AvTkdCqH4HU2JXJB2XjBHn5b2jMWJuzem|100075232|39q3XCCSGUoJfzrcLRRVqECx82Q8BfGNL3,wallet|transaction|wallet,|0.0168984|0.0887458,|0.0168984|0.0887458,|0.904494|0.0117059
1Ax4RLGnNhPcKiNPdTbrR8vFUXgDarqLev,2,wallet,18iDoAtnVkLe4G8638LnCt6nTfssqy6E5r,False,True,3,1Ax4RLGnNhPcKiNPdTbrR8vFUXgDarqLev|85004979|18iDoAtnVkLe4G8638LnCt6nTfssqy6E5r,wallet|transaction|wallet,|0.0168927|0.0887998,|0.0168927|0.0887998,|0.875747|0.00861633
1AyDEfUkrFofAw1vv3SYP4FLj2qJ2Hjt8V,2,wallet,36cyUSRqGziUDgKb69d9VsSehTyFKUhcHt,False,True,3,1AyDEfUkrFofAw1vv3SYP4FLj2qJ2Hjt8V|99675806|36cyUSRqGziUDgKb69d9VsSehTyFKUhcHt,wallet|transaction|wallet,|0.0176817|0.0772218,|0.0176817|0.0772218,|0.998732|0.228797
1AzHUucgxDXgE117Jmy9XDvCWoRHdrgPTK,2,wallet,3Hbx2v1YH7UMALXeNgrcAyadQFQd19D57G,False,True,3,1AzHUucgxDXgE117Jmy9XDvCWoRHdrgPTK|313613074|3Hbx2v1YH7UMALXeNgrcAyadQFQd19D57G,wallet|transaction|wallet,|0.0169432|0.0887794,|0.0169432|0.0177559,|0.902644|0.000655329
1B2jTjA3JkHo4qK9GZDbZje9oMm1MqBHB5,2,wallet,1DBKsXbqpTEiTR55EtjPQ1FvupHwnXMwqb,False,True,3,1B2jTjA3JkHo4qK9GZDbZje9oMm1MqBHB5|105429227|1DBKsXbqpTEiTR55EtjPQ1FvupHwnXMwqb,wallet|transaction|wallet,|0.016847|0.0889993,|0.016847|0.0889993,|0.770427|-0.0491079
1B2n2KNLhrMLGmdo5hDsPs2saxTGRVwuHb,2,wallet,16nJv2Z4fysytUEm4YT9FhyFKST4Yu8mWk,False,True,3,1B2n2KNLhrMLGmdo5hDsPs2saxTGRVwuHb|269576078|16nJv2Z4fysytUEm4YT9FhyFKST4Yu8mWk,wallet|transaction|wallet,|0.0168723|0.088788,|0.0168723|0.088788,|0.876526|0.00917768
1B7Xk16meGnzvXgGuZdnvV69PU7TrRgi8R,2,wallet,3Q7n3jeNoBrTFftMmoa31SWGjgNDjpnoqf,False,True,3,1B7Xk16meGnzvXgGuZdnvV69PU7TrRgi8R|54798281|3Q7n3jeNoBrTFftMmoa31SWGjgNDjpnoqf,wallet|transaction|wallet,|0.0168388|0.0890063,|0.0168388|0.0296688,|0.894307|-0.00497389
1BBDYHZX7Dg3p82hVDLrZpm4sXP9qHwngY,2,wallet,32b53Lq7oxvaRYNCtBWS5Qjr5DY71CbQe7,False,True,3,1BBDYHZX7Dg3p82hVDLrZpm4sXP9qHwngY|10174881|32b53Lq7oxvaRYNCtBWS5Qjr5DY71CbQe7,wallet|transaction|wallet,|0.0169116|0.0890489,|0.0169116|0.0890489,|0.973246|0.00126719
1BDRf8caLLmGJghmfdbz4WXhPrwLLoTorp,2,wallet,12yus3i538kEVjXereEMHcKpRSYRKkvoAM,False,True,3,1BDRf8caLLmGJghmfdbz4WXhPrwLLoTorp|163654973|12yus3i538kEVjXereEMHcKpRSYRKkvoAM,wallet|transaction|wallet,|0.0168703|0.088779,|0.0168703|0.088779,|0.880571|0.0136951
1BDiuDvqNnVaok6TyQMVgG2KMsVe6r6e38,2,wallet,1FWUUsTZ7bLHQ5CwpS1swzvYxqTUXMVwE4,False,True,3,1BDiuDvqNnVaok6TyQMVgG2KMsVe6r6e38|363311380|1FWUUsTZ7bLHQ5CwpS1swzvYxqTUXMVwE4,wallet|transaction|wallet,|0.0168974|0.088722,|0.0168974|0.088722,|0.879109|0.0672191
1BESnGhEGSEqGYBzQkzN4Pyig3yWv4NXM5,2,wallet,3Ad3HDr3fK2VBbJE1uLLXTttgm2txUaTLb,False,True,3,1BESnGhEGSEqGYBzQkzN4Pyig3yWv4NXM5|10174186|3Ad3HDr3fK2VBbJE1uLLXTttgm2txUaTLb,wallet|transaction|wallet,|0.0168827|0.0890062,|0.0168827|0.0890062,|0.960731|-0.000292122
1BFS2WDiykufUH2BWRQXV5yJLUvpBUHtq5,2,wallet,1MTbAvaj4RSDGAEmzQNR16SPjki9JEsTuS,False,True,3,1BFS2WDiykufUH2BWRQXV5yJLUvpBUHtq5|269103134|1MTbAvaj4RSDGAEmzQNR16SPjki9JEsTuS,wallet|transaction|wallet,|0.0168896|0.0887859,|0.0168896|0.0887859,|0.871291|0.00599712
1BHCEHjsQWhKapa76BRTCzCXWkqkc9s5cJ,2,wallet,3JVyn4mR5v3hQhZeVuLa9XDLFBoxMJJ8nT,False,True,3,1BHCEHjsQWhKapa76BRTCzCXWkqkc9s5cJ|46847242|3JVyn4mR5v3hQhZeVuLa9XDLFBoxMJJ8nT,wallet|transaction|wallet,|0.0168789|0.0889752,|0.0168789|0.0889752,|0.93937|-0.00209719
1BHXtf8r9KXbcNiPSFGB2K7qY4iv9QDEEs,2,wallet,3NeBmKtVT2kSp5KJgvWeWDCTA8YAniCXGv,False,True,3,1BHXtf8r9KXbcNiPSFGB2K7qY4iv9QDEEs|84375106|3NeBmKtVT2kSp5KJgvWeWDCTA8YAniCXGv,wallet|transaction|wallet,|0.0168899|0.0888149,|0.0168899|0.0888149,|0.927335|0.0032739
1BHwiP8ih6PWbV8mcoTAgnzocVVFCzbFBa,2,wallet,1Ae7mQbzMwRoAmSHzeGZzexYdzdv3wknYj,False,True,3,1BHwiP8ih6PWbV8mcoTAgnzocVVFCzbFBa|174763973|1Ae7mQbzMwRoAmSHzeGZzexYdzdv3wknYj,wallet|transaction|wallet,|0.0168664|0.0886053,|0.0168664|0.0886053,|0.882039|-0.00126845
1BK2hcTHQ5vjhYCQK2Wh3r5n3mnWnJzkg3,2,wallet,3HSyBtR7sX1KbnPeGs3TLDTC8qWC7YpXKx,False,True,3,1BK2hcTHQ5vjhYCQK2Wh3r5n3mnWnJzkg3|268868308|3HSyBtR7sX1KbnPeGs3TLDTC8qWC7YpXKx,wallet|transaction|wallet,|0.0169021|0.0887899,|0.0169021|0.0887899,|0.909492|0.00415426
1BKZFEHbb7kShbczAq4JV4nRVwWTxmN69D,2,wallet,329NW49Jb8pJTxug1ibj5cAqq1xSLzsNEK,False,True,3,1BKZFEHbb7kShbczAq4JV4nRVwWTxmN69D|105436390|329NW49Jb8pJTxug1ibj5cAqq1xSLzsNEK,wallet|transaction|wallet,|0.0175979|0.0890304,|0.0175979|0.0296768,|0.921493|-0.00267112
1BKkheysB9bjRG7S8U9PSHwVzZSsgdxeK4,2,wallet,3M3Wp24aJ5KSsB6ToKTVRx4f6L5CACwrGH,False,True,3,1BKkheysB9bjRG7S8U9PSHwVzZSsgdxeK4|372682840|3M3Wp24aJ5KSsB6ToKTVRx4f6L5CACwrGH,wallet|transaction|wallet,|0.0169176|0.0887634,|0.0169176|0.0443817,|0.908522|0.00275952
1BKntmEEppSFfJmQa7YXYgbPDxftuJiFcw,2,wallet,3Fr1H62NuXsEXFcvi9GTmfhKVvA2ec5cf7,False,True,3,1BKntmEEppSFfJmQa7YXYgbPDxftuJiFcw|130377008|3Fr1H62NuXsEXFcvi9GTmfhKVvA2ec5cf7,wallet|transaction|wallet,|0.0169084|0.088807,|0.0169084|0.0444035,|0.907998|0.000305802
1BP88EJrMLJ716LfMkJknRnVQib522eHrV,2,wallet,14etBfvXLY57JsfFhQu8rnmxZYXNc8JQcn,False,True,3,1BP88EJrMLJ716LfMkJknRnVQib522eHrV|269109520|14etBfvXLY57JsfFhQu8rnmxZYXNc8JQcn,wallet|transaction|wallet,|0.0168617|0.0887858,|0.0168617|0.0887858,|0.870027|0.0122764
1BPJBmkNB29cNYRxv187qTw3Ur7uFKetHd,2,wallet,142baMDa4B8yWtdsJ6mD9F8ysUVfBLTZvD,False,True,3,1BPJBmkNB29cNYRxv187qTw3Ur7uFKetHd|372884386|142baMDa4B8yWtdsJ6mD9F8ysUVfBLTZvD,wallet|transaction|wallet,|0.0168889|0.0887482,|0.0168889|0.0887482,|0.84175|0.155328
1BRJBxTRjTSNUAXYmPAb9jTnwzrV9JFrb,2,wallet,1LhJTrSYVuQehv5Mfj2KZr8yw2u31pNT1h,False,True,3,1BRJBxTRjTSNUAXYmPAb9jTnwzrV9JFrb|269533128|1LhJTrSYVuQehv5Mfj2KZr8yw2u31pNT1h,wallet|transaction|wallet,|0.0168841|0.0887876,|0.0168841|0.0887876,|0.873804|0.0162961
1BSmS2wNaPqqi7tZZwjoRSZA5D8gZRQM6E,2,wallet,13xW3BkHQuwHCrusKzJTEDRUohQnUZfPA7,False,True,3,1BSmS2wNaPqqi7tZZwjoRSZA5D8gZRQM6E|94110640|13xW3BkHQuwHCrusKzJTEDRUohQnUZfPA7,wallet|transaction|wallet,|0.0169075|0.0886008,|0.0169075|0.0886008,|0.909135|0.064473
1BSrgSVrFdz9k7fJoLrzHm1NynKxtYPtpE,2,wallet,37fRSUGZ5CpR1RBg5yQNjmA5S7kkqCQnbn,False,True,3,1BSrgSVrFdz9k7fJoLrzHm1NynKxtYPtpE|355110328|37fRSUGZ5CpR1RBg5yQNjmA5S7kkqCQnbn,wallet|transaction|wallet,|0.0168607|0.0888748,|0.0168607|0.0888748,|0.896654|0.000344634
1BWqn3FR1mEi76yXwPoK2qwy54Ug9yNxwB,2,wallet,1CTGiL4MumFqaP7TkxEffVJCe33SQMN5vm,False,True,3,1BWqn3FR1mEi76yXwPoK2qwy54Ug9yNxwB|268939658|1CTGiL4MumFqaP7TkxEffVJCe33SQMN5vm,wallet|transaction|wallet,|0.0168863|0.0887875,|0.0168863|0.0887875,|0.873647|0.00608015
1BYAd8KHu2uymJ34muhuUbHB3gWJLr2Sc3,2,wallet,3GhtjDLFhevCZmParfC2yrimZ5wsUBKbJG,False,True,3,1BYAd8KHu2uymJ34muhuUbHB3gWJLr2Sc3|84334516|3GhtjDLFhevCZmParfC2yrimZ5wsUBKbJG,wallet|transaction|wallet,|0.0169748|0.0888497,|0.0169748|0.0296166,|0.879529|0.0024002
1BaTRCtx3WPStM6j3dWBw8e6KEa1EkRpJN,2,wallet,32re8L1jQXDPqKwv86hHAi9sv3mWSXvRX6,False,True,3,1BaTRCtx3WPStM6j3dWBw8e6KEa1EkRpJN|20219869|32re8L1jQXDPqKwv86hHAi9sv3mWSXvRX6,wallet|transaction|wallet,|0.0168671|0.0888976,|0.0168671|0.0888976,|0.959991|-0.000685692
1BebPD71iM6BVyibAq3FJ5DXFA3YZZyBhA,2,wallet,1MMKSmKzx9oKwm8V5xRVk3cCMqWnMGVB4q,False,True,3,1BebPD71iM6BVyibAq3FJ5DXFA3YZZyBhA|100075377|1MMKSmKzx9oKwm8V5xRVk3cCMqWnMGVB4q,wallet|transaction|wallet,|0.0168841|0.0887435,|0.0168841|0.0887435,|0.879913|0.0227314
1BgfXTGDFFsJKkjsGvXfcnLY4FvSpWiB7F,2,wallet,3GVkczRPqFnbDiZWuYZGBk3tawfL9ZUeRU,False,True,3,1BgfXTGDFFsJKkjsGvXfcnLY4FvSpWiB7F|372682766|3GVkczRPqFnbDiZWuYZGBk3tawfL9ZUeRU,wallet|transaction|wallet,|0.016916|0.0887665,|0.016916|0.0443832,|0.912439|0.00510326
1Bhu1CWnxWUAdjpH5kqsqMrFFyHfRmTUzX,2,wallet,38xVRmZzgkrHzhSGfAneNyer8dp48HsfCM,False,True,3,1Bhu1CWnxWUAdjpH5kqsqMrFFyHfRmTUzX|7154509|38xVRmZzgkrHzhSGfAneNyer8dp48HsfCM,wallet|transaction|wallet,|0.016894|0.0889961,|0.016894|0.0296654,|0.952775|-0.001499
1BhvK9skUACT2fa8FwhCftHbNyQVeq8W5q,2,wallet,34gBuya6FPwX18kZgxw7FZ6WqpDc9y3h5A,False,True,3,1BhvK9skUACT2fa8FwhCftHbNyQVeq8W5q|100785151|34gBuya6FPwX18kZgxw7FZ6WqpDc9y3h5A,wallet|transaction|wallet,|0.0168936|0.0887853,|0.0168936|0.0887853,|0.903577|0.00828731
1BjcsfVtrrJS2rK4ENnk18JZJmQRxZrpjR,2,wallet,3C5ikpsF9uAfRi5B1oYqAWmPzfjVYVJ6Jh,False,True,3,1BjcsfVtrrJS2rK4ENnk18JZJmQRxZrpjR|99677409|3C5ikpsF9uAfRi5B1oYqAWmPzfjVYVJ6Jh,wallet|transaction|wallet,|0.0176669|0.0887412,|0.0176669|0.0295804,|0.961219|-5.5174e-05
1Bk2gQS3R4ZL1LHXUTM8L5MdtBF47F643j,2,wallet,1JtztDDbDFRNmuHHwVYT1kJbGyeGZ9PzVZ,False,True,3,1Bk2gQS3R4ZL1LHXUTM8L5MdtBF47F643j|344318746|1JtztDDbDFRNmuHHwVYT1kJbGyeGZ9PzVZ,wallet|transaction|wallet,|0.0168477|0.0888308,|0.0168477|0.0888308,|0.511058|0.0489899
1Bqt2xqTR8oLv2QhkMHLBvGnCVZuDmhPDg,2,wallet,39M5wWQ1rk3F7zrodaJ9r1RpikZM2Q3k1L,False,True,3,1Bqt2xqTR8oLv2QhkMHLBvGnCVZuDmhPDg|204054358|39M5wWQ1rk3F7zrodaJ9r1RpikZM2Q3k1L,wallet|transaction|wallet,|0.0168912|0.0890029,|0.0168912|0.00890029,|0.804371|-0.000487411
1BrhgWDLpQsCJAD2HXSTQVEddWaVfS6zjK,2,wallet,14prM7KkQcWPivHMexLHQKZBuFfVEA4vFp,False,True,3,1BrhgWDLpQsCJAD2HXSTQVEddWaVfS6zjK|339095160|14prM7KkQcWPivHMexLHQKZBuFfVEA4vFp,wallet|transaction|wallet,|0.0168726|0.0886464,|0.0168726|0.0886464,|0.856193|0.0194672
1Bs2JUQ8Qfra3UmHHPg5aUTgYgSAHqxQbU,2,wallet,1Gu51m6ghnKjgsx4x7atP8hxU3QD5DcYR7,False,True,3,1Bs2JUQ8Qfra3UmHHPg5aUTgYgSAHqxQbU|276947541|1Gu51m6ghnKjgsx4x7atP8hxU3QD5DcYR7,wallet|transaction|wallet,|0.0168696|0.088787,|0.0168696|0.088787,|0.872197|0.0183253
1Bs3AyRHQGxErktf8CcENn4NTj83cWE3ja,2,wallet,3L4yNgaRj8XXwEM9yAh7ey4ntAgaVwgkNL,False,True,3,1Bs3AyRHQGxErktf8CcENn4NTj83cWE3ja|272100307|3L4yNgaRj8XXwEM9yAh7ey4ntAgaVwgkNL,wallet|transaction|wallet,|0.0169924|0.0887922,|0.0169924|0.0443961,|0.880727|0.0388819
1BtXe3B4q2bQhFFLMU9Sm1sugHgeSQtMuZ,2,wallet,3MFgnzT5jgzABC67f73Zb5DL8dJfLCerYu,False,True,3,1BtXe3B4q2bQhFFLMU9Sm1sugHgeSQtMuZ|268865654|3MFgnzT5jgzABC67f73Zb5DL8dJfLCerYu,wallet|transaction|wallet,|0.016916|0.0887926,|0.016916|0.0443963,|0.911141|3.20673e-05
1BuX7aP2xGuPCeBkdNtNF36Gm8TabqWmq5,2,wallet,1LbHETkHwxyvcXHrwFWd715KqYbWzCAHQC,False,True,3,1BuX7aP2xGuPCeBkdNtNF36Gm8TabqWmq5|331497162|1LbHETkHwxyvcXHrwFWd715KqYbWzCAHQC,wallet|transaction|wallet,|0.0169237|0.088764,|0.0169237|0.044382,|0.868818|0.000276834
1BufbaafG4tZgBhMGkWePsMsyD91sVFxQN,2,wallet,32r9FFx6C4JTrazjtA8YY7GcidDyHyuvpk,False,True,3,1BufbaafG4tZgBhMGkWePsMsyD91sVFxQN|92108374|32r9FFx6C4JTrazjtA8YY7GcidDyHyuvpk,wallet|transaction|wallet,|0.0168827|0.088914,|0.0168827|0.088914,|0.932356|-0.00090605
1Bui6rYpNE2HxhThmeo4pXEueXM5obmpyu,2,wallet,1MM27v8bBjhn3Aai9L4uLq8mLSCNtsR7Vp,False,True,3,1Bui6rYpNE2HxhThmeo4pXEueXM5obmpyu|243780891|1MM27v8bBjhn3Aai9L4uLq8mLSCNtsR7Vp,wallet|transaction|wallet,|0.0169002|0.088679,|0.0169002|0.088679,|0.740437|0.466825
1BvEuVTvZeMHcaV4VhmwqEW3vCXXfy2j78,2,wallet,34UQR1ekK3xM4LQQLpw85usgnqGSLsgC6P,False,True,3,1BvEuVTvZeMHcaV4VhmwqEW3vCXXfy2j78|36965025|34UQR1ekK3xM4LQQLpw85usgnqGSLsgC6P,wallet|transaction|wallet,|0.0168902|0.0890448,|0.0168902|0.0445224,|0.901755|-0.0012272
1C19nAjBrYAsYeXdeHfKMtrd6Jtx6FjZu6,2,wallet,3BcjbK3E2HgJz4CGmhVrVfwstwx5ne1HXz,False,True,3,1C19nAjBrYAsYeXdeHfKMtrd6Jtx6FjZu6|268867552|3BcjbK3E2HgJz4CGmhVrVfwstwx5ne1HXz,wallet|transaction|wallet,|0.0168935|0.0887977,|0.0168935|0.0887977,|0.91706|0.00327718
1C2eTKBegFAYRmizmqJPCAm5nuSp1kPRLQ,2,wallet,3AQiJsiG938auFMaXJR6MP9WktbNp86MS7,False,True,3,1C2eTKBegFAYRmizmqJPCAm5nuSp1kPRLQ|158931152|3AQiJsiG938auFMaXJR6MP9WktbNp86MS7,wallet|transaction|wallet,|0.0168968|0.088784,|0.0168968|0.088784,|0.906615|0.0285033
1C3LmxSHgKdhodo9CzYqbcKhZcRFesMe81,2,wallet,3PeK3kfXJEFihTSYM3svfAzTWHvoxidL4M,False,True,3,1C3LmxSHgKdhodo9CzYqbcKhZcRFesMe81|165065715|3PeK3kfXJEFihTSYM3svfAzTWHvoxidL4M,wallet|transaction|wallet,|0.0176532|0.0887738,|0.0176532|0.0887738,|0.997578|0.00182575
1C9UPvZRpHRtWQdoZybWsWXVfpAMgy7hLJ,2,wallet,3LYkhZLUdkvLabpRkBUuFmUYQjPPJXiA9N,False,True,3,1C9UPvZRpHRtWQdoZybWsWXVfpAMgy7hLJ|180533541|3LYkhZLUdkvLabpRkBUuFmUYQjPPJXiA9N,wallet|transaction|wallet,|0.0169969|0.0888098,|0.0169969|0.0444049,|0.90648|0.0049969
1CEEZ7fbjvRRf4xVzr6apvdTuQurE4rNKq,2,wallet,1EeJpCkZWcrZ5nujQgvvvoFFh1BXGMLdjW,False,True,3,1CEEZ7fbjvRRf4xVzr6apvdTuQurE4rNKq|288594853|1EeJpCkZWcrZ5nujQgvvvoFFh1BXGMLdjW,wallet|transaction|wallet,|0.0168568|0.0888937,|0.0168568|0.0888937,|0.847635|-0.00137258
1CEtFtqUGn7DibQGDFjcvUBhNa5sxmcmzz,2,wallet,1NZJeRrGtPRtCJuGwDmhUpvLeqoQKLmduL,False,True,3,1CEtFtqUGn7DibQGDFjcvUBhNa5sxmcmzz|92599729|1NZJeRrGtPRtCJuGwDmhUpvLeqoQKLmduL,wallet|transaction|wallet,|0.0168438|0.088878,|0.0168438|0.088878,|0.860728|0.00132287
1CGXHyT5dKETKnE98MQf3xCBUVqrQC7S9D,2,wallet,3B8ciXmRUt8mS5kPKe9GibnhEG8hs2GXsq,False,True,3,1CGXHyT5dKETKnE98MQf3xCBUVqrQC7S9D|268861802|3B8ciXmRUt8mS5kPKe9GibnhEG8hs2GXsq,wallet|transaction|wallet,|0.0169078|0.0888026,|0.0169078|0.0888026,|0.930995|0.00110662
1CGh4xex2bkeJTbuBHCkyD1fuD9JsSsvvf,2,wallet,33vXEjSv1NWqDXCJyNNJ4K7ydxF5Twnxti,False,True,3,1CGh4xex2bkeJTbuBHCkyD1fuD9JsSsvvf|23377758|33vXEjSv1NWqDXCJyNNJ4K7ydxF5Twnxti,wallet|transaction|wallet,|0.0168638|0.0890297,|0.0168638|0.0178059,|0.859786|0.00256333
1CGvVZEiWVPnQrVH5xZD4xVwbCBkADxo86,2,wallet,165fSUpk8pw6ySM13mJkbMBjA4uT4vQYRF,False,True,3,1CGvVZEiWVPnQrVH5xZD4xVwbCBkADxo86|28202941|165fSUpk8pw6ySM13mJkbMBjA4uT4vQYRF,wallet|transaction|wallet,|0.0168568|0.0888938,|0.0168568|0.0888938,|0.847907|-0.00129217
1CJybHYqzQXUVmi1qNY256PBcM7XbhxKdW,2,wallet,13afVuyJcvDhdgK4yN6zWedErNTSYskjfX,False,True,3,1CJybHYqzQXUVmi1qNY256PBcM7XbhxKdW|177939569|13afVuyJcvDhdgK4yN6zWedErNTSYskjfX,wallet|transaction|wallet,|0.0166386|0.0952477,|0.0166386|0.0952477,|-0.016843|0.00874847
1CKZfnhjnXjpw9Sm6dQaYYZN8onv8Zjtfc,2,wallet,133b7bkrrVgRTJuHEZxLRNsvxECKanUnbZ,False,True,3,1CKZfnhjnXjpw9Sm6dQaYYZN8onv8Zjtfc|99215102|133b7bkrrVgRTJuHEZxLRNsvxECKanUnbZ,wallet|transaction|wallet,|0.0171584|0.0952185,|0.0171584|0.0952185,|-0.0532603|0.265988
1CL8vnASCjhv26tJ52bhu2P4tpfUvqwMx6,2,wallet,1oNnTR7dA8jRDpwmtXg64Q2NeoJm2z65Y,False,True,3,1CL8vnASCjhv26tJ52bhu2P4tpfUvqwMx6|15006053|1oNnTR7dA8jRDpwmtXg64Q2NeoJm2z65Y,wallet|transaction|wallet,|0.016854|0.088443,|0.016854|0.088443,|0.92454|0.0297504
1CQBsgNNqo4Z93DhUADC1v8vP1fdRsmwZR,2,wallet,3DWZmFW3sc2ZW1JQSQaXMQbQDbeECz4KLK,False,True,3,1CQBsgNNqo4Z93DhUADC1v8vP1fdRsmwZR|26229388|3DWZmFW3sc2ZW1JQSQaXMQbQDbeECz4KLK,wallet|transaction|wallet,|0.0169228|0.0933314,|0.0169228|0.0155552,|0.839248|0.000478993
1CQzu2pP7pCDdCPHED28mVY8ZgTBSjUutA,2,wallet,34RjVG2iTbqpCnDomYYQi58wFUaM8eSN58,False,True,3,1CQzu2pP7pCDdCPHED28mVY8ZgTBSjUutA|85004968|34RjVG2iTbqpCnDomYYQi58wFUaM8eSN58,wallet|transaction|wallet,|0.0168871|0.0887818,|0.0168871|0.0887818,|0.928015|0.00674748
1CT8vdjV4VcmKHwGXBLjbTJU5A7WBuBhVp,2,wallet,3HRmgDX1ZT3kESUiRtnHMGFM1rUHotvkyZ,False,True,3,1CT8vdjV4VcmKHwGXBLjbTJU5A7WBuBhVp|145992719|3HRmgDX1ZT3kESUiRtnHMGFM1rUHotvkyZ,wallet|transaction|wallet,|0.0168732|0.0888782,|0.0168732|0.0888782,|0.90611|4.53591e-05
1CTiGAkNARoZYajt5xESKN25HxBmhXNQVE,2,wallet,3PeK3kfXJEFihTSYM3svfAzTWHvoxidL4M,False,True,3,1CTiGAkNARoZYajt5xESKN25HxBmhXNQVE|165065715|3PeK3kfXJEFihTSYM3svfAzTWHvoxidL4M,wallet|transaction|wallet,|0.0176532|0.0887738,|0.0176532|0.0887738,|0.997926|0.0015555
1CUT1eS3k79dqtzo4QjUscvaBjkYfJonnz,2,wallet,34Saadiknn36T24gzzT5H3AdJ2DaGAEoms,False,True,3,1CUT1eS3k79dqtzo4QjUscvaBjkYfJonnz|355110975|34Saadiknn36T24gzzT5H3AdJ2DaGAEoms,wallet|transaction|wallet,|0.0165543|0.0888559,|0.0165543|0.0296186,|0.290299|-9.51489e-05
1CWzYbHpu13cqFwo2pFH52xt2uQy1kdcrc,2,wallet,37yNFX6gTNWmAPqX14wWCp36sqyuEXdNTn,False,True,3,1CWzYbHpu13cqFwo2pFH52xt2uQy1kdcrc|3641234|37yNFX6gTNWmAPqX14wWCp36sqyuEXdNTn,wallet|transaction|wallet,|0.0167708|0.0952202,|0.0167708|0.019044,|0.903482|-0.000462389
1CXvgCReP29rsTSchy3HmXxC4J2aptWjbW,2,wallet,1GjpYppQJkgK5C4GNFoN79189MQJC488C3,False,True,3,1CXvgCReP29rsTSchy3HmXxC4J2aptWjbW|30179861|1GjpYppQJkgK5C4GNFoN79189MQJC488C3,wallet|transaction|wallet,|0.0168334|0.0889261,|0.0168334|0.0889261,|0.839552|-0.00708449
1CZXpKdHdJkeojC8sQLoAAa1PFBaCk3SKM,2,wallet,36ykJjn5hamKQWjcbKVtApSjrsRBZBBL2A,False,True,3,1CZXpKdHdJkeojC8sQLoAAa1PFBaCk3SKM|55508593|36ykJjn5hamKQWjcbKVtApSjrsRBZBBL2A,wallet|transaction|wallet,|0.0134419|0.0948908,|0.0134419|0.0948908,|0.152679|0.010462
1CaZPJWVc5Y9ntimdJUG8DvMSZi58X3r6J,2,wallet,16cUN4JGRa2x2i2SmiFNsiVQsVSRx5LBwn,False,True,3,1CaZPJWVc5Y9ntimdJUG8DvMSZi58X3r6J|100074896|16cUN4JGRa2x2i2SmiFNsiVQsVSRx5LBwn,wallet|transaction|wallet,|0.0169259|0.0887432,|0.0169259|0.0443716,|0.87761|0.000347108
1CcHeRZGZUjvfnE7CaLgWjDP6iccvWUZ6B,2,wallet,1HEgFvUrWoHh7rXMbQfTvmYxU8SUN6MLqw,False,True,3,1CcHeRZGZUjvfnE7CaLgWjDP6iccvWUZ6B|209522527|1HEgFvUrWoHh7rXMbQfTvmYxU8SUN6MLqw,wallet|transaction|wallet,|0.0163757|0.0952687,|0.0163757|0.0952687,|-0.14859|0.285216
1CiRfgo3vaCCPBPPtXJFPk2e4oPATTNg1v,2,wallet,19cjUwuZcMvwpoN6Z32ono6H6NxUpuT5tg,False,True,3,1CiRfgo3vaCCPBPPtXJFPk2e4oPATTNg1v|96578321|19cjUwuZcMvwpoN6Z32ono6H6NxUpuT5tg,wallet|transaction|wallet,|0.0168288|0.0889771,|0.0168288|0.0889771,|0.843232|-0.0270726
1CqCFUnMZa8XYQ7n56L8oyVPAtzNEMH39G,2,wallet,1Cs6JzR6DHaPXCsVzjC65wZ7E3Bh6cSEGM,False,True,3,1CqCFUnMZa8XYQ7n56L8oyVPAtzNEMH39G|372696706|1Cs6JzR6DHaPXCsVzjC65wZ7E3Bh6cSEGM,wallet|transaction|wallet,|0.0169619|0.0887489,|0.0169619|0.0443745,|0.587397|0.116308
1CqeSrL7xQyCLsXosdJr74nA1YPehZrYmN,2,wallet,12JuAnroQFQYcqBic4ksqqgLEvWgtz5htX,False,True,3,1CqeSrL7xQyCLsXosdJr74nA1YPehZrYmN|269584838|12JuAnroQFQYcqBic4ksqqgLEvWgtz5htX,wallet|transaction|wallet,|0.0168976|0.0887877,|0.0168976|0.0887877,|0.874772|0.0171183
1CrvrLTaGYof3v3L5UjkH8GpfeA4kM5iGy,2,wallet,3Qe33iDwqJrzFFfwiyiwSwEGCjwyf14sm4,False,True,3,1CrvrLTaGYof3v3L5UjkH8GpfeA4kM5iGy|312108743|3Qe33iDwqJrzFFfwiyiwSwEGCjwyf14sm4,wallet|transaction|wallet,|0.0168971|0.0887752,|0.0168971|0.0147959,|0.904601|0.000385433
1CuS2LJpJJB3rw7R45D2ZRZpF1VsWhxaUm,2,wallet,3Dg8M73bmUwST46rJDrFD3cqx1EU16isDL,False,True,3,1CuS2LJpJJB3rw7R45D2ZRZpF1VsWhxaUm|372683044|3Dg8M73bmUwST46rJDrFD3cqx1EU16isDL,wallet|transaction|wallet,|0.0169166|0.0887647,|0.0169166|0.0443823,|0.909446|0.000252187
1CuqubCb1USMYc3M5Eh54RhnM23tW5mvKE,2,wallet,3JDKhmXneN7H7bF9XsGg88y3P8afD7hV5k,False,True,3,1CuqubCb1USMYc3M5Eh54RhnM23tW5mvKE|54767813|3JDKhmXneN7H7bF9XsGg88y3P8afD7hV5k,wallet|transaction|wallet,|0.0168702|0.0891286,|0.0168702|0.0297095,|0.896742|0.000283937
1Cxo3NSXay2ix57jPQBiKEovy9p6GryJFd,2,wallet,1MheRW53oTQmi8u2bvhT8TYMSwXvzu87RM,False,True,3,1Cxo3NSXay2ix57jPQBiKEovy9p6GryJFd|272117579|1MheRW53oTQmi8u2bvhT8TYMSwXvzu87RM,wallet|transaction|wallet,|0.0164925|0.0952784,|0.0164925|0.0952784,|-0.0148659|0.0211291
1Cz5ZyR9zzLxGKjV4sYBduw5E4tGiP6ARJ,2,wallet,17ZnfRv8tdo4tfkMbbHLQiXntgkTUSjWTi,False,True,3,1Cz5ZyR9zzLxGKjV4sYBduw5E4tGiP6ARJ|30179457|17ZnfRv8tdo4tfkMbbHLQiXntgkTUSjWTi,wallet|transaction|wallet,|0.0168598|0.0889344,|0.0168598|0.0296448,|0.845154|-0.000491699
1Cz6xyMqXjpVKWQB8XNDLyoKJnFwM52xLw,2,wallet,1DGThuQ6XqQ385W5NFEPc1kdb8YPoZrqnJ,False,True,3,1Cz6xyMqXjpVKWQB8XNDLyoKJnFwM52xLw|99175889|1DGThuQ6XqQ385W5NFEPc1kdb8YPoZrqnJ,wallet|transaction|wallet,|0.0168886|0.0887448,|0.0168886|0.0887448,|0.88136|0.0284486
1D1GFwsstXPp9RQiA2axNAJVRFdNvG3G6e,2,wallet,1AvjzxAFnLJDEsYNi9jXVvQz2RwWLiTpKj,False,True,3,1D1GFwsstXPp9RQiA2axNAJVRFdNvG3G6e|368757024|1AvjzxAFnLJDEsYNi9jXVvQz2RwWLiTpKj,wallet|transaction|wallet,|0.0168942|0.0887541,|0.0168942|0.0887541,|0.878821|0.0183187
1D1GKA7mWyKyAaNKPZUWVfQx18EQQvEeL9,2,wallet,3QQVwiJmB8me7apwnzMuLosdRXU2mooAgB,False,True,3,1D1GKA7mWyKyAaNKPZUWVfQx18EQQvEeL9|288367102|3QQVwiJmB8me7apwnzMuLosdRXU2mooAgB,wallet|transaction|wallet,|0.0168681|0.0889201,|0.0168681|0.0889201,|0.911709|-0.00252223
1D4KQj3eQRS3zypgZY4M97bqhWvcdZgFE4,2,wallet,37vy4kn1eMvtmUJ4LX4ihPqY1ZsqYcom2X,False,True,3,1D4KQj3eQRS3zypgZY4M97bqhWvcdZgFE4|268849739|37vy4kn1eMvtmUJ4LX4ihPqY1ZsqYcom2X,wallet|transaction|wallet,|0.0168892|0.088796,|0.0168892|0.044398,|0.905266|0.004807
1D4QYTp4kVnQoQ8jNDzwqFiJBcHysK4ScV,2,wallet,3AXRsxKrCYSDMqHWsvKguikFD2PJXGPi9s,False,True,3,1D4QYTp4kVnQoQ8jNDzwqFiJBcHysK4ScV|84374815|3AXRsxKrCYSDMqHWsvKguikFD2PJXGPi9s,wallet|transaction|wallet,|0.0169007|0.0888135,|0.0169007|0.0888135,|0.919707|0.00579417
1D4est3WyyZKWj1X2oZwAtiZBAoC61nQ56,2,wallet,3Mzy52xeU5nB68JyeAAYp4CUfu8Urb7aRk,False,True,3,1D4est3WyyZKWj1X2oZwAtiZBAoC61nQ56|175116342|3Mzy52xeU5nB68JyeAAYp4CUfu8Urb7aRk,wallet|transaction|wallet,|0.0168535|0.0885873,|0.0168535|0.0885873,|0.800736|-0.0074054
1D4rDJd4rVhf745gJYtP2QDdm75A7mkJZF,2,wallet,3JKWfvPgGP9cqRUzoexPXUox7EDrwo27P3,False,True,3,1D4rDJd4rVhf745gJYtP2QDdm75A7mkJZF|99676847|3JKWfvPgGP9cqRUzoexPXUox7EDrwo27P3,wallet|transaction|wallet,|0.0169733|0.0887457,|0.0169733|0.0221864,|0.881218|0.00163472
1D8TbddCtt5C1rs8pnfLtVeYMc5eKTEJ8g,2,wallet,38xVRmZzgkrHzhSGfAneNyer8dp48HsfCM,False,True,3,1D8TbddCtt5C1rs8pnfLtVeYMc5eKTEJ8g|288471753|38xVRmZzgkrHzhSGfAneNyer8dp48HsfCM,wallet|transaction|wallet,|0.016848|0.0889961,|0.016848|0.022249,|0.884584|-0.000273943
1DCMVoybDHetxJJSW1ZW5qaTE1HN3z396b,2,wallet,3CZYvurcXQqvahRhZwr43hkxyUNAzdKDNb,False,True,3,1DCMVoybDHetxJJSW1ZW5qaTE1HN3z396b|198982902|3CZYvurcXQqvahRhZwr43hkxyUNAzdKDNb,wallet|transaction|wallet,|0.0170146|0.0941977,|0.0170146|0.0313992,|0.980936|0.000141819
1DG9CMgeoPKnatDkpxdW8ok3pTKx1Eqk13,2,wallet,12BRiG2j2Wt2JAmdY6TfVyBGZ9oGfMAuaD,False,True,3,1DG9CMgeoPKnatDkpxdW8ok3pTKx1Eqk13|96928354|12BRiG2j2Wt2JAmdY6TfVyBGZ9oGfMAuaD,wallet|transaction|wallet,|0.0168447|0.0889772,|0.0168447|0.0889772,|0.888958|-0.0220919
1DHcJjecWDupUb47bQXddFPZPUAwfVQn2K,2,wallet,38aTSQtgyrnSZz5a8EAu9zhRNfWC5Z9DsL,False,True,3,1DHcJjecWDupUb47bQXddFPZPUAwfVQn2K|199938132|38aTSQtgyrnSZz5a8EAu9zhRNfWC5Z9DsL,wallet|transaction|wallet,|0.016864|0.0890844,|0.016864|0.0178169,|0.875415|0.000979817
1DJ4hmg138FegR9ArRCgnWC7Tw167NCWPA,2,wallet,36gaepNQtPSWo3HhzrDpuNM1U1he8NqzRS,False,True,3,1DJ4hmg138FegR9ArRCgnWC7Tw167NCWPA|53783490|36gaepNQtPSWo3HhzrDpuNM1U1he8NqzRS,wallet|transaction|wallet,|0.0168813|0.088937,|0.0168813|0.088937,|0.926672|-0.0017522
1DLBMrNPinECaCMBXz27Re8sCTRkPnu4np,2,wallet,3HpLMNiZiVDENKTvUzADfwKdk2AZbpB59T,False,True,3,1DLBMrNPinECaCMBXz27Re8sCTRkPnu4np|84354631|3HpLMNiZiVDENKTvUzADfwKdk2AZbpB59T,wallet|transaction|wallet,|0.0168921|0.0888194,|0.0168921|0.0888194,|0.923574|0.00573957
1DMFfYxFkSL9mNVpXYnRuqrPNj7nCbphro,2,wallet,37GG8q1Jgx5MCGW6YZpXE6NHhekxJi97L1,False,True,3,1DMFfYxFkSL9mNVpXYnRuqrPNj7nCbphro|311254062|37GG8q1Jgx5MCGW6YZpXE6NHhekxJi97L1,wallet|transaction|wallet,|0.0169212|0.0887788,|0.0169212|0.0295929,|0.916862|0.0011644
1DPDZCtQE5s5FyNbXwVY41bYN38fpbfkCL,2,wallet,33TET3L5fPWivd4icwuSDuQ3foxbhW3fsX,False,True,3,1DPDZCtQE5s5FyNbXwVY41bYN38fpbfkCL|288365828|33TET3L5fPWivd4icwuSDuQ3foxbhW3fsX,wallet|transaction|wallet,|0.0168814|0.0889854,|0.0168814|0.00889854,|0.559215|-0.00437132
1DQTomnzhGVAjy7zL1KM93VfW1ModpWGGY,2,wallet,31uhUhpR6mkWJL3QNYxavcAQPHUxFv46aq,False,True,3,1DQTomnzhGVAjy7zL1KM93VfW1ModpWGGY|11320206|31uhUhpR6mkWJL3QNYxavcAQPHUxFv46aq,wallet|transaction|wallet,|0.0169629|0.089019,|0.0169629|0.0445095,|0.906211|0.00384971
1DQhujDv2ruseDj8z4mjiYYpvXrD6EBJiB,2,wallet,15LZ2G4U9jxbeqTYoF2EoNoJsSKmU8J9o7,False,True,3,1DQhujDv2ruseDj8z4mjiYYpvXrD6EBJiB|246043602|15LZ2G4U9jxbeqTYoF2EoNoJsSKmU8J9o7,wallet|transaction|wallet,|0.016933|0.0888231,|0.016933|0.0296077,|0.829197|-0.00041161
1DQsb7Dw2MdGtiYQ7wkfWcGxJZxtDqZi78,2,wallet,3Ad3HDr3fK2VBbJE1uLLXTttgm2txUaTLb,False,True,3,1DQsb7Dw2MdGtiYQ7wkfWcGxJZxtDqZi78|10174186|3Ad3HDr3fK2VBbJE1uLLXTttgm2txUaTLb,wallet|transaction|wallet,|0.0168827|0.0890062,|0.0168827|0.0890062,|0.960729|-0.000292003
1DT8SP3fZVcL3snMGaqttGuHzP4khPfw84,2,wallet,1Hf9dVeWob1cm8Ey7uXefNAJsNUxmjVjet,False,True,3,1DT8SP3fZVcL3snMGaqttGuHzP4khPfw84|100045364|1Hf9dVeWob1cm8Ey7uXefNAJsNUxmjVjet,wallet|transaction|wallet,|0.0168816|0.0887432,|0.0168816|0.0887432,|0.876536|0.0394357
1DV7WFPSw6pUmCE4Gi4vQiuafshTY8RAJu,2,wallet,3BhPkcjjh13QwpzCUFP4PMoWkCtbNdo1a2,False,True,3,1DV7WFPSw6pUmCE4Gi4vQiuafshTY8RAJu|30179327|3BhPkcjjh13QwpzCUFP4PMoWkCtbNdo1a2,wallet|transaction|wallet,|0.0168799|0.0889566,|0.0168799|0.0889566,|0.932496|-0.00267297
1DWgS22gL6FgpAskV7oWhtaseCqZbi5X4Z,2,wallet,3JZXwKuGCr5pJcCAgjqqrcRKkBSqQS6Ncg,False,True,3,1DWgS22gL6FgpAskV7oWhtaseCqZbi5X4Z|46862458|3JZXwKuGCr5pJcCAgjqqrcRKkBSqQS6Ncg,wallet|transaction|wallet,|0.016893|0.0890182,|0.016893|0.0890182,|0.966058|0.000241578
1DXCmkj6i8664uamVzDBFksNUmJn1iRXUw,2,wallet,3LT7YtppGZuB55EHubikYytHdjBbGvWhuL,False,True,3,1DXCmkj6i8664uamVzDBFksNUmJn1iRXUw|53782276|3LT7YtppGZuB55EHubikYytHdjBbGvWhuL,wallet|transaction|wallet,|0.0168923|0.0889559,|0.0168923|0.044478,|0.903285|-0.00136074
1DXNM8crL8apXBbdsdo8DmVTRr6nxG8fBm,2,wallet,3JKWfvPgGP9cqRUzoexPXUox7EDrwo27P3,False,True,3,1DXNM8crL8apXBbdsdo8DmVTRr6nxG8fBm|99676847|3JKWfvPgGP9cqRUzoexPXUox7EDrwo27P3,wallet|transaction|wallet,|0.0169733|0.0887457,|0.0169733|0.0221864,|0.876352|0.00194484
1Dab3aoqoSovjjSuYtDrUnpyyxCZ5dTVex,2,wallet,38n1quikEj2XbqX3xUJfBNkK8k4Wp3dNYs,False,True,3,1Dab3aoqoSovjjSuYtDrUnpyyxCZ5dTVex|92736300|38n1quikEj2XbqX3xUJfBNkK8k4Wp3dNYs,wallet|transaction|wallet,|0.0168628|0.0888922,|0.0168628|0.0888922,|0.915623|-0.0017429
1DdBkiQDKyH8G8yWmei798c7HiTddb2y92,2,wallet,3EbsSuH5gtbdctYw7Bd7mGxE7DGP4QHq4k,False,True,3,1DdBkiQDKyH8G8yWmei798c7HiTddb2y92|268855050|3EbsSuH5gtbdctYw7Bd7mGxE7DGP4QHq4k,wallet|transaction|wallet,|0.0169038|0.0888008,|0.0169038|0.0296003,|0.90753|6.63598e-05
1DeCKSzVWV3t7mecxhfmWpdEJzuBWXJHQM,2,wallet,13qPa63gGEr2M5yAFmZYAYw7Ju3cT5TBJV,False,True,3,1DeCKSzVWV3t7mecxhfmWpdEJzuBWXJHQM|355110973|13qPa63gGEr2M5yAFmZYAYw7Ju3cT5TBJV,wallet|transaction|wallet,|0.0168468|0.0888665,|0.0168468|0.0888665,|0.85577|0.0064047
1Deu8SS8jTcDV8gPDTYYoeUy7UHm9HkYXB,2,wallet,19fpnWuT3JrnsfR5P1Cdru5KLEKZxeB4q9,False,True,3,1Deu8SS8jTcDV8gPDTYYoeUy7UHm9HkYXB|268800574|19fpnWuT3JrnsfR5P1Cdru5KLEKZxeB4q9,wallet|transaction|wallet,|0.0168864|0.0887875,|0.0168864|0.0887875,|0.873682|0.00586963
1DfQCCRFHZQsnqQoSDbPieAiGRp3bLqUfx,2,wallet,3Fr1H62NuXsEXFcvi9GTmfhKVvA2ec5cf7,False,True,3,1DfQCCRFHZQsnqQoSDbPieAiGRp3bLqUfx|130377008|3Fr1H62NuXsEXFcvi9GTmfhKVvA2ec5cf7,wallet|transaction|wallet,|0.0169084|0.088807,|0.0169084|0.0444035,|0.907992|0.000303596
1DfncZQJR3Qrzff7x9CEPKoEuxynrVXPMo,2,wallet,1GAuUCKjRvtoGEdWDKXJybt3BTRbFZHdVA,False,True,3,1DfncZQJR3Qrzff7x9CEPKoEuxynrVXPMo|98979346|1GAuUCKjRvtoGEdWDKXJybt3BTRbFZHdVA,wallet|transaction|wallet,|0.0168888|0.088743,|0.0168888|0.0443715,|0.840266|0.00336114
1DgGVRTzUUiBn98r3gv22Q1zhmZMSJvibk,2,wallet,37eLhmL47dJEnKQdfyqUn4RzcD2r75X8zB,False,True,3,1DgGVRTzUUiBn98r3gv22Q1zhmZMSJvibk|30165216|37eLhmL47dJEnKQdfyqUn4RzcD2r75X8zB,wallet|transaction|wallet,|0.0168971|0.0890516,|0.0168971|0.0890516,|0.973489|0.00110537
1DgQPUGZg67rzoQGeEQqMJESGc4whf6hEm,2,wallet,3HyqUfX7m7PNPxqgN3KkajodvFJf1y1DvX,False,True,3,1DgQPUGZg67rzoQGeEQqMJESGc4whf6hEm|312223867|3HyqUfX7m7PNPxqgN3KkajodvFJf1y1DvX,wallet|transaction|wallet,|0.0169026|0.088764,|0.0169026|0.088764,|0.920545|0.00632024
1DhQ8rXjSGp4Qns9Su4iyLxCpkUkX5knb,2,wallet,3656kvgPgpLC55LrL2gmPesZjcmxcAmgCL,False,True,3,1DhQ8rXjSGp4Qns9Su4iyLxCpkUkX5knb|21189498|3656kvgPgpLC55LrL2gmPesZjcmxcAmgCL,wallet|transaction|wallet,|0.0168845|0.0889803,|0.0168845|0.0889803,|0.949873|-0.00110161
1DhXA7uuXVSrkeS6eb75mLimCj19EhNMnf,2,wallet,3Lkpae7zPAmoQ22ZNqFTv4WruChi5BZH3J,False,True,3,1DhXA7uuXVSrkeS6eb75mLimCj19EhNMnf|96648747|3Lkpae7zPAmoQ22ZNqFTv4WruChi5BZH3J,wallet|transaction|wallet,|0.0168304|0.0889783,|0.0168304|0.0889783,|0.856691|-0.0202296
1Dj46q6SxqzBLTZg2fAgiy6yJrQEcLi9FZ,2,wallet,1C7YnCQZ4bx14zo7LHndhyRTSQoP47yaJ9,False,True,3,1Dj46q6SxqzBLTZg2fAgiy6yJrQEcLi9FZ|130897299|1C7YnCQZ4bx14zo7LHndhyRTSQoP47yaJ9,wallet|transaction|wallet,|0.0169044|0.0887547,|0.0169044|0.0887547,|0.866715|0.104337
1Dk8os4Z7dmVfzy99rmrb5zzgFboaRNTQS,2,wallet,3A6JRz4aaf2bMKJrcBkBLxHe9QmWKZEjzu,False,True,3,1Dk8os4Z7dmVfzy99rmrb5zzgFboaRNTQS|321252663|3A6JRz4aaf2bMKJrcBkBLxHe9QmWKZEjzu,wallet|transaction|wallet,|0.0169084|0.0887687,|0.0169084|0.0887687,|0.927374|0.004206
1Dm3FUp8gmxbXMn7smbV6Ar34c5HtDamPT,2,wallet,34niHcf4Nb1qFZMVEn81CVhv2T6ACncL6h,False,True,3,1Dm3FUp8gmxbXMn7smbV6Ar34c5HtDamPT|99675596|34niHcf4Nb1qFZMVEn81CVhv2T6ACncL6h,wallet|transaction|wallet,|0.0169832|0.0887446,|0.0169832|0.0295815,|0.85911|0.0432844
1DpQqPWMk61ArUgAmoNkFjQoJDN46Kcsjr,2,wallet,33qEhyXtaY6DDHXGHWJF5AojRDNXi9ecao,False,True,3,1DpQqPWMk61ArUgAmoNkFjQoJDN46Kcsjr|99932170|33qEhyXtaY6DDHXGHWJF5AojRDNXi9ecao,wallet|transaction|wallet,|0.0168948|0.0887383,|0.0168948|0.0295794,|0.866406|0.0318592
1Dt5E7nKWunyaovqixUCCQs6YyADqsLcSh,2,wallet,14RrfD4chY4QwygbqjUN5LHrbq14fweSxJ,False,True,3,1Dt5E7nKWunyaovqixUCCQs6YyADqsLcSh|104640764|14RrfD4chY4QwygbqjUN5LHrbq14fweSxJ,wallet|transaction|wallet,|0.0169701|0.0888248,|0.0169701|0.0222062,|0.860165|-0.00286148
1E2cyuBHLk7wAvfzScL1cRFgGuwZkA1Edv,2,wallet,3Ju12M8GcNmCdGgsi4EZwF1nAtn4PznfXp,False,True,3,1E2cyuBHLk7wAvfzScL1cRFgGuwZkA1Edv|308021481|3Ju12M8GcNmCdGgsi4EZwF1nAtn4PznfXp,wallet|transaction|wallet,|0.0168999|0.0887566,|0.0168999|0.0887566,|0.881407|0.00959486
1E2k3neyxWUTmLUfqsEgBbq6oLrkFwP9v5,2,wallet,1K66oKohvLSdfpST1tvpkjwds3cK6K6Tb8,False,True,3,1E2k3neyxWUTmLUfqsEgBbq6oLrkFwP9v5|30179371|1K66oKohvLSdfpST1tvpkjwds3cK6K6Tb8,wallet|transaction|wallet,|0.0168553|0.0889223,|0.0168553|0.0889223,|0.84905|-0.001764
1E2w7wbGg3VfPp1fNYKZjPSVbfrqtAHFAj,2,wallet,13N1e5WdY6pB49carmWXbtoNx56pxmepaj,False,True,3,1E2w7wbGg3VfPp1fNYKZjPSVbfrqtAHFAj|116253609|13N1e5WdY6pB49carmWXbtoNx56pxmepaj,wallet|transaction|wallet,|0.0168665|0.0887985,|0.0168665|0.0887985,|0.872637|0.0171779
1E3oNGqzpxsKeVxgwpe6x5fqWdmRW5YMu1,2,wallet,1D7ahoGnBq1Dty6ce3p5h3oMueKCdrtn3U,False,True,3,1E3oNGqzpxsKeVxgwpe6x5fqWdmRW5YMu1|84331383|1D7ahoGnBq1Dty6ce3p5h3oMueKCdrtn3U,wallet|transaction|wallet,|0.0168645|0.0888015,|0.0168645|0.0888015,|0.874209|0.0086624
1EAj7rcr4FxquwGy7Kd1qrAaX7TsSD38gT,2,wallet,1JpfyERT377LdP19kJ5Cfz5j1X7Yd4AwdL,False,True,3,1EAj7rcr4FxquwGy7Kd1qrAaX7TsSD38gT|213090522|1JpfyERT377LdP19kJ5Cfz5j1X7Yd4AwdL,wallet|transaction|wallet,|0.0168692|0.0888395,|0.0168692|0.0888395,|0.905038|0.00320864
1EAoChb2t6uo2oeqz14T4icsVvoFsKWFhY,2,wallet,3JKWfvPgGP9cqRUzoexPXUox7EDrwo27P3,False,True,3,1EAoChb2t6uo2oeqz14T4icsVvoFsKWFhY|99676847|3JKWfvPgGP9cqRUzoexPXUox7EDrwo27P3,wallet|transaction|wallet,|0.0169733|0.0887457,|0.0169733|0.0221864,|0.88588|0.00132327
1EBqp37EQ4A3x1n87RtiY486iJpNSV7TBh,2,wallet,37yqJKYK71LVJB6JzwS8dcdPeC5yyzPvkZ,False,True,3,1EBqp37EQ4A3x1n87RtiY486iJpNSV7TBh|199956136|37yqJKYK71LVJB6JzwS8dcdPeC5yyzPvkZ,wallet|transaction|wallet,|0.0168439|0.0886667,|0.0168439|0.0886667,|0.975569|0.00146264
1ECfjBmjp3DV4wazcxteToVYuguQTjGVWB,2,wallet,19XBPgWQkgjq3qsM19D9qfaLRs4bFi767t,False,True,3,1ECfjBmjp3DV4wazcxteToVYuguQTjGVWB|92784692|19XBPgWQkgjq3qsM19D9qfaLRs4bFi767t,wallet|transaction|wallet,|0.0168459|0.088878,|0.0168459|0.088878,|0.856158|0.00267863
1EDNHmXqUX3GXpiA6TaEyNZ7hgJkFuNkqf,2,wallet,33iAE9e7qj4EcVPEEhgcgo7VFU6GVZ23aF,False,True,3,1EDNHmXqUX3GXpiA6TaEyNZ7hgJkFuNkqf|180219451|33iAE9e7qj4EcVPEEhgcgo7VFU6GVZ23aF,wallet|transaction|wallet,|0.0169986|0.0889051,|0.0169986|0.029635,|0.967228|0.000362237
1EEwTW1AARKukdTS28mXBLRb9nP9xhLNyp,2,wallet,1JjZA7RXQu1Xgk6RJTXjm6uWrJnUqQdmeY,False,True,3,1EEwTW1AARKukdTS28mXBLRb9nP9xhLNyp|234166497|1JjZA7RXQu1Xgk6RJTXjm6uWrJnUqQdmeY,wallet|transaction|wallet,|0.0168856|0.0886274,|0.0168856|0.0886274,|0.839519|0.0437891
1EGLx1soZTibT7Gho5YNafx4DEN1SBQFeK,2,wallet,1E8XarMZUBRkB1AnGScBtDizH34Sf992E1,False,True,3,1EGLx1soZTibT7Gho5YNafx4DEN1SBQFeK|355110329|1E8XarMZUBRkB1AnGScBtDizH34Sf992E1,wallet|transaction|wallet,|0.0168474|0.0888641,|0.0168474|0.0888641,|0.854582|0.00684035
1EKoECeDjccnVCmEDBUAe3pN31BUT97yaK,2,wallet,19yeNBhtVHYHPY9afnipt4oKmovii49okc,False,True,3,1EKoECeDjccnVCmEDBUAe3pN31BUT97yaK|218069945|19yeNBhtVHYHPY9afnipt4oKmovii49okc,wallet|transaction|wallet,|0.0168447|0.0890156,|0.0168447|0.0890156,|0.751737|-0.0663469
1EM2Z5ZZR2Wts8bNHgnmn6yUeradHz4Yt6,2,wallet,3EQH4Lm7uQMrSCiUE5ZgRreif1RNnRRY2v,False,True,3,1EM2Z5ZZR2Wts8bNHgnmn6yUeradHz4Yt6|84742093|3EQH4Lm7uQMrSCiUE5ZgRreif1RNnRRY2v,wallet|transaction|wallet,|0.0169851|0.0888107,|0.0169851|0.0296036,|0.896756|0.0115033
1EMYzKTiRKXXBrxxgMcw1F6MbEGq6wmPp6,2,wallet,3HFoJainYN6hrZr3cX1w39WTdLVqpN8Pfu,False,True,3,1EMYzKTiRKXXBrxxgMcw1F6MbEGq6wmPp6|355092717|3HFoJainYN6hrZr3cX1w39WTdLVqpN8Pfu,wallet|transaction|wallet,|0.0168627|0.0888839,|0.0168627|0.0888839,|0.923203|-0.000171542
1EPBMFwX7zNu8mXDMwGa3hVX4PM5v6L1qc,2,wallet,17mFV4MGXQrrewaEZkTJoFi2rDTScJqHkA,False,True,3,1EPBMFwX7zNu8mXDMwGa3hVX4PM5v6L1qc|355092073|17mFV4MGXQrrewaEZkTJoFi2rDTScJqHkA,wallet|transaction|wallet,|0.0168578|0.0888952,|0.0168578|0.0888952,|0.417255|-0.0700918
1ERF49XUZrtUN7VGKXb118Zu1Ea3o9c84a,2,wallet,1LD9LhepTKz4XkdqvbNTaJR1PdnKJNu39n,False,True,3,1ERF49XUZrtUN7VGKXb118Zu1Ea3o9c84a|209011167|1LD9LhepTKz4XkdqvbNTaJR1PdnKJNu39n,wallet|transaction|wallet,|0.0169003|0.0887269,|0.0169003|0.0147878,|0.748192|0.00019749
1EV1iXjmDqMEQS82rSg5zmAr1LLxbrvX6R,2,wallet,18Ru7UbBtYSHPogC2ihhgSSZRWUBTK7Rnc,False,True,3,1EV1iXjmDqMEQS82rSg5zmAr1LLxbrvX6R|10773646|18Ru7UbBtYSHPogC2ihhgSSZRWUBTK7Rnc,wallet|transaction|wallet,|0.0169589|0.089238,|0.00847945|0.044619,|0.470209|0.0035854
1EV3ExWCK8XnXqk7Unns5t8UFoVNDiBaCq,2,wallet,3HrocemPRUUWdanxnDKPTgcZpxrZzbR3ue,False,True,3,1EV3ExWCK8XnXqk7Unns5t8UFoVNDiBaCq|331536652|3HrocemPRUUWdanxnDKPTgcZpxrZzbR3ue,wallet|transaction|wallet,|0.0168878|0.0887676,|0.0168878|0.0887676,|0.889457|0.00797212
1EX2H8gP7P9qSDc9waCHFcG5QsDjy3DTMd,2,wallet,1CvZ8CA8jrPVzZ216BAx3q9tt7eWaDhM8b,False,True,3,1EX2H8gP7P9qSDc9waCHFcG5QsDjy3DTMd|208930302|1CvZ8CA8jrPVzZ216BAx3q9tt7eWaDhM8b,wallet|transaction|wallet,|0.0168853|0.0887316,|0.0168853|0.0887316,|0.880144|0.0290975
1EaAYFsSxQhxSYiPDQcXHJUQBQtAHBKkcT,2,wallet,13aSbpeN2co2raS7A912cgS6664kuNtYZk,False,True,3,1EaAYFsSxQhxSYiPDQcXHJUQBQtAHBKkcT|241129515|13aSbpeN2co2raS7A912cgS6664kuNtYZk,wallet|transaction|wallet,|0.0171581|0.0886785,|0.0171581|0.0110848,|0.790384|-0.00364903
1EavwgNxN7RQkW1yNZz9SfXj6sQXaV91aD,2,wallet,1BfRNp8yTKsxwKsCvE6bUjJ92RDiPXvkfq,False,True,3,1EavwgNxN7RQkW1yNZz9SfXj6sQXaV91aD|376207744|1BfRNp8yTKsxwKsCvE6bUjJ92RDiPXvkfq,wallet|transaction|wallet,|0.0168543|0.0888568,|0.0168543|0.0888568,|0.866145|0.00690913
1EbsZdCeuQ8chs62hDn1iZrbAM1DbHLbap,2,wallet,1FdasHzRoDqb5BkJggxeGSFuBWnjKbcGaA,False,True,3,1EbsZdCeuQ8chs62hDn1iZrbAM1DbHLbap|97009620|1FdasHzRoDqb5BkJggxeGSFuBWnjKbcGaA,wallet|transaction|wallet,|0.0168331|0.0889786,|0.0168331|0.0889786,|0.860389|-0.0183875
1EcbRghDnxuxjMyqz1eppWbpH97f2pSpFa,2,wallet,31iZopYrA7fP9NqdVnSZ6xRzmVfhiS6fuD,False,True,3,1EcbRghDnxuxjMyqz1eppWbpH97f2pSpFa|165594204|31iZopYrA7fP9NqdVnSZ6xRzmVfhiS6fuD,wallet|transaction|wallet,|0.0169626|0.0887969,|0.0169626|0.029599,|0.878852|0.00128267
1EddB8QQuYStiXC1vxKreSKNiMsBsZ9EzS,2,wallet,3M3Wp24aJ5KSsB6ToKTVRx4f6L5CACwrGH,False,True,3,1EddB8QQuYStiXC1vxKreSKNiMsBsZ9EzS|372682840|3M3Wp24aJ5KSsB6ToKTVRx4f6L5CACwrGH,wallet|transaction|wallet,|0.0169176|0.0887634,|0.0169176|0.0443817,|0.908518|0.00278625
1EhoSBYgBUFf5xgM6HMqGYGUgCpKfKVN1c,2,wallet,38yJ1qqrZ2721hF6m6t9sVq9GhDroq8xcD,False,True,3,1EhoSBYgBUFf5xgM6HMqGYGUgCpKfKVN1c|237370504|38yJ1qqrZ2721hF6m6t9sVq9GhDroq8xcD,wallet|transaction|wallet,|0.0169693|0.0887999,|0.0169693|0.0296,|0.953001|-2.18352e-05
1EjqGRwnMTgkPJT6DGpR4G6fo9N81mE1M1,2,wallet,1Q9M6WmqLAB2YXAB2ufgVYcUdXEWW6Pm9t,False,True,3,1EjqGRwnMTgkPJT6DGpR4G6fo9N81mE1M1|355962407|1Q9M6WmqLAB2YXAB2ufgVYcUdXEWW6Pm9t,wallet|transaction|wallet,|0.0168445|0.0888607,|0.0168445|0.0888607,|0.828381|0.0247198
1Eo65vStapTAcA4FR1E2NHS7pzLzob12s1,2,wallet,3BDNgqHoF4tKjdgi8Yt8S3dQ9SVcLpngHg,False,True,3,1Eo65vStapTAcA4FR1E2NHS7pzLzob12s1|288602158|3BDNgqHoF4tKjdgi8Yt8S3dQ9SVcLpngHg,wallet|transaction|wallet,|0.0168927|0.0889847,|0.0168927|0.0222462,|0.869335|-0.00351956
1EpC9eBqX5N7S7JvsAKsQRqeYkYZ6HHxZV,2,wallet,35eQVKi6KJt6ojJrfhog6BKHcpQWPqmDMX,False,True,3,1EpC9eBqX5N7S7JvsAKsQRqeYkYZ6HHxZV|7877502|35eQVKi6KJt6ojJrfhog6BKHcpQWPqmDMX,wallet|transaction|wallet,|0.0168455|0.0892268,|0.0168455|0.0446134,|0.860545|0.000261664
1EpN67u4zRM75cvjgvt2bnTpiyW89zNjix,2,wallet,35eQVKi6KJt6ojJrfhog6BKHcpQWPqmDMX,False,True,3,1EpN67u4zRM75cvjgvt2bnTpiyW89zNjix|7877502|35eQVKi6KJt6ojJrfhog6BKHcpQWPqmDMX,wallet|transaction|wallet,|0.0168455|0.0892268,|0.0168455|0.0446134,|0.860557|0.000261724
1ErHuh4kvYdK5CMaETiiKWAPRGcBU617Kn,2,wallet,1NE9k6j7jfZm8F1b9y1TyqUWZmsh3mjvnD,False,True,3,1ErHuh4kvYdK5CMaETiiKWAPRGcBU617Kn|311319401|1NE9k6j7jfZm8F1b9y1TyqUWZmsh3mjvnD,wallet|transaction|wallet,|0.0176705|0.0887534,|0.0176705|0.0443767,|0.855676|0.0316937
1Erx6c6w1guJMY91651p17qnR5K4ZGVMfC,2,wallet,3JdH915hUuu39oTPjMFnmjjGY1BCrk5EU1,False,True,3,1Erx6c6w1guJMY91651p17qnR5K4ZGVMfC|85005412|3JdH915hUuu39oTPjMFnmjjGY1BCrk5EU1,wallet|transaction|wallet,|0.0168694|0.0888023,|0.0168694|0.0888023,|0.875355|0.0174738
1EshNsC478YF1enBn1wkUD5P6LGvfGgFMN,2,wallet,1EctfqZtHqkENQ84skkgU7R5eMDJ9AK2gm,False,True,3,1EshNsC478YF1enBn1wkUD5P6LGvfGgFMN|92560136|1EctfqZtHqkENQ84skkgU7R5eMDJ9AK2gm,wallet|transaction|wallet,|0.0168461|0.088878,|0.0168461|0.088878,|0.855748|0.00222397
1EuZfNetnytRJQqyBkjdqtcUYKPyPgBMWN,2,wallet,3PeK3kfXJEFihTSYM3svfAzTWHvoxidL4M,False,True,3,1EuZfNetnytRJQqyBkjdqtcUYKPyPgBMWN|165065715|3PeK3kfXJEFihTSYM3svfAzTWHvoxidL4M,wallet|transaction|wallet,|0.0176532|0.0887738,|0.0176532|0.0887738,|0.997578|0.00182575
1Eup3sFV5XMckk3WYwu5qFk6a1Y7fxffHJ,2,wallet,1JBHhCZLJHZpYtKu63Fjc73AnevR2Fc3sM,False,True,3,1Eup3sFV5XMckk3WYwu5qFk6a1Y7fxffHJ|50306363|1JBHhCZLJHZpYtKu63Fjc73AnevR2Fc3sM,wallet|transaction|wallet,|0.0168231|0.089041,|0.0168231|0.089041,|0.804174|-0.0166156
1Ey3dhcHabdCiV9S2EmH6RH8SvmwDsyKRP,2,wallet,38xVRmZzgkrHzhSGfAneNyer8dp48HsfCM,False,True,3,1Ey3dhcHabdCiV9S2EmH6RH8SvmwDsyKRP|288471753|38xVRmZzgkrHzhSGfAneNyer8dp48HsfCM,wallet|transaction|wallet,|0.016848|0.0889961,|0.016848|0.022249,|0.883498|-0.000219077
1EySn6oG9Exe3898uEuQxqqaoRsjSmzgKS,2,wallet,1B1wpKHCVSdgss6t2HngjjToTFv5PyVpcD,False,True,3,1EySn6oG9Exe3898uEuQxqqaoRsjSmzgKS|84355177|1B1wpKHCVSdgss6t2HngjjToTFv5PyVpcD,wallet|transaction|wallet,|0.0168816|0.0888004,|0.0168816|0.0888004,|0.868833|0.0384808
1F1nFWW1x7Rk3FL8VQBMgfFD6z3v9SkNmc,2,wallet,3A6JRz4aaf2bMKJrcBkBLxHe9QmWKZEjzu,False,True,3,1F1nFWW1x7Rk3FL8VQBMgfFD6z3v9SkNmc|321252663|3A6JRz4aaf2bMKJrcBkBLxHe9QmWKZEjzu,wallet|transaction|wallet,|0.0169084|0.0887687,|0.0169084|0.0887687,|0.927364|0.00391388
1F6SAPGftES3ZxuDhgcZEGQsYzhN1GoAJb,2,wallet,3Qe33iDwqJrzFFfwiyiwSwEGCjwyf14sm4,False,True,3,1F6SAPGftES3ZxuDhgcZEGQsYzhN1GoAJb|312108743|3Qe33iDwqJrzFFfwiyiwSwEGCjwyf14sm4,wallet|transaction|wallet,|0.0168971|0.0887752,|0.0168971|0.0147959,|0.904395|0.000409643
1F9u134txG3PzmA8ygiAatEmD9YmCo2K4d,2,wallet,1NQig4v6mJSJWNq4vEgeP6WJQMxSrbbFr4,False,True,3,1F9u134txG3PzmA8ygiAatEmD9YmCo2K4d|272481965|1NQig4v6mJSJWNq4vEgeP6WJQMxSrbbFr4,wallet|transaction|wallet,|0.0169057|0.0887803,|0.0169057|0.0443902,|0.872891|0.0113111
1FALyYWev9DVj1r9SZLz4VdAwC5dzuB3AC,2,wallet,3DHwSm3Q5Z3PHHVKWE43FiUKo9ijo6LrUe,False,True,3,1FALyYWev9DVj1r9SZLz4VdAwC5dzuB3AC|54767680|3DHwSm3Q5Z3PHHVKWE43FiUKo9ijo6LrUe,wallet|transaction|wallet,|0.0168813|0.0888958,|0.0168813|0.0888958,|0.94674|-0.000964701
1FAMczJMS2Eh81HhENkh7t5Wpwwf642F5U,2,wallet,144ZFfucFXteQzEC245xmEQn9ijKfkd53d,False,True,3,1FAMczJMS2Eh81HhENkh7t5Wpwwf642F5U|65356275|144ZFfucFXteQzEC245xmEQn9ijKfkd53d,wallet|transaction|wallet,|0.016859|0.0889031,|0.016859|0.0889031,|0.845714|-0.00416201
1FAmU3RyV4fM9CKcaZ29bMF5GpLW55MuMM,2,wallet,3CWNv8JurEUrCBTKHWeHYCNRxZvafJYDvk,False,True,3,1FAmU3RyV4fM9CKcaZ29bMF5GpLW55MuMM|84373476|3CWNv8JurEUrCBTKHWeHYCNRxZvafJYDvk,wallet|transaction|wallet,|0.0169053|0.088811,|0.0169053|0.0444055,|0.90457|0.00210455
1FBoYi7uF6G9vpU3KvQBmqjTgPWRfqhtph,2,wallet,1GzzkPUG94WHXgPkdCUpEsKyG95GAh6wqW,False,True,3,1FBoYi7uF6G9vpU3KvQBmqjTgPWRfqhtph|105447996|1GzzkPUG94WHXgPkdCUpEsKyG95GAh6wqW,wallet|transaction|wallet,|0.0168239|0.0889865,|0.0168239|0.0889865,|0.828648|-0.00445181
1FBsuCoBFLZqneSZ3RkPwSgA1txCRTvGyx,2,wallet,16gmCmmBg3NUpMgGf7GQM52DX8Qsa7eHn8,False,True,3,1FBsuCoBFLZqneSZ3RkPwSgA1txCRTvGyx|268876948|16gmCmmBg3NUpMgGf7GQM52DX8Qsa7eHn8,wallet|transaction|wallet,|0.0170733|0.0943944,|0.0170733|0.0943944,|-0.103978|0.394122
1FEp6Zx3tkk3rgshKCV3AbhyQifGfFpTP8,2,wallet,354nJAzZaw3CGbqNtNEPPh7w9WZvCgxark,False,True,3,1FEp6Zx3tkk3rgshKCV3AbhyQifGfFpTP8|268861287|354nJAzZaw3CGbqNtNEPPh7w9WZvCgxark,wallet|transaction|wallet,|0.0168941|0.0887967,|0.0168941|0.0887967,|0.917304|0.00273496
1FEup2ixsz2g79muyiyzgMSAqa9WU5xx55,2,wallet,37vy4kn1eMvtmUJ4LX4ihPqY1ZsqYcom2X,False,True,3,1FEup2ixsz2g79muyiyzgMSAqa9WU5xx55|268849739|37vy4kn1eMvtmUJ4LX4ihPqY1ZsqYcom2X,wallet|transaction|wallet,|0.0168892|0.088796,|0.0168892|0.044398,|0.905258|0.00484994
1FFziVrp4VXddMwPniuANrLu7NddiPXPxP,2,wallet,13xyyTymEp91gQr9iQ3AfTJX5LYe1LCxFK,False,True,3,1FFziVrp4VXddMwPniuANrLu7NddiPXPxP|30179369|13xyyTymEp91gQr9iQ3AfTJX5LYe1LCxFK,wallet|transaction|wallet,|0.0168659|0.0889226,|0.0168659|0.0889226,|0.849549|-0.00169939
1FJqNKxwjoQnmdGqx6Fjd5r7pxNQYXuCZR,2,wallet,3JF6gzYu4amnWNWyysA4DioEeUz2Z4Xx1R,False,True,3,1FJqNKxwjoQnmdGqx6Fjd5r7pxNQYXuCZR|29623995|3JF6gzYu4amnWNWyysA4DioEeUz2Z4Xx1R,wallet|transaction|wallet,|0.0168538|0.0889325,|0.0168538|0.0889325,|0.860559|-0.00439554
1FLktbDyHuqGk62MaKJ1b6NK5hah3VRGYb,2,wallet,1JsF35yFwJ51CgQ5jzLagaBpe7QxBjdib6,False,True,3,1FLktbDyHuqGk62MaKJ1b6NK5hah3VRGYb|97009619|1JsF35yFwJ51CgQ5jzLagaBpe7QxBjdib6,wallet|transaction|wallet,|0.016856|0.0889707,|0.00842801|0.0889707,|0.347034|-0.0172025
1FPMsFMyZjVb8s5toDBgZMcWp5LtMa4T2L,2,wallet,3EJvgztcJzTrtMq1GNTRAV5AL2Cm4FSFsm,False,True,3,1FPMsFMyZjVb8s5toDBgZMcWp5LtMa4T2L|85005396|3EJvgztcJzTrtMq1GNTRAV5AL2Cm4FSFsm,wallet|transaction|wallet,|0.0169132|0.088604,|0.0169132|0.088604,|0.978874|0.0562408
1FPWf5PzYU2jWbwmuDHSpAUQxSsbfBdqWh,2,wallet,3C5ikpsF9uAfRi5B1oYqAWmPzfjVYVJ6Jh,False,True,3,1FPWf5PzYU2jWbwmuDHSpAUQxSsbfBdqWh|99677409|3C5ikpsF9uAfRi5B1oYqAWmPzfjVYVJ6Jh,wallet|transaction|wallet,|0.0176669|0.0887412,|0.0176669|0.0295804,|0.963643|-4.81407e-05
1FQNug1fwM9qW4yVsg4qhVCKjirT5xSKNh,2,wallet,3M3Wp24aJ5KSsB6ToKTVRx4f6L5CACwrGH,False,True,3,1FQNug1fwM9qW4yVsg4qhVCKjirT5xSKNh|372682840|3M3Wp24aJ5KSsB6ToKTVRx4f6L5CACwrGH,wallet|transaction|wallet,|0.0169176|0.0887634,|0.0169176|0.0443817,|0.908522|0.00275952
1FSXSnf99qy5XtNhY8FY2ktmuonik8wHj6,2,wallet,3QdpY1oVe5BPSy9w4B1qRnZVKRWTD4EXVh,False,True,3,1FSXSnf99qy5XtNhY8FY2ktmuonik8wHj6|10864015|3QdpY1oVe5BPSy9w4B1qRnZVKRWTD4EXVh,wallet|transaction|wallet,|0.016979|0.0888042,|0.016979|0.0222011,|0.904249|0.000593677
1FSjyV4qSdVxBM2vbjpaMSYuG1TRubwMj6,2,wallet,3LhajNYZBP6fYYBGbEeZduS4mxgKh3bmjQ,False,True,3,1FSjyV4qSdVxBM2vbjpaMSYuG1TRubwMj6|99675953|3LhajNYZBP6fYYBGbEeZduS4mxgKh3bmjQ,wallet|transaction|wallet,|0.0169123|0.088738,|0.0169123|0.044369,|0.898213|0.000141382
1FTsC3T1oRap35nhRYAkvpwsFvH3e9LuHE,2,wallet,17VjaGj9BbKVW1qVyXjN9n4W7N6NQ9vBAC,False,True,3,1FTsC3T1oRap35nhRYAkvpwsFvH3e9LuHE|95601893|17VjaGj9BbKVW1qVyXjN9n4W7N6NQ9vBAC,wallet|transaction|wallet,|0.0168471|0.0888829,|0.0168471|0.0888829,|0.862538|0.00100273
1FUEt8itNJ9eYsYpHC3FkTnF8xsGpbgX52,2,wallet,3DUe52yBXSGUmiusVQdeuQdKQmHjWXwcW7,False,True,3,1FUEt8itNJ9eYsYpHC3FkTnF8xsGpbgX52|26560265|3DUe52yBXSGUmiusVQdeuQdKQmHjWXwcW7,wallet|transaction|wallet,|0.0171062|0.0890108,|0.0171062|0.0890108,|0.941088|0.00711906
1FWhNKV8Ae3Jo6praBuE5CeYNUiSyNmEKA,2,wallet,3CYQR53n8CxDRZMNtkt1AGo8mCByMxuCXq,False,True,3,1FWhNKV8Ae3Jo6praBuE5CeYNUiSyNmEKA|268856573|3CYQR53n8CxDRZMNtkt1AGo8mCByMxuCXq,wallet|transaction|wallet,|0.0168957|0.0887973,|0.0168957|0.0887973,|0.921134|0.00537831
1FYFTYHjhbd5f87UwfiTGvk2sHxpYh9iuC,2,wallet,16jA3UFPf8YvD3skeXdogWEDccp6ioADdr,False,True,3,1FYFTYHjhbd5f87UwfiTGvk2sHxpYh9iuC|170582752|16jA3UFPf8YvD3skeXdogWEDccp6ioADdr,wallet|transaction|wallet,|0.0168695|0.0887867,|0.0168695|0.0887867,|0.872077|0.00592571
1Fa9KqUqxuAgcdwYTgpUZ5Rf6ZPPEWkxn7,2,wallet,3K1UvCA5gDJd2r3MAwHKntYo4vKUSZbhe8,False,True,3,1Fa9KqUqxuAgcdwYTgpUZ5Rf6ZPPEWkxn7|14112275|3K1UvCA5gDJd2r3MAwHKntYo4vKUSZbhe8,wallet|transaction|wallet,|0.016785|0.0952997,|0.016785|0.0190599,|0.387328|-0.000626469
1FasbCxU9KVQhtmHzShUs2QVcqHDM95z9g,2,wallet,1GHsHZUDVAKyuKXdgeuDZUJFf9kW44Bib4,False,True,3,1FasbCxU9KVQhtmHzShUs2QVcqHDM95z9g|12776876|1GHsHZUDVAKyuKXdgeuDZUJFf9kW44Bib4,wallet|transaction|wallet,|0.0169409|0.0888601,|0.0169409|0.0888601,|0.995641|0.00454915
1Fcn1a4Xw3uoeU2kk2WRGwKoWJ9BA63eJj,2,wallet,1PTYsMiJKqZssSoy7m6nifTjNb4V8sdgw6,False,True,3,1Fcn1a4Xw3uoeU2kk2WRGwKoWJ9BA63eJj|195422283|1PTYsMiJKqZssSoy7m6nifTjNb4V8sdgw6,wallet|transaction|wallet,|0.0168187|0.0890389,|0.0168187|0.0890389,|0.809255|-0.00918198
1FdF7QM9vU5YSXdxjSMJNqBUzWHmp8o6B6,2,wallet,1KcJtaJzvftrBPRscQhWCHGGG5rmkudnL8,False,True,3,1FdF7QM9vU5YSXdxjSMJNqBUzWHmp8o6B6|208930299|1KcJtaJzvftrBPRscQhWCHGGG5rmkudnL8,wallet|transaction|wallet,|0.0169084|0.0887322,|0.0169084|0.0887322,|0.881074|0.0272115
1Fh9RtEDWHPG2QL1G3WFadukW5VgP4dfYP,2,wallet,3DWZmFW3sc2ZW1JQSQaXMQbQDbeECz4KLK,False,True,3,1Fh9RtEDWHPG2QL1G3WFadukW5VgP4dfYP|74815310|3DWZmFW3sc2ZW1JQSQaXMQbQDbeECz4KLK,wallet|transaction|wallet,|0.0168675|0.0933314,|0.0168675|0.0233328,|0.872229|0.000800267
1FigfkiEwCWTtqg17Vh3tmxsQuPfmVUMxE,2,wallet,13cBZt2p6UGe7yvUFg7KDHpsDbJjLT89qk,False,True,3,1FigfkiEwCWTtqg17Vh3tmxsQuPfmVUMxE|268969043|13cBZt2p6UGe7yvUFg7KDHpsDbJjLT89qk,wallet|transaction|wallet,|0.0168728|0.0887868,|0.0168728|0.0887868,|0.873654|0.00823212
1FirRGh1rw5LsAukjFQgeo9A7JBvDc9q1d,2,wallet,16EQy1bDF2NyawvnXAiXjnSHHDbZn2DiDx,False,True,3,1FirRGh1rw5LsAukjFQgeo9A7JBvDc9q1d|195422169|16EQy1bDF2NyawvnXAiXjnSHHDbZn2DiDx,wallet|transaction|wallet,|0.016836|0.0890354,|0.016836|0.0890354,|0.80355|-0.00612479
1FmuoxTvvbf9vYX8KXQ8tYpotSmxfpHSxv,2,wallet,38xVRmZzgkrHzhSGfAneNyer8dp48HsfCM,False,True,3,1FmuoxTvvbf9vYX8KXQ8tYpotSmxfpHSxv|288471753|38xVRmZzgkrHzhSGfAneNyer8dp48HsfCM,wallet|transaction|wallet,|0.016848|0.0889961,|0.016848|0.022249,|0.884346|-0.000350386
1Fpv8p2fFMpNvGSnXW6KmykCVmzvbRqAQG,2,wallet,164k4PHuAYjrdtEszhLfWd16F1yhtyv6Hi,False,True,3,1Fpv8p2fFMpNvGSnXW6KmykCVmzvbRqAQG|105879142|164k4PHuAYjrdtEszhLfWd16F1yhtyv6Hi,wallet|transaction|wallet,|0.0168265|0.0889963,|0.0168265|0.0889963,|0.839949|-0.00644243
1FqPQdkQwExgSXDdg5SGJRcwFpVWfUdefC,2,wallet,16b7bjrBf2Pe3VCQ7267UNNxj79gP5e7Zq,False,True,3,1FqPQdkQwExgSXDdg5SGJRcwFpVWfUdefC|69769534|16b7bjrBf2Pe3VCQ7267UNNxj79gP5e7Zq,wallet|transaction|wallet,|0.0168506|0.0889007,|0.0168506|0.0444504,|0.79917|-0.000434428
1FsByBreT6gm2UjzU9c4LfuW62bbvPZnGT,2,wallet,38cSdnbKWx3jjMciRRhXbyibwQdfRf2fVj,False,True,3,1FsByBreT6gm2UjzU9c4LfuW62bbvPZnGT|175117301|38cSdnbKWx3jjMciRRhXbyibwQdfRf2fVj,wallet|transaction|wallet,|0.0168561|0.0885943,|0.0168561|0.0885943,|0.698517|0.00527209
1FvQK3p1rGoPwb22rUZmqbLjRoDqBYX5yT,2,wallet,3Bpbev1NCGA2yJBao8yVzNYFe7boER3b4F,False,True,3,1FvQK3p1rGoPwb22rUZmqbLjRoDqBYX5yT|332329138|3Bpbev1NCGA2yJBao8yVzNYFe7boER3b4F,wallet|transaction|wallet,|0.0168974|0.088769,|0.0168974|0.088769,|0.902046|0.00688732
1FwYNJseyYKxDH8ippeL9dLPQqN4WJrdcY,2,wallet,37CTBd1xdiztjcokAWQn44NLwVzXfwdH4M,False,True,3,1FwYNJseyYKxDH8ippeL9dLPQqN4WJrdcY|33843382|37CTBd1xdiztjcokAWQn44NLwVzXfwdH4M,wallet|transaction|wallet,|0.0169152|0.0890937,|0.0169152|0.0178187,|0.870607|0.000474513
1FzfRNPPF5UY6YRVVbPuwUaVhy3mcgLbVo,2,wallet,1JcWawH8dUg7wBg2EskWu89X1C53pLqvKX,False,True,3,1FzfRNPPF5UY6YRVVbPuwUaVhy3mcgLbVo|72630297|1JcWawH8dUg7wBg2EskWu89X1C53pLqvKX,wallet|transaction|wallet,|0.0168617|0.0890382,|0.0168617|0.0890382,|0.806326|-0.0888822
1G1ns6ZDgdSmvyWJc15cTbXxTxXKYR2EU3,2,wallet,15YsnRjKPVQv4X5E2kUBUw2DcxV948Q9pT,False,True,3,1G1ns6ZDgdSmvyWJc15cTbXxTxXKYR2EU3|331610689|15YsnRjKPVQv4X5E2kUBUw2DcxV948Q9pT,wallet|transaction|wallet,|0.0169115|0.0887633,|0.0169115|0.0295878,|0.863397|5.52734e-05
1G8kLqobttQXQtMvNeM594JdrdMXvcva5Q,2,wallet,3DWZmFW3sc2ZW1JQSQaXMQbQDbeECz4KLK,False,True,3,1G8kLqobttQXQtMvNeM594JdrdMXvcva5Q|74815310|3DWZmFW3sc2ZW1JQSQaXMQbQDbeECz4KLK,wallet|transaction|wallet,|0.0168675|0.0933314,|0.0168675|0.0233328,|0.872067|0.000794157
1G8yPabEjtMrzZRyfFDJcsP4tWEWd9Vmt1,2,wallet,3McM6pZhEuHj7zeMV4Hrk4Na4NxQGsJpbH,False,True,3,1G8yPabEjtMrzZRyfFDJcsP4tWEWd9Vmt1|99942296|3McM6pZhEuHj7zeMV4Hrk4Na4NxQGsJpbH,wallet|transaction|wallet,|0.0167203|0.0953048,|0.0167203|0.0158841,|0.606118|-0.00184424
1GD9qAxPBMYmMLrhr2XBgtjrkcAtaKzcQ3,2,wallet,3MFgnzT5jgzABC67f73Zb5DL8dJfLCerYu,False,True,3,1GD9qAxPBMYmMLrhr2XBgtjrkcAtaKzcQ3|268865654|3MFgnzT5jgzABC67f73Zb5DL8dJfLCerYu,wallet|transaction|wallet,|0.016916|0.0887926,|0.016916|0.0443963,|0.911153|3.37064e-05
1GDUjvzUjKaUHfXTuoatf3HsD9nHfLgEon,2,wallet,39RVRpp4UtGsduyB38aYi6oQvbd26VzHSG,False,True,3,1GDUjvzUjKaUHfXTuoatf3HsD9nHfLgEon|17223629|39RVRpp4UtGsduyB38aYi6oQvbd26VzHSG,wallet|transaction|wallet,|0.0169421|0.0889714,|0.0169421|0.0296571,|0.388386|-0.0100094
1GEMgfKsmrf4EZc1joF65xYzfNCCmBUUak,2,wallet,1HmNvWvYYjN4RccEyaYq3bL23g8NU5fHoZ,False,True,3,1GEMgfKsmrf4EZc1joF65xYzfNCCmBUUak|154828129|1HmNvWvYYjN4RccEyaYq3bL23g8NU5fHoZ,wallet|transaction|wallet,|0.0168745|0.088776,|0.0168745|0.088776,|0.87148|0.0333356
1GHXEhzaPyDDo8MUVqvjxxfQ6xDj25N9TW,2,wallet,3CYQR53n8CxDRZMNtkt1AGo8mCByMxuCXq,False,True,3,1GHXEhzaPyDDo8MUVqvjxxfQ6xDj25N9TW|268856573|3CYQR53n8CxDRZMNtkt1AGo8mCByMxuCXq,wallet|transaction|wallet,|0.0168957|0.0887973,|0.0168957|0.0887973,|0.921134|0.00537831
1GJKfrVSwiR1T5iZ759Q9NhK1YXzL8Dz1y,2,wallet,33zfgTVEPBSjFLQggZV8UbXBS59ydy66iM,False,True,3,1GJKfrVSwiR1T5iZ759Q9NhK1YXzL8Dz1y|84375307|33zfgTVEPBSjFLQggZV8UbXBS59ydy66iM,wallet|transaction|wallet,|0.0168877|0.0888108,|0.0168877|0.0888108,|0.916643|0.00464553
1GK6y5Ts68goQjPrUC48aCbsx3ATEyzucw,2,wallet,1F9k9RjHK6Gsfsoz27EA5YpQYo9ASakZXz,False,True,3,1GK6y5Ts68goQjPrUC48aCbsx3ATEyzucw|269535654|1F9k9RjHK6Gsfsoz27EA5YpQYo9ASakZXz,wallet|transaction|wallet,|0.0168864|0.0887875,|0.0168864|0.0887875,|0.874699|0.0108536
1GLfsnRnaPGwGAQwWwdqctJz35sA21gNjq,2,wallet,3AXRsxKrCYSDMqHWsvKguikFD2PJXGPi9s,False,True,3,1GLfsnRnaPGwGAQwWwdqctJz35sA21gNjq|84374815|3AXRsxKrCYSDMqHWsvKguikFD2PJXGPi9s,wallet|transaction|wallet,|0.0169007|0.0888135,|0.0169007|0.0888135,|0.919707|0.00579417
1GN3GVTc7KfaN1agwurVHoJbnmo81ybwAC,2,wallet,1HeGJeDHMYwANTmrpghQXPQWTtvb5Ewj5r,False,True,3,1GN3GVTc7KfaN1agwurVHoJbnmo81ybwAC|268803403|1HeGJeDHMYwANTmrpghQXPQWTtvb5Ewj5r,wallet|transaction|wallet,|0.0168839|0.0887873,|0.0168839|0.0887873,|0.873046|0.00905031
1GNyM1XUsr7YjMR6wPWVC79aWr8vaDwPzn,2,wallet,327AGvbE1a4Tt8oXgL814DBCnnqtCJXqTy,False,True,3,1GNyM1XUsr7YjMR6wPWVC79aWr8vaDwPzn|355505391|327AGvbE1a4Tt8oXgL814DBCnnqtCJXqTy,wallet|transaction|wallet,|0.0168622|0.0888919,|0.0168622|0.0296306,|0.889289|-0.000308593
1GTENyCT63cPKzESt2b4Pg1AMKvpNMDPrV,2,wallet,15WKW1Y4mqFnx9Nn3gnmg2rin2VNmMFBvE,False,True,3,1GTENyCT63cPKzESt2b4Pg1AMKvpNMDPrV|84334491|15WKW1Y4mqFnx9Nn3gnmg2rin2VNmMFBvE,wallet|transaction|wallet,|0.0168665|0.0888008,|0.0168665|0.0888008,|0.874455|0.00541425
1GTVNZofQXFXjUhhFdRFwhFabtdRUJBhjK,2,wallet,1EUSmn8DdJiUCCYBh5wghFsLHqzooaQzFd,False,True,3,1GTVNZofQXFXjUhhFdRFwhFabtdRUJBhjK|28717433|1EUSmn8DdJiUCCYBh5wghFsLHqzooaQzFd,wallet|transaction|wallet,|0.0169045|0.088808,|0.0169045|0.022202,|0.887392|0.000159547
1GXkbHWUS2W45VR79ztynguDV3b5PZCcXd,2,wallet,3CKzy45kiKpV1X3RaHRTwqx1oS54DCH7AR,False,True,3,1GXkbHWUS2W45VR79ztynguDV3b5PZCcXd|92727250|3CKzy45kiKpV1X3RaHRTwqx1oS54DCH7AR,wallet|transaction|wallet,|0.0168851|0.0888848,|0.0168851|0.0888848,|0.914516|-0.000712633
1Gay4Z6kUcJ8waMVzbmGCXDXyNtaBzc9r2,2,wallet,1JBZSh5KyUV9a2v66TeV2eVaGjhqNiuvHE,False,True,3,1Gay4Z6kUcJ8waMVzbmGCXDXyNtaBzc9r2|55801561|1JBZSh5KyUV9a2v66TeV2eVaGjhqNiuvHE,wallet|transaction|wallet,|0.0166535|0.0888947,|0.0166535|0.0177789,|0.94937|-0.0110738
1GeZLc2CxDWKPEwV7iACNkBRcMtqB16UHD,2,wallet,1PAY8LScygmUKkp9kq2keHFzqviGazf7T6,False,True,3,1GeZLc2CxDWKPEwV7iACNkBRcMtqB16UHD|105432250|1PAY8LScygmUKkp9kq2keHFzqviGazf7T6,wallet|transaction|wallet,|0.0168281|0.0889971,|0.0168281|0.0889971,|0.82339|-0.0153976
1GfUF5ePLp98FYF8LZ6VdMpsJUr41Hc7kB,2,wallet,3FfKvRjCg3Ev3Li5Ly5ybZL2itAn2TCjji,False,True,3,1GfUF5ePLp98FYF8LZ6VdMpsJUr41Hc7kB|286848744|3FfKvRjCg3Ev3Li5Ly5ybZL2itAn2TCjji,wallet|transaction|wallet,|0.0168953|0.0887719,|0.0168953|0.0887719,|0.938389|0.0089134
1GgM2yygXXQ5iAWyCbgkUiVWnbWH2xx1Fq,2,wallet,1Q8YhgGgC7Movu8HgBH2gQEAE7bZWWLGot,False,True,3,1GgM2yygXXQ5iAWyCbgkUiVWnbWH2xx1Fq|9565016|1Q8YhgGgC7Movu8HgBH2gQEAE7bZWWLGot,wallet|transaction|wallet,|0.0169084|0.0885866,|0.0169084|0.0885866,|0.951289|0.0147295
1GgYtchLhG9df4uWL1czP9xBSieWaaGZeJ,2,wallet,3H5wiHACzDnBMRE63dRGhN8oDzQ5fVZUW8,False,True,3,1GgYtchLhG9df4uWL1czP9xBSieWaaGZeJ|32998848|3H5wiHACzDnBMRE63dRGhN8oDzQ5fVZUW8,wallet|transaction|wallet,|0.0174571|0.0890462,|0.0174571|0.0178092,|0.905437|0.00081048
1GhN8YynyZsjehXTo7eXm8TVPTMTUVFgQ1,2,wallet,3A6JRz4aaf2bMKJrcBkBLxHe9QmWKZEjzu,False,True,3,1GhN8YynyZsjehXTo7eXm8TVPTMTUVFgQ1|321252663|3A6JRz4aaf2bMKJrcBkBLxHe9QmWKZEjzu,wallet|transaction|wallet,|0.0169084|0.0887687,|0.0169084|0.0887687,|0.927372|0.00414842
1Ghg8HHnbpogrUVvoszbauAbPz7XhJGmWU,2,wallet,37EhRvB6fjZN8g55ZBYg1Svx8HW8sfhxg2,False,True,3,1Ghg8HHnbpogrUVvoszbauAbPz7XhJGmWU|105883533|37EhRvB6fjZN8g55ZBYg1Svx8HW8sfhxg2,wallet|transaction|wallet,|0.0168652|0.0951679,|0.0168652|0.011896,|0.581296|-0.0148475
1Gi8mFLU9i5n1nynsnkduBCwxo59jeMJbU,2,wallet,12myLZM16peDfb9CodmBnBTpV7jmDxU994,False,True,3,1Gi8mFLU9i5n1nynsnkduBCwxo59jeMJbU|269103984|12myLZM16peDfb9CodmBnBTpV7jmDxU994,wallet|transaction|wallet,|0.0168997|0.0887859,|0.0168997|0.0887859,|0.871319|0.00580609
1GigAjvg6nFGRyMpL2EXUUYnEos3tgrnqy,2,wallet,3MT3Mb97MngvMuntp8yhNkDTLcNbhYD1uZ,False,True,3,1GigAjvg6nFGRyMpL2EXUUYnEos3tgrnqy|74217339|3MT3Mb97MngvMuntp8yhNkDTLcNbhYD1uZ,wallet|transaction|wallet,|0.0168884|0.0889367,|0.0168884|0.0444684,|0.893639|-0.00163099
1GjURFRn9EwCMUuYEt2uKnH9Jj3UcFdY5m,2,wallet,38n1quikEj2XbqX3xUJfBNkK8k4Wp3dNYs,False,True,3,1GjURFRn9EwCMUuYEt2uKnH9Jj3UcFdY5m|92736300|38n1quikEj2XbqX3xUJfBNkK8k4Wp3dNYs,wallet|transaction|wallet,|0.0168628|0.0888922,|0.0168628|0.0888922,|0.915762|-0.00170726
1GnJxdDh5D9LffAUJtUWqFfA2kniuWVuvj,2,wallet,3NGEaUcni4jrk8v2JNLpEFUxrtQ1ogh8fT,False,True,3,1GnJxdDh5D9LffAUJtUWqFfA2kniuWVuvj|171324635|3NGEaUcni4jrk8v2JNLpEFUxrtQ1ogh8fT,wallet|transaction|wallet,|0.0168025|0.093809,|0.0168025|0.0312697,|0.993063|0.000459115
1GoN1j1BcB8JWoLifTbVvwNjSzxFiqToii,2,wallet,1HusCSVGaqaCPcn81fnD8SEDKpAKCjecdd,False,True,3,1GoN1j1BcB8JWoLifTbVvwNjSzxFiqToii|99676904|1HusCSVGaqaCPcn81fnD8SEDKpAKCjecdd,wallet|transaction|wallet,|0.0169235|0.088743,|0.0169235|0.0443715,|0.878204|0.000184119
1Goi1Gf4sMczxjUbD6FczPeFgJqXtSb1Ep,2,wallet,3FGBJuzdemVyUsFHgufrwpDtwKLn9MQrMC,False,True,3,1Goi1Gf4sMczxjUbD6FczPeFgJqXtSb1Ep|378282537|3FGBJuzdemVyUsFHgufrwpDtwKLn9MQrMC,wallet|transaction|wallet,|0.0168991|0.088688,|0.0168991|0.088688,|0.886016|0.023958
1GpdkXHCUd37WofUxjfgQuv3yiHwBPtb5f,2,wallet,39JX8i5399diyzXaP1oSBq2bVuZW7ZyKYL,False,True,3,1GpdkXHCUd37WofUxjfgQuv3yiHwBPtb5f|272175846|39JX8i5399diyzXaP1oSBq2bVuZW7ZyKYL,wallet|transaction|wallet,|0.01691|0.0887865,|0.01691|0.0443932,|0.881002|0.0282416
1GqyAYgsEnYeDgLp3DuKCJHUqXMMDVLmBT,2,transaction,3181,False,True,3,1GqyAYgsEnYeDgLp3DuKCJHUqXMMDVLmBT|181539847|3181,wallet|transaction|transaction,|0.017682|0.01361,|0.017682|0.00680502,|1|-0.0295336
1GrRLT3mLY3SXmtDyrpaj1QU7oqwMUyKfL,2,wallet,12PWhRytnBWeiiAqkqMmCBSP9o9LNHRvnE,False,True,3,1GrRLT3mLY3SXmtDyrpaj1QU7oqwMUyKfL|54837248|12PWhRytnBWeiiAqkqMmCBSP9o9LNHRvnE,wallet|transaction|wallet,|0.0168422|0.0889041,|0.0168422|0.0889041,|0.814797|-0.0122976
1GvW1ZVkgch7KuiqhHEAk5V8oTp5AvzCc1,2,wallet,3HkPJGQgaYnKYiAKsDHr6r2jMVDtZEHN6m,False,True,3,1GvW1ZVkgch7KuiqhHEAk5V8oTp5AvzCc1|72897869|3HkPJGQgaYnKYiAKsDHr6r2jMVDtZEHN6m,wallet|transaction|wallet,|0.0169522|0.0890241,|0.0169522|0.022256,|0.872442|-0.000294164
1GvqzQ3n4p1n4bHDi6i5wFyQKAa1cGioW7,2,wallet,1FezJ3QiCbgKj4bBLUkyHqBVZmHAehuTy4,False,True,3,1GvqzQ3n4p1n4bHDi6i5wFyQKAa1cGioW7|269103150|1FezJ3QiCbgKj4bBLUkyHqBVZmHAehuTy4,wallet|transaction|wallet,|0.0168896|0.0887859,|0.0168896|0.0887859,|0.87286|0.00833482
1Gw5TznAmFA3GzkdEZNyoEPY5KQKY8TSoB,2,wallet,39GiYKFDVet8muRVCCXZiedfpCbiwXXvfH,False,True,3,1Gw5TznAmFA3GzkdEZNyoEPY5KQKY8TSoB|331577360|39GiYKFDVet8muRVCCXZiedfpCbiwXXvfH,wallet|transaction|wallet,|0.0169008|0.0887701,|0.0169008|0.0887701,|0.896357|0.00626177
1GwNamFAE2DZCHUXWrqCgGB4mM46ynEpSS,2,wallet,3PeK3kfXJEFihTSYM3svfAzTWHvoxidL4M,False,True,3,1GwNamFAE2DZCHUXWrqCgGB4mM46ynEpSS|165065715|3PeK3kfXJEFihTSYM3svfAzTWHvoxidL4M,wallet|transaction|wallet,|0.0176532|0.0887738,|0.0176532|0.0887738,|0.997543|0.00185233
1GyM9sZcJUFA9kujfku6MQKvPxSx3JGSwW,2,wallet,34RjVG2iTbqpCnDomYYQi58wFUaM8eSN58,False,True,3,1GyM9sZcJUFA9kujfku6MQKvPxSx3JGSwW|85004968|34RjVG2iTbqpCnDomYYQi58wFUaM8eSN58,wallet|transaction|wallet,|0.0168871|0.0887818,|0.0168871|0.0887818,|0.927974|0.00691408
1H1gzfVMdwQ2w8MAYBQjY5ufZQpZU6h2LZ,2,wallet,1MLEcy4LrheHGdPtbsKtarhPnW27rZZ8Bm,False,True,3,1H1gzfVMdwQ2w8MAYBQjY5ufZQpZU6h2LZ|94371032|1MLEcy4LrheHGdPtbsKtarhPnW27rZZ8Bm,wallet|transaction|wallet,|0.0168822|0.0885847,|0.0168822|0.0442924,|0.817389|0.025972
1H1xUrVEekKvf6DY7nrtp5KxDd2pnzdaVX,2,wallet,3CGWmprZb5HAoVLNtCpwAhMzXuigP4maMF,False,True,3,1H1xUrVEekKvf6DY7nrtp5KxDd2pnzdaVX|29132574|3CGWmprZb5HAoVLNtCpwAhMzXuigP4maMF,wallet|transaction|wallet,|0.0168644|0.0889441,|0.0168644|0.022236,|0.875042|-5.83977e-05
1H3WsRKurHaJJpS4N8G1oDwKwL9YQ9obqi,2,wallet,3KCfXLrTiuiDfMW8CFuwGdZmosqeDcoBbB,False,True,3,1H3WsRKurHaJJpS4N8G1oDwKwL9YQ9obqi|272115163|3KCfXLrTiuiDfMW8CFuwGdZmosqeDcoBbB,wallet|transaction|wallet,|0.0169146|0.0887789,|0.0169146|0.0443895,|0.867009|0.000206858
1H6ypkJ1aXhecEgwM8rcb9GZjuBY4GSuWJ,2,wallet,14tNuPzkjGwpFRN2oNBZDKXa4VBE1CrZwc,False,True,3,1H6ypkJ1aXhecEgwM8rcb9GZjuBY4GSuWJ|14063348|14tNuPzkjGwpFRN2oNBZDKXa4VBE1CrZwc,wallet|transaction|wallet,|0.0168734|0.0884445,|0.0168734|0.0884445,|0.901284|0.14538
1H7XDxhPd6Q1KQhBvy4v7iNybFQ2ecmm28,2,wallet,34AaaRCbM2XVKs7mRA1joiUC1K7LfjsSdR,False,True,3,1H7XDxhPd6Q1KQhBvy4v7iNybFQ2ecmm28|331536693|34AaaRCbM2XVKs7mRA1joiUC1K7LfjsSdR,wallet|transaction|wallet,|0.0169176|0.08877,|0.0169176|0.044385,|-0.00126529|0.00072065
1H8LGXv7UKSUm2MYP5qAPQnuUKu8CzAbLE,2,wallet,12DQb6j3vecpsRjNCNJBAeuEBGUW5Mdf54,False,True,3,1H8LGXv7UKSUm2MYP5qAPQnuUKu8CzAbLE|9787027|12DQb6j3vecpsRjNCNJBAeuEBGUW5Mdf54,wallet|transaction|wallet,|0.0167701|0.0891913,|0.0167701|0.0297304,|0.95216|0.0342587
1H8crEqqNhinoRgcEzUm9mDDWUzf9vciiG,2,wallet,36XCkQ8GcAU3FkbcJJt5C86CqqHKcA1XGu,False,True,3,1H8crEqqNhinoRgcEzUm9mDDWUzf9vciiG|156195659|36XCkQ8GcAU3FkbcJJt5C86CqqHKcA1XGu,wallet|transaction|wallet,|0.0168898|0.0887947,|0.0168898|0.0887947,|0.910249|0.00418764
1H91gmioi3ug8dA2ZJsyrbH4Dp1WNWSTrN,2,wallet,34gBuya6FPwX18kZgxw7FZ6WqpDc9y3h5A,False,True,3,1H91gmioi3ug8dA2ZJsyrbH4Dp1WNWSTrN|100785151|34gBuya6FPwX18kZgxw7FZ6WqpDc9y3h5A,wallet|transaction|wallet,|0.0168936|0.0887853,|0.0168936|0.0887853,|0.903311|0.0103561
1HCx3xX3Ut7v6GjMEyjj7tivTnStWA4qRV,2,wallet,335FwFN25mqT9SvZywWe89qf4EZbPxMKy1,False,True,3,1HCx3xX3Ut7v6GjMEyjj7tivTnStWA4qRV|32168716|335FwFN25mqT9SvZywWe89qf4EZbPxMKy1,wallet|transaction|wallet,|0.0164967|0.0889803,|0.0164967|0.0889803,|0.526252|0.0557106
1HG7gdWk6G1Zr5zLSjhSPzf2bRC6TyxkZE,2,wallet,3J4coHTjHjZYpvHKjUb5nKMiww2hfgjavQ,False,True,3,1HG7gdWk6G1Zr5zLSjhSPzf2bRC6TyxkZE|21701127|3J4coHTjHjZYpvHKjUb5nKMiww2hfgjavQ,wallet|transaction|wallet,|0.0168782|0.0889837,|0.0168782|0.0444919,|0.90718|-0.00066033
1HHLjNToQJwUzFWzWh4ArWzaNdE7bB3E5B,2,wallet,3Lm6Ek5GrKbzMySpwVeEXL4ZuN2kAMLc3E,False,True,3,1HHLjNToQJwUzFWzWh4ArWzaNdE7bB3E5B|215598240|3Lm6Ek5GrKbzMySpwVeEXL4ZuN2kAMLc3E,wallet|transaction|wallet,|0.0169489|0.088854,|0.0169489|0.029618,|0.892931|-7.80821e-05
1HHRGJ52hfaXLjLMB6DhS8fRiLYrN4nfbc,2,wallet,39fPdffe2i1bhS6vnjYVZbdieKekapMK5q,False,True,3,1HHRGJ52hfaXLjLMB6DhS8fRiLYrN4nfbc|332328678|39fPdffe2i1bhS6vnjYVZbdieKekapMK5q,wallet|transaction|wallet,|0.0168853|0.0887593,|0.0168853|0.0295864,|0.91144|-0.000626604
1HKMNhhxdZVT8TuqPt1JzqoadF4N9hu5L6,2,wallet,37TE9LvzjhLaXpo8D677b9UTFDNsCZ6Jff,False,True,3,1HKMNhhxdZVT8TuqPt1JzqoadF4N9hu5L6|54705516|37TE9LvzjhLaXpo8D677b9UTFDNsCZ6Jff,wallet|transaction|wallet,|0.0176666|0.0940265,|0.0176666|0.0470133,|0.991644|0.307548
1HNLxbJvJSJ2KEveGeW8SNxcyErHna8HVv,2,wallet,34Uawv8jZkHU1yJyVajSkD5QCassxaQ3K6,False,True,3,1HNLxbJvJSJ2KEveGeW8SNxcyErHna8HVv|26547856|34Uawv8jZkHU1yJyVajSkD5QCassxaQ3K6,wallet|transaction|wallet,|0.0168355|0.0889345,|0.0168355|0.0889345,|0.862478|-0.0121292
1HPRtUDkrkmWqNbLjS7P3pcx9t7ymTe57V,2,wallet,13GHRaovmKYQtPbckpnFhtPUbTLjzcwUkf,False,True,3,1HPRtUDkrkmWqNbLjS7P3pcx9t7ymTe57V|339058403|13GHRaovmKYQtPbckpnFhtPUbTLjzcwUkf,wallet|transaction|wallet,|0.0168741|0.0886513,|0.0168741|0.0886513,|0.885234|0.0190815
1HQrToTrGztTybQALWBxdiBGEQs1VLQJSW,2,wallet,1GxjZbMuy9JphVjCgY5tbxbnLGRHa3cmAJ,False,True,3,1HQrToTrGztTybQALWBxdiBGEQs1VLQJSW|85004986|1GxjZbMuy9JphVjCgY5tbxbnLGRHa3cmAJ,wallet|transaction|wallet,|0.016917|0.0888075,|0.016917|0.0444038,|0.87507|0.00335652
1HRTJvohJfEnmEw7TpH7RZwoECw5eqZDmf,2,wallet,3LRVntjrG3WeNKNBjA31GkM3MshSaX7uBo,False,True,3,1HRTJvohJfEnmEw7TpH7RZwoECw5eqZDmf|10174843|3LRVntjrG3WeNKNBjA31GkM3MshSaX7uBo,wallet|transaction|wallet,|0.0169705|0.0890651,|0.0169705|0.0445326,|0.870909|-0.00888363
1HTrkiQsa7bXK6DBCat5MXGzguZDz6PGGR,2,wallet,3GE5sAjGWYUHKg6qpkweA27y7p6v7iBF25,False,True,3,1HTrkiQsa7bXK6DBCat5MXGzguZDz6PGGR|288365473|3GE5sAjGWYUHKg6qpkweA27y7p6v7iBF25,wallet|transaction|wallet,|0.0169415|0.0889869,|0.0169415|0.0296623,|0.918187|-0.00256755
1HUfF5vtMaQGVvNHob2bVBFTZ4BeHQHC2X,2,wallet,3Foo6vYbmdQz2rgzWiMNWQpXDtA3snp3XN,False,True,3,1HUfF5vtMaQGVvNHob2bVBFTZ4BeHQHC2X|331496930|3Foo6vYbmdQz2rgzWiMNWQpXDtA3snp3XN,wallet|transaction|wallet,|0.0168847|0.0887973,|0.0168847|0.0443986,|0.900633|0.0345902
1HXx98CgxHuYV5Ss7cJwMrZ3dBvJjjmSUZ,2,wallet,1GthNjA2WtnpTxyDhjSUqeDvuPQ4RzzkCJ,False,True,3,1HXx98CgxHuYV5Ss7cJwMrZ3dBvJjjmSUZ|85005014|1GthNjA2WtnpTxyDhjSUqeDvuPQ4RzzkCJ,wallet|transaction|wallet,|0.0168953|0.0888015,|0.0168953|0.0888015,|0.845024|0.108955
1HYBbz3KZLCimD7SLra9UeA5TqwkPXm5zX,2,wallet,18gCXMaCH2MLdWm8wXq9ucCEyc3kKaNCpt,False,True,3,1HYBbz3KZLCimD7SLra9UeA5TqwkPXm5zX|84321107|18gCXMaCH2MLdWm8wXq9ucCEyc3kKaNCpt,wallet|transaction|wallet,|0.0168839|0.0888016,|0.00562797|0.0888016,|0.263905|0.000214994
1HdGNQBhK2RLZahDVvyQeXXPVoCkRfk7jb,2,wallet,3CGWmprZb5HAoVLNtCpwAhMzXuigP4maMF,False,True,3,1HdGNQBhK2RLZahDVvyQeXXPVoCkRfk7jb|29132574|3CGWmprZb5HAoVLNtCpwAhMzXuigP4maMF,wallet|transaction|wallet,|0.0168644|0.0889441,|0.0168644|0.022236,|0.875058|-5.85616e-05
1HdU2dK3ed5Frk6wKQSiGRt5MUjayytsDA,2,wallet,3A6JRz4aaf2bMKJrcBkBLxHe9QmWKZEjzu,False,True,3,1HdU2dK3ed5Frk6wKQSiGRt5MUjayytsDA|321252663|3A6JRz4aaf2bMKJrcBkBLxHe9QmWKZEjzu,wallet|transaction|wallet,|0.0169084|0.0887687,|0.0169084|0.0887687,|0.927373|0.00418675
1Hf6VoZ4sEb4Ghg7ymRRTfMqhU8PPFpcPA,2,wallet,1LWtYBde4L6kNqQozP84vNjGmriG2wA9Ly,False,True,3,1Hf6VoZ4sEb4Ghg7ymRRTfMqhU8PPFpcPA|298720673|1LWtYBde4L6kNqQozP84vNjGmriG2wA9Ly,wallet|transaction|wallet,|0.0168877|0.0887493,|0.0168877|0.0887493,|0.965339|0.0111026
1Hg2jxoQ3UjLGqHDnJUbg3NrX7g9zdYiy5,2,wallet,1Jn95GnmCREqMLPCkAQGb7wrqfEXC1BrXq,False,True,3,1Hg2jxoQ3UjLGqHDnJUbg3NrX7g9zdYiy5|269235423|1Jn95GnmCREqMLPCkAQGb7wrqfEXC1BrXq,wallet|transaction|wallet,|0.0168843|0.0887839,|0.0168843|0.0887839,|0.869308|0.0169314
1Hgc7mpsZhWhcugd1scZAouewJCNy9kuzj,2,wallet,3E2UTxF4UWnFEALt7vkw8HjqrADcxdQxVs,False,True,3,1Hgc7mpsZhWhcugd1scZAouewJCNy9kuzj|36909940|3E2UTxF4UWnFEALt7vkw8HjqrADcxdQxVs,wallet|transaction|wallet,|0.0168791|0.0889452,|0.0168791|0.0889452,|0.970911|0.000680208
1Hi1Nrpr3RU5VNAVGGgDaKan83MpxjW7mf,2,wallet,3Bpbev1NCGA2yJBao8yVzNYFe7boER3b4F,False,True,3,1Hi1Nrpr3RU5VNAVGGgDaKan83MpxjW7mf|332329138|3Bpbev1NCGA2yJBao8yVzNYFe7boER3b4F,wallet|transaction|wallet,|0.0168974|0.088769,|0.0168974|0.088769,|0.902052|0.00680256
1HkPZgKWa2UGfFPdTdjg863uuaQb5pNHwL,2,wallet,1JBJUQBTenTmrbHGPsPem1doB4sM8YHFZR,False,True,3,1HkPZgKWa2UGfFPdTdjg863uuaQb5pNHwL|194011547|1JBJUQBTenTmrbHGPsPem1doB4sM8YHFZR,wallet|transaction|wallet,|0.0168355|0.089048,|0.0168355|0.089048,|0.828688|-0.00870955
1HnukDfom7xENHs1UhE2ekfbrYp3n8DqZf,2,wallet,1GoivCApbLDVui86c5dpm7mSv1HY8ciwwB,False,True,3,1HnukDfom7xENHs1UhE2ekfbrYp3n8DqZf|92628688|1GoivCApbLDVui86c5dpm7mSv1HY8ciwwB,wallet|transaction|wallet,|0.0168464|0.088878,|0.0168464|0.088878,|0.852609|0.00362718
1Ho6LFvnAk2X7g3bE1fu6QFzer7iTncEB6,2,wallet,38mc2Y3NsKHbAxwFXeandNSnwBXnjDnHj3,False,True,3,1Ho6LFvnAk2X7g3bE1fu6QFzer7iTncEB6|86143479|38mc2Y3NsKHbAxwFXeandNSnwBXnjDnHj3,wallet|transaction|wallet,|0.0168433|0.0890162,|0.0168433|0.0445081,|0.904093|-0.00068447
1Hqy6vCcpThHuHvNsFM86Tqg4zUJiZuhgV,2,wallet,3Lta3AzDmJzT42t2xt87kERao6DBQQDcuZ,False,True,3,1Hqy6vCcpThHuHvNsFM86Tqg4zUJiZuhgV|105588432|3Lta3AzDmJzT42t2xt87kERao6DBQQDcuZ,wallet|transaction|wallet,|0.0168553|0.0890314,|0.0168553|0.0890314,|0.908292|-0.0112016
1HrVadBipcfHqpKFAoJUvusAFh4VBJmjmq,2,wallet,3PJcfc7qxr8ip2S3BnRg8iytAZ3mbJMv3j,False,True,3,1HrVadBipcfHqpKFAoJUvusAFh4VBJmjmq|105889570|3PJcfc7qxr8ip2S3BnRg8iytAZ3mbJMv3j,wallet|transaction|wallet,|0.0168523|0.0938696,|0.0168523|0.0117337,|0.814736|-0.000577591
1Hs2633aTSKycuuaXsa5LLYYcBGeqW7k9d,2,wallet,3G5rhEd3cZBsWbv4wyzqMjkJG1vUsKmWPm,False,True,3,1Hs2633aTSKycuuaXsa5LLYYcBGeqW7k9d|85005009|3G5rhEd3cZBsWbv4wyzqMjkJG1vUsKmWPm,wallet|transaction|wallet,|0.0169759|0.0888114,|0.0169759|0.0444057,|0.837108|0.0520433
1Hsb3THwNED2auaqvBwXqBceGA5XPYMdgu,2,wallet,3LRVntjrG3WeNKNBjA31GkM3MshSaX7uBo,False,True,3,1Hsb3THwNED2auaqvBwXqBceGA5XPYMdgu|10174843|3LRVntjrG3WeNKNBjA31GkM3MshSaX7uBo,wallet|transaction|wallet,|0.0169705|0.0890651,|0.0169705|0.0445326,|0.870496|-0.00903669
1Ht86srvAgQRRNYWTqoV5j1Zg8Qh6CumV8,2,wallet,1FP5MzNddgvi2HYYsPceAcupR2cT9zdSHq,False,True,3,1Ht86srvAgQRRNYWTqoV5j1Zg8Qh6CumV8|55735705|1FP5MzNddgvi2HYYsPceAcupR2cT9zdSHq,wallet|transaction|wallet,|0.0168382|0.088829,|0.0168382|0.088829,|0.592606|-0.114647
1Hvc76Gy6ypDxWrFcsSJSshxmFMuzZz9Zh,2,wallet,38X4LyzPrZ4RwXgFMfb6f8gS4eWWdyhRUQ,False,True,3,1Hvc76Gy6ypDxWrFcsSJSshxmFMuzZz9Zh|272096174|38X4LyzPrZ4RwXgFMfb6f8gS4eWWdyhRUQ,wallet|transaction|wallet,|0.0168888|0.0887718,|0.0168888|0.0221929,|0.870939|0.00859837
1Hw7y1Bntk3kc5FYUjWbbLDccHtceAQtTk,2,wallet,1K3HgKBxgpVaHLsSpchVVvQCMZs1nw4fPw,False,True,3,1Hw7y1Bntk3kc5FYUjWbbLDccHtceAQtTk|190053764|1K3HgKBxgpVaHLsSpchVVvQCMZs1nw4fPw,wallet|transaction|wallet,|0.0168437|0.0883791,|0.0168437|0.0883791,|0.861357|-0.0394685
1Hw9ReB2WmgkLaW1SiLWdXnEBFUgjMRHpu,2,wallet,12bEcq2NTVuJyt2VKnkvXHcCbRPS2aGadB,False,True,3,1Hw9ReB2WmgkLaW1SiLWdXnEBFUgjMRHpu|288593575|12bEcq2NTVuJyt2VKnkvXHcCbRPS2aGadB,wallet|transaction|wallet,|0.0168401|0.0888935,|0.0168401|0.0888935,|0.843193|-0.00212145
1HwEDAFREJaEY5V8inLTC5NQL2Vi6Seaeh,2,wallet,3C3FDMhq999oXwyK5fqp3Z6UNAiwMhC7Rn,False,True,3,1HwEDAFREJaEY5V8inLTC5NQL2Vi6Seaeh|29454726|3C3FDMhq999oXwyK5fqp3Z6UNAiwMhC7Rn,wallet|transaction|wallet,|0.0168192|0.0891714,|0.0168192|0.0445857,|0.348713|0.121515
1HxdXeCepjteiTJRKoN5wgRHgHwu7XW3Z,2,wallet,36Hx1kW7dqLw3G9eU1tffKUJaXieczSRYS,False,True,3,1HxdXeCepjteiTJRKoN5wgRHgHwu7XW3Z|288470586|36Hx1kW7dqLw3G9eU1tffKUJaXieczSRYS,wallet|transaction|wallet,|0.0168493|0.0890418,|0.0168493|0.0148403,|0.937077|-0.000428945
1HzXq32kujAqJTdZvVWXgtwxT3YRnmDZJ9,2,wallet,34LAm2uHLdPFn6SBupKWVLrbYPYyRMtcFk,False,True,3,1HzXq32kujAqJTdZvVWXgtwxT3YRnmDZJ9|272124913|34LAm2uHLdPFn6SBupKWVLrbYPYyRMtcFk,wallet|transaction|wallet,|0.0168648|0.0887685,|0.0168648|0.0887685,|0.860811|0.0865397
1J17cxHSxZGGDKthmRbqGMmV3kmXJKQneZ,2,wallet,35KurQjk7Asa4go4tGMdS9f3PnkixjFx5v,False,True,3,1J17cxHSxZGGDKthmRbqGMmV3kmXJKQneZ|247774814|35KurQjk7Asa4go4tGMdS9f3PnkixjFx5v,wallet|transaction|wallet,|0.0169739|0.0889577,|0.0169739|0.0222394,|0.861643|-0.000715584
1J63FGhqbC8PxHjEnePRWjmJKrr7VGtr3J,2,wallet,324rXHYR9SqmnaVQdwKBJHdgBG6Gsg83Ew,False,True,3,1J63FGhqbC8PxHjEnePRWjmJKrr7VGtr3J|16729638|324rXHYR9SqmnaVQdwKBJHdgBG6Gsg83Ew,wallet|transaction|wallet,|0.0169196|0.0892134,|0.0169196|0.0892134,|0.98162|0.00064677
1J7DwXCNZnhJn1HGmdP2ogQcGjqzFRzEz4,2,wallet,3Ph3KCPor7V29UUEuyTMBZU339wQFBeqVt,False,True,3,1J7DwXCNZnhJn1HGmdP2ogQcGjqzFRzEz4|15689800|3Ph3KCPor7V29UUEuyTMBZU339wQFBeqVt,wallet|transaction|wallet,|0.0176778|0.0889474,|0.0176778|0.0889474,|0.939832|0.00179482
1J87a8pTvt26H9V4nRGDV2yMZQZKJJ87n2,2,wallet,1CNip7Z7shjERZ7K845TdgDMtfq65oNfmb,False,True,3,1J87a8pTvt26H9V4nRGDV2yMZQZKJJ87n2|154119083|1CNip7Z7shjERZ7K845TdgDMtfq65oNfmb,wallet|transaction|wallet,|0.0168739|0.0888312,|0.0168739|0.0888312,|0.947407|0.00760329
1JCRM3o11HL8nMYoryXsPJMGattUpVuEtm,2,wallet,3AypQiPJor61AGJRy3xDE3AoW1jCxm52RA,False,True,3,1JCRM3o11HL8nMYoryXsPJMGattUpVuEtm|1061125|3AypQiPJor61AGJRy3xDE3AoW1jCxm52RA,wallet|transaction|wallet,|0.0169039|0.0891501,|0.0169039|0.0127357,|0.88922|-0.000355584
1JCvUNvDknKrWAYKrNDzwpAzk8w9zrCKn5,2,wallet,17ZddYm2WLxVpE4sJ8MX1tN4ZsUbBjidps,False,True,3,1JCvUNvDknKrWAYKrNDzwpAzk8w9zrCKn5|30179325|17ZddYm2WLxVpE4sJ8MX1tN4ZsUbBjidps,wallet|transaction|wallet,|0.0168393|0.0889226,|0.0168393|0.0889226,|0.850874|-0.00135297
1JFsAabKxaic25zMPQQHh8g3w8FeadMceY,2,wallet,1JbdmFQ1Ay4WHnGPdGq8K1yTdGLvzhem7r,False,True,3,1JFsAabKxaic25zMPQQHh8g3w8FeadMceY|100075666|1JbdmFQ1Ay4WHnGPdGq8K1yTdGLvzhem7r,wallet|transaction|wallet,|0.0168822|0.0887433,|0.0168822|0.0887433,|0.878981|0.0208265
1JHKnvWMEAFkLBY257k95uybpzb24fMFDs,2,wallet,37c83PnGn1sYMcXF8dwE6uo8w7cJnTE5Gj,False,True,3,1JHKnvWMEAFkLBY257k95uybpzb24fMFDs|99677418|37c83PnGn1sYMcXF8dwE6uo8w7cJnTE5Gj,wallet|transaction|wallet,|0.0169085|0.0887383,|0.0169085|0.00985981,|0.00010705|-4.80811e-06
1JLScAzTrra9oZtc4WeJCB8iBmrpCrHGyv,2,wallet,38mTPpcMGdrHUqSM56ZDidaDZzvNs6LPoC,False,True,3,1JLScAzTrra9oZtc4WeJCB8iBmrpCrHGyv|85005017|38mTPpcMGdrHUqSM56ZDidaDZzvNs6LPoC,wallet|transaction|wallet,|0.0169717|0.0888091,|0.0169717|0.029603,|0.892852|0.0131624
1JMRTXKPw84S6XfYyiTgapYZSjmUyKeXpn,2,wallet,1QBHzsZSRLf1qrpxYpwTugxVD3663yeMXM,False,True,3,1JMRTXKPw84S6XfYyiTgapYZSjmUyKeXpn|30179448|1QBHzsZSRLf1qrpxYpwTugxVD3663yeMXM,wallet|transaction|wallet,|0.0168393|0.0889225,|0.0168393|0.0889225,|0.850865|-0.00135201
1JQAcChp1XPCHW4Qf5WvKPVM5vADTG39HV,2,wallet,3AexPXmrWQTg1jQpmDDUgwwH7YXDi9yBwh,False,True,3,1JQAcChp1XPCHW4Qf5WvKPVM5vADTG39HV|179193468|3AexPXmrWQTg1jQpmDDUgwwH7YXDi9yBwh,wallet|transaction|wallet,|0.0169097|0.0888047,|0.0169097|0.0177609,|0.929754|0.000652599
1JRTqsjz6wcCM5WC8nztNNuxYivqrvJLsh,2,wallet,1PFTCySm1M1cWspz5EMUJz8BfC9TtTFJkW,False,True,3,1JRTqsjz6wcCM5WC8nztNNuxYivqrvJLsh|199939493|1PFTCySm1M1cWspz5EMUJz8BfC9TtTFJkW,wallet|transaction|wallet,|0.0168554|0.0889235,|0.0168554|0.0889235,|0.863397|-0.00354546
1JS24WQoCMPvscAw7fp5gwJgrq2wyxDTL,2,wallet,1QEYacH6uRFsq6GFSvYfVaK8vzg5FzCEAs,False,True,3,1JS24WQoCMPvscAw7fp5gwJgrq2wyxDTL|243780853|1QEYacH6uRFsq6GFSvYfVaK8vzg5FzCEAs,wallet|transaction|wallet,|0.0168816|0.0886767,|0.0168816|0.0886767,|0.887672|0.0540773
1JSF7nwRksTkmWHR7J5JEReyeaMX8YXFDY,2,wallet,177phvdYJKRMYYjXcXLvxUjJ4UWAs7QKyX,False,True,3,1JSF7nwRksTkmWHR7J5JEReyeaMX8YXFDY|268819379|177phvdYJKRMYYjXcXLvxUjJ4UWAs7QKyX,wallet|transaction|wallet,|0.0168692|0.088787,|0.0168692|0.088787,|0.874745|0.00854677
1JUGGE3M9DSXJkAzZRb9cKoCemdZtqh8WL,2,wallet,1NL8ag76hUxkUxQDThezdw1Cy7jQ72WmN9,False,True,3,1JUGGE3M9DSXJkAzZRb9cKoCemdZtqh8WL|57056468|1NL8ag76hUxkUxQDThezdw1Cy7jQ72WmN9,wallet|transaction|wallet,|0.0168512|0.088693,|0.0168512|0.088693,|0.93309|0.00139511
1JUtUpMu16tE83ANXMVQKHpAbmBch7xxQo,2,wallet,3Jx4EYtiJcMd4DLcyQNsgQ3JK2enXvjree,False,True,3,1JUtUpMu16tE83ANXMVQKHpAbmBch7xxQo|99676405|3Jx4EYtiJcMd4DLcyQNsgQ3JK2enXvjree,wallet|transaction|wallet,|0.0169853|0.0887392,|0.0169853|0.0177478,|0.877907|0.00450252
1JXNd9soXTEziusmghQ1qcZ2YHmX2KUd3J,2,wallet,3MLQ7vy59DBF7zf8rcFiJPWddABL7RFg8g,False,True,3,1JXNd9soXTEziusmghQ1qcZ2YHmX2KUd3J|312228916|3MLQ7vy59DBF7zf8rcFiJPWddABL7RFg8g,wallet|transaction|wallet,|0.0169063|0.0887576,|0.0169063|0.0887576,|0.921954|0.0033195
1JYWEioQN2UEqD15LGYHysuBKgtaofUBz,2,wallet,3FYeoyDA5CqRxUsnWE1unLLZSKFuCspJHU,False,True,3,1JYWEioQN2UEqD15LGYHysuBKgtaofUBz|355009904|3FYeoyDA5CqRxUsnWE1unLLZSKFuCspJHU,wallet|transaction|wallet,|0.0168402|0.0888764,|0.0168402|0.0296255,|0.879003|0.000161946
1JeNoyWMpBUUCygy1vJS1HYE7QbVrjAz8r,2,wallet,1P6DBF5gimSGfxdkpdzSN3tGNkFJFHbw2e,False,True,3,1JeNoyWMpBUUCygy1vJS1HYE7QbVrjAz8r|269006934|1P6DBF5gimSGfxdkpdzSN3tGNkFJFHbw2e,wallet|transaction|wallet,|0.0170308|0.0952902,|0.0170308|0.0952902,|-0.0112458|0.0664026
1Jf3YMfBJMX4qakMpeEvVht4WVHJfgwuCs,2,wallet,339m3ckZZyYpCseTxCyZzM9SekgXARLmQ6,False,True,3,1Jf3YMfBJMX4qakMpeEvVht4WVHJfgwuCs|272501598|339m3ckZZyYpCseTxCyZzM9SekgXARLmQ6,wallet|transaction|wallet,|0.0168986|0.0887786,|0.0168986|0.0887786,|0.89391|0.00785917
1Jg2CV3VaXMa6y8p5BJ2vFcw8e1arJWtQ1,2,wallet,1E6VdpXWTXjrbtVrMvjx4MUvhQTtVg74eM,False,True,3,1Jg2CV3VaXMa6y8p5BJ2vFcw8e1arJWtQ1|100075056|1E6VdpXWTXjrbtVrMvjx4MUvhQTtVg74eM,wallet|transaction|wallet,|0.0158004|0.095292,|0.0158004|0.095292,|-0.00559473|0.0225969
1Jhup3PUxjyaxgMdA1TDgUQk13dnCJSPZb,2,wallet,1FD1kosBC3f1kvcGHRubQ5RUXK3LGFyfFT,False,True,3,1Jhup3PUxjyaxgMdA1TDgUQk13dnCJSPZb|268805558|1FD1kosBC3f1kvcGHRubQ5RUXK3LGFyfFT,wallet|transaction|wallet,|0.0168733|0.0887881,|0.0168733|0.0887881,|0.875055|0.00801009
1JjBxfD4Dxh4BfcZo9ZqnhVzpiyYb9RLmx,2,wallet,1NxhMey3TgEr6queHbNxoxEhzhr9DHWA9x,False,True,3,1JjBxfD4Dxh4BfcZo9ZqnhVzpiyYb9RLmx|355111003|1NxhMey3TgEr6queHbNxoxEhzhr9DHWA9x,wallet|transaction|wallet,|0.0168474|0.0888643,|0.0168474|0.0888643,|0.854193|0.00705659
1JjoDCyUchLVJkaFxYYBztQNtx4hnFf6uG,2,wallet,1Ft2YCXjcHfdespi33PqznDe7BwQpqBNNd,False,True,3,1JjoDCyUchLVJkaFxYYBztQNtx4hnFf6uG|331612443|1Ft2YCXjcHfdespi33PqznDe7BwQpqBNNd,wallet|transaction|wallet,|0.0168758|0.0887633,|0.0168758|0.0887633,|0.87454|0.0162897
1Jm4xGwTyDatYgB6jGfPTSYrq2KjWXqLCP,2,wallet,39JX8i5399diyzXaP1oSBq2bVuZW7ZyKYL,False,True,3,1Jm4xGwTyDatYgB6jGfPTSYrq2KjWXqLCP|272175846|39JX8i5399diyzXaP1oSBq2bVuZW7ZyKYL,wallet|transaction|wallet,|0.01691|0.0887865,|0.01691|0.0443932,|0.880036|0.0293165
1JnBBHa2N1kXHnd72Ukr3wNRVfbptAhQ2N,2,wallet,18CdaZ5V9cqTdaPHLPer7yKusewBzGJ1LA,False,True,3,1JnBBHa2N1kXHnd72Ukr3wNRVfbptAhQ2N|378066641|18CdaZ5V9cqTdaPHLPer7yKusewBzGJ1LA,wallet|transaction|wallet,|0.0169021|0.0886831,|0.000994241|0.0886831,|-3.47109e-07|5.6386e-05
1JndmiNgmTMp8F9uz5Mg6iqv5YJRKLGCJJ,2,wallet,36RAtSFnQTgNbRfeJH3kowpJtDgxVdyE5P,False,True,3,1JndmiNgmTMp8F9uz5Mg6iqv5YJRKLGCJJ|85004975|36RAtSFnQTgNbRfeJH3kowpJtDgxVdyE5P,wallet|transaction|wallet,|0.0169057|0.0888218,|0.0169057|0.0222054,|0.896745|0.00626838
1JqHtiDHSUxqUMRvjCqVx2rtdjy1gqfsNS,2,wallet,1JqxTVMJPoB5brjbekjX3sqVBagz6PM928,False,True,3,1JqHtiDHSUxqUMRvjCqVx2rtdjy1gqfsNS|272494830|1JqxTVMJPoB5brjbekjX3sqVBagz6PM928,wallet|transaction|wallet,|0.0168727|0.0887765,|0.0168727|0.0887765,|0.876392|0.015842
1JtoJGdwi1agP3TFeL5JnVkTs8C1KY7KYu,2,wallet,37vy4kn1eMvtmUJ4LX4ihPqY1ZsqYcom2X,False,True,3,1JtoJGdwi1agP3TFeL5JnVkTs8C1KY7KYu|268849739|37vy4kn1eMvtmUJ4LX4ihPqY1ZsqYcom2X,wallet|transaction|wallet,|0.0168892|0.088796,|0.0168892|0.044398,|0.905266|0.004807
1Jykszpp2f7brc8mBBgZKH5iTVSAUt5Mnw,2,wallet,38iUqLcg3ask7kc59Th4jYm1RTJmjq9VND,False,True,3,1Jykszpp2f7brc8mBBgZKH5iTVSAUt5Mnw|285935806|38iUqLcg3ask7kc59Th4jYm1RTJmjq9VND,wallet|transaction|wallet,|0.0176816|0.0939389,|0.0176816|0.0939389,|0.982154|0.106786
1K11CEkKtzWGotJiUhZ3Xu7pGgextrfpME,2,wallet,1A4Gncot85PAbpew8qdPFrLYvhvCoSpiVF,False,True,3,1K11CEkKtzWGotJiUhZ3Xu7pGgextrfpME|86934066|1A4Gncot85PAbpew8qdPFrLYvhvCoSpiVF,wallet|transaction|wallet,|0.0168696|0.088788,|0.0168696|0.088788,|0.875153|0.00719035
1K1Svm5ZAU4XiXHdDZwy2Cxbn6FsQ2npV2,2,wallet,34UQR1ekK3xM4LQQLpw85usgnqGSLsgC6P,False,True,3,1K1Svm5ZAU4XiXHdDZwy2Cxbn6FsQ2npV2|36965025|34UQR1ekK3xM4LQQLpw85usgnqGSLsgC6P,wallet|transaction|wallet,|0.0168902|0.0890448,|0.0168902|0.0445224,|0.901311|-0.00117531
1K1rfuXK5FJjc2aH4g9mPDXHYpsE1ZL8Qo,2,wallet,1K6m8Y64QhDQspXch8QRzXUq5SJN35XmRz,False,True,3,1K1rfuXK5FJjc2aH4g9mPDXHYpsE1ZL8Qo|268893786|1K6m8Y64QhDQspXch8QRzXUq5SJN35XmRz,wallet|transaction|wallet,|0.0166907|0.0887812,|0.0166907|0.0295937,|0.971066|0.000656505
1K2JYcmxHVhvNJdXXZqHHtM941Xz6m6EcE,2,wallet,38xVRmZzgkrHzhSGfAneNyer8dp48HsfCM,False,True,3,1K2JYcmxHVhvNJdXXZqHHtM941Xz6m6EcE|205633185|38xVRmZzgkrHzhSGfAneNyer8dp48HsfCM,wallet|transaction|wallet,|0.0168679|0.0889961,|0.0168679|0.0127137,|0.900995|0.000135234
1K3QXCtqD3mQCB3xk6Myy5e5MdnWQ7zHbt,2,wallet,3AZikDQDERVMeidx8i6sfcPmPdWSFLYgq8,False,True,3,1K3QXCtqD3mQCB3xk6Myy5e5MdnWQ7zHbt|100075242|3AZikDQDERVMeidx8i6sfcPmPdWSFLYgq8,wallet|transaction|wallet,|0.0168853|0.088744,|0.0168853|0.088744,|0.88132|0.0231189
1K3iK5DjeEzseBRiPnGpK15Nm2MMdi3MVe,2,wallet,3AexPXmrWQTg1jQpmDDUgwwH7YXDi9yBwh,False,True,3,1K3iK5DjeEzseBRiPnGpK15Nm2MMdi3MVe|179193468|3AexPXmrWQTg1jQpmDDUgwwH7YXDi9yBwh,wallet|transaction|wallet,|0.0169097|0.0888047,|0.0169097|0.0177609,|0.929754|0.000652599
1K7XKM3KGbNrPEPeHqYXTQMVMDJgsEfCjF,2,wallet,38iUqLcg3ask7kc59Th4jYm1RTJmjq9VND,False,True,3,1K7XKM3KGbNrPEPeHqYXTQMVMDJgsEfCjF|285935806|38iUqLcg3ask7kc59Th4jYm1RTJmjq9VND,wallet|transaction|wallet,|0.0176816|0.0939389,|0.0176816|0.0939389,|0.9821|0.107182
1K9NwGYFuL5tukdkUPSfvuC94vvMrF2dC6,2,wallet,3JHv4H3k8f73ERGX3ux5oJG3srDBhhMKhB,False,True,3,1K9NwGYFuL5tukdkUPSfvuC94vvMrF2dC6|25563902|3JHv4H3k8f73ERGX3ux5oJG3srDBhhMKhB,wallet|transaction|wallet,|0.0168659|0.0888162,|0.0168659|0.0888162,|0.939809|-0.00205141
1KHLzzvLKeggDGxJAsonKkbbMNfLVTPzMg,2,wallet,354HZoR9wdQoaMjMFs3Mzh5GJ7foVv6Eb3,False,True,3,1KHLzzvLKeggDGxJAsonKkbbMNfLVTPzMg|158310646|354HZoR9wdQoaMjMFs3Mzh5GJ7foVv6Eb3,wallet|transaction|wallet,|0.0168772|0.0890882,|0.00843862|0.0222721,|0.0084815|-0.000379294
1KNfVd1hzxUsrhVXtvxWUS8ME6wrdEq1Ce,2,wallet,3Hbx2v1YH7UMALXeNgrcAyadQFQd19D57G,False,True,3,1KNfVd1hzxUsrhVXtvxWUS8ME6wrdEq1Ce|313613074|3Hbx2v1YH7UMALXeNgrcAyadQFQd19D57G,wallet|transaction|wallet,|0.0169432|0.0887794,|0.0169432|0.0177559,|0.90238|0.000720859
1KPeAtNTaJLCwFkrdAjo6JETUBz4SsG5sK,2,wallet,354nJAzZaw3CGbqNtNEPPh7w9WZvCgxark,False,True,3,1KPeAtNTaJLCwFkrdAjo6JETUBz4SsG5sK|268861287|354nJAzZaw3CGbqNtNEPPh7w9WZvCgxark,wallet|transaction|wallet,|0.0168941|0.0887967,|0.0168941|0.0887967,|0.917303|0.00273126
1KQZqCkbHgXD2V3CtUSqaeyRMNz6pW8HWd,2,wallet,32b53Lq7oxvaRYNCtBWS5Qjr5DY71CbQe7,False,True,3,1KQZqCkbHgXD2V3CtUSqaeyRMNz6pW8HWd|10174881|32b53Lq7oxvaRYNCtBWS5Qjr5DY71CbQe7,wallet|transaction|wallet,|0.0169116|0.0890489,|0.0169116|0.0890489,|0.973254|0.00125527
1KRSaQ6zYkpHQ77iAJmbZ7E28ef6nZh3hu,2,wallet,3JMq398rmxdcKA1w7euF2PHz826csEZNTE,False,True,3,1KRSaQ6zYkpHQ77iAJmbZ7E28ef6nZh3hu|69439512|3JMq398rmxdcKA1w7euF2PHz826csEZNTE,wallet|transaction|wallet,|0.0168939|0.0888042,|0.0168939|0.0888042,|0.928917|0.00293517
1KTEGmBYLgMo4tYcHy3fMvCFFmmSFcabY2,2,wallet,36cPsqbZDQ6Lcf4G1g639RwwMGdoj3guMk,False,True,3,1KTEGmBYLgMo4tYcHy3fMvCFFmmSFcabY2|92108353|36cPsqbZDQ6Lcf4G1g639RwwMGdoj3guMk,wallet|transaction|wallet,|0.0169616|0.0889107,|0.0169616|0.0444553,|0.8778|-0.00333473
1KUc1KApU1c47iRxXirWeJ48814mr5Gjim,2,wallet,31uhUhpR6mkWJL3QNYxavcAQPHUxFv46aq,False,True,3,1KUc1KApU1c47iRxXirWeJ48814mr5Gjim|11320206|31uhUhpR6mkWJL3QNYxavcAQPHUxFv46aq,wallet|transaction|wallet,|0.0169629|0.089019,|0.0169629|0.0445095,|0.905682|0.00391653
1KUcoGYuz2W1TEWypH5Cv6yYCmYBJ6VG5q,2,wallet,3BwV7AoyFk5z3DzNC5UWkpdcFSQJhh6Bj4,False,True,3,1KUcoGYuz2W1TEWypH5Cv6yYCmYBJ6VG5q|99932520|3BwV7AoyFk5z3DzNC5UWkpdcFSQJhh6Bj4,wallet|transaction|wallet,|0.0168972|0.0887459,|0.0168972|0.0887459,|0.91723|0.0153878
1KWuCT3C79Up5fWALKZy4zptAZvaR2SQg4,2,wallet,1Gjt3wkSsP9svuQTg92vgxXfqeDuvjFJuv,False,True,3,1KWuCT3C79Up5fWALKZy4zptAZvaR2SQg4|238506100|1Gjt3wkSsP9svuQTg92vgxXfqeDuvjFJuv,wallet|transaction|wallet,|0.0169577|0.0885922,|0.0169577|0.0885922,|0.960815|0.0137099
1KYJqRKJEoczrCrbwEqsiAtJPhNR1E8mJh,2,wallet,3KtVfL1AEaswd9nmBJvDNPaD5f24dXbS3W,False,True,3,1KYJqRKJEoczrCrbwEqsiAtJPhNR1E8mJh|84372506|3KtVfL1AEaswd9nmBJvDNPaD5f24dXbS3W,wallet|transaction|wallet,|0.0169023|0.0888133,|0.0169023|0.0296044,|0.908519|8.88507e-05
1Kb3emT8GHnwyBMirdKQqVAmLYXqftNXzP,2,wallet,36KjeQHUrDsFkFkWjUesTo8J8LPwc839aQ,False,True,3,1Kb3emT8GHnwyBMirdKQqVAmLYXqftNXzP|130377005|36KjeQHUrDsFkFkWjUesTo8J8LPwc839aQ,wallet|transaction|wallet,|0.0169092|0.0887954,|0.0169092|0.0443977,|0.920847|0.00121114
1Kc9zfY9GnpU27gFpS5rXFPQkyWirLz67e,2,wallet,1BBeyUXK9rXtH6k75KomSUem6wjRcgBhRw,False,True,3,1Kc9zfY9GnpU27gFpS5rXFPQkyWirLz67e|167790063|1BBeyUXK9rXtH6k75KomSUem6wjRcgBhRw,wallet|transaction|wallet,|0.0168843|0.0952462,|0.0168843|0.0952462,|-0.0319731|0.0369965
1KfUphuuQAqKhpJU3qQrdJ5hJJQKrsFNBg,2,wallet,35k7uBbWca1m3Hc97L4vtPBaD2p2779Ese,False,True,3,1KfUphuuQAqKhpJU3qQrdJ5hJJQKrsFNBg|331577177|35k7uBbWca1m3Hc97L4vtPBaD2p2779Ese,wallet|transaction|wallet,|0.0168869|0.0887697,|0.0168869|0.0887697,|0.897359|0.0151104
1KfYbeki5YtJpdu6da57h8SGk8QAsihqiz,2,wallet,3HkPJGQgaYnKYiAKsDHr6r2jMVDtZEHN6m,False,True,3,1KfYbeki5YtJpdu6da57h8SGk8QAsihqiz|72897869|3HkPJGQgaYnKYiAKsDHr6r2jMVDtZEHN6m,wallet|transaction|wallet,|0.0169522|0.0890241,|0.0169522|0.022256,|0.872319|-0.000293449
1KhMbFKVmdarNN3cKrbwcNnjHyso5Zh2Cc,2,wallet,3NH7yLEGEAkZrhfskw19PXJmFCLtrnNxGd,False,True,3,1KhMbFKVmdarNN3cKrbwcNnjHyso5Zh2Cc|175143452|3NH7yLEGEAkZrhfskw19PXJmFCLtrnNxGd,wallet|transaction|wallet,|0.01684|0.0886018,|0.01684|0.0886018,|0.515952|-0.393457
1KhMmhhRB5hPS9fFMsgrr5mFmzZeuycET9,2,wallet,3Hbx2v1YH7UMALXeNgrcAyadQFQd19D57G,False,True,3,1KhMmhhRB5hPS9fFMsgrr5mFmzZeuycET9|313613074|3Hbx2v1YH7UMALXeNgrcAyadQFQd19D57G,wallet|transaction|wallet,|0.0169432|0.0887794,|0.0169432|0.0177559,|0.90238|0.000720859
1KiLzLU1AyP62i9ApdZatfoda1TR5BZJf5,2,wallet,1PY4hyLrBYai2YzmsTNzPSSYEda76Q2ym1,False,True,3,1KiLzLU1AyP62i9ApdZatfoda1TR5BZJf5|84512590|1PY4hyLrBYai2YzmsTNzPSSYEda76Q2ym1,wallet|transaction|wallet,|0.0168899|0.0887985,|0.0168899|0.0887985,|0.871316|0.022936
1KjrqiJcQiDHzSPhX3an4BD4pVcHbcbAjK,2,wallet,1HD5Mz5EutsTF2bBKQiZPd4Ho5BWJvgsDM,False,True,3,1KjrqiJcQiDHzSPhX3an4BD4pVcHbcbAjK|30179334|1HD5Mz5EutsTF2bBKQiZPd4Ho5BWJvgsDM,wallet|transaction|wallet,|0.0168393|0.0889224,|0.0168393|0.0889224,|0.850937|-0.00135046
1Ko1ktxYRqwJNXzDcRKLq1BPUmwgBNjoNL,2,wallet,38Jt9Bb2sUX9zCKqAzbEborD3N1LiL6JKJ,False,True,3,1Ko1ktxYRqwJNXzDcRKLq1BPUmwgBNjoNL|74699742|38Jt9Bb2sUX9zCKqAzbEborD3N1LiL6JKJ,wallet|transaction|wallet,|0.0169677|0.0890347,|0.0169677|0.0445173,|0.902011|0.00113729
1Kp9bSWQFSkopuc2fcpZMnwzGj4kRotaGQ,2,wallet,35PVtsUn94Ho8J1uitwPJ5tpiNUZjF5ebT,False,True,3,1Kp9bSWQFSkopuc2fcpZMnwzGj4kRotaGQ|43840946|35PVtsUn94Ho8J1uitwPJ5tpiNUZjF5ebT,wallet|transaction|wallet,|0.0169029|0.0890298,|0.0169029|0.0296766,|0.881523|0.000216285
1KqtBNpjJdk9QzyqyfPaXdiGg93mewmnzL,2,wallet,37GG8q1Jgx5MCGW6YZpXE6NHhekxJi97L1,False,True,3,1KqtBNpjJdk9QzyqyfPaXdiGg93mewmnzL|311254062|37GG8q1Jgx5MCGW6YZpXE6NHhekxJi97L1,wallet|transaction|wallet,|0.0169212|0.0887788,|0.00846058|0.0295929,|0.00677705|0.000109573
1KtJwR52ZAvK476XBFR4157r1nyXBMBPjn,2,wallet,36Hx1kW7dqLw3G9eU1tffKUJaXieczSRYS,False,True,3,1KtJwR52ZAvK476XBFR4157r1nyXBMBPjn|288470586|36Hx1kW7dqLw3G9eU1tffKUJaXieczSRYS,wallet|transaction|wallet,|0.0168493|0.0890418,|0.0168493|0.0148403,|0.934972|-0.000590473
1KwCyk24jvWJT7oo9p9ktHGAY9wZwRMdQs,2,wallet,3Bpbev1NCGA2yJBao8yVzNYFe7boER3b4F,False,True,3,1KwCyk24jvWJT7oo9p9ktHGAY9wZwRMdQs|332329138|3Bpbev1NCGA2yJBao8yVzNYFe7boER3b4F,wallet|transaction|wallet,|0.0168974|0.088769,|0.0168974|0.088769,|0.902108|0.00589216
1KyArW7niDSmtf83FTS9kuJkFgJv5pjccU,2,wallet,19ZHWgV84PPZNqE9aeEMX9qtsRVokmH4Ez,False,True,3,1KyArW7niDSmtf83FTS9kuJkFgJv5pjccU|331557594|19ZHWgV84PPZNqE9aeEMX9qtsRVokmH4Ez,wallet|transaction|wallet,|0.0168924|0.0887663,|0.0168924|0.0887663,|0.877944|0.00739425
1KzQ64A2bTctnyNk3rNSeM5Bi9oCEjsymJ,2,wallet,3L9fvHSsVdrFHGPqkWUDkX78rgKGQM8zuD,False,True,3,1KzQ64A2bTctnyNk3rNSeM5Bi9oCEjsymJ|99675752|3L9fvHSsVdrFHGPqkWUDkX78rgKGQM8zuD,wallet|transaction|wallet,|0.0169137|0.088743,|0.0169137|0.0443715,|0.904623|0.00021863
1KzjtzRvU3DmXdNEdpoj3kty6jJ1zf8mP8,2,wallet,1Fx3vHZgKHNtUCgaXDnqjFdUijngFRSKg5,False,True,3,1KzjtzRvU3DmXdNEdpoj3kty6jJ1zf8mP8|269034451|1Fx3vHZgKHNtUCgaXDnqjFdUijngFRSKg5,wallet|transaction|wallet,|0.0168667|0.0887867,|0.0168667|0.0887867,|0.871801|0.00729334
1L36UULwYA9w3Y27Bheo6odd6TEjgamZEG,2,wallet,38MCUze3wwMhpmif4jpDZzx2pWEhyKEBxq,False,True,3,1L36UULwYA9w3Y27Bheo6odd6TEjgamZEG|85004955|38MCUze3wwMhpmif4jpDZzx2pWEhyKEBxq,wallet|transaction|wallet,|0.016887|0.0888051,|0.016887|0.0888051,|0.872268|0.0451942
1L3ooFenQcav86FFf7SbKPiuc2QMuBjMCX,2,wallet,3Mjnwh7GAttswV4XEv7rUJMpitcj3FZtPE,False,True,3,1L3ooFenQcav86FFf7SbKPiuc2QMuBjMCX|252180915|3Mjnwh7GAttswV4XEv7rUJMpitcj3FZtPE,wallet|transaction|wallet,|0.0169047|0.0887915,|0.0169047|0.0887915,|0.92185|0.00716549
1L46bfijxtNjpMghHYqbAR9EUfToGU5v9k,2,wallet,39q3XCCSGUoJfzrcLRRVqECx82Q8BfGNL3,False,True,3,1L46bfijxtNjpMghHYqbAR9EUfToGU5v9k|100075232|39q3XCCSGUoJfzrcLRRVqECx82Q8BfGNL3,wallet|transaction|wallet,|0.0168984|0.0887458,|0.0168984|0.0887458,|0.904419|0.0124263
1LAKGmsMTqiMF8wBzWtfZZ56bQDrK7JbXg,2,wallet,1DmLqma94mrqFDfhJGVm6beCTTkVJEs4y6,False,True,3,1LAKGmsMTqiMF8wBzWtfZZ56bQDrK7JbXg|241492896|1DmLqma94mrqFDfhJGVm6beCTTkVJEs4y6,wallet|transaction|wallet,|0.016885|0.088677,|0.016885|0.088677,|0.858033|0.169044
1LCwwzZXRFDuX2wbJFtEsrk9dJgT6jDqAm,2,wallet,3PVahv4ePdEcXJbzehbtM6gyskguQy5i5q,False,True,3,1LCwwzZXRFDuX2wbJFtEsrk9dJgT6jDqAm|25244255|3PVahv4ePdEcXJbzehbtM6gyskguQy5i5q,wallet|transaction|wallet,|0.0169735|0.0890695,|0.0169735|0.0445347,|0.879291|-0.0076592
1LDtKBCxF1vNuNKHv1j4MsUq7Jja8Q6DWt,2,wallet,1CxRK1oZRnsJJ8CcLFDcv6soZt2m4aiYCZ,False,True,3,1LDtKBCxF1vNuNKHv1j4MsUq7Jja8Q6DWt|100075801|1CxRK1oZRnsJJ8CcLFDcv6soZt2m4aiYCZ,wallet|transaction|wallet,|0.0169823|0.094793,|0.0169823|0.094793,|0.695257|0.153496
1LEWzzLGXB7ZFCCwYGbRowgbXVYvwXgX1D,2,wallet,342VJJzFqyUWRTDoRMN6EvygUzh56mXhJF,False,True,3,1LEWzzLGXB7ZFCCwYGbRowgbXVYvwXgX1D|307765134|342VJJzFqyUWRTDoRMN6EvygUzh56mXhJF,wallet|transaction|wallet,|0.0169595|0.0887617,|0.0169595|0.00887617,|0.912686|0.00277846
1LF8WVoSEMiWYd4AfrTDWRiENau7E22yQw,2,wallet,3C3FDMhq999oXwyK5fqp3Z6UNAiwMhC7Rn,False,True,3,1LF8WVoSEMiWYd4AfrTDWRiENau7E22yQw|29454726|3C3FDMhq999oXwyK5fqp3Z6UNAiwMhC7Rn,wallet|transaction|wallet,|0.0168192|0.0891714,|0.0168192|0.0445857,|0.348655|0.121408
1LGBArncE3LGP5oS3YBTnVrT33ZPL67Bmb,2,wallet,3KAPMmreuckZkW4kdWvJpVJUShw9JWWmii,False,True,3,1LGBArncE3LGP5oS3YBTnVrT33ZPL67Bmb|112290319|3KAPMmreuckZkW4kdWvJpVJUShw9JWWmii,wallet|transaction|wallet,|0.0169857|0.0890296,|0.0169857|0.0445148,|0.894666|8.7291e-05
1LKrZ9aTjBywRdP3ajvQ67fFE7wghwadNn,2,wallet,3BiiTmwjAHocFPzycBavHhqcx2H1KAXzjn,False,True,3,1LKrZ9aTjBywRdP3ajvQ67fFE7wghwadNn|249970724|3BiiTmwjAHocFPzycBavHhqcx2H1KAXzjn,wallet|transaction|wallet,|0.0168694|0.0927228,|0.0168694|0.0132461,|0.928372|0.0034712
1LQfEZQPvxcBbakEr4DSPMqwTC9QEcDPoT,2,wallet,1DuAF5t4RSxDfZEcee8heF8oTdrNJGzniJ,False,True,3,1LQfEZQPvxcBbakEr4DSPMqwTC9QEcDPoT|100075247|1DuAF5t4RSxDfZEcee8heF8oTdrNJGzniJ,wallet|transaction|wallet,|0.0169259|0.0887432,|0.0169259|0.0443716,|0.877726|0.00870129
1LRHPJxuaCNdY3fvchdKwNEQRsZ643JsCA,2,wallet,1NWxqYcdmtAfmF2EGRYPEABgTWB6Az6tiB,False,True,3,1LRHPJxuaCNdY3fvchdKwNEQRsZ643JsCA|376243446|1NWxqYcdmtAfmF2EGRYPEABgTWB6Az6tiB,wallet|transaction|wallet,|0.0168518|0.0888559,|0.0168518|0.0888559,|0.863679|0.00846958
1LTp5tVupDoV2Phdz9XCnDArMy4Rs9mnLr,2,wallet,14YTsx7pg1F1SZGTwPWFg9LSvuhWgTjwe4,False,True,3,1LTp5tVupDoV2Phdz9XCnDArMy4Rs9mnLr|336437280|14YTsx7pg1F1SZGTwPWFg9LSvuhWgTjwe4,wallet|transaction|wallet,|0.0168772|0.0887651,|0.0168772|0.0887651,|0.876219|0.0178409
1LVLeq4HtuT7V6zESSdN8h2oUALvxJh2SG,2,wallet,1LrVt4p8xEYAEetHtLVEUQi34T3jAdeRQd,False,True,3,1LVLeq4HtuT7V6zESSdN8h2oUALvxJh2SG|100075382|1LrVt4p8xEYAEetHtLVEUQi34T3jAdeRQd,wallet|transaction|wallet,|0.0168707|0.0887432,|0.0168707|0.0443716,|0.861434|0.00194588
1LVpL1Sw6RL85JPhaxbDDb6ud4ZTm6wRKq,2,wallet,33Hb2pECEjCmC73REUggAyt1zt7PGjDtFi,False,True,3,1LVpL1Sw6RL85JPhaxbDDb6ud4ZTm6wRKq|220597601|33Hb2pECEjCmC73REUggAyt1zt7PGjDtFi,wallet|transaction|wallet,|0.0168942|0.0887936,|0.0168942|0.0887936,|0.917815|0.00368673
1LXbeK1MFUhMV4jydiQNnZKwR3KU6vc8i7,2,wallet,1PZw3yz7Yy3J5rrXGKgeDhGG8yA6tw3H7N,False,True,3,1LXbeK1MFUhMV4jydiQNnZKwR3KU6vc8i7|98290396|1PZw3yz7Yy3J5rrXGKgeDhGG8yA6tw3H7N,wallet|transaction|wallet,|0.01685|0.0888625,|0.01685|0.0888625,|0.855108|0.00592214
1LYkux6J86Mdq89EkZvK9Cc7XQyjKim7iW,2,wallet,18CdaZ5V9cqTdaPHLPer7yKusewBzGJ1LA,False,True,3,1LYkux6J86Mdq89EkZvK9Cc7XQyjKim7iW|378066641|18CdaZ5V9cqTdaPHLPer7yKusewBzGJ1LA,wallet|transaction|wallet,|0.0169021|0.0886831,|0.0169021|0.0886831,|0.887256|0.0663488
1LYxRBv6exkzmDjjEF3hXiswkYR9dwvzs1,2,wallet,3QjQitHTdJvcF79kXLSMaCRKKpx48QVBxa,False,True,3,1LYxRBv6exkzmDjjEF3hXiswkYR9dwvzs1|30061075|3QjQitHTdJvcF79kXLSMaCRKKpx48QVBxa,wallet|transaction|wallet,|0.0168712|0.0889494,|0.0168712|0.0889494,|0.935204|-0.00166607
1LawscHAHpUeJEVq48qCdbbwNcBbDbVsH5,2,wallet,36xSQoXT2hwVLVUJQn2w7oWtj9r1tBdRDS,False,True,3,1LawscHAHpUeJEVq48qCdbbwNcBbDbVsH5|99676831|36xSQoXT2hwVLVUJQn2w7oWtj9r1tBdRDS,wallet|transaction|wallet,|0.01692|0.0887448,|0.01692|0.0221862,|0.897468|0.00518247
1LbPfE9JkijxZpnF8cNpbhMzfrzH7MxoZf,2,wallet,1PSk3mMvQTXXhVkv1ZZZ7qG1zotcGmxdzS,False,True,3,1LbPfE9JkijxZpnF8cNpbhMzfrzH7MxoZf|94336887|1PSk3mMvQTXXhVkv1ZZZ7qG1zotcGmxdzS,wallet|transaction|wallet,|0.0168272|0.0889906,|0.0168272|0.0889906,|0.724519|-0.0659624
1Ld5RdTgdwnjiDJSbXxuu3iaTCJ5nDyQTN,2,wallet,34UQR1ekK3xM4LQQLpw85usgnqGSLsgC6P,False,True,3,1Ld5RdTgdwnjiDJSbXxuu3iaTCJ5nDyQTN|36965025|34UQR1ekK3xM4LQQLpw85usgnqGSLsgC6P,wallet|transaction|wallet,|0.0168902|0.0890448,|0.0168902|0.0445224,|0.901755|-0.0012272
1LdGMGq8MBF7FRcoN5fR19bTzGuNKZMcCM,2,wallet,13wuf7ZjaHidnpBnkTJBfALcdzbNVzZZqK,False,True,3,1LdGMGq8MBF7FRcoN5fR19bTzGuNKZMcCM|372690438|13wuf7ZjaHidnpBnkTJBfALcdzbNVzZZqK,wallet|transaction|wallet,|0.0169058|0.0887536,|0.0169058|0.0443768,|0.876418|0.00317183
1LduwhcSkz4eEFnwagnKWykcbHJc7p69KU,2,wallet,1J6kEzqEABgTT5fvGfWV4tPuKVCn4V2Srk,False,True,3,1LduwhcSkz4eEFnwagnKWykcbHJc7p69KU|294375726|1J6kEzqEABgTT5fvGfWV4tPuKVCn4V2Srk,wallet|transaction|wallet,|0.016887|0.0887901,|0.016887|0.0887901,|0.877384|0.0194218
1LeP692TPSeuwdRQuCmSjTgHyJDC43nAxt,2,wallet,17grfHa9v9caG71TxeoSemrCfLELX6gncP,False,True,3,1LeP692TPSeuwdRQuCmSjTgHyJDC43nAxt|269235429|17grfHa9v9caG71TxeoSemrCfLELX6gncP,wallet|transaction|wallet,|0.0168949|0.0887837,|0.0168949|0.0887837,|0.869747|0.014629
1LgaiM89zJVxAiSWMqmRoQq3JZ6ugMRJMf,2,wallet,3EBNioHugZXDR9Hjd1e3fgdUz7gAmM9sXg,False,True,3,1LgaiM89zJVxAiSWMqmRoQq3JZ6ugMRJMf|155114148|3EBNioHugZXDR9Hjd1e3fgdUz7gAmM9sXg,wallet|transaction|wallet,|0.017669|0.0887684,|0.017669|0.0443842,|0.99794|-0.00070715
1LjQWdyM4Ra4NosgDqS9HjzMCXmDRMgmDj,2,transaction,3181,False,True,3,1LjQWdyM4Ra4NosgDqS9HjzMCXmDRMgmDj|255226747|3181,wallet|transaction|transaction,|0.0176818|0.01361,|0.0176818|0.00680502,|0.99948|-0.0804527
1LmmgoELJX9MR8Szvkob6HiAudmp4JakjX,2,wallet,37N9B8HocZ2HzDhjNJ8RNayMG2U4cYHxQZ,False,True,3,1LmmgoELJX9MR8Szvkob6HiAudmp4JakjX|272100663|37N9B8HocZ2HzDhjNJ8RNayMG2U4cYHxQZ,wallet|transaction|wallet,|0.0169046|0.0887842,|0.0169046|0.0887842,|0.905141|0.0129026
1LnKufcCuVB6GbVSovmDbybzRpJ3yboxkd,2,wallet,198iVsQaPn8Famm3ydayKUstVb4fMFZiWE,False,True,3,1LnKufcCuVB6GbVSovmDbybzRpJ3yboxkd|269103156|198iVsQaPn8Famm3ydayKUstVb4fMFZiWE,wallet|transaction|wallet,|0.0168735|0.0887859,|0.0168735|0.0887859,|0.872203|0.0105796
1LniiCrig2YdT91BzuEgaBA59FzPxUqV2A,2,wallet,1GXyrzRPMZitzRe76VZmDbUv6coiopdccK,False,True,3,1LniiCrig2YdT91BzuEgaBA59FzPxUqV2A|30179843|1GXyrzRPMZitzRe76VZmDbUv6coiopdccK,wallet|transaction|wallet,|0.0168584|0.0889263,|0.0168584|0.0889263,|0.845976|-0.00512689
1LpmYVSgts4ijQd5DTeVNqjQRSqH1zUMhS,2,wallet,1EdcxLTY1Ne3jQk5iyLtxTHWHZccAemPM8,False,True,3,1LpmYVSgts4ijQd5DTeVNqjQRSqH1zUMhS|194172820|1EdcxLTY1Ne3jQk5iyLtxTHWHZccAemPM8,wallet|transaction|wallet,|0.0161377|0.095286,|0.0161377|0.095286,|-0.00566542|0.0134569
1LujS2t1bed7XVqvEvJXDXm2G5cPEKLUoG,2,wallet,15FByhxNwzYTzXneVB1NKSarTMfZULcepn,False,True,3,1LujS2t1bed7XVqvEvJXDXm2G5cPEKLUoG|372690430|15FByhxNwzYTzXneVB1NKSarTMfZULcepn,wallet|transaction|wallet,|0.0168776|0.0887509,|0.0168776|0.0887509,|0.876364|0.0143362
1LvdMZJ1aS39NfVwd7ZECRSyV8cWQb4Vvh,2,wallet,1DuPHnjyAVzEXNmPFEVM7xWYeijqzEdd41,False,True,3,1LvdMZJ1aS39NfVwd7ZECRSyV8cWQb4Vvh|218079798|1DuPHnjyAVzEXNmPFEVM7xWYeijqzEdd41,wallet|transaction|wallet,|0.0168955|0.0886513,|0.0168955|0.0886513,|0.866042|0.0612856
1Lvtgk1sxen4ssGhNqHtmynP8r4pTsVrBb,2,wallet,33vXEjSv1NWqDXCJyNNJ4K7ydxF5Twnxti,False,True,3,1Lvtgk1sxen4ssGhNqHtmynP8r4pTsVrBb|23377758|33vXEjSv1NWqDXCJyNNJ4K7ydxF5Twnxti,wallet|transaction|wallet,|0.0168638|0.0890297,|0.0168638|0.0178059,|0.85777|0.00274098
1LwoVRfytD4U7LqRN9v53yGLSmsQZKkEMb,2,wallet,1HWLVgw2fAj9Ho8eSTirwbKu7pecN1WQqB,False,True,3,1LwoVRfytD4U7LqRN9v53yGLSmsQZKkEMb|99677081|1HWLVgw2fAj9Ho8eSTirwbKu7pecN1WQqB,wallet|transaction|wallet,|0.0176687|0.0887409,|0.0176687|0.0443705,|0.899621|-0.0154946
1LxfkgoTYKJZWjUdtxvhf8ZtbG3515eQzc,2,wallet,3HdRAVD84kcNCUYJjJ7HgEDQ6E7Mjg1scu,False,True,3,1LxfkgoTYKJZWjUdtxvhf8ZtbG3515eQzc|332563582|3HdRAVD84kcNCUYJjJ7HgEDQ6E7Mjg1scu,wallet|transaction|wallet,|0.0171069|0.0887709,|0.0171069|0.0443855,|0.958434|0.0100206
1LxjAhbzjQskt4pUQyMMt8ZBy6XeEJy5ep,2,wallet,1EJeVMD5APgmRbaXkjktgMfXbzetgJWjMs,False,True,3,1LxjAhbzjQskt4pUQyMMt8ZBy6XeEJy5ep|175165963|1EJeVMD5APgmRbaXkjktgMfXbzetgJWjMs,wallet|transaction|wallet,|0.0168455|0.0888605,|0.0168455|0.0296202,|0.821683|-4.58558e-05
1M2kxJ6ANeQPjMjMwot484TuU7JR9TwwGB,2,wallet,3LRVntjrG3WeNKNBjA31GkM3MshSaX7uBo,False,True,3,1M2kxJ6ANeQPjMjMwot484TuU7JR9TwwGB|10174843|3LRVntjrG3WeNKNBjA31GkM3MshSaX7uBo,wallet|transaction|wallet,|0.0169705|0.0890651,|0.0169705|0.0445326,|0.870909|-0.00888363
1M3RgXxNEJj9UnpreYTEP4nmgjkbgAGRzP,2,wallet,3HSyBtR7sX1KbnPeGs3TLDTC8qWC7YpXKx,False,True,3,1M3RgXxNEJj9UnpreYTEP4nmgjkbgAGRzP|268868308|3HSyBtR7sX1KbnPeGs3TLDTC8qWC7YpXKx,wallet|transaction|wallet,|0.0169021|0.0887899,|0.0169021|0.0887899,|0.909492|0.00415367
1M9LeiYxQwD1F4zCRo18ZyMJHbZFNJBoFC,2,wallet,1EGemf3GWvTeFCceSidBb6rqimNiL1Ln5c,False,True,3,1M9LeiYxQwD1F4zCRo18ZyMJHbZFNJBoFC|95556764|1EGemf3GWvTeFCceSidBb6rqimNiL1Ln5c,wallet|transaction|wallet,|0.016857|0.0888858,|0.016857|0.0888858,|0.867579|0.000176072
1MB6Mf8EbuF4gSJTGe6C8qM5gxmQYDsSkx,2,wallet,14AMHQcf7dEub79ZqaaagYD3p5QofV1gvG,False,True,3,1MB6Mf8EbuF4gSJTGe6C8qM5gxmQYDsSkx|85004965|14AMHQcf7dEub79ZqaaagYD3p5QofV1gvG,wallet|transaction|wallet,|0.0168714|0.0888005,|0.0168714|0.0888005,|0.874211|0.0140048
1MCXGUW8VLJbf9rWC7PpojJCzwuMD4KMPL,2,wallet,1MheRW53oTQmi8u2bvhT8TYMSwXvzu87RM,False,True,3,1MCXGUW8VLJbf9rWC7PpojJCzwuMD4KMPL|269088781|1MheRW53oTQmi8u2bvhT8TYMSwXvzu87RM,wallet|transaction|wallet,|0.0164925|0.0952784,|0.0164925|0.0952784,|-0.00991726|0.0213465
1MGfqFxPtCZ6ARsPJz1jhbuZ78jXQGnzo3,2,wallet,1PxpMjXsoHaiQq8yQn6ajqA36Mc2yGP4f3,False,True,3,1MGfqFxPtCZ6ARsPJz1jhbuZ78jXQGnzo3|355110982|1PxpMjXsoHaiQq8yQn6ajqA36Mc2yGP4f3,wallet|transaction|wallet,|0.0168499|0.0888625,|0.0168499|0.0888625,|0.855243|0.00581867
1MJtWFyprbTwZspxtduYeawEVXsgNYFpvt,2,wallet,3JMq398rmxdcKA1w7euF2PHz826csEZNTE,False,True,3,1MJtWFyprbTwZspxtduYeawEVXsgNYFpvt|69439512|3JMq398rmxdcKA1w7euF2PHz826csEZNTE,wallet|transaction|wallet,|0.0168939|0.0888042,|0.0168939|0.0888042,|0.928917|0.00293517
1MK1vs9SPtTSYr7NXAAaRvMmeyVDFmeKVg,2,wallet,38xVRmZzgkrHzhSGfAneNyer8dp48HsfCM,False,True,3,1MK1vs9SPtTSYr7NXAAaRvMmeyVDFmeKVg|205633185|38xVRmZzgkrHzhSGfAneNyer8dp48HsfCM,wallet|transaction|wallet,|0.0168679|0.0889961,|0.0168679|0.0127137,|0.907417|0.000101932
1MMzpaMDXG7Tbdaa8ExGBTWpi8yrXq31n3,2,wallet,354HZoR9wdQoaMjMFs3Mzh5GJ7foVv6Eb3,False,True,3,1MMzpaMDXG7Tbdaa8ExGBTWpi8yrXq31n3|158310646|354HZoR9wdQoaMjMFs3Mzh5GJ7foVv6Eb3,wallet|transaction|wallet,|0.0168772|0.0890882,|0.0168772|0.0222721,|0.880361|-0.000848666
1MNUjD8fEQVVaWTRTUeDUsvuv6e2YHGkui,2,wallet,3JCNfkGzxrygtZpzu1gA9to1fsFG1ghTag,False,True,3,1MNUjD8fEQVVaWTRTUeDUsvuv6e2YHGkui|92107945|3JCNfkGzxrygtZpzu1gA9to1fsFG1ghTag,wallet|transaction|wallet,|0.0168762|0.0889003,|0.0168762|0.0889003,|0.922075|-0.0013631
1MSDJf2ENpMPdrxhSrNmHcVV8XESr7toDP,2,wallet,37N9B8HocZ2HzDhjNJ8RNayMG2U4cYHxQZ,False,True,3,1MSDJf2ENpMPdrxhSrNmHcVV8XESr7toDP|272100663|37N9B8HocZ2HzDhjNJ8RNayMG2U4cYHxQZ,wallet|transaction|wallet,|0.0169046|0.0887842,|0.0169046|0.0887842,|0.905147|0.0128672
1MZrPZn8TUoSEC5sFofviXBUqtffZrXHoa,2,wallet,1K14cwNxqfAKNNJM78d5rtW6XSFUDftZUe,False,True,3,1MZrPZn8TUoSEC5sFofviXBUqtffZrXHoa|10773179|1K14cwNxqfAKNNJM78d5rtW6XSFUDftZUe,wallet|transaction|wallet,|0.0169157|0.0888193,|0.0169157|0.0888193,|0.95368|0.00199008
1Md5mFf9TDPkZtsocnC5PVQRaqYtoHVLMM,2,wallet,34iAa1QVsMGPauZi4RzgHSJWjjWezUh3Z3,False,True,3,1Md5mFf9TDPkZtsocnC5PVQRaqYtoHVLMM|312091759|34iAa1QVsMGPauZi4RzgHSJWjjWezUh3Z3,wallet|transaction|wallet,|0.0170095|0.0887674,|0.0170095|0.0443837,|0.890663|0.03286
1MdKDR818Vnq2w4w5FrvczHSiLnjBCnvZ7,2,wallet,1Mbeeo8riHQJhG4BzUcitto2epk8je3AGe,False,True,3,1MdKDR818Vnq2w4w5FrvczHSiLnjBCnvZ7|268982686|1Mbeeo8riHQJhG4BzUcitto2epk8je3AGe,wallet|transaction|wallet,|0.0172241|0.0879969,|0.0172241|0.0879969,|0.936327|0.113286
1Mh5CGfrrEVrtnm257wpQJMzwXLRCoDLfU,2,wallet,182vwg7PxxyBiiwhj9o1yLDeSMQdBhMweo,False,True,3,1Mh5CGfrrEVrtnm257wpQJMzwXLRCoDLfU|269576166|182vwg7PxxyBiiwhj9o1yLDeSMQdBhMweo,wallet|transaction|wallet,|0.0168743|0.0887879,|0.0168743|0.0887879,|0.873343|0.0209565
1Mhq2r96soeUVLR2WcunimH7m4nLF5Vnsv,2,wallet,3LRVntjrG3WeNKNBjA31GkM3MshSaX7uBo,False,True,3,1Mhq2r96soeUVLR2WcunimH7m4nLF5Vnsv|10174843|3LRVntjrG3WeNKNBjA31GkM3MshSaX7uBo,wallet|transaction|wallet,|0.0169705|0.0890651,|0.0169705|0.0445326,|0.874163|-0.00752997
1MkaX8kdqWUCnMdhWfRjSkgZkEg1kteQK8,2,wallet,1Dsk7iDRcp5H5QnuLAXrTXfc6Pvq53D6WJ,False,True,3,1MkaX8kdqWUCnMdhWfRjSkgZkEg1kteQK8|246038424|1Dsk7iDRcp5H5QnuLAXrTXfc6Pvq53D6WJ,wallet|transaction|wallet,|0.0168625|0.0888196,|0.0168625|0.0888196,|0.862436|0.018437
1MoSbTRxG2xd932666GZPkRBosc1knSvyv,2,wallet,3FMxEmNfDycwELFCkkYezWth5uhKfQo7s8,False,True,3,1MoSbTRxG2xd932666GZPkRBosc1knSvyv|9259519|3FMxEmNfDycwELFCkkYezWth5uhKfQo7s8,wallet|transaction|wallet,|0.0168851|0.0889241,|0.0168851|0.0889241,|0.945708|-0.00245494
1MpQHpaeWRxbMhYLusVsqL24oPpvVZRgtt,2,wallet,1LYvDZtT9F2HPLzre5z2uq7jFD5Y1PHbBX,False,True,3,1MpQHpaeWRxbMhYLusVsqL24oPpvVZRgtt|199944394|1LYvDZtT9F2HPLzre5z2uq7jFD5Y1PHbBX,wallet|transaction|wallet,|0.0169059|0.0951788,|0.0169059|0.00264386,|0.774791|-0.000148347
1MpQWohM7o7UeGSSKcNeMX45HdmQM2tNpW,2,wallet,1AkPS83F4MusheHQ7a92Geh59E5VNCZsMD,False,True,3,1MpQWohM7o7UeGSSKcNeMX45HdmQM2tNpW|84785014|1AkPS83F4MusheHQ7a92Geh59E5VNCZsMD,wallet|transaction|wallet,|0.0168807|0.0887972,|0.0168807|0.0887972,|0.868738|0.024367
1MqPjmY3ZSEiN8xCPvamfSiTGZZJPc6sw9,2,wallet,1B9Ec2mvrLXbQ1ZSK499CssdyGsu174viU,False,True,3,1MqPjmY3ZSEiN8xCPvamfSiTGZZJPc6sw9|2842440|1B9Ec2mvrLXbQ1ZSK499CssdyGsu174viU,wallet|transaction|wallet,|0.0169689|0.0891935,|0.0169689|0.0891935,|0.991552|0.0418813
1MqrDEv5uZtjYvPEz52nmKvPSmVNVDpDj2,2,wallet,3PeK3kfXJEFihTSYM3svfAzTWHvoxidL4M,False,True,3,1MqrDEv5uZtjYvPEz52nmKvPSmVNVDpDj2|165065715|3PeK3kfXJEFihTSYM3svfAzTWHvoxidL4M,wallet|transaction|wallet,|0.0176532|0.0887738,|0.0176532|0.0887738,|0.997506|0.00188106
1MubwDm7wsu7nH7zjDZFYrRV7e4S2LX1rY,2,wallet,3EbsSuH5gtbdctYw7Bd7mGxE7DGP4QHq4k,False,True,3,1MubwDm7wsu7nH7zjDZFYrRV7e4S2LX1rY|268855050|3EbsSuH5gtbdctYw7Bd7mGxE7DGP4QHq4k,wallet|transaction|wallet,|0.0169038|0.0888008,|0.0169038|0.0296003,|0.907506|6.20683e-05
1MvZWv2UwHMqsg3AuiRHf3RDMx6xt6JM6v,2,wallet,3PNqebMDzpk5bRq4n6LBuboKSVazsFseac,False,True,3,1MvZWv2UwHMqsg3AuiRHf3RDMx6xt6JM6v|2595204|3PNqebMDzpk5bRq4n6LBuboKSVazsFseac,wallet|transaction|wallet,|0.0168793|0.0889868,|0.0168793|0.0889868,|0.952777|-0.00123119
1MywAyUMLD9CcJhmrcin7owV4RGGusgsDi,2,wallet,1R5LhENdp5u3Y9NBqMvLRCehrZ8UKNdn7,False,True,3,1MywAyUMLD9CcJhmrcin7owV4RGGusgsDi|355012161|1R5LhENdp5u3Y9NBqMvLRCehrZ8UKNdn7,wallet|transaction|wallet,|0.0168499|0.088862,|0.0168499|0.088862,|0.856103|0.00523657
1N42NsZFoebNc4PCh4QcqAWriopURt66cy,2,wallet,36eWvVNoDNrJk4SuKGYKUHjpLBkTKHC7Vs,False,True,3,1N42NsZFoebNc4PCh4QcqAWriopURt66cy|99677328|36eWvVNoDNrJk4SuKGYKUHjpLBkTKHC7Vs,wallet|transaction|wallet,|0.0170927|0.0887455,|0.0170927|0.0443728,|0.980808|0.0878509
1N5RQG8Gwm8wTTPqYguUDmSYo81VfnfnrB,2,wallet,3JKWfvPgGP9cqRUzoexPXUox7EDrwo27P3,False,True,3,1N5RQG8Gwm8wTTPqYguUDmSYo81VfnfnrB|99676847|3JKWfvPgGP9cqRUzoexPXUox7EDrwo27P3,wallet|transaction|wallet,|0.0169733|0.0887457,|0.0169733|0.0221864,|0.876705|0.00192253
1NAQnTpBUiQPcSmXYnjxQ4FJYUDfREwy4s,2,wallet,1P6RmkHgFLH4ffzu1Hkg1mnfRXWZZsBiyf,False,True,3,1NAQnTpBUiQPcSmXYnjxQ4FJYUDfREwy4s|272482727|1P6RmkHgFLH4ffzu1Hkg1mnfRXWZZsBiyf,wallet|transaction|wallet,|0.0168851|0.0887834,|0.0168851|0.0295945,|0.876055|6.03398e-05
1NCs24bu4MduMZGveTEMKccGgbcj19YZNH,2,wallet,3EJvgztcJzTrtMq1GNTRAV5AL2Cm4FSFsm,False,True,3,1NCs24bu4MduMZGveTEMKccGgbcj19YZNH|85005396|3EJvgztcJzTrtMq1GNTRAV5AL2Cm4FSFsm,wallet|transaction|wallet,|0.0169132|0.088604,|0.0169132|0.088604,|0.978883|0.0559577
1NDw7EgzdAnuetRQpofhrX2JgAPTyPQb8K,2,wallet,36Hx1kW7dqLw3G9eU1tffKUJaXieczSRYS,False,True,3,1NDw7EgzdAnuetRQpofhrX2JgAPTyPQb8K|288470586|36Hx1kW7dqLw3G9eU1tffKUJaXieczSRYS,wallet|transaction|wallet,|0.0168493|0.0890418,|0.0168493|0.0148403,|0.934972|-0.000590473
1NF7PaXfdRrF33ctsrdy5Pt5VVjM4ahvcW,2,wallet,1Hnqx6YD5GtFmd16cCVsr6wa5TRL16co3A,False,True,3,1NF7PaXfdRrF33ctsrdy5Pt5VVjM4ahvcW|248885469|1Hnqx6YD5GtFmd16cCVsr6wa5TRL16co3A,wallet|transaction|wallet,|0.0169096|0.0886909,|0.0042274|0.0886909,|0.000890836|0.000175893
1NFfpymJJGhMsv6BrZi48sJ6LCUkepbXm2,2,wallet,38iYB7g4XGiBLUPDK5jnagBakEpRifmw5q,False,True,3,1NFfpymJJGhMsv6BrZi48sJ6LCUkepbXm2|198783987|38iYB7g4XGiBLUPDK5jnagBakEpRifmw5q,wallet|transaction|wallet,|0.0168584|0.0888412,|0.0168584|0.0888412,|0.941001|-0.00123405
1NGiPihkimu4iBVKfAtoYFoVix6896PtN1,2,wallet,38Qr1QLgpKnxTdLr5GNpuX6cGbwjmydmo5,False,True,3,1NGiPihkimu4iBVKfAtoYFoVix6896PtN1|331996869|38Qr1QLgpKnxTdLr5GNpuX6cGbwjmydmo5,wallet|transaction|wallet,|0.0169446|0.0887629,|0.0169446|0.0221907,|0.682705|-6.69658e-05
1NHCoJZUs2yxuXf3M2r2BgqQRB2Aie7vxK,2,wallet,3CWNv8JurEUrCBTKHWeHYCNRxZvafJYDvk,False,True,3,1NHCoJZUs2yxuXf3M2r2BgqQRB2Aie7vxK|84373476|3CWNv8JurEUrCBTKHWeHYCNRxZvafJYDvk,wallet|transaction|wallet,|0.0169053|0.088811,|0.0169053|0.0444055,|0.904586|0.00192991
1NHF3bxq6yGzuxtG478HcnzTjmjxwRdB15,2,wallet,3AvigXeWpSD9rupoo9grBfqn5WJ79v91rM,False,True,3,1NHF3bxq6yGzuxtG478HcnzTjmjxwRdB15|28808235|3AvigXeWpSD9rupoo9grBfqn5WJ79v91rM,wallet|transaction|wallet,|0.0168862|0.0889958,|0.0168862|0.0889958,|0.956317|-0.000768065
1NJsiNMQpsPmv3QXbHmHLorzs7aF44Tk11,2,wallet,3B8ciXmRUt8mS5kPKe9GibnhEG8hs2GXsq,False,True,3,1NJsiNMQpsPmv3QXbHmHLorzs7aF44Tk11|268861802|3B8ciXmRUt8mS5kPKe9GibnhEG8hs2GXsq,wallet|transaction|wallet,|0.0169078|0.0888026,|0.0169078|0.0888026,|0.930996|0.00110829
1NJtz6pZ4ML4CnmacDM4LQ1sFDqKMJg3Lg,2,wallet,3En1cirDhiwkEXhRHTdZRmCHyn2gYe15qG,False,True,3,1NJtz6pZ4ML4CnmacDM4LQ1sFDqKMJg3Lg|272175852|3En1cirDhiwkEXhRHTdZRmCHyn2gYe15qG,wallet|transaction|wallet,|0.0170101|0.0887911,|0.0170101|0.0443955,|0.84642|0.0189842
1NJyKcrdqnNNfUQ4jP2JcWkKTdLnGviHWN,2,wallet,16fm4th28Ukzqf9LY72unDG329tXQGKa4G,False,True,3,1NJyKcrdqnNNfUQ4jP2JcWkKTdLnGviHWN|105859721|16fm4th28Ukzqf9LY72unDG329tXQGKa4G,wallet|transaction|wallet,|0.0168444|0.0889996,|0.0168444|0.0889996,|0.830505|-0.0149081
1NKYTvNa2dfy3DDDhePQvWtWZH6Tae2Dhx,2,wallet,1LDwRygYufrx3FEk3bnjo9pH2iTEB5bE7o,False,True,3,1NKYTvNa2dfy3DDDhePQvWtWZH6Tae2Dhx|269191516|1LDwRygYufrx3FEk3bnjo9pH2iTEB5bE7o,wallet|transaction|wallet,|0.0160332|0.0952835,|0.0160332|0.0952835,|-0.00744063|0.0124694
1NMS1bbKwrcgZDni1ruqTZJAaYcrTDxpVS,2,wallet,32bsDwTmKpHBjr7xvvpS4FrP22M1bhqpub,False,True,3,1NMS1bbKwrcgZDni1ruqTZJAaYcrTDxpVS|26394081|32bsDwTmKpHBjr7xvvpS4FrP22M1bhqpub,wallet|transaction|wallet,|0.0169637|0.0890127,|0.0169637|0.0296709,|0.874431|-0.00105447
1NMooMbEDFbEsT97d8GDpBPVPnM6SQrQvc,2,wallet,3LYkhZLUdkvLabpRkBUuFmUYQjPPJXiA9N,False,True,3,1NMooMbEDFbEsT97d8GDpBPVPnM6SQrQvc|180533541|3LYkhZLUdkvLabpRkBUuFmUYQjPPJXiA9N,wallet|transaction|wallet,|0.0169969|0.0888098,|0.0169969|0.0444049,|0.908148|0.00408986
1NRuZ2yqDA8XZqscgKs8ibM7imc9LbDhLR,2,wallet,3Dg8M73bmUwST46rJDrFD3cqx1EU16isDL,False,True,3,1NRuZ2yqDA8XZqscgKs8ibM7imc9LbDhLR|372683044|3Dg8M73bmUwST46rJDrFD3cqx1EU16isDL,wallet|transaction|wallet,|0.0169166|0.0887647,|0.0169166|0.0443823,|0.909441|0.000254691
1NTTdVSgKma7ghYkzzJf9qY88Dp9KavdpQ,2,wallet,1PcLoDeRYLC9FprTRiYgVqM9HXRJ2476Ei,False,True,3,1NTTdVSgKma7ghYkzzJf9qY88Dp9KavdpQ|30179873|1PcLoDeRYLC9FprTRiYgVqM9HXRJ2476Ei,wallet|transaction|wallet,|0.0168339|0.0889304,|0.0168339|0.0889304,|0.840806|-0.0106027
1NVYQUCvzh4mUS6VJAsdbzea4stqNWizuE,2,wallet,3H5wiHACzDnBMRE63dRGhN8oDzQ5fVZUW8,False,True,3,1NVYQUCvzh4mUS6VJAsdbzea4stqNWizuE|32998848|3H5wiHACzDnBMRE63dRGhN8oDzQ5fVZUW8,wallet|transaction|wallet,|0.0174571|0.0890462,|0.0174571|0.0178092,|0.905271|0.000811696
1NVzdzHSzDzfPTNtsTe4WJ16SSuE1yLt5x,2,wallet,3HSyBtR7sX1KbnPeGs3TLDTC8qWC7YpXKx,False,True,3,1NVzdzHSzDzfPTNtsTe4WJ16SSuE1yLt5x|268868308|3HSyBtR7sX1KbnPeGs3TLDTC8qWC7YpXKx,wallet|transaction|wallet,|0.0169021|0.0887899,|0.0169021|0.0887899,|0.909495|0.00418603
1NW4VrxiqSu7nQT4m4Fds1xSzJrVy2iyA,2,wallet,3LYkhZLUdkvLabpRkBUuFmUYQjPPJXiA9N,False,True,3,1NW4VrxiqSu7nQT4m4Fds1xSzJrVy2iyA|180533541|3LYkhZLUdkvLabpRkBUuFmUYQjPPJXiA9N,wallet|transaction|wallet,|0.0169969|0.0888098,|0.0169969|0.0444049,|0.90648|0.0049969
1NWzKMHnAXTobV6KjpSq1rSUZzbNQCmCuh,2,wallet,3JDKhmXneN7H7bF9XsGg88y3P8afD7hV5k,False,True,3,1NWzKMHnAXTobV6KjpSq1rSUZzbNQCmCuh|92107631|3JDKhmXneN7H7bF9XsGg88y3P8afD7hV5k,wallet|transaction|wallet,|0.0168867|0.0891286,|0.0168867|0.0178257,|0.882135|1.00374e-05
1NZQf3hVTH7wdJ9viDvYvq89c9R3NUhiBY,2,wallet,17BsRC8r8fQ4xCSar1eJpDanVurXEMuh1s,False,True,3,1NZQf3hVTH7wdJ9viDvYvq89c9R3NUhiBY|372690620|17BsRC8r8fQ4xCSar1eJpDanVurXEMuh1s,wallet|transaction|wallet,|0.0168778|0.0887522,|0.0168778|0.0887522,|0.876038|0.0144414
1NZRSm3CYqSXKfWME8rcvhzMWVRfbNw2Ti,2,wallet,3Mjnwh7GAttswV4XEv7rUJMpitcj3FZtPE,False,True,3,1NZRSm3CYqSXKfWME8rcvhzMWVRfbNw2Ti|252180915|3Mjnwh7GAttswV4XEv7rUJMpitcj3FZtPE,wallet|transaction|wallet,|0.0169047|0.0887915,|0.0169047|0.0887915,|0.921848|0.00717485
1NZcjvadnZznxUVQB4NekpaLsyC4HnXxBx,2,wallet,1585heda2EuGUU16go6o8nh5pVqbm8mrrB,False,True,3,1NZcjvadnZznxUVQB4NekpaLsyC4HnXxBx|272094207|1585heda2EuGUU16go6o8nh5pVqbm8mrrB,wallet|transaction|wallet,|0.0168727|0.0887765,|0.0168727|0.0887765,|0.876238|0.0187231
1NcRLUeCXWWR9PYMEixVqQjWR1hLKcGctB,2,wallet,19zQCiqDxsmAWSpCd9oGSPGTafPvEciKaz,False,True,3,1NcRLUeCXWWR9PYMEixVqQjWR1hLKcGctB|99152943|19zQCiqDxsmAWSpCd9oGSPGTafPvEciKaz,wallet|transaction|wallet,|0.0175138|0.088739,|0.0175138|0.0295797,|0.875224|-0.00481409
1NhdNj1TPcuVrXERexkgAWEzf2fM2mf8HD,2,wallet,335FwFN25mqT9SvZywWe89qf4EZbPxMKy1,False,True,3,1NhdNj1TPcuVrXERexkgAWEzf2fM2mf8HD|32168716|335FwFN25mqT9SvZywWe89qf4EZbPxMKy1,wallet|transaction|wallet,|0.0164967|0.0889803,|0.0164967|0.0889803,|0.526963|0.0557275
1NnRCQUZx7AHaJ93N5w2VdrUF52NeRdnkc,2,wallet,3JFzWJQMLVh47PmAP6h2183HeSYAR2jxBV,False,True,3,1NnRCQUZx7AHaJ93N5w2VdrUF52NeRdnkc|268850899|3JFzWJQMLVh47PmAP6h2183HeSYAR2jxBV,wallet|transaction|wallet,|0.0169945|0.0888022,|0.0169945|0.0444011,|0.896616|0.00111222
1NsQP6bu7gBxLN8GYengGjhPTpuHahp8oA,2,wallet,1F8cRm4sGziYVWJtwzVmtcS9jzu6ARYBAp,False,True,3,1NsQP6bu7gBxLN8GYengGjhPTpuHahp8oA|8695835|1F8cRm4sGziYVWJtwzVmtcS9jzu6ARYBAp,wallet|transaction|wallet,|0.0169519|0.0891244,|0.0169519|0.0891244,|0.975832|0.0571474
1NuvUXhv8JqCjfFqetCiBoBhkFC8dEehUj,2,wallet,1EMGtRnjEX5ALg9wDBBYBNEFjvsAKFXpA5,False,True,3,1NuvUXhv8JqCjfFqetCiBoBhkFC8dEehUj|99675959|1EMGtRnjEX5ALg9wDBBYBNEFjvsAKFXpA5,wallet|transaction|wallet,|0.0168794|0.0887412,|0.0168794|0.0887412,|0.879382|0.00840795
1Nvgnw1kYZXAZEzem3gzaY2mLXGkmj4MyV,2,wallet,38JfGNavXNFihg1of6fryprEnXFEqYLuJu,False,True,3,1Nvgnw1kYZXAZEzem3gzaY2mLXGkmj4MyV|162341820|38JfGNavXNFihg1of6fryprEnXFEqYLuJu,wallet|transaction|wallet,|0.0168626|0.0887727,|0.0168626|0.0110966,|0.680935|-0.000393428
1NxQnaq2CneBEZKdzarUJpzjCuuJdPCsii,2,wallet,35Y94HRpnBnVcQ81fXxAi9Jc2VxWnp79UX,False,True,3,1NxQnaq2CneBEZKdzarUJpzjCuuJdPCsii|99675948|35Y94HRpnBnVcQ81fXxAi9Jc2VxWnp79UX,wallet|transaction|wallet,|0.0169145|0.0887432,|0.0169145|0.0443716,|0.899406|0.000221908
1P1igkziMM1Q6nxSXzKnR7L8Knxa7c9hUZ,2,wallet,1TCo5H8koyJcVT2wmyiP24nGUBvuGN256,False,True,3,1P1igkziMM1Q6nxSXzKnR7L8Knxa7c9hUZ|288381511|1TCo5H8koyJcVT2wmyiP24nGUBvuGN256,wallet|transaction|wallet,|0.0168452|0.0888901,|0.0168452|0.0888901,|0.856793|0.000683665
1P3V1MKqS4PpTQKkifU7ApsUE9E9MokkUE,2,wallet,3EWcy1SBK15BRSfT4VKD4NTeoxk6vaubYL,False,True,3,1P3V1MKqS4PpTQKkifU7ApsUE9E9MokkUE|155316665|3EWcy1SBK15BRSfT4VKD4NTeoxk6vaubYL,wallet|transaction|wallet,|0.0169746|0.0890052,|0.00848728|0.0296684,|0.00396565|0.00177721
1P4dbBvQhsy4hyRRjRLe3tYyWkUNffUfmK,2,wallet,1P3PfxfB4KeGryDUgDyWZzNwZqna59sSFK,False,True,3,1P4dbBvQhsy4hyRRjRLe3tYyWkUNffUfmK|288338048|1P3PfxfB4KeGryDUgDyWZzNwZqna59sSFK,wallet|transaction|wallet,|0.0168459|0.0888946,|0.0168459|0.0888946,|0.866571|-0.000556231
1P5H4XkisJYxZbMAkrLeFCGdHR7wsqT3dZ,2,wallet,3NH7yLEGEAkZrhfskw19PXJmFCLtrnNxGd,False,True,3,1P5H4XkisJYxZbMAkrLeFCGdHR7wsqT3dZ|175143452|3NH7yLEGEAkZrhfskw19PXJmFCLtrnNxGd,wallet|transaction|wallet,|0.01684|0.0886018,|0.01684|0.0886018,|0.68257|-0.0137652
1P5YaSxFC8ATDCLHbJ5PumULbbpgyijWGQ,2,wallet,1NboHMu1oe9rSRuGZxGf5x97zcALCZxEnm,False,True,3,1P5YaSxFC8ATDCLHbJ5PumULbbpgyijWGQ|95660662|1NboHMu1oe9rSRuGZxGf5x97zcALCZxEnm,wallet|transaction|wallet,|0.0168438|0.088878,|0.0168438|0.088878,|0.860644|0.00137138
1P5uw8xR615vu37MzEWqW2x9hqqe9c3cmW,2,wallet,3KFgzj1HLX5g79rgxc1atRCwkHRmputNdP,False,True,3,1P5uw8xR615vu37MzEWqW2x9hqqe9c3cmW|30179335|3KFgzj1HLX5g79rgxc1atRCwkHRmputNdP,wallet|transaction|wallet,|0.0168629|0.0889506,|0.0168629|0.0889506,|0.907029|-0.00516289
1P7Th3fuaQrczjDhze2jw7gT2oviqEogcL,2,wallet,3FMxEmNfDycwELFCkkYezWth5uhKfQo7s8,False,True,3,1P7Th3fuaQrczjDhze2jw7gT2oviqEogcL|9259519|3FMxEmNfDycwELFCkkYezWth5uhKfQo7s8,wallet|transaction|wallet,|0.0168851|0.0889241,|0.0168851|0.0889241,|0.945706|-0.00245857
1P7WdJweuAAjGRVZaKbH5V8SnKs8tApGvw,2,wallet,13sfx2quyLUEyvcrPZESQDhxoFLLE9SvDq,False,True,3,1P7WdJweuAAjGRVZaKbH5V8SnKs8tApGvw|339057500|13sfx2quyLUEyvcrPZESQDhxoFLLE9SvDq,wallet|transaction|wallet,|0.0168839|0.0886552,|0.0168839|0.0886552,|0.887975|0.0472021
1P7Zg12kgBxzjnnmMkgsQJCbZaPDeJdVac,2,wallet,39M5wWQ1rk3F7zrodaJ9r1RpikZM2Q3k1L,False,True,3,1P7Zg12kgBxzjnnmMkgsQJCbZaPDeJdVac|204054358|39M5wWQ1rk3F7zrodaJ9r1RpikZM2Q3k1L,wallet|transaction|wallet,|0.0168912|0.0890029,|0.0168912|0.00890029,|0.826984|-0.000177062
1P8gieDf1V3nHYSN6nwg8xrHgamp4fHFvX,2,wallet,3FfKvRjCg3Ev3Li5Ly5ybZL2itAn2TCjji,False,True,3,1P8gieDf1V3nHYSN6nwg8xrHgamp4fHFvX|286848744|3FfKvRjCg3Ev3Li5Ly5ybZL2itAn2TCjji,wallet|transaction|wallet,|0.0168953|0.0887719,|0.0168953|0.0887719,|0.938389|0.0089134
1PBctcXYw3kfPWrJzuUdqcRPZU97pcNp8z,2,wallet,3AypQiPJor61AGJRy3xDE3AoW1jCxm52RA,False,True,3,1PBctcXYw3kfPWrJzuUdqcRPZU97pcNp8z|1061125|3AypQiPJor61AGJRy3xDE3AoW1jCxm52RA,wallet|transaction|wallet,|0.0169039|0.0891501,|0.0169039|0.0127357,|0.889038|-0.000359552
1PDMaKZCs6uBzS7SvQFu472b6RMUTyUCLY,2,wallet,3718rTWDj8Btf89atJZeZh9HHVskbCbt2E,False,True,3,1PDMaKZCs6uBzS7SvQFu472b6RMUTyUCLY|157638198|3718rTWDj8Btf89atJZeZh9HHVskbCbt2E,wallet|transaction|wallet,|0.0168544|0.0890905,|0.0168544|0.0890905,|0.911272|-0.0154724
1PE5eZjjan5BHwSzZtHii4EzFrACtLqNUG,2,wallet,372f78GdSD9LYqEj3BwdVXMgTrfjkGD1S3,False,True,3,1PE5eZjjan5BHwSzZtHii4EzFrACtLqNUG|332329712|372f78GdSD9LYqEj3BwdVXMgTrfjkGD1S3,wallet|transaction|wallet,|0.0170017|0.0887793,|0.0170017|0.0295931,|0.878449|0.0200912
1PK1QDGsf7vrTWx7Nifpi8f1WrrQ7R74MB,2,wallet,3Lta3AzDmJzT42t2xt87kERao6DBQQDcuZ,False,True,3,1PK1QDGsf7vrTWx7Nifpi8f1WrrQ7R74MB|105588432|3Lta3AzDmJzT42t2xt87kERao6DBQQDcuZ,wallet|transaction|wallet,|0.0168553|0.0890314,|0.0168553|0.0890314,|0.908292|-0.0112016
1PLDDz4D6BfX3mogxozQ3XSxsr7gGG43w2,2,wallet,1D2DPPr4tHshenzqutwbicBdpgLjUo4KPK,False,True,3,1PLDDz4D6BfX3mogxozQ3XSxsr7gGG43w2|84314264|1D2DPPr4tHshenzqutwbicBdpgLjUo4KPK,wallet|transaction|wallet,|0.0168927|0.088809,|0.0168927|0.088809,|0.936485|0.00283092
1PPQw1tN8cvrUDCgTdPz52Aw1ybG7VucLM,2,wallet,19txyUgKRJpKGkS5txgujg5qiThD3NFtAr,False,True,3,1PPQw1tN8cvrUDCgTdPz52Aw1ybG7VucLM|115133562|19txyUgKRJpKGkS5txgujg5qiThD3NFtAr,wallet|transaction|wallet,|0.0168473|0.0889307,|0.0168473|0.0889307,|0.804233|-0.023461
1PPb41DbieXFWaT1db5GhvdA7hErGvs3SW,2,wallet,3GhtjDLFhevCZmParfC2yrimZ5wsUBKbJG,False,True,3,1PPb41DbieXFWaT1db5GhvdA7hErGvs3SW|84334516|3GhtjDLFhevCZmParfC2yrimZ5wsUBKbJG,wallet|transaction|wallet,|0.0169748|0.0888497,|0.0169748|0.0296166,|0.887936|0.00179442
1PSoiHVZPVh2yUg6cEX3BdcogdxrCA5fLX,2,wallet,1FUYqSRABvM6FWBCFASJt6emaLoLuTdbCf,False,True,3,1PSoiHVZPVh2yUg6cEX3BdcogdxrCA5fLX|84324622|1FUYqSRABvM6FWBCFASJt6emaLoLuTdbCf,wallet|transaction|wallet,|0.0168683|0.0887969,|0.0168683|0.0887969,|0.866495|0.0408234
1PUbjX8ws7hwDCUhFY3dWCdjVar4ZruCrP,2,wallet,1Mbeeo8riHQJhG4BzUcitto2epk8je3AGe,False,True,3,1PUbjX8ws7hwDCUhFY3dWCdjVar4ZruCrP|268924467|1Mbeeo8riHQJhG4BzUcitto2epk8je3AGe,wallet|transaction|wallet,|0.0172241|0.0879969,|0.0172241|0.0879969,|0.937994|0.0851299
1PW9rB5CSMbGQUWS8AeJ3oiMadQaenZwJz,2,wallet,39fPdffe2i1bhS6vnjYVZbdieKekapMK5q,False,True,3,1PW9rB5CSMbGQUWS8AeJ3oiMadQaenZwJz|332328678|39fPdffe2i1bhS6vnjYVZbdieKekapMK5q,wallet|transaction|wallet,|0.0168853|0.0887593,|0.0168853|0.0295864,|0.907405|-0.00109931
1PXhyxZQuWbsBdjHBjfU8Kg5NNQeKdhUgG,2,wallet,1KGrsobnBaYwXDFbrVRZ1cWfFmhLFD1XSz,False,True,3,1PXhyxZQuWbsBdjHBjfU8Kg5NNQeKdhUgG|33356722|1KGrsobnBaYwXDFbrVRZ1cWfFmhLFD1XSz,wallet|transaction|wallet,|0.0168692|0.0886081,|0.0168692|0.0886081,|0.878963|0.0321003
1PZSDNT4nt7WQE4JCwEdkyQ8zhp33YUgjh,2,wallet,16MXn1DaHzGDtbJDCwc5CyHMfUyS1iV9uy,False,True,3,1PZSDNT4nt7WQE4JCwEdkyQ8zhp33YUgjh|272088182|16MXn1DaHzGDtbJDCwc5CyHMfUyS1iV9uy,wallet|transaction|wallet,|0.0168728|0.0887759,|0.0168728|0.0887759,|0.87408|0.0331066
1PZpwReboGbhooP47jTMSqr9coquGQ7ZcY,2,wallet,1nkXafhRKzhjTaf7RpBQ3ydVYEYZpMpFf,False,True,3,1PZpwReboGbhooP47jTMSqr9coquGQ7ZcY|25342845|1nkXafhRKzhjTaf7RpBQ3ydVYEYZpMpFf,wallet|transaction|wallet,|0.0168387|0.0889226,|0.0168387|0.0889226,|0.844153|-0.00298321
1PaeZ7nbjY9GHEY9aYkNJ43XYVjM5AD73Y,2,wallet,3LYkhZLUdkvLabpRkBUuFmUYQjPPJXiA9N,False,True,3,1PaeZ7nbjY9GHEY9aYkNJ43XYVjM5AD73Y|180533541|3LYkhZLUdkvLabpRkBUuFmUYQjPPJXiA9N,wallet|transaction|wallet,|0.0169969|0.0888098,|0.0169969|0.0444049,|0.906195|0.00514165
1PetJ7RHiHcLuv8jb65ZBTNPf6a2HTDBvi,2,wallet,3JMq398rmxdcKA1w7euF2PHz826csEZNTE,False,True,3,1PetJ7RHiHcLuv8jb65ZBTNPf6a2HTDBvi|69439512|3JMq398rmxdcKA1w7euF2PHz826csEZNTE,wallet|transaction|wallet,|0.0168939|0.0888042,|0.0168939|0.0888042,|0.928917|0.00293517
1Pi2TCKwjvqJPag2Yr1BGSFydREgDWnMtY,2,wallet,19qVo3Bi48CQ5YwtjLa97y78EpjrYnZRG3,False,True,3,1Pi2TCKwjvqJPag2Yr1BGSFydREgDWnMtY|194079659|19qVo3Bi48CQ5YwtjLa97y78EpjrYnZRG3,wallet|transaction|wallet,|0.0168481|0.0890548,|0.0168481|0.0445274,|0.7844|-0.00603887
1PiQyzbsYmkFLwb6P17Qx6SrWzvtRJUY2K,2,wallet,13DWRecQMh9Sjh5akJJxNK33tXEdd2NPvD,False,True,3,1PiQyzbsYmkFLwb6P17Qx6SrWzvtRJUY2K|331611894|13DWRecQMh9Sjh5akJJxNK33tXEdd2NPvD,wallet|transaction|wallet,|0.0169203|0.0887632,|0.0169203|0.0443816,|0.875194|2.01464e-05
1PiiFvUHNHk8ZvX9BWHBwiRtfYNXe4o4zD,2,wallet,1Mbeeo8riHQJhG4BzUcitto2epk8je3AGe,False,True,3,1PiiFvUHNHk8ZvX9BWHBwiRtfYNXe4o4zD|372677412|1Mbeeo8riHQJhG4BzUcitto2epk8je3AGe,wallet|transaction|wallet,|0.0166188|0.0879969,|0.0166188|0.0439985,|0.907792|0.0730961
1Pk5mLsSmekv1yCtNoCF8h9wnMWB5B136x,2,wallet,3BZwsuFaejXa87mg3yfMkdUpZ3GZtxkLue,False,True,3,1Pk5mLsSmekv1yCtNoCF8h9wnMWB5B136x|32754708|3BZwsuFaejXa87mg3yfMkdUpZ3GZtxkLue,wallet|transaction|wallet,|0.0170141|0.0888366,|0.0170141|0.0177673,|0.914509|6.22988e-05
1PkkWYCvsWXJYsiWRmie9foHEPoRxhV1rA,2,wallet,3Bpbev1NCGA2yJBao8yVzNYFe7boER3b4F,False,True,3,1PkkWYCvsWXJYsiWRmie9foHEPoRxhV1rA|332329138|3Bpbev1NCGA2yJBao8yVzNYFe7boER3b4F,wallet|transaction|wallet,|0.0168974|0.088769,|0.0168974|0.088769,|0.902046|0.00688732
1PmJzN97fm1kqx9xoLicHDZ1edGJN5YVex,2,wallet,1MeFBRNnT91GY227gh1iwuxbMP9sL59w1K,False,True,3,1PmJzN97fm1kqx9xoLicHDZ1edGJN5YVex|30179367|1MeFBRNnT91GY227gh1iwuxbMP9sL59w1K,wallet|transaction|wallet,|0.0168659|0.0889226,|0.0168659|0.0889226,|0.849553|-0.00169271
1PxhoYtt4vzR6uZWjhDBP8MXyQRj3JnFXE,2,wallet,3HpLMNiZiVDENKTvUzADfwKdk2AZbpB59T,False,True,3,1PxhoYtt4vzR6uZWjhDBP8MXyQRj3JnFXE|84354631|3HpLMNiZiVDENKTvUzADfwKdk2AZbpB59T,wallet|transaction|wallet,|0.0168921|0.0888194,|0.0168921|0.0888194,|0.923496|0.00619072
1PzbQG9CWPRtNbMPAiwhBTUg6RbuRxmCiu,2,wallet,38JfGNavXNFihg1of6fryprEnXFEqYLuJu,False,True,3,1PzbQG9CWPRtNbMPAiwhBTUg6RbuRxmCiu|162341820|38JfGNavXNFihg1of6fryprEnXFEqYLuJu,wallet|transaction|wallet,|0.0168626|0.0887727,|0.0168626|0.0110966,|0.6544|-0.000648819
1PzhPdQqzXSsvy9axZZrLYbYe8831ez6nN,2,wallet,3PeK3kfXJEFihTSYM3svfAzTWHvoxidL4M,False,True,3,1PzhPdQqzXSsvy9axZZrLYbYe8831ez6nN|165065715|3PeK3kfXJEFihTSYM3svfAzTWHvoxidL4M,wallet|transaction|wallet,|0.0176532|0.0887738,|0.0176532|0.0887738,|0.997578|0.00182575
1Q1du7pbYr9vhm3UZRkwod3N3SgXpQ8UJy,2,wallet,34pV1hfhVwW5EPZc85tDM4R8zecXE8EfuU,False,True,3,1Q1du7pbYr9vhm3UZRkwod3N3SgXpQ8UJy|94439799|34pV1hfhVwW5EPZc85tDM4R8zecXE8EfuU,wallet|transaction|wallet,|0.0168639|0.088904,|0.0168639|0.088904,|0.913319|-0.00188118
1Q37aG2kXuwr4kfVeBin9vEAsjZy9n6TBq,2,wallet,3HyqUfX7m7PNPxqgN3KkajodvFJf1y1DvX,False,True,3,1Q37aG2kXuwr4kfVeBin9vEAsjZy9n6TBq|312223867|3HyqUfX7m7PNPxqgN3KkajodvFJf1y1DvX,wallet|transaction|wallet,|0.0169026|0.088764,|0.0169026|0.088764,|0.920549|0.00617611
1Q3PA1zEnw3WikgfWQ7KexJHnrS2j596qv,2,wallet,3K1UvCA5gDJd2r3MAwHKntYo4vKUSZbhe8,False,True,3,1Q3PA1zEnw3WikgfWQ7KexJHnrS2j596qv|85004958|3K1UvCA5gDJd2r3MAwHKntYo4vKUSZbhe8,wallet|transaction|wallet,|0.012898|0.0952997,|0.012898|0.0952997,|-0.00630182|0.0308128
1Q3d8GAEFpdvfAFbD5uPSgpFpSnY6go4mK,2,wallet,1HEF7JSsnXfEDko9skuENa3ngMBT9Jz42s,False,True,3,1Q3d8GAEFpdvfAFbD5uPSgpFpSnY6go4mK|209039942|1HEF7JSsnXfEDko9skuENa3ngMBT9Jz42s,wallet|transaction|wallet,|0.0168993|0.0887275,|0.0168993|0.0887275,|0.907079|0.033927
1Q496pLQNGiadSPFSBbD3o7RQeqRbie3n9,2,wallet,1JcJc34VP8jhnfbNsh7EMdEQ1AMnn6ZjFp,False,True,3,1Q496pLQNGiadSPFSBbD3o7RQeqRbie3n9|92575858|1JcJc34VP8jhnfbNsh7EMdEQ1AMnn6ZjFp,wallet|transaction|wallet,|0.0168438|0.0888778,|0.0168438|0.0888778,|0.860524|0.0012387
1QB6uVbaF7e8V3vvp9GqZ8FMABBYdF56GR,2,wallet,3EbsSuH5gtbdctYw7Bd7mGxE7DGP4QHq4k,False,True,3,1QB6uVbaF7e8V3vvp9GqZ8FMABBYdF56GR|268855050|3EbsSuH5gtbdctYw7Bd7mGxE7DGP4QHq4k,wallet|transaction|wallet,|0.0169038|0.0888008,|0.0169038|0.0296003,|0.90753|6.63598e-05
1QE9jQREGmf8TE5DCkohwJeu1HXgEJuvVj,2,wallet,3Fr1H62NuXsEXFcvi9GTmfhKVvA2ec5cf7,False,True,3,1QE9jQREGmf8TE5DCkohwJeu1HXgEJuvVj|130377008|3Fr1H62NuXsEXFcvi9GTmfhKVvA2ec5cf7,wallet|transaction|wallet,|0.0169084|0.088807,|0.0169084|0.0444035,|0.907992|0.000303596
1QHCJc2hM12qRfSCQuo5rcFMcTu1XHYJL3,2,wallet,3HEmmGUY5HpNzrFN1hyje3gJ3Bd271F5z4,False,True,3,1QHCJc2hM12qRfSCQuo5rcFMcTu1XHYJL3|331577592|3HEmmGUY5HpNzrFN1hyje3gJ3Bd271F5z4,wallet|transaction|wallet,|0.0168921|0.0887552,|0.0168921|0.0887552,|0.894133|0.00945026
1QHiJRe98UvzLaz1HadCkG2sk9Tk8Wo4qD,2,wallet,3JKWA7U9e9STcgbJqegwJCqdPhxUTETMM2,False,True,3,1QHiJRe98UvzLaz1HadCkG2sk9Tk8Wo4qD|10174994|3JKWA7U9e9STcgbJqegwJCqdPhxUTETMM2,wallet|transaction|wallet,|0.0168626|0.0889684,|0.0168626|0.0889684,|0.927826|-0.00382704
1QJ3Wyfwg6KV7ymxC6JBSCXCEi9F2gLMq9,2,wallet,1CV9cW5qRbbqfg86WgDN1wUe39sWsgvsPN,False,True,3,1QJ3Wyfwg6KV7ymxC6JBSCXCEi9F2gLMq9|30179871|1CV9cW5qRbbqfg86WgDN1wUe39sWsgvsPN,wallet|transaction|wallet,|0.0168334|0.0889263,|0.0168334|0.0889263,|0.839574|-0.00705963
1QLHNAEzTgArNtFUZNCQbVsDhp8x8Qbm4s,2,wallet,12TjsAJSUkF3HEBzbAH8vQHTbP3TUS2vWb,False,True,3,1QLHNAEzTgArNtFUZNCQbVsDhp8x8Qbm4s|84314473|12TjsAJSUkF3HEBzbAH8vQHTbP3TUS2vWb,wallet|transaction|wallet,|0.0166358|0.0887893,|0.0166358|0.0177579,|0.992495|0.0396875
1RLaw2bbzUnoHAt3HG8EQVDiQd8fTzcsi,2,wallet,18MthfgNmpyduwMaEj3WawEzYDaYZqg5Qs,False,True,3,1RLaw2bbzUnoHAt3HG8EQVDiQd8fTzcsi|105885385|18MthfgNmpyduwMaEj3WawEzYDaYZqg5Qs,wallet|transaction|wallet,|0.0168263|0.0889952,|0.0168263|0.0889952,|0.815128|-0.0174155
1SU6TPAACtJDCZQaR8ZGbDj8njhbtPZr1,2,wallet,3Hq8LMA4WEEHJR2pr9biroJYJnyhbheBP6,False,True,3,1SU6TPAACtJDCZQaR8ZGbDj8njhbtPZr1|269134288|3Hq8LMA4WEEHJR2pr9biroJYJnyhbheBP6,wallet|transaction|wallet,|0.0151492|0.0953017,|0.0151492|0.0476509,|0.87257|0.000735641
1XnRxtYkYUVtgBU9FJVqk92G3HQQDpwpU,2,wallet,39M5wWQ1rk3F7zrodaJ9r1RpikZM2Q3k1L,False,True,3,1XnRxtYkYUVtgBU9FJVqk92G3HQQDpwpU|204054358|39M5wWQ1rk3F7zrodaJ9r1RpikZM2Q3k1L,wallet|transaction|wallet,|0.0168912|0.0890029,|0.0168912|0.00890029,|0.844974|2.40982e-05
1ZBLsdb4LsBXSbawQ1CjW2XRk6pvgRsRm,2,wallet,3PXqZzjQvg4qL1T7fJJ2tDdVygZu4sCJpX,False,True,3,1ZBLsdb4LsBXSbawQ1CjW2XRk6pvgRsRm|99675954|3PXqZzjQvg4qL1T7fJJ2tDdVygZu4sCJpX,wallet|transaction|wallet,|0.0169173|0.0887396,|0.0169173|0.0443698,|0.899486|9.41753e-06
1cwo29APcCPLHEg1yLxQ35FTghoYeGozn,2,wallet,3NGEaUcni4jrk8v2JNLpEFUxrtQ1ogh8fT,False,True,3,1cwo29APcCPLHEg1yLxQ35FTghoYeGozn|268860742|3NGEaUcni4jrk8v2JNLpEFUxrtQ1ogh8fT,wallet|transaction|wallet,|0.0150836|0.093809,|0.0150836|0.093809,|0.993951|0.226335
1e5KjugHcF4ZSXa64ktjeKBNcf6gJ1aYv,2,wallet,1KcJ3Nd5RWHDif7KCUAdowCastvth86hqf,False,True,3,1e5KjugHcF4ZSXa64ktjeKBNcf6gJ1aYv|74190451|1KcJ3Nd5RWHDif7KCUAdowCastvth86hqf,wallet|transaction|wallet,|0.0168831|0.0888616,|0.0168831|0.0888616,|0.962298|0.00358188
1eneWaDJ6MmvekwMNL7P6b8B1JYPEbWfw,2,wallet,3GvsmH65U7XkaB1ono7LXJmYp5HGTdXqcP,False,True,3,1eneWaDJ6MmvekwMNL7P6b8B1JYPEbWfw|268864347|3GvsmH65U7XkaB1ono7LXJmYp5HGTdXqcP,wallet|transaction|wallet,|0.016879|0.0888066,|0.016879|0.0296022,|0.895765|0.000701745
1fNhXf6XkKG96zkjjPrQPexdPz4jBCML7,2,wallet,1GewgM8fduoco97RbAVjVw6jffWNtfQLf9,False,True,3,1fNhXf6XkKG96zkjjPrQPexdPz4jBCML7|143762109|1GewgM8fduoco97RbAVjVw6jffWNtfQLf9,wallet|transaction|wallet,|0.0168965|0.0888592,|0.0168965|0.0444296,|0.855441|0.00146371
1jtSxQLFFouF1WZRkkGhwjQzH6Yuiu8Wy,2,wallet,1Nuomh12gXEksJrFR6iByyjT74sqsCtZ9q,False,True,3,1jtSxQLFFouF1WZRkkGhwjQzH6Yuiu8Wy|97702369|1Nuomh12gXEksJrFR6iByyjT74sqsCtZ9q,wallet|transaction|wallet,|0.0168457|0.0889482,|0.0168457|0.0889482,|0.844043|-0.00256467
1jz9JthJ86q8ZiqK1XZmwvPgxBA8Uh9fi,2,wallet,39BXgpiEQ11Bwbe3nSTdqHaUjNoYaH27uD,False,True,3,1jz9JthJ86q8ZiqK1XZmwvPgxBA8Uh9fi|100075809|39BXgpiEQ11Bwbe3nSTdqHaUjNoYaH27uD,wallet|transaction|wallet,|0.016951|0.088746,|0.016951|0.00986067,|0.873823|-4.08027e-05
1mPUWyAWYyj23mpst6uceCaHE6p9tkLQ3,2,wallet,3M3Wp24aJ5KSsB6ToKTVRx4f6L5CACwrGH,False,True,3,1mPUWyAWYyj23mpst6uceCaHE6p9tkLQ3|372682840|3M3Wp24aJ5KSsB6ToKTVRx4f6L5CACwrGH,wallet|transaction|wallet,|0.0169176|0.0887634,|0.0169176|0.0443817,|0.908522|0.00275952
1mw8V8rQEfEJKgPyghNwN6oJFZ8N4q3AA,2,wallet,1Na5waSqokYwsXAYVG66Godp2Z9ZjHSMTz,False,True,3,1mw8V8rQEfEJKgPyghNwN6oJFZ8N4q3AA|106001216|1Na5waSqokYwsXAYVG66Godp2Z9ZjHSMTz,wallet|transaction|wallet,|0.0168436|0.0889997,|0.0168436|0.0889997,|0.743773|-0.0603214
1n2gH3VPQ91VxdmVwoxV9eGNKEq9iVFFS,2,wallet,1GHnzKLtVb3U54wbFRyRBUCqXSNyS8zha,False,True,3,1n2gH3VPQ91VxdmVwoxV9eGNKEq9iVFFS|372679967|1GHnzKLtVb3U54wbFRyRBUCqXSNyS8zha,wallet|transaction|wallet,|0.0168818|0.0887529,|0.0168818|0.0887529,|0.878364|0.0137253
1nCNUSRKGzGta7u7EmdQptbF7m2qyjht9,2,wallet,3Qe33iDwqJrzFFfwiyiwSwEGCjwyf14sm4,False,True,3,1nCNUSRKGzGta7u7EmdQptbF7m2qyjht9|312108743|3Qe33iDwqJrzFFfwiyiwSwEGCjwyf14sm4,wallet|transaction|wallet,|0.0168971|0.0887752,|0.0168971|0.0147959,|0.904395|0.000409643
1om2K23kFcMt95RLMmeDtxAt4YGyS2WVm,2,wallet,36RAtSFnQTgNbRfeJH3kowpJtDgxVdyE5P,False,True,3,1om2K23kFcMt95RLMmeDtxAt4YGyS2WVm|85004975|36RAtSFnQTgNbRfeJH3kowpJtDgxVdyE5P,wallet|transaction|wallet,|0.0169057|0.0888218,|0.0169057|0.0222054,|0.897864|0.00566517
1om4hkVmTn8gE52vs9uPgs4qoybV9g2e8,2,wallet,1BST7WP6ojsa4n6VsmoxKqWd5pBrs6deES,False,True,3,1om4hkVmTn8gE52vs9uPgs4qoybV9g2e8|344453848|1BST7WP6ojsa4n6VsmoxKqWd5pBrs6deES,wallet|transaction|wallet,|0.0168626|0.0886867,|0.0168626|0.0443434,|0.822825|0.0127313
1onSUxyN2Zm2X2PBETupqysFW9TQJ3B1b,2,wallet,17Krnjs5twYG79cpdzpoBr9nZchgYaGooS,False,True,3,1onSUxyN2Zm2X2PBETupqysFW9TQJ3B1b|37232504|17Krnjs5twYG79cpdzpoBr9nZchgYaGooS,wallet|transaction|wallet,|0.0168685|0.0888634,|0.0168685|0.0888634,|0.859681|0.00322694
1rZvZdiWHgKALDbnrFb7pg4q4uZqPfHfu,2,wallet,3AQiJsiG938auFMaXJR6MP9WktbNp86MS7,False,True,3,1rZvZdiWHgKALDbnrFb7pg4q4uZqPfHfu|158931152|3AQiJsiG938auFMaXJR6MP9WktbNp86MS7,wallet|transaction|wallet,|0.0168968|0.088784,|0.0168968|0.088784,|0.908246|0.0227476
1uQuGwHeb6ZuN1dCcaS5a91YB96YxuL4V,2,wallet,38X4LyzPrZ4RwXgFMfb6f8gS4eWWdyhRUQ,False,True,3,1uQuGwHeb6ZuN1dCcaS5a91YB96YxuL4V|272096174|38X4LyzPrZ4RwXgFMfb6f8gS4eWWdyhRUQ,wallet|transaction|wallet,|0.0168888|0.0887718,|0.0168888|0.0221929,|0.87494|0.00775024
1vQVAstgsJ3hAHwtewPSp9M5tqmxKuDgs,2,wallet,3FDjStiviqr5TX9CcsH19eBTatavfFBV9R,False,True,3,1vQVAstgsJ3hAHwtewPSp9M5tqmxKuDgs|84372992|3FDjStiviqr5TX9CcsH19eBTatavfFBV9R,wallet|transaction|wallet,|0.0169075|0.0888035,|0.0169075|0.0444018,|0.904524|4.70877e-06
1wRcwYcDnP9kc95vkxcjpRLfvuzPEPgC5,2,wallet,1LtngeuXEUNTy5EoojC3YgEBtxckFBsdvF,False,True,3,1wRcwYcDnP9kc95vkxcjpRLfvuzPEPgC5|17124347|1LtngeuXEUNTy5EoojC3YgEBtxckFBsdvF,wallet|transaction|wallet,|0.0168451|0.0890084,|0.0168451|0.0296695,|0.802753|-0.0537115
1xm35yxxBH53RKgjQYAuhmC7EMaA3kqMB,2,wallet,3NeBmKtVT2kSp5KJgvWeWDCTA8YAniCXGv,False,True,3,1xm35yxxBH53RKgjQYAuhmC7EMaA3kqMB|84375106|3NeBmKtVT2kSp5KJgvWeWDCTA8YAniCXGv,wallet|transaction|wallet,|0.0168899|0.0888149,|0.0168899|0.0888149,|0.927335|0.0032739
1xur6tpbL8CCKsFu3pxV6pRNetuEDc1K7,2,wallet,3LRVntjrG3WeNKNBjA31GkM3MshSaX7uBo,False,True,3,1xur6tpbL8CCKsFu3pxV6pRNetuEDc1K7|10174843|3LRVntjrG3WeNKNBjA31GkM3MshSaX7uBo,wallet|transaction|wallet,|0.0169705|0.0890651,|0.0169705|0.0445326,|0.870909|-0.00888363
1zDyHpKtk524H517xpZeukBWKsiARZGwg,2,wallet,1AgshAWbeLhNNVk9csCgp8EEqudXK5d4DA,False,True,3,1zDyHpKtk524H517xpZeukBWKsiARZGwg|275638460|1AgshAWbeLhNNVk9csCgp8EEqudXK5d4DA,wallet|transaction|wallet,|0.0168692|0.0887866,|0.0168692|0.0887866,|0.873965|0.00644284
1ztHNbUwnsfSrHFJpvN7UBur4yZbVTuzW,2,wallet,3AexPXmrWQTg1jQpmDDUgwwH7YXDi9yBwh,False,True,3,1ztHNbUwnsfSrHFJpvN7UBur4yZbVTuzW|179193468|3AexPXmrWQTg1jQpmDDUgwwH7YXDi9yBwh,wallet|transaction|wallet,|0.0169097|0.0888047,|0.0169097|0.0177609,|0.929754|0.000652599
12ZgeytYEfSJf3S28FegkBErxBciwbcPAR,1,transaction,194581614,False,True,2,12ZgeytYEfSJf3S28FegkBErxBciwbcPAR|194581614,wallet|transaction,|0.0165641,|0.0165641,|0.994674
12quKG72gEXyQJ18ohPTzCgrS2zURpBujw,1,transaction,37482805,False,True,2,12quKG72gEXyQJ18ohPTzCgrS2zURpBujw|37482805,wallet|transaction,|0.0165159,|0.0165159,|0.982436
12tqvAAymbxeE3ouUEhyJK9u1QA7ZyW4N5,1,transaction,35131819,False,True,2,12tqvAAymbxeE3ouUEhyJK9u1QA7ZyW4N5|35131819,wallet|transaction,|0.0168634,|0.0168634,|0.99844
12y7hG18ZRMHRLYH7g8Ndv7C8L2QwxPi5w,1,transaction,238324122,False,True,2,12y7hG18ZRMHRLYH7g8Ndv7C8L2QwxPi5w|238324122,wallet|transaction,|0.0165999,|0.0165999,|0.998786
14Tu1AC8ZMg51dy1jGXtqkpr2EkZpsuKZk,1,transaction,114406954,False,True,2,14Tu1AC8ZMg51dy1jGXtqkpr2EkZpsuKZk|114406954,wallet|transaction,|0.0168463,|0.0168463,|1.19209e-07
14VisL6uJYtF8suriF1wjJfFPTffua89yv,1,transaction,355095705,False,True,2,14VisL6uJYtF8suriF1wjJfFPTffua89yv|355095705,wallet|transaction,|0.0176007,|0.0176007,|0.958969
14rZw61CjPMvDanG2R2pyn6LHmBBmsQrm2,1,transaction,355004661,False,True,2,14rZw61CjPMvDanG2R2pyn6LHmBBmsQrm2|355004661,wallet|transaction,|0.0163908,|0.0163908,|0.968409
15JCJQjdQMWaU3JFc4Eo8jTrUk32tXK8iS,1,transaction,182466028,False,True,2,15JCJQjdQMWaU3JFc4Eo8jTrUk32tXK8iS|182466028,wallet|transaction,|0.0162809,|0.0162809,|0.995698
15vZmv9G6nGWpo7nF27NM6M9tPshqDxnyD,1,transaction,85004982,False,True,2,15vZmv9G6nGWpo7nF27NM6M9tPshqDxnyD|85004982,wallet|transaction,|0.0172858,|0.0172858,|0.99796
15xLLnHWtHF36nLpwoHekdo4jBhXbjVTuu,1,transaction,215597095,False,True,2,15xLLnHWtHF36nLpwoHekdo4jBhXbjVTuu|215597095,wallet|transaction,|0.017682,|0.017682,|0.876252
16NSm4pYiGZ5KGnTrzoTAQnpJ3BTgEYtAw,1,transaction,210638704,False,True,2,16NSm4pYiGZ5KGnTrzoTAQnpJ3BTgEYtAw|210638704,wallet|transaction,|0.0163472,|0.0163472,|0.990832
17AukWbejGNSeAmR7GtCCpsdHiAYFWVJG2,1,transaction,1744684,False,True,2,17AukWbejGNSeAmR7GtCCpsdHiAYFWVJG2|1744684,wallet|transaction,|0.017653,|0.00882649,|-0.1674
17tRkZH3C2FmbCWGqsJLc1zy4jzm6x7JRg,1,transaction,372684851,False,True,2,17tRkZH3C2FmbCWGqsJLc1zy4jzm6x7JRg|372684851,wallet|transaction,|0.0173196,|0.0173196,|0.994585
183NF32hG2fNJswLAmdws1pANj1H2fVYst,1,transaction,490419,False,True,2,183NF32hG2fNJswLAmdws1pANj1H2fVYst|490419,wallet|transaction,|0.016862,|0.016862,|0.954792
18ySi3D5X8JNXAvna19vLB6HYoENWeJhze,1,transaction,94469337,False,True,2,18ySi3D5X8JNXAvna19vLB6HYoENWeJhze|94469337,wallet|transaction,|0.0165328,|0.0165328,|0.967555
194GQBPLaCoSpY2UKx9i293iZjAbuuNMKT,1,transaction,157863901,False,True,2,194GQBPLaCoSpY2UKx9i293iZjAbuuNMKT|157863901,wallet|transaction,|0.0168504,|0.0168504,|0.911026
1ACNnGMgcguSiujMV1Uss9W7ujo4Yej4BU,1,transaction,200471824,False,True,2,1ACNnGMgcguSiujMV1Uss9W7ujo4Yej4BU|200471824,wallet|transaction,|0.0163084,|0.0163084,|0.773964
1ASkefTZYKsR1gYXPZnG4vYCuMdxwnEcyL,1,transaction,99249284,False,True,2,1ASkefTZYKsR1gYXPZnG4vYCuMdxwnEcyL|99249284,wallet|transaction,|0.0166083,|0.0166083,|0.995421
1BJFp1xvmi1Mf9LaoYizxgXZTtsYg6kVYP,1,transaction,94047430,False,True,2,1BJFp1xvmi1Mf9LaoYizxgXZTtsYg6kVYP|94047430,wallet|transaction,|0.0168896,|0.0168896,|-0.000193119
1BMjQqBC2rxyCcM36q9xmkmMh2F3gAntnG,1,transaction,12678089,False,True,2,1BMjQqBC2rxyCcM36q9xmkmMh2F3gAntnG|12678089,wallet|transaction,|0.0162638,|0.0162638,|0.808913
1BPRNmt3R5Snh7t69sgr1fMJMsVKuDfdYe,1,transaction,110935079,False,True,2,1BPRNmt3R5Snh7t69sgr1fMJMsVKuDfdYe|110935079,wallet|transaction,|0.017215,|0.017215,|0.996976
1BRPy6XgiYMrbYUgCsxPrPC2TbwsTBj6MN,1,transaction,238222610,False,True,2,1BRPy6XgiYMrbYUgCsxPrPC2TbwsTBj6MN|238222610,wallet|transaction,|0.0165894,|0.0082947,|0.472584
1BnSgXni8RoQ2f87h82DSj2bHW9B9wWj7j,1,transaction,346376762,False,True,2,1BnSgXni8RoQ2f87h82DSj2bHW9B9wWj7j|346376762,wallet|transaction,|0.016564,|0.016564,|0.99638
1BsJqx5rZa49TDVMV96YJk154HdxD8kwEe,1,transaction,110935079,False,True,2,1BsJqx5rZa49TDVMV96YJk154HdxD8kwEe|110935079,wallet|transaction,|0.017215,|0.017215,|0.996976
1CM2TuD18LM8uMHZa2azNEZcsF7Hw57GH7,1,transaction,85000162,False,True,2,1CM2TuD18LM8uMHZa2azNEZcsF7Hw57GH7|85000162,wallet|transaction,|0.0162345,|0.0162345,|0.962793
1CQeeF2rEFdNjKhSq1PzPCC4okRrcYvh15,1,transaction,115732159,False,True,2,1CQeeF2rEFdNjKhSq1PzPCC4okRrcYvh15|115732159,wallet|transaction,|0.0165144,|0.00412859,|6.49095e-05
1CaGv1ZGh96MQVdGcUCJdHWreTmDYvFmQD,1,transaction,110935079,False,True,2,1CaGv1ZGh96MQVdGcUCJdHWreTmDYvFmQD|110935079,wallet|transaction,|0.017215,|0.017215,|0.996976
1DbJUJXpoufwjCNPqMmRunxwFUDuDwdhQZ,1,transaction,51762733,False,True,2,1DbJUJXpoufwjCNPqMmRunxwFUDuDwdhQZ|51762733,wallet|transaction,|0.0162329,|0.0162329,|0.998267
1DqEMHjHfQxhcHeKSHeRG34JuTctSjfUo7,1,transaction,84491406,False,True,2,1DqEMHjHfQxhcHeKSHeRG34JuTctSjfUo7|84491406,wallet|transaction,|0.0146017,|0.0146017,|-8.34465e-07
1DtXu2JhdfxUQuZF8y3CmQ4xnhmzBtpzqg,1,transaction,209086584,False,True,2,1DtXu2JhdfxUQuZF8y3CmQ4xnhmzBtpzqg|209086584,wallet|transaction,|0.0166307,|0.0166307,|0.771167
1Ebeoz8NkGUnFu6wWavg3tEUD5tokUVvZB,1,transaction,99675942,False,True,2,1Ebeoz8NkGUnFu6wWavg3tEUD5tokUVvZB|99675942,wallet|transaction,|0.0170814,|0.0170814,|0.985888
1EftEfZhQnniFQ4zspDvwP2XcZ1GGuiVVs,1,transaction,194344843,False,True,2,1EftEfZhQnniFQ4zspDvwP2XcZ1GGuiVVs|194344843,wallet|transaction,|0.0167651,|0.0167651,|0.886217
1Fb3qtb5uPMsy6KhRB7Bvm5QaGirNaHLXJ,1,transaction,99190626,False,True,2,1Fb3qtb5uPMsy6KhRB7Bvm5QaGirNaHLXJ|99190626,wallet|transaction,|0.0156479,|0.0156479,|0.965142
1G9EgCwYbjTXJX2CX2s1BVoFxVstAaPkDh,1,transaction,203672502,False,True,2,1G9EgCwYbjTXJX2CX2s1BVoFxVstAaPkDh|203672502,wallet|transaction,|0.0162981,|0.0162981,|0.996231
1GUZ9oUWqFqqZXsgA5CpsjnBPq4WQAfxGw,1,transaction,8827141,False,True,2,1GUZ9oUWqFqqZXsgA5CpsjnBPq4WQAfxGw|8827141,wallet|transaction,|0.0166087,|0.0166087,|0.986709
1H91HHDt3bEgv3zHk1GqXYnkANJfjHLSZC,1,transaction,91482801,False,True,2,1H91HHDt3bEgv3zHk1GqXYnkANJfjHLSZC|91482801,wallet|transaction,|0.0169169,|0.0169169,|0.701555
1HfEepHZagyXjPEg71A7VTA8QHX28fJHD7,1,transaction,331501694,False,True,2,1HfEepHZagyXjPEg71A7VTA8QHX28fJHD7|331501694,wallet|transaction,|0.0168067,|0.0168067,|0.972806
1JNePVExrvnWcJnouKMoV6zC9KPr6tcjjP,1,transaction,73264993,False,True,2,1JNePVExrvnWcJnouKMoV6zC9KPr6tcjjP|73264993,wallet|transaction,|0.0162398,|0.0162398,|0.609954
1JXHrzoTzzfXBVjX1Dp1aGvrRjtHfjRimr,1,transaction,126700672,False,True,2,1JXHrzoTzzfXBVjX1Dp1aGvrRjtHfjRimr|126700672,wallet|transaction,|0.0165696,|0.0165696,|0.985959
1JgyupKg1AoJyBoKm6iNpsqKcRXCTarcrL,1,transaction,179377388,False,True,2,1JgyupKg1AoJyBoKm6iNpsqKcRXCTarcrL|179377388,wallet|transaction,|0.0167036,|0.0167036,|0.999302
1JjnK9u5NecDrxk5KUPdaaop579biTUar3,1,transaction,77766982,False,True,2,1JjnK9u5NecDrxk5KUPdaaop579biTUar3|77766982,wallet|transaction,|0.0164614,|0.0164614,|0.999099
1JzPqsUEaTHgkRj2qVDkrcXBA3tTnSQdxW,1,transaction,179479390,False,True,2,1JzPqsUEaTHgkRj2qVDkrcXBA3tTnSQdxW|179479390,wallet|transaction,|0.0166141,|0.0166141,|0.99372
1K3HrqBsoamR8RvNq7x4bNgbpd7m5VH4iJ,1,transaction,372683531,False,True,2,1K3HrqBsoamR8RvNq7x4bNgbpd7m5VH4iJ|372683531,wallet|transaction,|0.0172797,|0.0172797,|0.996993
1K9kJQWzVFeLN7aDD2iU71w7QuugwMaz57,1,transaction,85004982,False,True,2,1K9kJQWzVFeLN7aDD2iU71w7QuugwMaz57|85004982,wallet|transaction,|0.0172858,|0.0172858,|0.997965
1KD6iM6HxWc2UvY9ZK1vZEcQUidmoDxHFB,1,transaction,55964343,False,True,2,1KD6iM6HxWc2UvY9ZK1vZEcQUidmoDxHFB|55964343,wallet|transaction,|0.0160536,|0.0160536,|6.07967e-06
1KMpBsLA6bJXpuAbgWsEommcwGHRdJau72,1,transaction,310393674,False,True,2,1KMpBsLA6bJXpuAbgWsEommcwGHRdJau72|310393674,wallet|transaction,|0.0165316,|0.0165316,|0.987161
1L2xBGrr4sA1KfKfh9jMQ8jzsC3MWtVdvX,1,transaction,38369627,False,True,2,1L2xBGrr4sA1KfKfh9jMQ8jzsC3MWtVdvX|38369627,wallet|transaction,|0.0162832,|0.00116309,|-1.87329e-06
1LZ3w969fSZwfkLWuGEtnuKuZqSXcfasJV,1,transaction,43438208,False,True,2,1LZ3w969fSZwfkLWuGEtnuKuZqSXcfasJV|43438208,wallet|transaction,|0.0166116,|0.0166116,|0.855197
1LcmBtabkmai9qh2mDJ1ubC8KnzwixiEKM,1,transaction,288513620,False,True,2,1LcmBtabkmai9qh2mDJ1ubC8KnzwixiEKM|288513620,wallet|transaction,|0.0167691,|0.0167691,|0.906121
1MANkm8fKy4N5TU93qYVzvrn7wpRjg4cxN,1,transaction,27949058,False,True,2,1MANkm8fKy4N5TU93qYVzvrn7wpRjg4cxN|27949058,wallet|transaction,|0.0176435,|0.0176435,|0.996953
1MMbWWaNms5M8jmLuNuAvdpKFDspuWrPGi,1,transaction,96926549,False,True,2,1MMbWWaNms5M8jmLuNuAvdpKFDspuWrPGi|96926549,wallet|transaction,|0.0163903,|0.0163903,|0.899039
1MeLQ3rV6CNKXyjS4HXuKPtx2ZaXAaCwTa,1,transaction,184383289,False,True,2,1MeLQ3rV6CNKXyjS4HXuKPtx2ZaXAaCwTa|184383289,wallet|transaction,|0.0163761,|0.0163761,|0.997067
1MhLKip2itv4P1y3B1WF5MjsYuSjrERdHw,1,transaction,179081582,False,True,2,1MhLKip2itv4P1y3B1WF5MjsYuSjrERdHw|179081582,wallet|transaction,|0.0167043,|0.00334086,|0.00578424
1MtY7TqeaTsPb1ZWBgZDNotCun6uBwegwq,1,transaction,110935079,False,True,2,1MtY7TqeaTsPb1ZWBgZDNotCun6uBwegwq|110935079,wallet|transaction,|0.017215,|0.017215,|0.996974
1NM8CWRYdjTf5ncFbZjgGM5Gobf7QGLu4k,1,transaction,355092833,False,True,2,1NM8CWRYdjTf5ncFbZjgGM5Gobf7QGLu4k|355092833,wallet|transaction,|0.0176216,|0.0176216,|0.997623
1NUGTze1CHgNU9zRaYLPmB2r4fcJqiUv9H,1,transaction,93210728,False,True,2,1NUGTze1CHgNU9zRaYLPmB2r4fcJqiUv9H|93210728,wallet|transaction,|0.0166783,|0.0166783,|0.998795
1NjoMjeynhmRzHWshqSiW8zfeDDx8agZd2,1,transaction,9576638,False,True,2,1NjoMjeynhmRzHWshqSiW8zfeDDx8agZd2|9576638,wallet|transaction,|0.0164468,|0.0164468,|0.999218
1PQqKQkFLK8SEYvC88NtX5FCYzxx7ZLUqh,1,transaction,372683531,False,True,2,1PQqKQkFLK8SEYvC88NtX5FCYzxx7ZLUqh|372683531,wallet|transaction,|0.0172797,|0.0172797,|0.996998
1PTxt13Xc6wcG2En7hPNV9SrgsoHZFyHcc,1,transaction,69613710,False,True,2,1PTxt13Xc6wcG2En7hPNV9SrgsoHZFyHcc|69613710,wallet|transaction,|0.017441,|0.00872049,|0.396429
1Q1oJ1WmK9b3w83gAZEpsncGcXL5mBUJpV,1,transaction,35131819,False,True,2,1Q1oJ1WmK9b3w83gAZEpsncGcXL5mBUJpV|35131819,wallet|transaction,|0.0168634,|0.0168634,|0.99844
1QEZ1QbxFPuygDosjsn5qpmQU5yfxfhKiL,1,transaction,197556437,False,True,2,1QEZ1QbxFPuygDosjsn5qpmQU5yfxfhKiL|197556437,wallet|transaction,|0.0168733,|0.0168733,|0
1b8QxqLBaCLEEKNUmtKaPupp8peLxhA9K,1,transaction,378087876,False,True,2,1b8QxqLBaCLEEKNUmtKaPupp8peLxhA9K|378087876,wallet|transaction,|0.0169233,|0.0169233,|0.911201
32denjS39u84b5PLWTYPM3FmT4fAxfc8eD,1,transaction,270547212,False,True,2,32denjS39u84b5PLWTYPM3FmT4fAxfc8eD|270547212,wallet|transaction,|0.0171077,|0.0171077,|0
3FwbDmgmvazTUZyyqCF94rKZBw5XnXjFxY,1,transaction,225290712,False,True,2,3FwbDmgmvazTUZyyqCF94rKZBw5XnXjFxY|225290712,wallet|transaction,|0.0166332,|0.0166332,|0
3NLyzZRyEMmwsASjT88NnYHotkCxkjw4oT,1,transaction,7243114,False,True,2,3NLyzZRyEMmwsASjT88NnYHotkCxkjw4oT|7243114,wallet|transaction,|0.0167638,|0.0167638,|0
1MHPHetzS4n9uXobs47VYarePHGByPpkUG,4,wallet,1KHPtLWcyu165LcHnqjsAYVkZkWinYbfN5,True,False,5,1MHPHetzS4n9uXobs47VYarePHGByPpkUG|133053738|1PyNuHybybvtmJp21X7axTFPUyshgyHTPp|339057175|1KHPtLWcyu165LcHnqjsAYVkZkWinYbfN5,wallet|transaction|wallet|transaction|wallet,|0.0139697|0.0952785|0.0168992|0.0886554,|0.0139697|0.0476393|0.00844961|0.0886554,|-0.02401|0.0161422|0.423429|0.00211102
1NX2SeGMgYjYfm3VBWjHw4LefL7sHhf1PB,4,wallet,17KxsaNni1mQADviWFtYTXDeNd17dCs6zY,True,False,5,1NX2SeGMgYjYfm3VBWjHw4LefL7sHhf1PB|63069519|16CSZmdfRq4Z6NZDVWRCMDX9ZCkz4q23Kf|69695707|17KxsaNni1mQADviWFtYTXDeNd17dCs6zY,wallet|transaction|wallet|transaction|wallet,|0.0154336|0.0952487|0.0168614|0.0889037,|0.0154336|0.0476243|0.00843069|0.0889037,|-0.0461308|0.124797|-0.000514239|-0.00139785
14MerYhfLApjbDJZBReT6ow6afc3APb2sZ,9,transaction,208901445,False,False,10,14MerYhfLApjbDJZBReT6ow6afc3APb2sZ|209805172|17BcBKVkBUKSEAjNzpNx2CSHMDR6rnCGPi|209517738|1E3kQVSuxXP3EJ2bgdHdAiXWYiq6uPB1FJ|209517742|1B1AXH7E77EbiNufvezagKQxdst5rWHrMp|32023895|17UNAwpL6QAvx2Ye14NVCJ5w9Vi3bW64TP|208901445,wallet|transaction|wallet|transaction|wallet|transaction|wallet|transaction|wallet|transaction,|0.014244|0.0950829|0.0143294|0.0942835|0.0158156|0.0941868|0.0131149|0.0951854|0.0168813,|0.014244|0.0475415|0.0143294|0.0471417|0.0158156|0.0470934|0.0131149|0.0475927|0.0168813,|0.65717|0.349572|0.75527|0.290231|0.68027|0.32289|0.120453|0.219067|0.8398
14Nihd6HX2igjkc2TmVxUYV2gCyuNUDXQU,9,transaction,209045026,False,False,10,14Nihd6HX2igjkc2TmVxUYV2gCyuNUDXQU|209515844|13giLAMoqaJG2rpodkfWp6MJf6oidkZ2sU|209478837|17KAoDzf5EwRYeEExm74MMQEkK2PAzTmRQ|209478839|1NFEzG673BRXBUEg2GTemojYcJt9NJSAG2|209498992|13CwcPXTEKycn1z1V6PiiEcnLowJ5dFrkm|209045026,wallet|transaction|wallet|transaction|wallet|transaction|wallet|transaction|wallet|transaction,|0.0148039|0.0952014|0.0148144|0.0951971|0.0146213|0.0951905|0.0139533|0.0950814|0.0160965,|0.0148039|0.0476007|0.0148144|0.0475985|0.0146213|0.0475953|0.0139533|0.0475407|0.0160965,|-0.168824|0.00851536|0.180006|0.142215|0.199152|0.0931933|0.793489|0.375049|0.878636
1HcTSadko639v2oH9utQZw4fASWC9GhZUJ,7,transaction,175754499,False,False,8,1HcTSadko639v2oH9utQZw4fASWC9GhZUJ|179036893|1NPsuQdsUckqwMmmAYDhYiUDRPvFczYhbm|190947676|1XYffvN9SzQMi9EEL9pJByeZQiVAxb523|179369359|177CxS4KTwSmusbZsuvMkhX9pNgu7oM3yC|175754499,wallet|transaction|wallet|transaction|wallet|transaction|wallet|transaction,|0.0112545|0.0950986|0.0159529|0.0901747|0.0129689|0.0951937|0.0120682,|0.0112545|0.0475493|0.0159529|0.0450873|0.0129689|0.0475969|0.0120682,|0.856793|0.03635|0.891108|0.44081|0.362493|0.177844|0.175806
16rtAWi29jTbERD3nHHNJnUzgQRyubrzjK,6,wallet,16zJ6YUQ89d5rfGx4TFTnNtCMvXvgU6hGj,False,False,7,16rtAWi29jTbERD3nHHNJnUzgQRyubrzjK|368736398|16iM6fSLBJtuqGmKBth7J2EaDZWC3vX2aH|312446686|1PSHE1StePtSkjXvxd3VToUW1LBVPZPCzc|312446688|16zJ6YUQ89d5rfGx4TFTnNtCMvXvgU6hGj,wallet|transaction|wallet|transaction|wallet|transaction|wallet,|0.0150477|0.094878|0.0124705|0.0952479|0.0168813|0.0887509,|0.0150477|0.047439|0.0124705|0.0476239|0.0168813|0.0887509,|0.760672|0.346185|-0.0117665|0.124308|0.868731|0.157761
1GAx9vk9UhA51qs3ZPEEju5PWUM62oyT7e,6,wallet,1Q3cNkYh3nRQZhtxbqdaPzcBRX1wTYrGao,False,False,7,1GAx9vk9UhA51qs3ZPEEju5PWUM62oyT7e|294490556|1EYbBad147WTwu3hU4ToagMSQgKGSJVKzJ|227734940|17qHwYFmJTucGw6pFZ9QygyCMB9HS9aC2V|294271272|1Q3cNkYh3nRQZhtxbqdaPzcBRX1wTYrGao,wallet|transaction|wallet|transaction|wallet|transaction|wallet,|0.0155179|0.0952712|0.0153573|0.0952572|0.0168861|0.0888096,|0.00310358|0.0476356|0.0153573|0.0190514|0.0168861|0.0888096,|0.000304592|5.6833e-05|0.443479|0.000101006|0.866596|0.0329832
1E3kQVSuxXP3EJ2bgdHdAiXWYiq6uPB1FJ,5,transaction,208901445,False,False,6,1E3kQVSuxXP3EJ2bgdHdAiXWYiq6uPB1FJ|209517742|1B1AXH7E77EbiNufvezagKQxdst5rWHrMp|32023895|17UNAwpL6QAvx2Ye14NVCJ5w9Vi3bW64TP|208901445,wallet|transaction|wallet|transaction|wallet|transaction,|0.0158156|0.0941868|0.0131149|0.0951854|0.0168813,|0.0158156|0.0470934|0.0131149|0.0475927|0.0168813,|0.68027|0.32289|0.120453|0.219067|0.8398
17w4WNDtRA4yNJLzvmVk2y5FWv6UziAdoo,4,wallet,1AXUxG34S8JSZ7J54wp85qALcwsnyD5ioy,False,False,5,17w4WNDtRA4yNJLzvmVk2y5FWv6UziAdoo|339054153|1Ku639LNJeMm7G5VvUgDakbgBS793MekMX|339054155|1AXUxG34S8JSZ7J54wp85qALcwsnyD5ioy,wallet|transaction|wallet|transaction|wallet,|0.0126662|0.0952278|0.0169083|0.0886355,|0.0126662|0.0476139|0.0169083|0.0886355,|0.256465|0.223718|0.86884|0.400265
1Pja52oxmwDaiyZgQdFHmLC4RfpxxzasQS,4,wallet,19qduaWeG5kc2RWWNkhW9MzN26FFgStr4H,False,False,5,1Pja52oxmwDaiyZgQdFHmLC4RfpxxzasQS|234161339|1DF5gBAwo5J8UFFy4PvMHeNzFdgDjm7Ptt|234161347|19qduaWeG5kc2RWWNkhW9MzN26FFgStr4H,wallet|transaction|wallet|transaction|wallet,|0.0117182|0.0952867|0.0169142|0.088635,|0.0117182|0.0476434|0.0169142|0.088635,|-0.00215942|0.0580951|0.901815|0.230998
12WnjMEeoS1oJ8nbciyJAP1nRd5xAyBYwf,3,transaction,272334640,False,False,4,12WnjMEeoS1oJ8nbciyJAP1nRd5xAyBYwf|272419455|1LnJiNrnMq9sXGJoZMMvAMhj63pFi2xtd6|272334640,wallet|transaction|wallet|transaction,|0.0156299|0.0338304|0.0166326,|0.0156299|0.0169152|0.0166326,|0.910831|0.43262|0.0370069
15PpRJbm6uhPerSLA6qsZUKJJ3XQuMRsgR,3,transaction,39430318,False,False,4,15PpRJbm6uhPerSLA6qsZUKJJ3XQuMRsgR|40813849|3H4MTUV4NF7ETpMQ7WT5FTKGLqEpXmQK5e|39430318,wallet|transaction|wallet|transaction,|0.0127871|0.0952977|0.0166656,|0.0127871|0.0952977|0.0166656,|-0.033593|-0.0267823|0.998453
15qH4KzyE4KhHaLGu6wG1QVmUNh58P2zmZ,3,transaction,355006353,False,False,4,15qH4KzyE4KhHaLGu6wG1QVmUNh58P2zmZ|355006877|1Fb1TDHYM7PGpjP4easNUjyoBA91Qn74J8|355006353,wallet|transaction|wallet|transaction,|0.0166537|0.0951179|0.0156357,|0.0166537|0.00792649|0.0156357,|0.509497|0.00407121|-0.0533109
16RT7WgAfjUE5AQyMbT9ndxxR7KgqqBse9,3,transaction,372865000,False,False,4,16RT7WgAfjUE5AQyMbT9ndxxR7KgqqBse9|372957132|17eDYFNmxruC5hVZq7iVhhKxLikqUeaLP6|372865000,wallet|transaction|wallet|transaction,|0.0153502|0.0563774|0.0167399,|0.0153502|0.0281887|0.0167399,|0.506966|0.188568|0.0585678
1AxLXkGE5AzubD5kYCpvZRq9UHpXC4ZpYW,3,transaction,115723393,False,False,4,1AxLXkGE5AzubD5kYCpvZRq9UHpXC4ZpYW|116193739|1BbUvAgbixcozpY81SwrM55Qzux1WwMfds|115723393,wallet|transaction|wallet|transaction,|0.015528|0.0936217|0.0156608,|0.015528|0.0468109|0.0156608,|0.849141|0.320232|0.672844
1Bd4sm3CJD88Zh5EJi1cPaexFKeZ5xhgwj,3,transaction,294493900,False,False,4,1Bd4sm3CJD88Zh5EJi1cPaexFKeZ5xhgwj|30152597|13Vp8xBWiiySpbopXaZBekcMNijqEnRwjf|294493900,wallet|transaction|wallet|transaction,|0.0175941|0.0909481|0.0175927,|0.0175941|0.0909481|0.0175927,|0.613541|0.441281|-0.0234886
1CY5KA322dz6zhTkDTJVBTBXKx4pVef6Jz,3,transaction,234392192,False,False,4,1CY5KA322dz6zhTkDTJVBTBXKx4pVef6Jz|234569755|1KxFQph4sxhmSHkdr3HZf2F2WHaUBnCcMe|234392192,wallet|transaction|wallet|transaction,|0.0168239|0.0946566|0.0168968,|0.0168239|0.0315522|0.0168968,|0.508186|-0.00253944|0.725352
1DGRc756FQUuaQ2pzzqVmUhyAbh28SQuxU,3,transaction,148541145,False,False,4,1DGRc756FQUuaQ2pzzqVmUhyAbh28SQuxU|30700346|1MynQdmpcHsKSRdmrWCahHWmg9jpRZR176|148541145,wallet|transaction|wallet|transaction,|0.0148911|0.0938094|0.0168368,|0.0148911|0.0469047|0.0168368,|0.782855|0.356134|0.526879
1DRFr794mD1hkSniE6TfkCpGh7qfHdpYf1,3,transaction,12678386,False,False,4,1DRFr794mD1hkSniE6TfkCpGh7qfHdpYf1|73310931|15TTeNfk118fjCye2Sm7SB4Bz55rDYD5nn|12678386,wallet|transaction|wallet|transaction,|0.0168481|0.0950951|0.0168281,|0.0168481|0.0475475|0.0168281,|0.308237|-0.000511914|0.0652254
1EYjzqtX66N7cJLXgrdrHQuPiCp1s7Dmdr,3,transaction,42999521,False,False,4,1EYjzqtX66N7cJLXgrdrHQuPiCp1s7Dmdr|43317339|1LCJQV2nbqAzt9w8o667qYSAgAfFGqoTRH|42999521,wallet|transaction|wallet|transaction,|0.0119897|0.0952691|0.0124623,|0.0119897|0.0476345|0.0124623,|0.0578178|0.127114|0.915027
1EvAVFSzoYkrH4fDrQMe8xG2dYfwpNy3bt,3,transaction,163656817,False,False,4,1EvAVFSzoYkrH4fDrQMe8xG2dYfwpNy3bt|96491400|1Juw5EgLQahpWurpo5t9KxgzREj1HAzqQf|163656817,wallet|transaction|wallet|transaction,|0.0150046|0.0952744|0.0168432,|0.0150046|0.00414237|0.0168432,|-0.280201|5.52924e-05|0.896367
1GXfCDN38JimhwzEuhf6S3pQsBmgpuWKfP,3,transaction,163656817,False,False,4,1GXfCDN38JimhwzEuhf6S3pQsBmgpuWKfP|96491400|1Juw5EgLQahpWurpo5t9KxgzREj1HAzqQf|163656817,wallet|transaction|wallet|transaction,|0.0150046|0.0952744|0.0168432,|0.0150046|0.00414237|0.0168432,|-0.279918|5.54349e-05|0.896367
1GbK5sA6jRw689Jpzym66p6stXoL3DNSWc,3,transaction,355201009,False,False,4,1GbK5sA6jRw689Jpzym66p6stXoL3DNSWc|355094137|1EobCCz8VAKmk4RhBMa5QMsWx2STbntLZ2|355201009,wallet|transaction|wallet|transaction,|0.0151286|0.0949978|0.0168647,|0.0151286|0.0474989|0.0168647,|0.280943|0.216804|0.0277697
1MPvHkSEpZ2QD7jxdWFJPz6QkxiH3FAb5E,3,transaction,175754603,False,False,4,1MPvHkSEpZ2QD7jxdWFJPz6QkxiH3FAb5E|179395831|1EpPE3Lqagmzt2Kr4vX53QeQnZk8he7mZ6|175754603,wallet|transaction|wallet|transaction,|0.0136179|0.0943263|0.0164744,|0.0136179|0.0471631|0.0164744,|0.670434|0.335691|0.620187
1PvocEyKXjo9w3qifUcsFRCZovqQLnpAtM,3,transaction,2226596,False,False,4,1PvocEyKXjo9w3qifUcsFRCZovqQLnpAtM|84345933|1MscGFmHQrYH2SRwAZTmuY91q1CFuNpiy6|2226596,wallet|transaction|wallet|transaction,|0.0174912|0.0941365|0.0165036,|0.0174912|0.0941365|0.0165036,|0.638614|0.0383382|0.991849
12BE6UHMCRP4NLYxQkzTTFkh5EY7XtEArj,2,wallet,3DVpmDTTpx1ZWSENnECu4AnJoq76DuTTRL,False,False,3,12BE6UHMCRP4NLYxQkzTTFkh5EY7XtEArj|158349653|3DVpmDTTpx1ZWSENnECu4AnJoq76DuTTRL,wallet|transaction|wallet,|0.0169005|0.089119,|0.0169005|0.0222797,|0.876779|-0.000609979
12kGVsN3efV1TKsZs8d2Y7y9vjGBC3vZXw,2,wallet,3BM8iqA7LkJN8fQjy2XBzuZK5pLsy6cTG7,False,False,3,12kGVsN3efV1TKsZs8d2Y7y9vjGBC3vZXw|53784210|3BM8iqA7LkJN8fQjy2XBzuZK5pLsy6cTG7,wallet|transaction|wallet,|0.016954|0.0889604,|0.016954|0.0222401,|0.838746|-0.0068087
14SyKayVWq4DCKxPAKqWGdgP3nDypAqrfM,2,wallet,3LaRQoAg2cshSSGM2FMRbhxemN6MQ1bYf6,False,False,3,14SyKayVWq4DCKxPAKqWGdgP3nDypAqrfM|219204636|3LaRQoAg2cshSSGM2FMRbhxemN6MQ1bYf6,wallet|transaction|wallet,|0.0165769|0.0889295,|0.0165769|0.0889295,|0.80822|0.0173002
1552PeoErQPRpoNYA355ejYogiCKKRPc1i,2,wallet,1LnDn1S4xPRJvk88oEieXUTW3V2WMWEWRq,False,False,3,1552PeoErQPRpoNYA355ejYogiCKKRPc1i|339054259|1LnDn1S4xPRJvk88oEieXUTW3V2WMWEWRq,wallet|transaction|wallet,|0.0169308|0.0886518,|0.0169308|0.0886518,|0.519527|0.289495
15RGUsSaa6JbngariJffNnrbYqMcQm6bpi,2,wallet,1xsrz8oFaYceM5kaiwroDtyoGsN1jchHJ,False,False,3,15RGUsSaa6JbngariJffNnrbYqMcQm6bpi|94186440|1xsrz8oFaYceM5kaiwroDtyoGsN1jchHJ,wallet|transaction|wallet,|0.0168768|0.0885862,|0.0168768|0.0885862,|0.830877|-0.059072
16HePFWw3UY9dCtxGU6WfcebJ1ngLWxHU1,2,wallet,3CLfMmui9QbRijsd1DcRt2d1xEXLvUkPeX,False,False,3,16HePFWw3UY9dCtxGU6WfcebJ1ngLWxHU1|31409359|3CLfMmui9QbRijsd1DcRt2d1xEXLvUkPeX,wallet|transaction|wallet,|0.0168389|0.0892205,|0.0168389|0.0297402,|0.682334|0.0544116
18c2woNds3RJqtBQtqGJxXtTWxDeXZJueE,2,wallet,3JDKhmXneN7H7bF9XsGg88y3P8afD7hV5k,False,False,3,18c2woNds3RJqtBQtqGJxXtTWxDeXZJueE|16812328|3JDKhmXneN7H7bF9XsGg88y3P8afD7hV5k,wallet|transaction|wallet,|0.0168995|0.0891286,|0.0168995|0.0891286,|0.929985|0.0328517
19D3wZkVBCctJj9BZgvaEgoWQ9G9Lfjyo4,2,wallet,1xsrz8oFaYceM5kaiwroDtyoGsN1jchHJ,False,False,3,19D3wZkVBCctJj9BZgvaEgoWQ9G9Lfjyo4|94186440|1xsrz8oFaYceM5kaiwroDtyoGsN1jchHJ,wallet|transaction|wallet,|0.0168768|0.0885862,|0.0168768|0.0885862,|0.835667|-0.0567524
19mX7KMVft8HuKbYxEzrTFcoYRYjTjQxkw,2,wallet,3K1UvCA5gDJd2r3MAwHKntYo4vKUSZbhe8,False,False,3,19mX7KMVft8HuKbYxEzrTFcoYRYjTjQxkw|14112275|3K1UvCA5gDJd2r3MAwHKntYo4vKUSZbhe8,wallet|transaction|wallet,|0.016785|0.0952997,|0.016785|0.0190599,|0.48579|-0.0115367
19rHHT8Si7yMN7TLCfecRE9sgray3NB5y9,2,wallet,16HQL6ZUqwBbhSaxsWAsJok7tPDfAni4SL,False,False,3,19rHHT8Si7yMN7TLCfecRE9sgray3NB5y9|76548833|16HQL6ZUqwBbhSaxsWAsJok7tPDfAni4SL,wallet|transaction|wallet,|0.0169239|0.0886139,|0.00338478|0.0886139,|0.000325629|0.0927963
1AYbp8BTzHQQ8ytRmTsuk8apg3JwJTULvC,2,wallet,36JStU7kDAh8xbarfkVjGxaDMsYV7iU29z,False,False,3,1AYbp8BTzHQQ8ytRmTsuk8apg3JwJTULvC|139102978|36JStU7kDAh8xbarfkVjGxaDMsYV7iU29z,wallet|transaction|wallet,|0.0168689|0.0890692,|0.0168689|0.0296897,|-0.0306863|0.00268275
1B1fki4dPgsG4Y3zPqoEUP81kumCoK1LDG,2,wallet,132gDkmvUqkzT3itZfvo9CfF5HdXrV6Uv2,False,False,3,1B1fki4dPgsG4Y3zPqoEUP81kumCoK1LDG|85004971|132gDkmvUqkzT3itZfvo9CfF5HdXrV6Uv2,wallet|transaction|wallet,|0.0169588|0.0888017,|0.0169588|0.0444009,|0.79679|0.00016284
1B7RktshPPVJYYsDPMgJMHajU5AijW339i,2,wallet,1P93d9EwLD6NYUy22NXkBxJV6JR5jUuFkH,False,False,3,1B7RktshPPVJYYsDPMgJMHajU5AijW339i|311749569|1P93d9EwLD6NYUy22NXkBxJV6JR5jUuFkH,wallet|transaction|wallet,|0.0168846|0.0887024,|0.0168846|0.0887024,|0.783707|0.32682
1BTEGc3268TsDBLugrqQqX95rXkpu1UFMa,2,wallet,3Jt4YUp4UthKfuTo67DT5P4xxc3qV2kxtR,False,False,3,1BTEGc3268TsDBLugrqQqX95rXkpu1UFMa|70891960|3Jt4YUp4UthKfuTo67DT5P4xxc3qV2kxtR,wallet|transaction|wallet,|0.0176672|0.0924599,|0.0176672|0.04623,|0.547572|-0.162858
1BedhdUzabByte1b6qzTrQjeYAoakdsdYq,2,wallet,3LaRQoAg2cshSSGM2FMRbhxemN6MQ1bYf6,False,False,3,1BedhdUzabByte1b6qzTrQjeYAoakdsdYq|219204636|3LaRQoAg2cshSSGM2FMRbhxemN6MQ1bYf6,wallet|transaction|wallet,|0.0165769|0.0889295,|0.0165769|0.0889295,|0.81113|0.0161016
1C4CqWfeocdSf421Vi1Nw6M2XmgYegLP98,2,wallet,3KJELigsv67MS6UBUHmZfBirdJYrzHaQLx,False,False,3,1C4CqWfeocdSf421Vi1Nw6M2XmgYegLP98|12780033|3KJELigsv67MS6UBUHmZfBirdJYrzHaQLx,wallet|transaction|wallet,|0.0168634|0.0890202,|0.0168634|0.022255,|0.756836|-0.00641166
1Dq2wC22hVEUrpHzQUYRC2ebw6phCtqP1i,2,wallet,1xsrz8oFaYceM5kaiwroDtyoGsN1jchHJ,False,False,3,1Dq2wC22hVEUrpHzQUYRC2ebw6phCtqP1i|94186440|1xsrz8oFaYceM5kaiwroDtyoGsN1jchHJ,wallet|transaction|wallet,|0.0168768|0.0885862,|0.0168768|0.0885862,|0.831528|-0.0587611
1EW3goUFnQ93urxMfVLxaqLYGP9v5wa1wc,2,wallet,32bsDwTmKpHBjr7xvvpS4FrP22M1bhqpub,False,False,3,1EW3goUFnQ93urxMfVLxaqLYGP9v5wa1wc|26394081|32bsDwTmKpHBjr7xvvpS4FrP22M1bhqpub,wallet|transaction|wallet,|0.0169637|0.0890127,|0.0169637|0.0296709,|0.571765|-0.0251362
1FSwJDuTotGm2tHsDqfjMawSYNQ1eCSL1F,2,wallet,3PeEmLfEtNjZnEzxBtAtn6BkmH8SH7DLSm,False,False,3,1FSwJDuTotGm2tHsDqfjMawSYNQ1eCSL1F|66750274|3PeEmLfEtNjZnEzxBtAtn6BkmH8SH7DLSm,wallet|transaction|wallet,|0.0169479|0.0890696,|0.0169479|0.0222674,|0.68791|-0.0286015
1G1zKTAFVgCYZ7i1kAfDDNMwHpSSqvz1dg,2,wallet,3CXr8guRrcA8g9z9rqck87e7nv49KkKMKy,False,False,3,1G1zKTAFVgCYZ7i1kAfDDNMwHpSSqvz1dg|105994274|3CXr8guRrcA8g9z9rqck87e7nv49KkKMKy,wallet|transaction|wallet,|0.0168058|0.0887915,|0.0168058|0.0887915,|0.857144|0.0156216
1GBhRKJrC3xcYJm3grC12ado2tPxvBj6S3,2,wallet,1MWE8vqfCHLUv7CJzv6pfhh59Cuw26hUN9,False,False,3,1GBhRKJrC3xcYJm3grC12ado2tPxvBj6S3|84348207|1MWE8vqfCHLUv7CJzv6pfhh59Cuw26hUN9,wallet|transaction|wallet,|0.016954|0.0888027,|0.016954|0.0296009,|0.57225|0.000136415
1GYPLSKRHzyiU69zgUPtvtrgSWrmMdDFzt,2,wallet,3Fzzji5nFaSptmYL8bNsm3KcpYm3qnxqBS,False,False,3,1GYPLSKRHzyiU69zgUPtvtrgSWrmMdDFzt|23612274|3Fzzji5nFaSptmYL8bNsm3KcpYm3qnxqBS,wallet|transaction|wallet,|0.0168513|0.0891355,|0.0168513|0.0891355,|0.778055|-0.104894
1GqWok1kwqpJpW1pKbQW6gKrGVWbFxMwf1,2,wallet,1xsrz8oFaYceM5kaiwroDtyoGsN1jchHJ,False,False,3,1GqWok1kwqpJpW1pKbQW6gKrGVWbFxMwf1|94186440|1xsrz8oFaYceM5kaiwroDtyoGsN1jchHJ,wallet|transaction|wallet,|0.0168768|0.0885862,|0.0168768|0.0885862,|0.831915|-0.0585752
1GrVQN2WPxvrExHSxVi2VvgPbxs352mFxJ,2,wallet,3JqYwD8gGDYfkHEAR8EQHvgVdmxzVXPBoS,False,False,3,1GrVQN2WPxvrExHSxVi2VvgPbxs352mFxJ|105826996|3JqYwD8gGDYfkHEAR8EQHvgVdmxzVXPBoS,wallet|transaction|wallet,|0.0168694|0.0890905,|0.00562312|0.0222726,|0.00538186|-0.00233155
1H3pNz6HieavxomxjMbrxo4bwt5PuRKfj2,2,wallet,3Fg12Ds8Nw1pyh9jX6jyPLBkVEP1LYHYPk,False,False,3,1H3pNz6HieavxomxjMbrxo4bwt5PuRKfj2|71783466|3Fg12Ds8Nw1pyh9jX6jyPLBkVEP1LYHYPk,wallet|transaction|wallet,|0.016919|0.0890647,|0.016919|0.0178129,|0.683357|-0.00758982
1HSKustqT9Twis93QhAN8qfDGsg5cPcFpF,2,wallet,3GtZw2MzjPqFDWeU5hnD5Bv4BcM2myTFUM,False,False,3,1HSKustqT9Twis93QhAN8qfDGsg5cPcFpF|27534410|3GtZw2MzjPqFDWeU5hnD5Bv4BcM2myTFUM,wallet|transaction|wallet,|0.0168527|0.0911728,|0.0168527|0.0911728,|0.55615|0.230566
1JQw4R26APbo44bfNLUKu7eX4ghFiDR6to,2,wallet,335FwFN25mqT9SvZywWe89qf4EZbPxMKy1,False,False,3,1JQw4R26APbo44bfNLUKu7eX4ghFiDR6to|32168716|335FwFN25mqT9SvZywWe89qf4EZbPxMKy1,wallet|transaction|wallet,|0.0164967|0.0889803,|0.0164967|0.0889803,|0.57573|0.0598038
1KZoFyMAKbp2VAkZJMVvSMLyL7ttbmEsgz,2,wallet,1PjoRHujmoCE5xhZsFBoWBynUkoXmqFXNV,False,False,3,1KZoFyMAKbp2VAkZJMVvSMLyL7ttbmEsgz|372687988|1PjoRHujmoCE5xhZsFBoWBynUkoXmqFXNV,wallet|transaction|wallet,|0.0168735|0.0887529,|0.0168735|0.0887529,|0.770118|0.235818
1LATgfgTo8wB17QTZ4AxtS7mqS2uNnsf9g,2,wallet,35GkXyiDEDtnioqKwyCh6hLBSYzDNgwyDd,False,False,3,1LATgfgTo8wB17QTZ4AxtS7mqS2uNnsf9g|73747118|35GkXyiDEDtnioqKwyCh6hLBSYzDNgwyDd,wallet|transaction|wallet,|0.0143075|0.095297,|0.0143075|0.095297,|-0.0128936|-0.00715387
1MsoHkWEBc8TfjrxC6WC4EnNxj2Mi1hZL,2,wallet,3Ejv9Jyd1SroaqAXJTp7StCjHB8navGmXX,False,False,3,1MsoHkWEBc8TfjrxC6WC4EnNxj2Mi1hZL|197467212|3Ejv9Jyd1SroaqAXJTp7StCjHB8navGmXX,wallet|transaction|wallet,|0.0160449|0.0615954,|0.0160449|0.0615954,|0.971252|0.0140359
1NLGLHmnLi1skShvn4w1G9uULFedjeLrDL,2,wallet,3JDKhmXneN7H7bF9XsGg88y3P8afD7hV5k,False,False,3,1NLGLHmnLi1skShvn4w1G9uULFedjeLrDL|16812328|3JDKhmXneN7H7bF9XsGg88y3P8afD7hV5k,wallet|transaction|wallet,|0.0168995|0.0891286,|0.0168995|0.0891286,|0.977814|0.014743
1WKD9u1L6qphaVD3sVSZrnQpeg6zPPjFZ,2,wallet,3Jx4EYtiJcMd4DLcyQNsgQ3JK2enXvjree,False,False,3,1WKD9u1L6qphaVD3sVSZrnQpeg6zPPjFZ|99676405|3Jx4EYtiJcMd4DLcyQNsgQ3JK2enXvjree,wallet|transaction|wallet,|0.0169853|0.0887392,|0.0169853|0.0177478,|0.632476|0.0225857
1jD6Shoho6nHMYMuH66wFicT334h9YCz4,2,wallet,1xsrz8oFaYceM5kaiwroDtyoGsN1jchHJ,False,False,3,1jD6Shoho6nHMYMuH66wFicT334h9YCz4|94186440|1xsrz8oFaYceM5kaiwroDtyoGsN1jchHJ,wallet|transaction|wallet,|0.0168768|0.0885862,|0.0168768|0.0885862,|0.831915|-0.0585752
3CY1uvCu6Ci2wk1avsQr5eciWDEWdGMeaV,2,wallet,3PVahv4ePdEcXJbzehbtM6gyskguQy5i5q,False,False,3,3CY1uvCu6Ci2wk1avsQr5eciWDEWdGMeaV|25244255|3PVahv4ePdEcXJbzehbtM6gyskguQy5i5q,wallet|transaction|wallet,|0.0169735|0.0890695,|0.0169735|0.0445347,|0.80593|-0.0352143
12JwisCuhoFf9dx9FiLdiAhcCLyE7vuKix,1,transaction,149158779,False,False,2,12JwisCuhoFf9dx9FiLdiAhcCLyE7vuKix|149158779,wallet|transaction,|0.0175768,|0.0175768,|0.967503
12PXr6hs8ynHS5yvN7t4U1wSPPQA1mKhS9,1,transaction,139232048,False,False,2,12PXr6hs8ynHS5yvN7t4U1wSPPQA1mKhS9|139232048,wallet|transaction,|0.0169463,|0.0169463,|0.845486
12WQV5hhMv2Fmedb55KKN7QJ7i7Mnjtzke,1,transaction,105995342,False,False,2,12WQV5hhMv2Fmedb55KKN7QJ7i7Mnjtzke|105995342,wallet|transaction,|0.016969,|0.016969,|0.670249
13542fBq18iNM51ekDQZbhbM5hVv6jw9ux,1,transaction,269520451,False,False,2,13542fBq18iNM51ekDQZbhbM5hVv6jw9ux|269520451,wallet|transaction,|0.0151091,|0.0151091,|0.181488
13ZGEE3mQoPi9gowU44oqDHc2gFZKt4Gtq,1,transaction,84371034,False,False,2,13ZGEE3mQoPi9gowU44oqDHc2gFZKt4Gtq|84371034,wallet|transaction,|0.0168086,|0.0168086,|0.77842
13uKUVWtTf4oQptqzmaPf5LyBGxrNrPyvj,1,transaction,15356540,False,False,2,13uKUVWtTf4oQptqzmaPf5LyBGxrNrPyvj|15356540,wallet|transaction,|0.0169553,|0.0169553,|0.775636
143YjqVyhDUTR5WtBrvpSN3pmAjb1mhFyY,1,transaction,105853980,False,False,2,143YjqVyhDUTR5WtBrvpSN3pmAjb1mhFyY|105853980,wallet|transaction,|0.0169297,|0.0169297,|0.371032
144fuVoDKHnz9hbNZTyFrzky9R9D3BUmnV,1,transaction,148609616,False,False,2,144fuVoDKHnz9hbNZTyFrzky9R9D3BUmnV|148609616,wallet|transaction,|0.0174397,|0.0174397,|0.835237
147oNJPSAgFZCt69sapwxkrzpezQDyPCHb,1,transaction,28902538,False,False,2,147oNJPSAgFZCt69sapwxkrzpezQDyPCHb|28902538,wallet|transaction,|0.01685,|0.01685,|0.88782
15M2cgxkVr6ztQNpy6bbdvWMdc5BYyZ464,1,transaction,15004677,False,False,2,15M2cgxkVr6ztQNpy6bbdvWMdc5BYyZ464|15004677,wallet|transaction,|0.0169464,|0.0169464,|0.64714
161fjp5dbNEguuyYzHUqNHQrxaRYsAkvNn,1,transaction,28916430,False,False,2,161fjp5dbNEguuyYzHUqNHQrxaRYsAkvNn|28916430,wallet|transaction,|0.0167804,|0.0167804,|0.761115
17R6DK3B9XXPXwabL5JM62jWqXXey324Hp,1,transaction,31859229,False,False,2,17R6DK3B9XXPXwabL5JM62jWqXXey324Hp|31859229,wallet|transaction,|0.0168464,|0.0168464,|0.809855
18BiBFkgrXWNsWhJaLum6WtedmPtYfzG9C,1,transaction,56120732,False,False,2,18BiBFkgrXWNsWhJaLum6WtedmPtYfzG9C|56120732,wallet|transaction,|0.0168912,|0.0168912,|0.863143
18PJG74GGfha46sZ8N1C9VMFSwwafCoQjh,1,transaction,339089079,False,False,2,18PJG74GGfha46sZ8N1C9VMFSwwafCoQjh|339089079,wallet|transaction,|0.0168998,|0.0168998,|0.868977
18uDYVonwHYeMayv9yVbuVvi7BqDnk7VHN,1,transaction,115029580,False,False,2,18uDYVonwHYeMayv9yVbuVvi7BqDnk7VHN|115029580,wallet|transaction,|0.016834,|0.016834,|0.849794
18vHihs6CqVv5BHc3sqBtW3TYWhJvxnZiN,1,transaction,22283488,False,False,2,18vHihs6CqVv5BHc3sqBtW3TYWhJvxnZiN|22283488,wallet|transaction,|0.016831,|0.016831,|-0.0050621
19B3KS9BzwKBVrx52sgxYRC2S2Wn9rENQT,1,transaction,33888861,False,False,2,19B3KS9BzwKBVrx52sgxYRC2S2Wn9rENQT|33888861,wallet|transaction,|0.0168143,|0.0168143,|0.818928
19BUjT6CTEPdKHgzTLkwipv3xFNvj2SKiC,1,transaction,91962563,False,False,2,19BUjT6CTEPdKHgzTLkwipv3xFNvj2SKiC|91962563,wallet|transaction,|0.0168447,|0.0168447,|0.607011
19Q8aWPHMbFN8eNUb8uCQsrb5XS1ATBT4r,1,transaction,294334688,False,False,2,19Q8aWPHMbFN8eNUb8uCQsrb5XS1ATBT4r|294334688,wallet|transaction,|0.0169411,|0.0169411,|0.436978
19VNiSpuNayMUkaNcwvkeBdaifDKVugTTS,1,transaction,106366575,False,False,2,19VNiSpuNayMUkaNcwvkeBdaifDKVugTTS|106366575,wallet|transaction,|0.0162115,|0.0162115,|0.516525
19cMujHEze6ggoKtjdrb38osAKP3UB5Qim,1,transaction,47930947,False,False,2,19cMujHEze6ggoKtjdrb38osAKP3UB5Qim|47930947,wallet|transaction,|0.0169553,|0.0169553,|0.399029
19dmG5Md4xNfbsQnzoNe5v1xyyfb2gMVAp,1,transaction,390144838,False,False,2,19dmG5Md4xNfbsQnzoNe5v1xyyfb2gMVAp|390144838,wallet|transaction,|0.0169482,|0.0169482,|0.739127
19vvQBrtiY54eCUebU73dzYxdvaB7VVRnV,1,transaction,115542550,False,False,2,19vvQBrtiY54eCUebU73dzYxdvaB7VVRnV|115542550,wallet|transaction,|0.0170976,|0.0170976,|0.623067
1A5h4jPbMMwf334gaQ13ZwjTC6CCWyoU2o,1,transaction,229292092,False,False,2,1A5h4jPbMMwf334gaQ13ZwjTC6CCWyoU2o|229292092,wallet|transaction,|0.0168907,|0.0168907,|0.83716
1AAz2zwPK5GsKSJRkvajqsY5jgZD6SX9BA,1,transaction,94327304,False,False,2,1AAz2zwPK5GsKSJRkvajqsY5jgZD6SX9BA|94327304,wallet|transaction,|0.0165064,|0.0165064,|0.541491
1ASXkJTCmg9pQnr6tkp2Xi6scH4GWHZvDd,1,transaction,63276814,False,False,2,1ASXkJTCmg9pQnr6tkp2Xi6scH4GWHZvDd|63276814,wallet|transaction,|0.0169551,|0.0169551,|0.691292
1AnRxLKFMaMvnE4GwyzJLoTifRFgdhgEPZ,1,transaction,298700929,False,False,2,1AnRxLKFMaMvnE4GwyzJLoTifRFgdhgEPZ|298700929,wallet|transaction,|0.0169034,|0.0169034,|0.857222
1B2k8LeqFp7AKWeBVDqSmQmDCE2jJCHNLX,1,transaction,355109281,False,False,2,1B2k8LeqFp7AKWeBVDqSmQmDCE2jJCHNLX|355109281,wallet|transaction,|0.0168756,|0.00337511,|0.000193012
1BMGs2gWmDidKgfWzsZYAGhGZEdavxwBKb,1,transaction,94284172,False,False,2,1BMGs2gWmDidKgfWzsZYAGhGZEdavxwBKb|94284172,wallet|transaction,|0.016431,|0.016431,|0.56868
1BZjtJviPsdqQNHRbXr7izjYgha5cnpybH,1,transaction,94186348,False,False,2,1BZjtJviPsdqQNHRbXr7izjYgha5cnpybH|94186348,wallet|transaction,|0.0168746,|0.0168746,|0.861127
1BcBynRHqV2LHyfQN42ub9uxHcwqDdirvw,1,transaction,299516873,False,False,2,1BcBynRHqV2LHyfQN42ub9uxHcwqDdirvw|299516873,wallet|transaction,|0.017681,|0.017681,|0.675157
1Bk9Sv9BrLPiSWf6bNRm67bXHKTwiaNn3A,1,transaction,199944363,False,False,2,1Bk9Sv9BrLPiSWf6bNRm67bXHKTwiaNn3A|199944363,wallet|transaction,|0.017342,|0.017342,|0.985354
1BvjQz79d7VjNJo9r4JfFCdpjw96Bi7HZY,1,transaction,241518934,False,False,2,1BvjQz79d7VjNJo9r4JfFCdpjw96Bi7HZY|241518934,wallet|transaction,|0.0168888,|0.0168888,|0.794487
1CEGQBCqpwUKPBb7uDRvGZ3aZPm3Gx5CVS,1,transaction,92734991,False,False,2,1CEGQBCqpwUKPBb7uDRvGZ3aZPm3Gx5CVS|92734991,wallet|transaction,|0.0164827,|0.0164827,|0.89246
1CP4JdfUuEFeU18PE9Q42e4JY1iZdXJXxu,1,transaction,92554092,False,False,2,1CP4JdfUuEFeU18PE9Q42e4JY1iZdXJXxu|92554092,wallet|transaction,|0.0166791,|0.0166791,|0.658054
1CSSM4AwEUKaPiNaUXQTTFW3iVGTjzevQs,1,transaction,149161130,False,False,2,1CSSM4AwEUKaPiNaUXQTTFW3iVGTjzevQs|149161130,wallet|transaction,|0.0168459,|0.0168459,|0.83869
1DFnB1USAPJHko9fj2bBAGbvv59528RVT9,1,transaction,241488952,False,False,2,1DFnB1USAPJHko9fj2bBAGbvv59528RVT9|241488952,wallet|transaction,|0.016894,|0.016894,|0.815628
1DNJ93Qd76uWcpQgmU27VMWKT1Ti93diXG,1,transaction,72014021,False,False,2,1DNJ93Qd76uWcpQgmU27VMWKT1Ti93diXG|72014021,wallet|transaction,|0.0168611,|0.0168611,|0.669753
1DUht79JTzHF4aQ571unvMsRT7JUjNnb88,1,transaction,94453559,False,False,2,1DUht79JTzHF4aQ571unvMsRT7JUjNnb88|94453559,wallet|transaction,|0.0168598,|0.0168598,|0.399769
1DaTDDbjJV5nBJRDojUb2bYGYAtzYNzbqn,1,transaction,114549683,False,False,2,1DaTDDbjJV5nBJRDojUb2bYGYAtzYNzbqn|114549683,wallet|transaction,|0.0168725,|0.00843623,|0.404482
1ELawUv4m65t12GzWbESeXzeQp88Gych4U,1,transaction,208914286,False,False,2,1ELawUv4m65t12GzWbESeXzeQp88Gych4U|208914286,wallet|transaction,|0.017682,|0.017682,|0.982204
1EQPM6n5BMjzLKDt4NWP3ChS8cGQmRMzZZ,1,transaction,54704834,False,False,2,1EQPM6n5BMjzLKDt4NWP3ChS8cGQmRMzZZ|54704834,wallet|transaction,|0.0167469,|0.0167469,|0.476827
1EbBpWCpdtv7A7zd6XddosCuVyEdBKcN9A,1,transaction,380661716,False,False,2,1EbBpWCpdtv7A7zd6XddosCuVyEdBKcN9A|380661716,wallet|transaction,|0.016625,|0.016625,|0.541751
1EpPE3Lqagmzt2Kr4vX53QeQnZk8he7mZ6,1,transaction,175754603,False,False,2,1EpPE3Lqagmzt2Kr4vX53QeQnZk8he7mZ6|175754603,wallet|transaction,|0.0164744,|0.0164744,|0.620187
1F5fyLnJ85xkFuLAmKwRvb9CeUgKSXv66s,1,transaction,215597095,False,False,2,1F5fyLnJ85xkFuLAmKwRvb9CeUgKSXv66s|215597095,wallet|transaction,|0.017682,|0.017682,|0.826567
1FQ8bGYRazg6Q68Rit8ACy7jWH6RdsjPad,1,transaction,114597427,False,False,2,1FQ8bGYRazg6Q68Rit8ACy7jWH6RdsjPad|114597427,wallet|transaction,|0.01684,|0.001684,|4.81069e-05
1FX8K3Ru2LfMk918aLaWG5U45VxjhgkMuA,1,transaction,298700280,False,False,2,1FX8K3Ru2LfMk918aLaWG5U45VxjhgkMuA|298700280,wallet|transaction,|0.01687,|0.01687,|0.865856
1Fbhw1eo1GnekkDXUrYPQAohzfxfNE35CK,1,transaction,148569208,False,False,2,1Fbhw1eo1GnekkDXUrYPQAohzfxfNE35CK|148569208,wallet|transaction,|0.0169405,|0.0169405,|-0.0889488
1FjKThVgRHN21sgpSPiMVmqVPRHj42b1MM,1,transaction,70806806,False,False,2,1FjKThVgRHN21sgpSPiMVmqVPRHj42b1MM|70806806,wallet|transaction,|0.0169137,|0.0169137,|0.464182
1G98cBvEGwp8hYCPkx9Y6nxHC5PtTkgcMc,1,transaction,92071081,False,False,2,1G98cBvEGwp8hYCPkx9Y6nxHC5PtTkgcMc|92071081,wallet|transaction,|0.0168549,|0.0168549,|0.861026
1GCXwW1nGMoP4Shr2KDhDRJ6o2SUHnULLo,1,transaction,96261185,False,False,2,1GCXwW1nGMoP4Shr2KDhDRJ6o2SUHnULLo|96261185,wallet|transaction,|0.0168535,|0.0168535,|0.869316
1GJmKeMrDbduTGsrmfHjbcm7ELxg64J3Nf,1,transaction,106414252,False,False,2,1GJmKeMrDbduTGsrmfHjbcm7ELxg64J3Nf|106414252,wallet|transaction,|0.0163064,|0.0163064,|0.528853
1GLJqbeCYV57zZNPVZtZrqUd5VqtrVetvG,1,transaction,96301773,False,False,2,1GLJqbeCYV57zZNPVZtZrqUd5VqtrVetvG|96301773,wallet|transaction,|0.0168344,|0.0168344,|0.754237
1GtJoPHi6FF8oevihZaVN2DipM4MUxMu67,1,transaction,248919007,False,False,2,1GtJoPHi6FF8oevihZaVN2DipM4MUxMu67|248919007,wallet|transaction,|0.0168928,|0.0168928,|0.78489
1H4xiZ3nFz9iRdNriWWC9MafLnAMdjsWLc,1,transaction,148651749,False,False,2,1H4xiZ3nFz9iRdNriWWC9MafLnAMdjsWLc|148651749,wallet|transaction,|0.0168275,|0.0168275,|0.526912
1HnHPrakUjoeGcgo5bugVL4EixpyN5dLGV,1,transaction,378212213,False,False,2,1HnHPrakUjoeGcgo5bugVL4EixpyN5dLGV|378212213,wallet|transaction,|0.0169804,|0.0169804,|0.758385
1HoSRcqeq8EGFN6vzwkA5xu2ckVJUDS6CV,1,transaction,1386485,False,False,2,1HoSRcqeq8EGFN6vzwkA5xu2ckVJUDS6CV|1386485,wallet|transaction,|0.0167781,|0.0167781,|0.694394
1Hr9rrSf4hkmPFhdwEc6bpuyKag9WA5U6U,1,transaction,376243597,False,False,2,1Hr9rrSf4hkmPFhdwEc6bpuyKag9WA5U6U|376243597,wallet|transaction,|0.0156315,|0.0156315,|0.556494
1Hww2zgUgjpykTUso9jmAHEQLN9JyCrdJ2,1,transaction,179069348,False,False,2,1Hww2zgUgjpykTUso9jmAHEQLN9JyCrdJ2|179069348,wallet|transaction,|0.0168657,|0.0168657,|0.00889015
1J1PCA1PsP7MWEynJuLL3mAGcKKbhnTe6u,1,transaction,355009231,False,False,2,1J1PCA1PsP7MWEynJuLL3mAGcKKbhnTe6u|355009231,wallet|transaction,|0.0168789,|0.0168789,|0.869461
1JKf4ENQXCp8S9UjXUKYdK1tCvbhMC93bs,1,transaction,96570124,False,False,2,1JKf4ENQXCp8S9UjXUKYdK1tCvbhMC93bs|96570124,wallet|transaction,|0.0168953,|0.0168953,|0.819351
1JxxjZVVPHTVSaamE6hCBumYw7mJPw84YE,1,transaction,96545938,False,False,2,1JxxjZVVPHTVSaamE6hCBumYw7mJPw84YE|96545938,wallet|transaction,|0.0168741,|0.0168741,|0.777014
1JyZ95VQ7yPCDJNMEGuY3prEZmMAALukL8,1,transaction,248889566,False,False,2,1JyZ95VQ7yPCDJNMEGuY3prEZmMAALukL8|248889566,wallet|transaction,|0.0168864,|0.0168864,|0.856997
1K73pGETs6aNcxCh2DAtLqLQw2iweBQWdo,1,transaction,28913542,False,False,2,1K73pGETs6aNcxCh2DAtLqLQw2iweBQWdo|28913542,wallet|transaction,|0.016854,|0.016854,|0.877204
1KAG9JiYxBSwypPVAHUdp2uzRJmwgEMERT,1,transaction,382992997,False,False,2,1KAG9JiYxBSwypPVAHUdp2uzRJmwgEMERT|382992997,wallet|transaction,|0.0156994,|0.0156994,|0.0166104
1KG46R2b5tT8UsSKSKPJBtZrQFdaaZWVSk,1,transaction,2921806,False,False,2,1KG46R2b5tT8UsSKSKPJBtZrQFdaaZWVSk|2921806,wallet|transaction,|0.0169507,|0.0169507,|0.504166
1KTyijZkxBK6PTs31vKDWbizs2MU4eghBW,1,transaction,381890390,False,False,2,1KTyijZkxBK6PTs31vKDWbizs2MU4eghBW|381890390,wallet|transaction,|0.0169366,|0.0169366,|0.477399
1Kp78oMoALdGaDAj3Zo7t15FAfVtGx2nWx,1,transaction,29767411,False,False,2,1Kp78oMoALdGaDAj3Zo7t15FAfVtGx2nWx|29767411,wallet|transaction,|0.0170008,|0.0170008,|0.658814
1L6Pe1AZZsuvEaDN6CrsRF8d7uJbXzAviz,1,transaction,386075342,False,False,2,1L6Pe1AZZsuvEaDN6CrsRF8d7uJbXzAviz|386075342,wallet|transaction,|0.016866,|0.016866,|0.863892
1LHv7R3Tr8qiDyEoxLpy7XxdR2tXtZiBxP,1,transaction,149160223,False,False,2,1LHv7R3Tr8qiDyEoxLpy7XxdR2tXtZiBxP|149160223,wallet|transaction,|0.0168421,|0.0168421,|0.687993
1M572mSHT5wH8B2L6tPqn7WujNxUbB5yVi,1,transaction,209722174,False,False,2,1M572mSHT5wH8B2L6tPqn7WujNxUbB5yVi|209722174,wallet|transaction,|0.0168988,|0.000804702,|1.19209e-07
1M9cei21nbSGGZ1JpvA9XEZ4nFmkFhDEpx,1,transaction,55246758,False,False,2,1M9cei21nbSGGZ1JpvA9XEZ4nFmkFhDEpx|55246758,wallet|transaction,|0.0168565,|0.0168565,|0.54847
1MXEE5tT13PaHahkzYNor9VQLfSghbgJjE,1,transaction,12665085,False,False,2,1MXEE5tT13PaHahkzYNor9VQLfSghbgJjE|12665085,wallet|transaction,|0.0168188,|0.0168188,|0.80549
1NX39YT51aeiZJuXhDSVhPyVcJ6SkREVfv,1,transaction,386120617,False,False,2,1NX39YT51aeiZJuXhDSVhPyVcJ6SkREVfv|386120617,wallet|transaction,|0.0168666,|0.0168666,|0.864053
1NZuhsDNj7XcZyWZiWg7F1QDH82Pe96axG,1,transaction,218314019,False,False,2,1NZuhsDNj7XcZyWZiWg7F1QDH82Pe96axG|218314019,wallet|transaction,|0.016225,|0.016225,|0.670079
1NdKfZ52EJamzotFcVYCvaiWjWeLYqki2x,1,transaction,382965539,False,False,2,1NdKfZ52EJamzotFcVYCvaiWjWeLYqki2x|382965539,wallet|transaction,|0.0155288,|0.0155288,|0.96878
1NhWsGxZHija5ZmYZxc1CCL8QHr1r8ZGNx,1,transaction,148562098,False,False,2,1NhWsGxZHija5ZmYZxc1CCL8QHr1r8ZGNx|148562098,wallet|transaction,|0.0168502,|0.0168502,|0.810455
1NnTNBhGKA1VPx8D7ywWmXcMBHZKJgEc1d,1,transaction,96257955,False,False,2,1NnTNBhGKA1VPx8D7ywWmXcMBHZKJgEc1d|96257955,wallet|transaction,|0.0168489,|0.0168489,|0.811926
1PcRcduHLEmLuQrFiPraPR84WZ71B9g9bH,1,transaction,94362345,False,False,2,1PcRcduHLEmLuQrFiPraPR84WZ71B9g9bH|94362345,wallet|transaction,|0.0176656,|0.0176656,|0.724609
1PhC9eMLxehzVhBmDyNhaZPU7UVMkEh5cc,1,transaction,380201406,False,False,2,1PhC9eMLxehzVhBmDyNhaZPU7UVMkEh5cc|380201406,wallet|transaction,|0.0168623,|0.0168623,|0.871699
1Q9e2ZqfRp9y9itx4R8TtLDiooQ5QeDq1U,1,transaction,77194240,False,False,2,1Q9e2ZqfRp9y9itx4R8TtLDiooQ5QeDq1U|77194240,wallet|transaction,|0.016951,|0.016951,|-0.00217652
1ta8hXMCnVxPmxc5iKMVveZBWoNdQ66ax,1,transaction,15253051,False,False,2,1ta8hXMCnVxPmxc5iKMVveZBWoNdQ66ax|15253051,wallet|transaction,|0.0164874,|0.0164874,|0.428477
1thG8VxxKKLH1C1DxRjHDGrnwLyJHMRuR,1,transaction,86595196,False,False,2,1thG8VxxKKLH1C1DxRjHDGrnwLyJHMRuR|86595196,wallet|transaction,|0.0168417,|0.0168417,|0.522241
36FDWqgqojFfZcBUhLNc8DN5x8mnWSn5ZK,1,transaction,241503879,False,False,2,36FDWqgqojFfZcBUhLNc8DN5x8mnWSn5ZK|241503879,wallet|transaction,|0.0161483,|0.00538278,|0.00460225
16ZmqTubYoDpZWE6PDdg67HgXyQz1hNgZP,0,wallet,16ZmqTubYoDpZWE6PDdg67HgXyQz1hNgZP,False,False,1,16ZmqTubYoDpZWE6PDdg67HgXyQz1hNgZP,wallet,,,
1AHtZveYFgWLbAw1jfBXTsTg2H7rQ93wgx,0,wallet,1AHtZveYFgWLbAw1jfBXTsTg2H7rQ93wgx,False,False,1,1AHtZveYFgWLbAw1jfBXTsTg2H7rQ93wgx,wallet,,,
1BWk1J6M5fDy9cnUfEJHuwMGgVMQREdYn4,0,wallet,1BWk1J6M5fDy9cnUfEJHuwMGgVMQREdYn4,False,False,1,1BWk1J6M5fDy9cnUfEJHuwMGgVMQREdYn4,wallet,,,
1E6vCVgWDYBnZvnci6UgG1dShw5bmdszMA,0,wallet,1E6vCVgWDYBnZvnci6UgG1dShw5bmdszMA,False,False,1,1E6vCVgWDYBnZvnci6UgG1dShw5bmdszMA,wallet,,,
1H6ZZpRmMnrw8ytepV3BYwMjYYnEkWDqVP,0,wallet,1H6ZZpRmMnrw8ytepV3BYwMjYYnEkWDqVP,False,False,1,1H6ZZpRmMnrw8ytepV3BYwMjYYnEkWDqVP,wallet,,,
369zF8F6FKfsb1LncsCJd47P4UoEkN3ooZ,0,wallet,369zF8F6FKfsb1LncsCJd47P4UoEkN3ooZ,False,False,1,369zF8F6FKfsb1LncsCJd47P4UoEkN3ooZ,wallet,,,
3Lu6VATRB2zqa3gQMxNBgy8uTRxSiUMGmc,0,wallet,3Lu6VATRB2zqa3gQMxNBgy8uTRxSiUMGmc,False,False,1,3Lu6VATRB2zqa3gQMxNBgy8uTRxSiUMGmc,wallet,,,
