target_txid,depth,root_type,root_real_id,root_is_fraud,is_true_positive,n_nodes,chain_real_ids,chain_types,chain_ce
16HL5g6Byc4vcCv8ZSYd9ya9U3fskFFfYn,15,wallet,13kDy7NYmGCA82AaWntBDgBiPqgz8Nrjwg,True,True,16,16HL5g6Byc4vcCv8ZSYd9ya9U3fskFFfYn|72632811|1EWVwzNmv5qL9TeSKnzYLcdK4fiELgQhho|72384062|115hcGDYGbbUjaB3Akb99yH2dXirkj3AHb|72333681|72333674|193pxgCK1rAKAhMdMWC99jfcRyGJr7bGzf|31240896|17A16QmavnUfCW11DAApiJxp7ARnxN5pGX|293925926|14i2FEoaSPfKB66sfMdtNyYDcSDQ3MfnYY|294303111|1J2qkV34FBYoHaVrQEtGUxGp8JAJRHnubZ|228446106|13kDy7NYmGCA82AaWntBDgBiPqgz8Nrjwg,wallet|transaction|wallet|transaction|wallet|transaction|transaction|wallet|transaction|wallet|transaction|wallet|transaction|wallet|transaction|wallet,|0.987708|0.907559|0.887685|0.899811|0.0301127|-0.0169148|-0.0866377|-0.00961682|-0.0866377|-0.00961682|0.801935|0.478363|0.792345|0.987745|0.891629
17qLafpipUVmLssXzm3hLgxB1mqfn2MJTU,13,wallet,13kDy7NYmGCA82AaWntBDgBiPqgz8Nrjwg,True,True,14,17qLafpipUVmLssXzm3hLgxB1mqfn2MJTU|12778505|1KacrxgxFiYE1rjKB8PNEAbUZQp9uJGX9p|12715329|19BbknHNBfHZFbtcf1KNqvwrGxqNCJYD6V|12672860|12665120|17A16QmavnUfCW11DAApiJxp7ARnxN5pGX|293925926|14i2FEoaSPfKB66sfMdtNyYDcSDQ3MfnYY|294303111|1J2qkV34FBYoHaVrQEtGUxGp8JAJRHnubZ|228446106|13kDy7NYmGCA82AaWntBDgBiPqgz8Nrjwg,wallet|transaction|wallet|transaction|wallet|transaction|transaction|wallet|transaction|wallet|transaction|wallet|transaction|wallet,|-0.00957519|-0.0866374|-0.00961682|-0.0866377|-0.00961682|-0.0169155|-0.0866377|-0.00961682|0.801935|0.478363|0.792345|0.987745|0.891629
1Detvh6CX4R2e36yNSKKX2FUFG8tNnFeje,13,wallet,13kDy7NYmGCA82AaWntBDgBiPqgz8Nrjwg,True,True,14,1Detvh6CX4R2e36yNSKKX2FUFG8tNnFeje|70408671|1QCQe7LbFeAwoy8gVuMLN6munprkEWQz5P|67605387|16sDbUwm662QtuCH6P1gzxyZH1R7Yv1KHs|69603466|2365784|17A16QmavnUfCW11DAApiJxp7ARnxN5pGX|293925926|14i2FEoaSPfKB66sfMdtNyYDcSDQ3MfnYY|294303111|1J2qkV34FBYoHaVrQEtGUxGp8JAJRHnubZ|228446106|13kDy7NYmGCA82AaWntBDgBiPqgz8Nrjwg,wallet|transaction|wallet|transaction|wallet|transaction|transaction|wallet|transaction|wallet|transaction|wallet|transaction|wallet,|0.989877|0.904826|0.984144|0.592008|-0.00961668|-0.0169155|-0.0866377|-0.00961682|0.801935|0.478363|0.792345|0.987745|0.891629
70408671,12,wallet,13kDy7NYmGCA82AaWntBDgBiPqgz8Nrjwg,True,True,13,70408671|1QCQe7LbFeAwoy8gVuMLN6munprkEWQz5P|67605387|16sDbUwm662QtuCH6P1gzxyZH1R7Yv1KHs|69603466|2365784|17A16QmavnUfCW11DAApiJxp7ARnxN5pGX|293925926|14i2FEoaSPfKB66sfMdtNyYDcSDQ3MfnYY|294303111|1J2qkV34FBYoHaVrQEtGUxGp8JAJRHnubZ|228446106|13kDy7NYmGCA82AaWntBDgBiPqgz8Nrjwg,transaction|wallet|transaction|wallet|transaction|transaction|wallet|transaction|wallet|transaction|wallet|transaction|wallet,|0.904826|0.984144|0.592008|-0.00961668|-0.0169155|-0.0866377|-0.00961682|0.801935|0.478363|0.792345|0.987745|0.891629
12778505,12,wallet,13kDy7NYmGCA82AaWntBDgBiPqgz8Nrjwg,True,True,13,12778505|1KacrxgxFiYE1rjKB8PNEAbUZQp9uJGX9p|12715329|19BbknHNBfHZFbtcf1KNqvwrGxqNCJYD6V|12672860|12665120|17A16QmavnUfCW11DAApiJxp7ARnxN5pGX|293925926|14i2FEoaSPfKB66sfMdtNyYDcSDQ3MfnYY|294303111|1J2qkV34FBYoHaVrQEtGUxGp8JAJRHnubZ|228446106|13kDy7NYmGCA82AaWntBDgBiPqgz8Nrjwg,transaction|wallet|transaction|wallet|transaction|transaction|wallet|transaction|wallet|transaction|wallet|transaction|wallet,|-0.0866374|-0.00961682|-0.0866377|-0.00961682|-0.0169155|-0.0866377|-0.00961682|0.801935|0.478363|0.792345|0.987745|0.891629
12662937,11,wallet,13kDy7NYmGCA82AaWntBDgBiPqgz8Nrjwg,True,True,12,12662937|13ZWYwHd8uyCb89GBjqzdXcin3Sc95Czn4|12662939|12uczgNHH2L5YVrxXBubkQ4kWDd5hL2LUH|12665120|17A16QmavnUfCW11DAApiJxp7ARnxN5pGX|293925926|14i2FEoaSPfKB66sfMdtNyYDcSDQ3MfnYY|294303111|1J2qkV34FBYoHaVrQEtGUxGp8JAJRHnubZ|228446106|13kDy7NYmGCA82AaWntBDgBiPqgz8Nrjwg,transaction|wallet|transaction|wallet|transaction|wallet|transaction|wallet|transaction|wallet|transaction|wallet,|0.905868|0.00614614|-0.0866377|-0.00961682|-0.0866377|-0.00961682|0.801935|0.478363|0.792345|0.987745|0.891629
12778573,11,wallet,13kDy7NYmGCA82AaWntBDgBiPqgz8Nrjwg,True,True,12,12778573|18dzADDfgu41Zvro5yfFzYZLzgUXhSjFhE|12689875|18wAMiyBLyUaALjnp6gNkqv2xwBTCpcB2L|5663491|17A16QmavnUfCW11DAApiJxp7ARnxN5pGX|293925926|14i2FEoaSPfKB66sfMdtNyYDcSDQ3MfnYY|294303111|1J2qkV34FBYoHaVrQEtGUxGp8JAJRHnubZ|228446106|13kDy7NYmGCA82AaWntBDgBiPqgz8Nrjwg,transaction|wallet|transaction|wallet|transaction|wallet|transaction|wallet|transaction|wallet|transaction|wallet,|0.907458|0.00320002|-0.0866377|-0.00961682|-0.0866377|-0.00961682|0.801935|0.478363|0.792345|0.987745|0.891629
12780368,11,wallet,13kDy7NYmGCA82AaWntBDgBiPqgz8Nrjwg,True,True,12,12780368|1Pt7nkYY3rS5jnSoN7sCY8sB3pz8KKbhup|12780374|19CsHCdiqrMbococsgkoP76GrjqfvWvFAt|10695436|17A16QmavnUfCW11DAApiJxp7ARnxN5pGX|293925926|14i2FEoaSPfKB66sfMdtNyYDcSDQ3MfnYY|294303111|1J2qkV34FBYoHaVrQEtGUxGp8JAJRHnubZ|228446106|13kDy7NYmGCA82AaWntBDgBiPqgz8Nrjwg,transaction|wallet|transaction|wallet|transaction|wallet|transaction|wallet|transaction|wallet|transaction|wallet,|0.774243|-0.00961663|-0.0866377|-0.00961682|-0.0866377|-0.00961682|0.801935|0.478363|0.792345|0.987745|0.891629
1KacrxgxFiYE1rjKB8PNEAbUZQp9uJGX9p,11,wallet,13kDy7NYmGCA82AaWntBDgBiPqgz8Nrjwg,True,True,12,1KacrxgxFiYE1rjKB8PNEAbUZQp9uJGX9p|12715329|19BbknHNBfHZFbtcf1KNqvwrGxqNCJYD6V|12672860|12665120|17A16QmavnUfCW11DAApiJxp7ARnxN5pGX|293925926|14i2FEoaSPfKB66sfMdtNyYDcSDQ3MfnYY|294303111|1J2qkV34FBYoHaVrQEtGUxGp8JAJRHnubZ|228446106|13kDy7NYmGCA82AaWntBDgBiPqgz8Nrjwg,wallet|transaction|wallet|transaction|transaction|wallet|transaction|wallet|transaction|wallet|transaction|wallet,|-0.00961682|-0.0866377|-0.00961682|-0.0169155|-0.0866377|-0.00961682|0.801935|0.478363|0.792345|0.987745|0.891629
19885fwTEXnW1r12MPXPhNfVtaWfmdPoHR,10,wallet,146r5W24RX4foDE8T8osTuKhhZmQRVbqTE,True,True,11,19885fwTEXnW1r12MPXPhNfVtaWfmdPoHR|179099727|1GUZ9oUWqFqqZXsgA5CpsjnBPq4WQAfxGw|8827141|15FfNJvETxBbrUvbe36JgcoijWjo3v8s7h|44457829|1JuUyWAxwbkWwHZPhNTBwJyNwzRphmVJM9|175509999|13fgWvyoEUyoT7CQEmEagdDQmNcdX8cGkr|174757904|146r5W24RX4foDE8T8osTuKhhZmQRVbqTE,wallet|transaction|wallet|transaction|wallet|transaction|wallet|transaction|wallet|transaction|wallet,|0.990325|-0.0789889|0.981446|-0.08663|-0.00961682|-0.0866367|-0.00961682|0.911603|0.988003|0.891504
19aeaUawh3hsjLa8rHS2oqscXdGNVz8XEb,10,wallet,13kDy7NYmGCA82AaWntBDgBiPqgz8Nrjwg,True,True,11,19aeaUawh3hsjLa8rHS2oqscXdGNVz8XEb|97729143|1Bg8hBdzDG2TJweHZtTttZZDEdwv8WbEzS|9969789|17A16QmavnUfCW11DAApiJxp7ARnxN5pGX|293925926|14i2FEoaSPfKB66sfMdtNyYDcSDQ3MfnYY|294303111|1J2qkV34FBYoHaVrQEtGUxGp8JAJRHnubZ|228446106|13kDy7NYmGCA82AaWntBDgBiPqgz8Nrjwg,wallet|transaction|wallet|transaction|wallet|transaction|wallet|transaction|wallet|transaction|wallet,|-0.00273222|-0.0866377|-0.00961682|-0.0866377|-0.00961682|0.801935|0.478363|0.792345|0.987745|0.891629
210646674,9,wallet,1HtUPLQWu1k1ZBmcvmiS6D8qREzjaFcdoD,True,True,10,210646674|1AHb2haJfpKCpKA66NqLqyXidLmYRDaPno|210624712|1MMcnw1Y8UdmoNBzfjxpg3LVeYawK3kPxD|209805539|14oBBogKoXagzGawpjz5HNqDNPAyMxpT9J|209681252|1Fz1MrSMaqfz5gRFDvQhe5iat4pZns3xaM|209681254|1HtUPLQWu1k1ZBmcvmiS6D8qREzjaFcdoD,transaction|wallet|transaction|wallet|transaction|wallet|transaction|wallet|transaction|wallet,|0.911328|0.989654|0.910629|0.989656|0.911609|0.989542|0.90984|0.988159|0.891567
13TDiJvmgwFj4ZUV7JY7KfHFhRWcLbY7Ax,8,wallet,14AWWm2ME4T38KiTE6Ju4bvEVem7ByiNvd,True,True,9,13TDiJvmgwFj4ZUV7JY7KfHFhRWcLbY7Ax|272411377|1GS7y1J4t5cGCWLWRq6MKaABP1eRUHrw8i|272153291|1E6La3GfEAFMXVJ6YjkAMGKykcpJVphLmn|272153298|1FjEN8uu2uPb4hhVTbDKcibeMnn9kVRUCw|152058261|14AWWm2ME4T38KiTE6Ju4bvEVem7ByiNvd,wallet|transaction|wallet|transaction|wallet|transaction|wallet|transaction|wallet,|0.98897|0.91005|0.983985|0.910967|0.982299|0.909626|0.987338|0.89159
17ZLeueenchc8h54Stzbb7zgwC4u6puDuQ,8,wallet,1KZMpAEiyyJjDYZP2pQXtQH2zfv1syhEaX,True,True,9,17ZLeueenchc8h54Stzbb7zgwC4u6puDuQ|209493620|1DDtCPukd5dcH8udf3QqhjNB5qurHmioWu|209493623|1A88BK4ikW3GABn2YEYt9bxcDG5nBdpBrr|209709674|15KsG2sWmrnmUD3D6ddfxKa168p4Q9XrX7|24051859|1KZMpAEiyyJjDYZP2pQXtQH2zfv1syhEaX,wallet|transaction|wallet|transaction|wallet|transaction|wallet|transaction|wallet,|0.979543|0.910718|0.989561|0.91166|0.990013|0.91127|0.988872|0.891556
1A7wrb6xus1bP6en17KeX3d42k4gj1wVmr,8,wallet,1EY2yuaHiFs3GmetrvkdXzR3Q32F6fDym1,True,True,9,1A7wrb6xus1bP6en17KeX3d42k4gj1wVmr|363774346|1mYmrkkgAS65DdBLbMrGSTr47JLF7WbXD|363664942|1LTAoVTsazCtMnQbuS4NDsDLyMptGPBMZF|363307603|16E7dLusS6L9AvoDTMcYwk7w4anPjvpsSh|363092549|1EY2yuaHiFs3GmetrvkdXzR3Q32F6fDym1,wallet|transaction|wallet|transaction|wallet|transaction|wallet|transaction|wallet,|0.989503|0.910237|0.989141|0.908039|0.968632|0.909146|0.98804|0.891562
1DTWaervHkEPhDDyHXTV2ab73LZVdKqEUn,8,wallet,1EY2yuaHiFs3GmetrvkdXzR3Q32F6fDym1,True,True,9,1DTWaervHkEPhDDyHXTV2ab73LZVdKqEUn|363774346|1mYmrkkgAS65DdBLbMrGSTr47JLF7WbXD|363664942|1LTAoVTsazCtMnQbuS4NDsDLyMptGPBMZF|363307603|16E7dLusS6L9AvoDTMcYwk7w4anPjvpsSh|363092549|1EY2yuaHiFs3GmetrvkdXzR3Q32F6fDym1,wallet|transaction|wallet|transaction|wallet|transaction|wallet|transaction|wallet,|0.989503|0.910237|0.989141|0.908039|0.968632|0.909146|0.98804|0.891562
1FpaW6xDZz6o3cuNZTNu589EPifMHhLPFg,8,wallet,1KZMpAEiyyJjDYZP2pQXtQH2zfv1syhEaX,True,True,9,1FpaW6xDZz6o3cuNZTNu589EPifMHhLPFg|309553229|1LubGtRhE2GhoR3VYXnLRKwHG1JcN6m5B|210915044|3Q6vpPnVByYUibeDLUYMD2ExuMsErzYFxw|209709674|15KsG2sWmrnmUD3D6ddfxKa168p4Q9XrX7|24051859|1KZMpAEiyyJjDYZP2pQXtQH2zfv1syhEaX,wallet|transaction|wallet|transaction|wallet|transaction|wallet|transaction|wallet,|0.974896|0.912084|0.971247|0.910009|0.990013|0.91127|0.988872|0.891556
1GUZ9oUWqFqqZXsgA5CpsjnBPq4WQAfxGw,8,wallet,146r5W24RX4foDE8T8osTuKhhZmQRVbqTE,True,True,9,1GUZ9oUWqFqqZXsgA5CpsjnBPq4WQAfxGw|8827141|15FfNJvETxBbrUvbe36JgcoijWjo3v8s7h|44457829|1JuUyWAxwbkWwHZPhNTBwJyNwzRphmVJM9|175509999|13fgWvyoEUyoT7CQEmEagdDQmNcdX8cGkr|174757904|146r5W24RX4foDE8T8osTuKhhZmQRVbqTE,wallet|transaction|wallet|transaction|wallet|transaction|wallet|transaction|wallet,|0.981446|-0.08663|-0.00961682|-0.0866367|-0.00961682|0.911603|0.988003|0.891504
1LAzUoLsv8GvZAjyBkHfHAsrUpjk4RaHFD,8,wallet,1KZMpAEiyyJjDYZP2pQXtQH2zfv1syhEaX,True,True,9,1LAzUoLsv8GvZAjyBkHfHAsrUpjk4RaHFD|322441061|1LubGtRhE2GhoR3VYXnLRKwHG1JcN6m5B|210915044|3Q6vpPnVByYUibeDLUYMD2ExuMsErzYFxw|209709674|15KsG2sWmrnmUD3D6ddfxKa168p4Q9XrX7|24051859|1KZMpAEiyyJjDYZP2pQXtQH2zfv1syhEaX,wallet|transaction|wallet|transaction|wallet|transaction|wallet|transaction|wallet,|0.984777|0.912084|0.971247|0.910009|0.990013|0.91127|0.988872|0.891556
209493620,7,wallet,1KZMpAEiyyJjDYZP2pQXtQH2zfv1syhEaX,True,True,8,209493620|1DDtCPukd5dcH8udf3QqhjNB5qurHmioWu|209493623|1A88BK4ikW3GABn2YEYt9bxcDG5nBdpBrr|209709674|15KsG2sWmrnmUD3D6ddfxKa168p4Q9XrX7|24051859|1KZMpAEiyyJjDYZP2pQXtQH2zfv1syhEaX,transaction|wallet|transaction|wallet|transaction|wallet|transaction|wallet,|0.910718|0.989561|0.91166|0.990013|0.91127|0.988872|0.891556
54824221,7,wallet,13Mk7cjBhCAZvcfAKbRHEMas2UPk7Nrfqu,True,True,8,54824221|17C7Cqdr8eK61vyJXeYFapyqii5hFYoysD|288463486|1Nd4WoUggkZ71AYxsAVPChMzSztrFKduvY|288354980|12A7QqFVrYt945mnn5pT9aYP42AUZimXk3|288125316|13Mk7cjBhCAZvcfAKbRHEMas2UPk7Nrfqu,transaction|wallet|transaction|wallet|transaction|wallet|transaction|wallet,|0.908942|0.982122|0.909468|0.980026|0.907198|0.985405|0.891716
15gY2BzZsZsnqibqghqkct9vrHC5Ef9EFd,6,wallet,1M8Fny5jqfuPXsnqxJjBF9QXTvnWoMdJnv,True,True,7,15gY2BzZsZsnqibqghqkct9vrHC5Ef9EFd|163918770|12pGtoaZSV32ogbDPgpGtbUuvbuFX6mRwp|166093184|1MupTTCbiUcRJt2RL9YSmZaiysMq4pzcCx|164771795|1M8Fny5jqfuPXsnqxJjBF9QXTvnWoMdJnv,wallet|transaction|wallet|transaction|wallet|transaction|wallet,|0.983276|0.905379|0.989034|0.896827|0.987179|0.891644
18o7SiZdP4fnqHba1apmddjrevK9g9a8tU,6,wallet,19pTqvj8n5cpUUuStCJYXD6B6mVz27C8T9,True,True,7,18o7SiZdP4fnqHba1apmddjrevK9g9a8tU|339095576|1EEBLnvKenqN3YHdJqubveLbn29EQ3SRHG|167064478|16kC4cey7YWCEGH1XXn5NTCRcNQ2vxcYDK|339058321|19pTqvj8n5cpUUuStCJYXD6B6mVz27C8T9,wallet|transaction|wallet|transaction|wallet|transaction|wallet,|0.987871|0.219548|0.419402|0.908053|0.98742|0.891532
175757130,5,wallet,1Jfe3GPejnM3Dng2LkGH5MFNaPSZmRYaLm,True,True,6,175757130|144i3J7HbsciBZXh3tbSijmgGmjBrQpJeT|175444963|141RLAHAGpzSCUc4Aq4ZEQ92BELDLX5yDg|190444615|1Jfe3GPejnM3Dng2LkGH5MFNaPSZmRYaLm,transaction|wallet|transaction|wallet|transaction|wallet,|-0.0866377|-0.00961682|0.910953|0.987087|0.8915
363664942,5,wallet,1EY2yuaHiFs3GmetrvkdXzR3Q32F6fDym1,True,True,6,363664942|1LTAoVTsazCtMnQbuS4NDsDLyMptGPBMZF|363307603|16E7dLusS6L9AvoDTMcYwk7w4anPjvpsSh|363092549|1EY2yuaHiFs3GmetrvkdXzR3Q32F6fDym1,transaction|wallet|transaction|wallet|transaction|wallet,|0.908039|0.968632|0.909146|0.98804|0.891562
209493623,5,wallet,1KZMpAEiyyJjDYZP2pQXtQH2zfv1syhEaX,True,True,6,209493623|1A88BK4ikW3GABn2YEYt9bxcDG5nBdpBrr|209709674|15KsG2sWmrnmUD3D6ddfxKa168p4Q9XrX7|24051859|1KZMpAEiyyJjDYZP2pQXtQH2zfv1syhEaX,transaction|wallet|transaction|wallet|transaction|wallet,|0.91166|0.990013|0.91127|0.988872|0.891556
85002291,5,wallet,1AyAJzAzpCop3yM7GvaAsZ3KQi8K5LJSrm,True,True,6,85002291|1GDYsY9M7Mg9SiF2D3vXAAAdDH8W3u27ku|272156963|3MbiUzrxs7tkpBZa57iCh3L2yvdCHTTDNf|272078301|1AyAJzAzpCop3yM7GvaAsZ3KQi8K5LJSrm,transaction|wallet|transaction|wallet|transaction|wallet,|0.912686|0.404286|0.908529|0.987951|0.891602
85254409,5,wallet,14q7TVHemXU8mzg6Lb7UCohxL7u9huhYyd,True,True,6,85254409|1NVEJCqE5nZdo53QBM1ymRkM9bxGHxeiqM|84752783|1Dhvyd3efW1cYEo3xTymMjy8PKW9DnMx9J|84368623|14q7TVHemXU8mzg6Lb7UCohxL7u9huhYyd,transaction|wallet|transaction|wallet|transaction|wallet,|0.911132|0.987146|0.911612|0.987691|0.891611
54878909,5,wallet,17KxsaNni1mQADviWFtYTXDeNd17dCs6zY,True,True,6,54878909|1ba7EWdp5w6a6cTDtCToBfzySAixb8EvM|63069519|16CSZmdfRq4Z6NZDVWRCMDX9ZCkz4q23Kf|69695707|17KxsaNni1mQADviWFtYTXDeNd17dCs6zY,transaction|wallet|transaction|wallet|transaction|wallet,|0.9071|0.717951|0.909912|0.984419|0.891728
12FdV47eMy7p5saCvLv4A7CLLt5rz3c9mE,4,wallet,1MbRAZ6hSBXJWDLtkRCFHKNvTg7TWSxttz,True,True,5,12FdV47eMy7p5saCvLv4A7CLLt5rz3c9mE|114626822|132Y194a45f32VKuwy7mgc2ASrMvpaeuom|114507940|1MbRAZ6hSBXJWDLtkRCFHKNvTg7TWSxttz,wallet|transaction|wallet|transaction|wallet,|0.98864|0.902377|0.982182|0.891763
12papRsdzeff5gy55TpABRxDGzxkkGQyPy,4,wallet,19r1zpV27s8WmMnh5mABs8Mt5CuvuA317Q,True,True,5,12papRsdzeff5gy55TpABRxDGzxkkGQyPy|189984406|1263GdxEEhx446QgqNENmsLdPUFnQEM5PC|189984660|19r1zpV27s8WmMnh5mABs8Mt5CuvuA317Q,wallet|transaction|wallet|transaction|wallet,|0.989625|0.91169|0.989302|0.891536
13oVoYLN1gjSF5t1ySdz1UrPtvhhfDz5QJ,4,wallet,1EsFDZBwX6qJaE6r4yirPSr3nRYGbcz2Av,True,True,5,13oVoYLN1gjSF5t1ySdz1UrPtvhhfDz5QJ|277798486|1GdFi63RbYSrcFjujYjePEdMgaWWDm9Bvr|299374289|1EsFDZBwX6qJaE6r4yirPSr3nRYGbcz2Av,wallet|transaction|wallet|transaction|wallet,|0.990062|0.904071|0.987981|0.891596
143JYyijP8fvqPkY1GeVUkpwVQN2mYtjhR,4,wallet,1JJTrhwDrEeSbcfNHdqvMJG5eXRyrPbPsq,True,True,5,143JYyijP8fvqPkY1GeVUkpwVQN2mYtjhR|99258743|15twigU4MNMdy4qyE7P3tssRxQVr5AjbxN|99258746|1JJTrhwDrEeSbcfNHdqvMJG5eXRyrPbPsq,wallet|transaction|wallet|transaction|wallet,|0.98385|0.910214|0.988556|0.891574
14HwW2rsfw8QMMPAvmCdVrTSC27XY3wawR,4,wallet,1BFPwE12hEUAMbF7k4h5UhSzreBNPih3Ns,True,True,5,14HwW2rsfw8QMMPAvmCdVrTSC27XY3wawR|163865631|1Fus55hbY1TDj4GQXFMKqXNcRuKcvXZDZU|145395710|1BFPwE12hEUAMbF7k4h5UhSzreBNPih3Ns,wallet|transaction|wallet|transaction|wallet,|0.926333|0.910924|0.987108|0.891641
14U1LMj3MfXxTENV59EWvHHYkvG4i3jo8P,4,wallet,133TzfNjGuF7nfccpiLZB38wetD9wtyLAp,True,True,5,14U1LMj3MfXxTENV59EWvHHYkvG4i3jo8P|209952987|1G3SeLHAo1uZxsKEu9QSipcHX598m8BBBz|209541751|133TzfNjGuF7nfccpiLZB38wetD9wtyLAp,wallet|transaction|wallet|transaction|wallet,|0.976655|0.911179|0.988465|0.891556
175T5Z6CZBXKHLu9Fxf4Z9jYnsQsd85hky,4,wallet,1D73T6bUw1yJdiybHHusMhSqFaKeAMNgny,True,True,5,175T5Z6CZBXKHLu9Fxf4Z9jYnsQsd85hky|378151531|1Ba2CT84EhVo4egpSaTYD7mWe3t7UVuQ1b|378065243|1D73T6bUw1yJdiybHHusMhSqFaKeAMNgny,wallet|transaction|wallet|transaction|wallet,|0.989778|0.910957|0.989084|0.891539
17bXWHjZygauiqur1RzSC2RTWu7bzKa9mn,4,wallet,149FbDgoqocXDoaE7rBJnft56BAC1x2sWc,True,True,5,17bXWHjZygauiqur1RzSC2RTWu7bzKa9mn|163653260|19gx6ikyBtKPutuMLDK1m87YX24pasmAiJ|163653262|149FbDgoqocXDoaE7rBJnft56BAC1x2sWc,wallet|transaction|wallet|transaction|wallet,|0.990083|0.910485|0.987152|0.891651
17dzRMpu6dMphPqzxVfy9j6mSN4CkEmrVJ,4,wallet,12bf9ezEA8EGKDqCsGm7PSez85r8v61kKq,True,True,5,17dzRMpu6dMphPqzxVfy9j6mSN4CkEmrVJ|355222038|161tZUfNiT7qPzT7N1z7MZshdFtpxGjty9|355008580|12bf9ezEA8EGKDqCsGm7PSez85r8v61kKq,wallet|transaction|wallet|transaction|wallet,|0.990115|0.910933|0.985996|0.891687
1DaeCftczdiy6YMY5hfh2Ab1T7yQoHcKXJ,4,wallet,12oSEz25skHKzsXWtQHNxFg9bF6y9NWFVY,True,True,5,1DaeCftczdiy6YMY5hfh2Ab1T7yQoHcKXJ|378592973|1ComD2Bm3xBWVGEp28q1jdY4dz2MCAnT14|378415649|12oSEz25skHKzsXWtQHNxFg9bF6y9NWFVY,wallet|transaction|wallet|transaction|wallet,|0.990112|0.91142|0.989082|0.891539
1FH9PuWstvhfomLBHTkzLymwfmjUgBxwxq,4,wallet,1AR8tDsHHjqhJDbGxh7FZSj93ByP2eoy2o,True,True,5,1FH9PuWstvhfomLBHTkzLymwfmjUgBxwxq|163662271|1KzQxRbCD7enxvUFqMq9xdLbUXKTbYoqHA|163662273|1AR8tDsHHjqhJDbGxh7FZSj93ByP2eoy2o,wallet|transaction|wallet|transaction|wallet,|0.967913|0.909935|0.985858|0.89166
1Fva2Vr9jp2mDY9yyvyHepbqHM4B9R3GGx,4,wallet,1B5hSzL9bfEMUmQsQcJg2FaUCCJRhWeMdr,True,True,5,1Fva2Vr9jp2mDY9yyvyHepbqHM4B9R3GGx|296712837|1DnCzg8C1mq9WeKKBXNKmx2T1FExhfZEzq|296712537|1B5hSzL9bfEMUmQsQcJg2FaUCCJRhWeMdr,wallet|transaction|wallet|transaction|wallet,|0.90831|0.910376|0.988726|0.891574
1H65YYYeYors3YorCETZm8aUcHjJMBHj4P,4,wallet,14HkQLHKvtDo7KypQF387dPFaGorHfc6HH,True,True,5,1H65YYYeYors3YorCETZm8aUcHjJMBHj4P|382988791|1L4Zmsw8nA2HicWL1aYaL282xrVK8HnMTY|382974340|14HkQLHKvtDo7KypQF387dPFaGorHfc6HH,wallet|transaction|wallet|transaction|wallet,|0.801623|0.452782|0.169139|0.892298
1KNgruJUmTLzd4v8XcivBrqMjiENMVY6sE,4,wallet,1MxpMSW5cBCe4gry9FxwRMT9VqUVDHeFxN,True,True,5,1KNgruJUmTLzd4v8XcivBrqMjiENMVY6sE|363087092|1EsnjG2mgXwtCmQU4hwepSVLSkmZqrcZtr|362956463|1MxpMSW5cBCe4gry9FxwRMT9VqUVDHeFxN,wallet|transaction|wallet|transaction|wallet,|0.990048|0.910904|0.988876|0.891561
1KWJKZ6DuANeL5JKVMQbrWVrmGRgjRUjSJ,4,wallet,118tcRMuWaEi3uomdWJpMVDAGzy3yJDPT,True,True,5,1KWJKZ6DuANeL5JKVMQbrWVrmGRgjRUjSJ|133751208|1FgUKs84UaCL459hmocDZ1bjU36HZGsYRw|163690519|118tcRMuWaEi3uomdWJpMVDAGzy3yJDPT,wallet|transaction|wallet|transaction|wallet,|0.989873|0.910779|0.987206|0.891641
1LFt7eKYa8nF2tDA7e78ux9r3qzU6ujPoj,4,wallet,1HwW4SBjAn2mpK1ZoFuZAVcVm4eYiUvZ94,True,True,5,1LFt7eKYa8nF2tDA7e78ux9r3qzU6ujPoj|299119177|17RDxcCsrGF3pwH69dSA6MHLTaVFiHN3xk|298980158|1HwW4SBjAn2mpK1ZoFuZAVcVm4eYiUvZ94,wallet|transaction|wallet|transaction|wallet,|0.580266|0.909662|0.987279|0.891649
1LTAoVTsazCtMnQbuS4NDsDLyMptGPBMZF,4,wallet,1EY2yuaHiFs3GmetrvkdXzR3Q32F6fDym1,True,True,5,1LTAoVTsazCtMnQbuS4NDsDLyMptGPBMZF|363307603|16E7dLusS6L9AvoDTMcYwk7w4anPjvpsSh|363092549|1EY2yuaHiFs3GmetrvkdXzR3Q32F6fDym1,wallet|transaction|wallet|transaction|wallet,|0.968632|0.909146|0.98804|0.891562
1LZwNvzHsAvBWg2Kebn72wAPNmWfiKAzE4,4,wallet,1J7weDrdR4Fcp28zUW6Zu5dGkdJnB355Xc,True,True,5,1LZwNvzHsAvBWg2Kebn72wAPNmWfiKAzE4|97408977|1hDt8GWJFrkxwzVAwzga9jLoSzX3RGXsi|97066702|1J7weDrdR4Fcp28zUW6Zu5dGkdJnB355Xc,wallet|transaction|wallet|transaction|wallet,|0.92479|0.90251|0.976683|0.891817
279424082,3,wallet,1KfHxNrU48rdd5Vnh4X4C22gkS9oxGoiVV,True,True,4,279424082|1EX5vj3fbq7EjCyyfVC4U3bao2zSi1Rsrm|44995911|1KfHxNrU48rdd5Vnh4X4C22gkS9oxGoiVV,transaction|wallet|transaction|wallet,|0.912368|0.989069|0.891589
94654272,3,wallet,1MUaX1Aq3Zr8o2GUH1dsyhQTtbhTe8nFFK,True,True,4,94654272|1GM6HKftDnXb2qk7dSEELFabxyGXApR1a5|94372683|1MUaX1Aq3Zr8o2GUH1dsyhQTtbhTe8nFFK,transaction|wallet|transaction|wallet,|0.909257|0.985317|0.891497
175046769,3,wallet,16KaRJpecD5xe9bpSqKiGdZig84aP4WAWV,True,True,4,175046769|1CB6C2B8RhoNPpfEbEnQvSVYvuqjDLMU73|174759163|16KaRJpecD5xe9bpSqKiGdZig84aP4WAWV,transaction|wallet|transaction|wallet,|0.911175|0.988082|0.891503
205920729,3,wallet,1PMWKzRpmsESyAdf2QutevLhbYzueBwmh4,True,True,4,205920729|1CpDhHzAvLnjU6crBde5LN2ELAhE2jbeof|175759710|1PMWKzRpmsESyAdf2QutevLhbYzueBwmh4,transaction|wallet|transaction|wallet,|0.909976|0.983177|0.891521
216384922,3,wallet,1cYjN4WeM58cFF52KRXAs9zZKT26dzPYu,True,True,4,216384922|1D4BiGayTzyZDBtwJCYf7GLk6QkrGW8xhX|175758299|1cYjN4WeM58cFF52KRXAs9zZKT26dzPYu,transaction|wallet|transaction|wallet,|0.911235|0.987929|0.891503
244629239,3,wallet,12CV5js5iBA3viX5SmLukcwa67tS65wbuT,True,True,4,244629239|1EhoHN8rq8GGA11UVHSCy1SWcoohwGyqk5|243781008|12CV5js5iBA3viX5SmLukcwa67tS65wbuT,transaction|wallet|transaction|wallet,|0.911426|0.98905|0.891533
99258743,3,wallet,1JJTrhwDrEeSbcfNHdqvMJG5eXRyrPbPsq,True,True,4,99258743|15twigU4MNMdy4qyE7P3tssRxQVr5AjbxN|99258746|1JJTrhwDrEeSbcfNHdqvMJG5eXRyrPbPsq,transaction|wallet|transaction|wallet,|0.910214|0.988556|0.891574
194305890,3,wallet,16vsRJCL9fPTwpfB7RRMzhZ6w9aBBx5W9B,True,True,4,194305890|1Q1rFGRbyDDQyt86mw6JttGoswGJUhaW56|314046178|16vsRJCL9fPTwpfB7RRMzhZ6w9aBBx5W9B,transaction|wallet|transaction|wallet,|0.910901|0.987798|0.891582
272088734,3,wallet,19yYEwstiwMgHCtSfySypF2qBV4qG5rhcU,True,True,4,272088734|12at81gDHtGdvWv3VwuxT9eCaSofQR2A8K|272088740|19yYEwstiwMgHCtSfySypF2qBV4qG5rhcU,transaction|wallet|transaction|wallet,|0.91125|0.985768|0.891642
269503235,3,wallet,1AQ5MkK7cruxM6t7w8kWW3qY2jk7fqE5CV,True,True,4,269503235|14tTvoRrQqT3NRmQoSvCG5jYGMnPiKx9t6|268792024|1AQ5MkK7cruxM6t7w8kWW3qY2jk7fqE5CV,transaction|wallet|transaction|wallet,|0.911112|0.987192|0.891613
89199852,3,wallet,1Me61RgR3CVJycAtGjHdq1VgXMAAvymk69,True,True,4,89199852|115KU5zFdghC4GdoU4d7yknxTb71LW9Sd|145395709|1Me61RgR3CVJycAtGjHdq1VgXMAAvymk69,transaction|wallet|transaction|wallet,|0.910592|0.98711|0.891641
92727932,3,wallet,1CFcQwNeZCDbGGvBdHL5kt2fMojryAL7Nu,True,True,4,92727932|12QCnBpR4QYg9ivpXquAxfSdsWsvTHqsCd|92727933|1CFcQwNeZCDbGGvBdHL5kt2fMojryAL7Nu,transaction|wallet|transaction|wallet,|0.910864|0.985604|0.891698
288347142,3,wallet,1FGm4k2V8uprKPDWuccZi4oMmu9PTACfGH,True,True,4,288347142|1P361HmcVw1ztXr7gYvo6FrB2thhErodhp|288148015|1FGm4k2V8uprKPDWuccZi4oMmu9PTACfGH,transaction|wallet|transaction|wallet,|0.907802|0.985343|0.891706
288354980,3,wallet,13Mk7cjBhCAZvcfAKbRHEMas2UPk7Nrfqu,True,True,4,288354980|12A7QqFVrYt945mnn5pT9aYP42AUZimXk3|288125316|13Mk7cjBhCAZvcfAKbRHEMas2UPk7Nrfqu,transaction|wallet|transaction|wallet,|0.907198|0.985405|0.891716
67603017,3,wallet,1CAuUW3iszd8UzhMyePwqvzJkRvjdPfLBq,True,True,4,67603017|1F65vGr1ZEMo6frrVh5gRwNXAjsYsGRfEG|70384401|1CAuUW3iszd8UzhMyePwqvzJkRvjdPfLBq,transaction|wallet|transaction|wallet,|0.908071|0.984457|0.891722
114626822,3,wallet,1MbRAZ6hSBXJWDLtkRCFHKNvTg7TWSxttz,True,True,4,114626822|132Y194a45f32VKuwy7mgc2ASrMvpaeuom|114507940|1MbRAZ6hSBXJWDLtkRCFHKNvTg7TWSxttz,transaction|wallet|transaction|wallet,|0.902377|0.982182|0.891763
71988265,3,wallet,15EwbaS7C6iTq971WCNRr519BDP21nWtkQ,True,True,4,71988265|1LMVzE1Ci765BpqxG7bK55SABLMf3YkfHQ|71450339|15EwbaS7C6iTq971WCNRr519BDP21nWtkQ,transaction|wallet|transaction|wallet,|0.912077|0.965764|0.891907
71988753,3,wallet,1KRk7mSri4zsTifUbHoHFNsovPDUX2DqJd,True,True,4,71988753|1ERJcygiAXZfvVWv1TjqNpncMuWirsiQXX|71450516|1KRk7mSri4zsTifUbHoHFNsovPDUX2DqJd,transaction|wallet|transaction|wallet,|0.907575|0.964759|0.891925
218400096,3,wallet,1Ark1chKCGBdQh2ZWWHivBzUWpzRrzo7dZ,True,True,4,218400096|1MKNjXd16X5LuoxbKy2KcfW28oZpE7DavN|218091577|1Ark1chKCGBdQh2ZWWHivBzUWpzRrzo7dZ,transaction|wallet|transaction|wallet,|0.903051|0.974613|0.891875
12AzKwSbqKHMdWQK2zsHnef8F48rEHGgEZ,3,transaction,291338524,True,True,4,12AzKwSbqKHMdWQK2zsHnef8F48rEHGgEZ|298732576|39sfuA8pY4UfybgEZi7uvA13jkGzZpsg5K|291338524,wallet|transaction|wallet|transaction,|0.990381|0.91336|0.990383
13XXXsxSp4TjBLR6TGbsyknFMNWzYniwbu,3,transaction,291338524,True,True,4,13XXXsxSp4TjBLR6TGbsyknFMNWzYniwbu|254428878|39sfuA8pY4UfybgEZi7uvA13jkGzZpsg5K|291338524,wallet|transaction|wallet|transaction,|0.990381|0.91336|0.990383
13aa4LcxnkJkhjaQd97qtWPxaHZA3msDXh,3,transaction,291338524,True,True,4,13aa4LcxnkJkhjaQd97qtWPxaHZA3msDXh|166072787|39sfuA8pY4UfybgEZi7uvA13jkGzZpsg5K|291338524,wallet|transaction|wallet|transaction,|0.990381|0.91336|0.990383
13fPMfrBDQVpa4TqvPRbYVEszJF8Ftwc6a,3,transaction,291338524,True,True,4,13fPMfrBDQVpa4TqvPRbYVEszJF8Ftwc6a|163667312|39sfuA8pY4UfybgEZi7uvA13jkGzZpsg5K|291338524,wallet|transaction|wallet|transaction,|0.990381|0.91336|0.990383
13ruUZnEJabBo1vJ5Tghnwuo2p9hMf4epU,3,transaction,291338524,True,True,4,13ruUZnEJabBo1vJ5Tghnwuo2p9hMf4epU|163660881|39sfuA8pY4UfybgEZi7uvA13jkGzZpsg5K|291338524,wallet|transaction|wallet|transaction,|0.990382|0.91336|0.990383
15mK2eXUyk8kUCPJCw1i5n9sNAGXxaQN7X,3,transaction,291338524,True,True,4,15mK2eXUyk8kUCPJCw1i5n9sNAGXxaQN7X|21627002|39sfuA8pY4UfybgEZi7uvA13jkGzZpsg5K|291338524,wallet|transaction|wallet|transaction,|0.990381|0.91336|0.990383
15tTDoB12FkSSpMWVyf4jETGb4JTqsjGQQ,3,transaction,291338524,True,True,4,15tTDoB12FkSSpMWVyf4jETGb4JTqsjGQQ|84719010|39sfuA8pY4UfybgEZi7uvA13jkGzZpsg5K|291338524,wallet|transaction|wallet|transaction,|0.990381|0.91336|0.990383
169UeNytf25LSWdqt36rfc2pz7Y41rdmWo,3,transaction,291338524,True,True,4,169UeNytf25LSWdqt36rfc2pz7Y41rdmWo|84719007|39sfuA8pY4UfybgEZi7uvA13jkGzZpsg5K|291338524,wallet|transaction|wallet|transaction,|0.990382|0.91336|0.990383
16Hj5A3qK8T3UZgkwNwzXJStk2fFhVrA6J,3,transaction,291338524,True,True,4,16Hj5A3qK8T3UZgkwNwzXJStk2fFhVrA6J|98992940|39sfuA8pY4UfybgEZi7uvA13jkGzZpsg5K|291338524,wallet|transaction|wallet|transaction,|0.990381|0.91336|0.990383
16hY4idRzuVgSDXLTkry6yyyzgvy6MEQzn,3,transaction,291338524,True,True,4,16hY4idRzuVgSDXLTkry6yyyzgvy6MEQzn|355004559|39sfuA8pY4UfybgEZi7uvA13jkGzZpsg5K|291338524,wallet|transaction|wallet|transaction,|0.990381|0.91336|0.990383
16rdAm417Uz6JuPjwPtphDpJCr1XeUXJG2,3,transaction,291338524,True,True,4,16rdAm417Uz6JuPjwPtphDpJCr1XeUXJG2|166071629|39sfuA8pY4UfybgEZi7uvA13jkGzZpsg5K|291338524,wallet|transaction|wallet|transaction,|0.990382|0.91336|0.990383
17bu9eTkwcWjeYVm5eN5HEwX9BaU67iLka,3,transaction,291338524,True,True,4,17bu9eTkwcWjeYVm5eN5HEwX9BaU67iLka|386085450|39sfuA8pY4UfybgEZi7uvA13jkGzZpsg5K|291338524,wallet|transaction|wallet|transaction,|0.990381|0.91336|0.990383
1A6F9JECqinsTdLfePdoySUsGEgcCWsfA1,3,transaction,291338524,True,True,4,1A6F9JECqinsTdLfePdoySUsGEgcCWsfA1|272077542|39sfuA8pY4UfybgEZi7uvA13jkGzZpsg5K|291338524,wallet|transaction|wallet|transaction,|0.990382|0.91336|0.990383
1A8R5LvXc8kxoFAHGgjxivjiihUitMiukX,3,transaction,291338524,True,True,4,1A8R5LvXc8kxoFAHGgjxivjiihUitMiukX|272683595|39sfuA8pY4UfybgEZi7uvA13jkGzZpsg5K|291338524,wallet|transaction|wallet|transaction,|0.990381|0.91336|0.990383
1AhenWJCZ8buY8tYCDSx5qkuUq4i85ocpX,3,transaction,291338524,True,True,4,1AhenWJCZ8buY8tYCDSx5qkuUq4i85ocpX|27210820|39sfuA8pY4UfybgEZi7uvA13jkGzZpsg5K|291338524,wallet|transaction|wallet|transaction,|0.99038|0.91336|0.990383
1BM8ZGtbDHVs5Gxi2GkDayuaoFQBDq3njT,3,transaction,291338524,True,True,4,1BM8ZGtbDHVs5Gxi2GkDayuaoFQBDq3njT|185725699|39sfuA8pY4UfybgEZi7uvA13jkGzZpsg5K|291338524,wallet|transaction|wallet|transaction,|0.990382|0.91336|0.990383
1BTTNeFA2bM24hhXCzD2ZNCoZjmwvL7VbG,3,transaction,291338524,True,True,4,1BTTNeFA2bM24hhXCzD2ZNCoZjmwvL7VbG|166498559|39sfuA8pY4UfybgEZi7uvA13jkGzZpsg5K|291338524,wallet|transaction|wallet|transaction,|0.990381|0.91336|0.990383
1Br6QoKSb8u1CtfLXLqboqkj4gj7BXc18w,3,transaction,291338524,True,True,4,1Br6QoKSb8u1CtfLXLqboqkj4gj7BXc18w|355126263|39sfuA8pY4UfybgEZi7uvA13jkGzZpsg5K|291338524,wallet|transaction|wallet|transaction,|0.990382|0.91336|0.990383
1CewU3kjG9A8YXuuKR19Fr2kWRtB4pUosT,3,transaction,291338524,True,True,4,1CewU3kjG9A8YXuuKR19Fr2kWRtB4pUosT|382770349|39sfuA8pY4UfybgEZi7uvA13jkGzZpsg5K|291338524,wallet|transaction|wallet|transaction,|0.990381|0.91336|0.990383
1Cr5J9uCaPmdZ57WPeM2Vy5EiLyLnkXrDY,3,transaction,291338524,True,True,4,1Cr5J9uCaPmdZ57WPeM2Vy5EiLyLnkXrDY|163667986|39sfuA8pY4UfybgEZi7uvA13jkGzZpsg5K|291338524,wallet|transaction|wallet|transaction,|0.990381|0.91336|0.990383
1Dbjs8uREYUHAo3FJ7Dxsw6cSzZQVcZTTD,3,transaction,291338524,True,True,4,1Dbjs8uREYUHAo3FJ7Dxsw6cSzZQVcZTTD|166499035|39sfuA8pY4UfybgEZi7uvA13jkGzZpsg5K|291338524,wallet|transaction|wallet|transaction,|0.990382|0.91336|0.990383
1FVjTeWxef4ua8mxRnf8RMebX577iGW7Gb,3,transaction,291338524,True,True,4,1FVjTeWxef4ua8mxRnf8RMebX577iGW7Gb|166495212|39sfuA8pY4UfybgEZi7uvA13jkGzZpsg5K|291338524,wallet|transaction|wallet|transaction,|0.99038|0.91336|0.990383
1Fg9HCzXfU5NqnUbSW2XQ9VhRGwG3ejdRS,3,transaction,291338524,True,True,4,1Fg9HCzXfU5NqnUbSW2XQ9VhRGwG3ejdRS|141627708|39sfuA8pY4UfybgEZi7uvA13jkGzZpsg5K|291338524,wallet|transaction|wallet|transaction,|0.990382|0.91336|0.990383
1Fh3B5mW2qBV4zvAvzZ8of5iYYhKdHEMqv,3,transaction,291338524,True,True,4,1Fh3B5mW2qBV4zvAvzZ8of5iYYhKdHEMqv|355110139|39sfuA8pY4UfybgEZi7uvA13jkGzZpsg5K|291338524,wallet|transaction|wallet|transaction,|0.990382|0.91336|0.990383
1GAJQirWinGv2awEJFuoqD6JprL5Pk9qWs,3,transaction,291338524,True,True,4,1GAJQirWinGv2awEJFuoqD6JprL5Pk9qWs|386050098|39sfuA8pY4UfybgEZi7uvA13jkGzZpsg5K|291338524,wallet|transaction|wallet|transaction,|0.990382|0.91336|0.990383
1GbzD5EcnUTGpL6UwfWU5qfXABStfaHVJg,3,transaction,291338524,True,True,4,1GbzD5EcnUTGpL6UwfWU5qfXABStfaHVJg|355128655|39sfuA8pY4UfybgEZi7uvA13jkGzZpsg5K|291338524,wallet|transaction|wallet|transaction,|0.990381|0.91336|0.990383
1GmD5Vm1a9gbSES5Vih82EfrDAH3WGDecS,3,transaction,291338524,True,True,4,1GmD5Vm1a9gbSES5Vih82EfrDAH3WGDecS|309189403|39sfuA8pY4UfybgEZi7uvA13jkGzZpsg5K|291338524,wallet|transaction|wallet|transaction,|0.990381|0.91336|0.990383
1HL5WAWsHmHgvxQLkYt8DqH42dXaWQp88p,3,transaction,291338524,True,True,4,1HL5WAWsHmHgvxQLkYt8DqH42dXaWQp88p|136272459|39sfuA8pY4UfybgEZi7uvA13jkGzZpsg5K|291338524,wallet|transaction|wallet|transaction,|0.990382|0.91336|0.990383
1K5KTHhEB9Mcida1xSehtYLjyGf7QYncZx,3,transaction,291338524,True,True,4,1K5KTHhEB9Mcida1xSehtYLjyGf7QYncZx|331553509|39sfuA8pY4UfybgEZi7uvA13jkGzZpsg5K|291338524,wallet|transaction|wallet|transaction,|0.990382|0.91336|0.990383
1KVqB5L93xNQ387NkNZc6rkx4p4HaWpZa9,3,transaction,291338524,True,True,4,1KVqB5L93xNQ387NkNZc6rkx4p4HaWpZa9|69064953|39sfuA8pY4UfybgEZi7uvA13jkGzZpsg5K|291338524,wallet|transaction|wallet|transaction,|0.990381|0.91336|0.990383
1LeKFRBubQSwHzpamAKbVuynVF6Xnjer9r,3,transaction,291338524,True,True,4,1LeKFRBubQSwHzpamAKbVuynVF6Xnjer9r|43878665|39sfuA8pY4UfybgEZi7uvA13jkGzZpsg5K|291338524,wallet|transaction|wallet|transaction,|0.990381|0.91336|0.990383
1MLvzsdbo2N12ANUcGTXkMCQ1GZbLTvkTL,3,transaction,291338524,True,True,4,1MLvzsdbo2N12ANUcGTXkMCQ1GZbLTvkTL|272145560|39sfuA8pY4UfybgEZi7uvA13jkGzZpsg5K|291338524,wallet|transaction|wallet|transaction,|0.990381|0.91336|0.990383
1MjAvw2GzrW1ZT5LR6WgW7kPhjpXKNe7Ww,3,transaction,291338524,True,True,4,1MjAvw2GzrW1ZT5LR6WgW7kPhjpXKNe7Ww|355128732|39sfuA8pY4UfybgEZi7uvA13jkGzZpsg5K|291338524,wallet|transaction|wallet|transaction,|0.990381|0.91336|0.990383
43003119,2,transaction,43007170,True,True,3,43003119|1CpXnV4FdYM8rqzA5KGip6GBLMbRhsKq6J|43007170,transaction|wallet|transaction,|0.864256|0.906928
43004044,2,transaction,43007170,True,True,3,43004044|1CpXnV4FdYM8rqzA5KGip6GBLMbRhsKq6J|43007170,transaction|wallet|transaction,|0.864256|0.906928
69997426,2,transaction,291338524,True,True,3,69997426|39sfuA8pY4UfybgEZi7uvA13jkGzZpsg5K|291338524,transaction|wallet|transaction,|0.91336|0.990383
136272459,2,transaction,291338524,True,True,3,136272459|39sfuA8pY4UfybgEZi7uvA13jkGzZpsg5K|291338524,transaction|wallet|transaction,|0.91336|0.990383
247487089,2,transaction,291338524,True,True,3,247487089|39sfuA8pY4UfybgEZi7uvA13jkGzZpsg5K|291338524,transaction|wallet|transaction,|0.91336|0.990383
272077928,2,transaction,291338524,True,True,3,272077928|39sfuA8pY4UfybgEZi7uvA13jkGzZpsg5K|291338524,transaction|wallet|transaction,|0.91336|0.990383
272932861,2,transaction,291338524,True,True,3,272932861|39sfuA8pY4UfybgEZi7uvA13jkGzZpsg5K|291338524,transaction|wallet|transaction,|0.91336|0.990383
277373532,2,transaction,291338524,True,True,3,277373532|39sfuA8pY4UfybgEZi7uvA13jkGzZpsg5K|291338524,transaction|wallet|transaction,|0.91336|0.990383
292163396,2,transaction,291338524,True,True,3,292163396|39sfuA8pY4UfybgEZi7uvA13jkGzZpsg5K|291338524,transaction|wallet|transaction,|0.91336|0.990383
299475624,2,transaction,291338524,True,True,3,299475624|39sfuA8pY4UfybgEZi7uvA13jkGzZpsg5K|291338524,transaction|wallet|transaction,|0.91336|0.990383
84719050,2,transaction,291338524,True,True,3,84719050|39sfuA8pY4UfybgEZi7uvA13jkGzZpsg5K|291338524,transaction|wallet|transaction,|0.91336|0.990383
17763829,2,transaction,291338524,True,True,3,17763829|39sfuA8pY4UfybgEZi7uvA13jkGzZpsg5K|291338524,transaction|wallet|transaction,|0.91336|0.990383
21627002,2,transaction,291338524,True,True,3,21627002|39sfuA8pY4UfybgEZi7uvA13jkGzZpsg5K|291338524,transaction|wallet|transaction,|0.91336|0.990383
55300089,2,transaction,291338524,True,True,3,55300089|39sfuA8pY4UfybgEZi7uvA13jkGzZpsg5K|291338524,transaction|wallet|transaction,|0.91336|0.990383
56397284,2,transaction,291338524,True,True,3,56397284|39sfuA8pY4UfybgEZi7uvA13jkGzZpsg5K|291338524,transaction|wallet|transaction,|0.91336|0.990383
135600096,2,transaction,291338524,True,True,3,135600096|39sfuA8pY4UfybgEZi7uvA13jkGzZpsg5K|291338524,transaction|wallet|transaction,|0.91336|0.990383
136123519,2,transaction,291338524,True,True,3,136123519|39sfuA8pY4UfybgEZi7uvA13jkGzZpsg5K|291338524,transaction|wallet|transaction,|0.91336|0.990383
141627708,2,transaction,291338524,True,True,3,141627708|39sfuA8pY4UfybgEZi7uvA13jkGzZpsg5K|291338524,transaction|wallet|transaction,|0.91336|0.990383
142317103,2,transaction,291338524,True,True,3,142317103|39sfuA8pY4UfybgEZi7uvA13jkGzZpsg5K|291338524,transaction|wallet|transaction,|0.91336|0.990383
149197183,2,transaction,291338524,True,True,3,149197183|39sfuA8pY4UfybgEZi7uvA13jkGzZpsg5K|291338524,transaction|wallet|transaction,|0.91336|0.990383
163585815,2,transaction,291338524,True,True,3,163585815|39sfuA8pY4UfybgEZi7uvA13jkGzZpsg5K|291338524,transaction|wallet|transaction,|0.91336|0.990383
163586071,2,transaction,291338524,True,True,3,163586071|39sfuA8pY4UfybgEZi7uvA13jkGzZpsg5K|291338524,transaction|wallet|transaction,|0.91336|0.990383
163586382,2,transaction,291338524,True,True,3,163586382|39sfuA8pY4UfybgEZi7uvA13jkGzZpsg5K|291338524,transaction|wallet|transaction,|0.91336|0.990383
163657331,2,transaction,291338524,True,True,3,163657331|39sfuA8pY4UfybgEZi7uvA13jkGzZpsg5K|291338524,transaction|wallet|transaction,|0.91336|0.990383
163667266,2,transaction,291338524,True,True,3,163667266|39sfuA8pY4UfybgEZi7uvA13jkGzZpsg5K|291338524,transaction|wallet|transaction,|0.91336|0.990383
163667273,2,transaction,291338524,True,True,3,163667273|39sfuA8pY4UfybgEZi7uvA13jkGzZpsg5K|291338524,transaction|wallet|transaction,|0.91336|0.990383
163820070,2,transaction,291338524,True,True,3,163820070|39sfuA8pY4UfybgEZi7uvA13jkGzZpsg5K|291338524,transaction|wallet|transaction,|0.91336|0.990383
163867298,2,transaction,291338524,True,True,3,163867298|39sfuA8pY4UfybgEZi7uvA13jkGzZpsg5K|291338524,transaction|wallet|transaction,|0.91336|0.990383
165849672,2,transaction,291338524,True,True,3,165849672|39sfuA8pY4UfybgEZi7uvA13jkGzZpsg5K|291338524,transaction|wallet|transaction,|0.91336|0.990383
165849938,2,transaction,291338524,True,True,3,165849938|39sfuA8pY4UfybgEZi7uvA13jkGzZpsg5K|291338524,transaction|wallet|transaction,|0.91336|0.990383
165849955,2,transaction,291338524,True,True,3,165849955|39sfuA8pY4UfybgEZi7uvA13jkGzZpsg5K|291338524,transaction|wallet|transaction,|0.91336|0.990383
166071318,2,transaction,291338524,True,True,3,166071318|39sfuA8pY4UfybgEZi7uvA13jkGzZpsg5K|291338524,transaction|wallet|transaction,|0.91336|0.990383
166072696,2,transaction,291338524,True,True,3,166072696|39sfuA8pY4UfybgEZi7uvA13jkGzZpsg5K|291338524,transaction|wallet|transaction,|0.91336|0.990383
166072794,2,transaction,291338524,True,True,3,166072794|39sfuA8pY4UfybgEZi7uvA13jkGzZpsg5K|291338524,transaction|wallet|transaction,|0.91336|0.990383
166499051,2,transaction,291338524,True,True,3,166499051|39sfuA8pY4UfybgEZi7uvA13jkGzZpsg5K|291338524,transaction|wallet|transaction,|0.91336|0.990383
166499072,2,transaction,291338524,True,True,3,166499072|39sfuA8pY4UfybgEZi7uvA13jkGzZpsg5K|291338524,transaction|wallet|transaction,|0.91336|0.990383
166499135,2,transaction,291338524,True,True,3,166499135|39sfuA8pY4UfybgEZi7uvA13jkGzZpsg5K|291338524,transaction|wallet|transaction,|0.91336|0.990383
167743047,2,transaction,291338524,True,True,3,167743047|39sfuA8pY4UfybgEZi7uvA13jkGzZpsg5K|291338524,transaction|wallet|transaction,|0.91336|0.990383
168138716,2,transaction,291338524,True,True,3,168138716|39sfuA8pY4UfybgEZi7uvA13jkGzZpsg5K|291338524,transaction|wallet|transaction,|0.91336|0.990383
168139047,2,transaction,291338524,True,True,3,168139047|39sfuA8pY4UfybgEZi7uvA13jkGzZpsg5K|291338524,transaction|wallet|transaction,|0.91336|0.990383
168139106,2,transaction,291338524,True,True,3,168139106|39sfuA8pY4UfybgEZi7uvA13jkGzZpsg5K|291338524,transaction|wallet|transaction,|0.91336|0.990383
137895164,2,transaction,291338524,True,True,3,137895164|39sfuA8pY4UfybgEZi7uvA13jkGzZpsg5K|291338524,transaction|wallet|transaction,|0.91336|0.990383
194942541,2,transaction,291338524,True,True,3,194942541|39sfuA8pY4UfybgEZi7uvA13jkGzZpsg5K|291338524,transaction|wallet|transaction,|0.91336|0.990383
320512210,2,transaction,291338524,True,True,3,320512210|39sfuA8pY4UfybgEZi7uvA13jkGzZpsg5K|291338524,transaction|wallet|transaction,|0.91336|0.990383
348230493,2,transaction,291338524,True,True,3,348230493|39sfuA8pY4UfybgEZi7uvA13jkGzZpsg5K|291338524,transaction|wallet|transaction,|0.91336|0.990383
386050098,2,transaction,291338524,True,True,3,386050098|39sfuA8pY4UfybgEZi7uvA13jkGzZpsg5K|291338524,transaction|wallet|transaction,|0.91336|0.990383
386085453,2,transaction,291338524,True,True,3,386085453|39sfuA8pY4UfybgEZi7uvA13jkGzZpsg5K|291338524,transaction|wallet|transaction,|0.91336|0.990383
179428461,2,transaction,291338524,True,True,3,179428461|39sfuA8pY4UfybgEZi7uvA13jkGzZpsg5K|291338524,transaction|wallet|transaction,|0.91336|0.990383
355009653,2,transaction,291338524,True,True,3,355009653|39sfuA8pY4UfybgEZi7uvA13jkGzZpsg5K|291338524,transaction|wallet|transaction,|0.91336|0.990383
355009671,2,transaction,291338524,True,True,3,355009671|39sfuA8pY4UfybgEZi7uvA13jkGzZpsg5K|291338524,transaction|wallet|transaction,|0.91336|0.990383
355009708,2,transaction,291338524,True,True,3,355009708|39sfuA8pY4UfybgEZi7uvA13jkGzZpsg5K|291338524,transaction|wallet|transaction,|0.91336|0.990383
355009720,2,transaction,291338524,True,True,3,355009720|39sfuA8pY4UfybgEZi7uvA13jkGzZpsg5K|291338524,transaction|wallet|transaction,|0.91336|0.990383
355110093,2,transaction,291338524,True,True,3,355110093|39sfuA8pY4UfybgEZi7uvA13jkGzZpsg5K|291338524,transaction|wallet|transaction,|0.91336|0.990383
355110131,2,transaction,291338524,True,True,3,355110131|39sfuA8pY4UfybgEZi7uvA13jkGzZpsg5K|291338524,transaction|wallet|transaction,|0.91336|0.990383
355110135,2,transaction,291338524,True,True,3,355110135|39sfuA8pY4UfybgEZi7uvA13jkGzZpsg5K|291338524,transaction|wallet|transaction,|0.91336|0.990383
355128667,2,transaction,291338524,True,True,3,355128667|39sfuA8pY4UfybgEZi7uvA13jkGzZpsg5K|291338524,transaction|wallet|transaction,|0.91336|0.990383
355128677,2,transaction,291338524,True,True,3,355128677|39sfuA8pY4UfybgEZi7uvA13jkGzZpsg5K|291338524,transaction|wallet|transaction,|0.91336|0.990383
355128730,2,transaction,291338524,True,True,3,355128730|39sfuA8pY4UfybgEZi7uvA13jkGzZpsg5K|291338524,transaction|wallet|transaction,|0.91336|0.990383
355158933,2,transaction,291338524,True,True,3,355158933|39sfuA8pY4UfybgEZi7uvA13jkGzZpsg5K|291338524,transaction|wallet|transaction,|0.91336|0.990383
355998241,2,transaction,291338524,True,True,3,355998241|39sfuA8pY4UfybgEZi7uvA13jkGzZpsg5K|291338524,transaction|wallet|transaction,|0.91336|0.990383
355998296,2,transaction,291338524,True,True,3,355998296|39sfuA8pY4UfybgEZi7uvA13jkGzZpsg5K|291338524,transaction|wallet|transaction,|0.91336|0.990383
12Aj1xAaiaVhYioE1ZvJ6d65bc8zg4AJ5N,2,wallet,1MawDwTqGckV8jigYrSdpfNY7g5yUutE7f,True,True,3,12Aj1xAaiaVhYioE1ZvJ6d65bc8zg4AJ5N|158371756|1MawDwTqGckV8jigYrSdpfNY7g5yUutE7f,wallet|transaction|wallet,|0.973744|0.891899
12QCnBpR4QYg9ivpXquAxfSdsWsvTHqsCd,2,wallet,1CFcQwNeZCDbGGvBdHL5kt2fMojryAL7Nu,True,True,3,12QCnBpR4QYg9ivpXquAxfSdsWsvTHqsCd|92727933|1CFcQwNeZCDbGGvBdHL5kt2fMojryAL7Nu,wallet|transaction|wallet,|0.985604|0.891698
12at81gDHtGdvWv3VwuxT9eCaSofQR2A8K,2,wallet,19yYEwstiwMgHCtSfySypF2qBV4qG5rhcU,True,True,3,12at81gDHtGdvWv3VwuxT9eCaSofQR2A8K|272088740|19yYEwstiwMgHCtSfySypF2qBV4qG5rhcU,wallet|transaction|wallet,|0.985768|0.891642
12bvT3AbqAS6tEmaCWyFZAUTa8CZ7KLT8M,2,wallet,163KUE66ErUeFJtVbDzBqhk5kp4RpwND2Y,True,True,3,12bvT3AbqAS6tEmaCWyFZAUTa8CZ7KLT8M|268796589|163KUE66ErUeFJtVbDzBqhk5kp4RpwND2Y,wallet|transaction|wallet,|0.988098|0.891605
12q4R8KAbsCuqDGUanU8uFeXNjTu3F42Vb,2,wallet,1AyAJzAzpCop3yM7GvaAsZ3KQi8K5LJSrm,True,True,3,12q4R8KAbsCuqDGUanU8uFeXNjTu3F42Vb|272078301|1AyAJzAzpCop3yM7GvaAsZ3KQi8K5LJSrm,wallet|transaction|wallet,|0.987951|0.891602
131fHSzsK1eQJp7bC94JVWZqJ2JcdR5UfS,2,wallet,39sfuA8pY4UfybgEZi7uvA13jkGzZpsg5K,True,True,3,131fHSzsK1eQJp7bC94JVWZqJ2JcdR5UfS|291338524|39sfuA8pY4UfybgEZi7uvA13jkGzZpsg5K,wallet|transaction|wallet,|0.990383|0.91336
14JWG2ssMgowu6gyBdxQSDcgD74VCwjNwN,2,wallet,17kgEd3tK73BBLZo9gyzy1YqbzFYrt79jM,True,True,3,14JWG2ssMgowu6gyBdxQSDcgD74VCwjNwN|208931582|17kgEd3tK73BBLZo9gyzy1YqbzFYrt79jM,wallet|transaction|wallet,|0.988463|0.891557
14aqedUbcRkx7gNNKGiexFhi6J3nzePSM8,2,wallet,1FegJFc8qRqtE8GYWFtXpFbiTLjhiGMHyp,True,True,3,14aqedUbcRkx7gNNKGiexFhi6J3nzePSM8|269500862|1FegJFc8qRqtE8GYWFtXpFbiTLjhiGMHyp,wallet|transaction|wallet,|0.987994|0.891608
14fgABuecouBA7pfjbDFy4EXJUR9dNAG58,2,wallet,1FbzC97KbV4hvsVRbHnPGphC7XhotQHwKY,True,True,3,14fgABuecouBA7pfjbDFy4EXJUR9dNAG58|159041217|1FbzC97KbV4hvsVRbHnPGphC7XhotQHwKY,wallet|transaction|wallet,|0.976082|0.891877
14s9RKasRn6py5WijgxJSFip29pF5JvSF2,2,wallet,1vnzEFtFcXfojTcGDjS6m8Em1pS4zB8QC,True,True,3,14s9RKasRn6py5WijgxJSFip29pF5JvSF2|11566998|1vnzEFtFcXfojTcGDjS6m8Em1pS4zB8QC,wallet|transaction|wallet,|0.975977|0.891854
16K4uNL5WXL9QUPMezCXvcfacmGwWbP7uB,2,wallet,1MPpXKeMyzg5Wh3J4u3zGMcaAforJ1XVLT,True,True,3,16K4uNL5WXL9QUPMezCXvcfacmGwWbP7uB|269519023|1MPpXKeMyzg5Wh3J4u3zGMcaAforJ1XVLT,wallet|transaction|wallet,|0.987832|0.891605
16kC4cey7YWCEGH1XXn5NTCRcNQ2vxcYDK,2,wallet,19pTqvj8n5cpUUuStCJYXD6B6mVz27C8T9,True,True,3,16kC4cey7YWCEGH1XXn5NTCRcNQ2vxcYDK|339058321|19pTqvj8n5cpUUuStCJYXD6B6mVz27C8T9,wallet|transaction|wallet,|0.98742|0.891532
16oasHBCHwXZcbzj8pdLqrwguyf4Duzdkv,2,wallet,14J8trbxtni8ygAqVC3qq9zBhvQuD8NzM2,True,True,3,16oasHBCHwXZcbzj8pdLqrwguyf4Duzdkv|225817002|14J8trbxtni8ygAqVC3qq9zBhvQuD8NzM2,wallet|transaction|wallet,|0.988785|0.891575
17DA5VwRQr6wAkGPjVH8sRLv6TAs17NoUn,2,wallet,1MU74xD8KtPL23YruYK212rc5uiwPjrC6C,True,True,3,17DA5VwRQr6wAkGPjVH8sRLv6TAs17NoUn|105991496|1MU74xD8KtPL23YruYK212rc5uiwPjrC6C,wallet|transaction|wallet,|0.986789|0.891812
17WpUphWLqEgbgX1MMwC2w2gqYxVacedPq,2,wallet,1JaiAJCHuNLxLaAWGEKnzxmagEz4t5jGun,True,True,3,17WpUphWLqEgbgX1MMwC2w2gqYxVacedPq|289270308|1JaiAJCHuNLxLaAWGEKnzxmagEz4t5jGun,wallet|transaction|wallet,|0.988433|0.891584
17kpBzSHm5YSyZLfLiotAicriJMtg3ecQD,2,wallet,1AcfnuwDL4JdVB7P7fjvGYTENmEYjFRokb,True,True,3,17kpBzSHm5YSyZLfLiotAicriJMtg3ecQD|16753577|1AcfnuwDL4JdVB7P7fjvGYTENmEYjFRokb,wallet|transaction|wallet,|0.988654|0.891579
183pA8mY6m8YjXb2iTxeA7FjzWEjUg9xiq,2,wallet,1Jj1826aeZ3oV5R7vRGz2FxRLn4TrWKJhv,True,True,3,183pA8mY6m8YjXb2iTxeA7FjzWEjUg9xiq|158367826|1Jj1826aeZ3oV5R7vRGz2FxRLn4TrWKJhv,wallet|transaction|wallet,|0.972592|0.891903
18Qdh29cqegjUnw3Ve1CjjbTUukvzeGX93,2,wallet,1Gsb8cVt7TrJbHn46LywYdednEPnDWrvFr,True,True,3,18Qdh29cqegjUnw3Ve1CjjbTUukvzeGX93|339058299|1Gsb8cVt7TrJbHn46LywYdednEPnDWrvFr,wallet|transaction|wallet,|0.988935|0.891523
18ZVQCF6MxBzr7JBu8F5zvSP3w4A7CSV6h,2,wallet,1DuCxXTcjhrTE1RSabxCJDpoVNLiwdPD4h,True,True,3,18ZVQCF6MxBzr7JBu8F5zvSP3w4A7CSV6h|114655823|1DuCxXTcjhrTE1RSabxCJDpoVNLiwdPD4h,wallet|transaction|wallet,|0.982472|0.891758
18mzPpoPnuNYTTYQoqMamjUsteBjC6NTEA,2,wallet,1DR6qnuyvKT1Y8ngmTVnbbxQqpnkR4qcKS,True,True,3,18mzPpoPnuNYTTYQoqMamjUsteBjC6NTEA|346378501|1DR6qnuyvKT1Y8ngmTVnbbxQqpnkR4qcKS,wallet|transaction|wallet,|0.98896|0.891517
191c7U22m9HiTUmptoyNzvRN3XAymMRoX6,2,wallet,1NZDTMfrY9Mn53xcbe1hhPhhQ6PWzmbeE7,True,True,3,191c7U22m9HiTUmptoyNzvRN3XAymMRoX6|44066252|1NZDTMfrY9Mn53xcbe1hhPhhQ6PWzmbeE7,wallet|transaction|wallet,|0.98908|0.891589
19fRrJxQZNHXyGThnyf9WapGyxqmhxSNAs,2,wallet,1EHpeobCMdjUjo67jC9Lnx4dasbpwNeKWW,True,True,3,19fRrJxQZNHXyGThnyf9WapGyxqmhxSNAs|272432066|1EHpeobCMdjUjo67jC9Lnx4dasbpwNeKWW,wallet|transaction|wallet,|0.988133|0.891594
19svw4W5qkmif9h8mcVDU5UsyA3WhojVi6,2,wallet,1orL48cwK5UgooyKXzi2gc9xfrFEXBiJL,True,True,3,19svw4W5qkmif9h8mcVDU5UsyA3WhojVi6|248886979|1orL48cwK5UgooyKXzi2gc9xfrFEXBiJL,wallet|transaction|wallet,|0.989074|0.891551
19txq91QziDSYfr5M3WwETThk4WnSH9FXU,2,wallet,1CjStQKYUZ8cSMk3iJf1eWWe6vLJRgj2TY,True,True,3,19txq91QziDSYfr5M3WwETThk4WnSH9FXU|11570254|1CjStQKYUZ8cSMk3iJf1eWWe6vLJRgj2TY,wallet|transaction|wallet,|0.97422|0.89218
1A9LxBPtyic2EnxmydSiitZVVDTFEew7wo,2,wallet,16SFatoK5qUbqZjfCw8ymdngYDmxmN23tn,True,True,3,1A9LxBPtyic2EnxmydSiitZVVDTFEew7wo|163656129|16SFatoK5qUbqZjfCw8ymdngYDmxmN23tn,wallet|transaction|wallet,|0.986755|0.89165
1Ahbt79WNTMYLWVXb4GKZApH9K2FFne8FV,2,wallet,154dvR98Zkp6SizhX8rP4qAHCm5tqSp5Z8,True,True,3,1Ahbt79WNTMYLWVXb4GKZApH9K2FFne8FV|339058373|154dvR98Zkp6SizhX8rP4qAHCm5tqSp5Z8,wallet|transaction|wallet,|0.989114|0.891522
1AnEXG6Q8TD8GmmBLjzvyLR4Mui7cpkS6A,2,wallet,12xJj29bKNLgCiKk2DFksQX4KmTvwVJZfJ,True,True,3,1AnEXG6Q8TD8GmmBLjzvyLR4Mui7cpkS6A|84755099|12xJj29bKNLgCiKk2DFksQX4KmTvwVJZfJ,wallet|transaction|wallet,|0.975042|0.891635
1BAAciDrPbpiV3NAeQUQz35MFgHuDpMKPn,2,wallet,1orL48cwK5UgooyKXzi2gc9xfrFEXBiJL,True,True,3,1BAAciDrPbpiV3NAeQUQz35MFgHuDpMKPn|248886979|1orL48cwK5UgooyKXzi2gc9xfrFEXBiJL,wallet|transaction|wallet,|0.989074|0.891551
1BZT4mnShFLTbqTNA7s48a6v9LcunEmXzj,2,wallet,14Y6aZ1MEx9Yoj6JKp8KcXrFKL8s2dmdNk,True,True,3,1BZT4mnShFLTbqTNA7s48a6v9LcunEmXzj|166073771|14Y6aZ1MEx9Yoj6JKp8KcXrFKL8s2dmdNk,wallet|transaction|wallet,|0.986925|0.891651
1BrcvKpXXT9HqaWeafTsvtW7493gGz1p5x,2,wallet,14vKyiomLxuYjDX6we29wh5vpcrNjAQLcz,True,True,3,1BrcvKpXXT9HqaWeafTsvtW7493gGz1p5x|68990207|14vKyiomLxuYjDX6we29wh5vpcrNjAQLcz,wallet|transaction|wallet,|0.984268|0.891717
1CPXJHajgGK1HV8E4FG2dUkuqb1Wn59DZB,2,wallet,1L2Z3TH7nDVAP7JBn3Rck8kcQfR3Gs2NC2,True,True,3,1CPXJHajgGK1HV8E4FG2dUkuqb1Wn59DZB|86706819|1L2Z3TH7nDVAP7JBn3Rck8kcQfR3Gs2NC2,wallet|transaction|wallet,|0.988551|0.891577
1Cht36nVzP2JTN9gwC5WcrSPthKU1FHwux,2,wallet,1CZ8enGh2bpWYGYPoF2Bga6c67RWbwWF3w,True,True,3,1Cht36nVzP2JTN9gwC5WcrSPthKU1FHwux|232345692|1CZ8enGh2bpWYGYPoF2Bga6c67RWbwWF3w,wallet|transaction|wallet,|0.983321|0.891505
1CjWwLjfauVoK9Wa44LFnGRrNuKyECFy6J,2,wallet,1AcfnuwDL4JdVB7P7fjvGYTENmEYjFRokb,True,True,3,1CjWwLjfauVoK9Wa44LFnGRrNuKyECFy6J|16753577|1AcfnuwDL4JdVB7P7fjvGYTENmEYjFRokb,wallet|transaction|wallet,|0.988654|0.891579
1CoSU7BLgHfEUzKjTCKNXVkzUBQFyX4PDY,2,wallet,14SQTwTnZf4sTyGTP315bEvPyogjto7MEf,True,True,3,1CoSU7BLgHfEUzKjTCKNXVkzUBQFyX4PDY|372730932|14SQTwTnZf4sTyGTP315bEvPyogjto7MEf,wallet|transaction|wallet,|0.988101|0.891574
1CogtuvrcfokKUZJWmYdTZdYHEJfHZxDy9,2,wallet,1LkLvTmpLaQw8ouFSnjHq7dRsyn5z6fbCy,True,True,3,1CogtuvrcfokKUZJWmYdTZdYHEJfHZxDy9|174942580|1LkLvTmpLaQw8ouFSnjHq7dRsyn5z6fbCy,wallet|transaction|wallet,|0.985638|0.891686
1CssUstJjsVkmGjDAcxzcAiw5S4o4hLtBJ,2,wallet,1Gkmgg8vE1j7U1LttpATwe41WVScK9s8Py,True,True,3,1CssUstJjsVkmGjDAcxzcAiw5S4o4hLtBJ|339058368|1Gkmgg8vE1j7U1LttpATwe41WVScK9s8Py,wallet|transaction|wallet,|0.988891|0.891523
1DAWfw6FyJnGafwob6ySmg5kPsgQF2Zh6Z,2,wallet,1FFbTwkCBG4XNRSv5ePJvnr138tP1SgFVz,True,True,3,1DAWfw6FyJnGafwob6ySmg5kPsgQF2Zh6Z|272153910|1FFbTwkCBG4XNRSv5ePJvnr138tP1SgFVz,wallet|transaction|wallet,|0.988728|0.891595
1DVxG8LR8CBGh9uXQjgnDaBoRign3sJDS9,2,wallet,15mcGqrm3HWk8cWf29U6xvrw8koaEtNYKo,True,True,3,1DVxG8LR8CBGh9uXQjgnDaBoRign3sJDS9|29962122|15mcGqrm3HWk8cWf29U6xvrw8koaEtNYKo,wallet|transaction|wallet,|0.983643|0.891741
1Db7J62hoP2AYQYep1aRJTFEVycPsonujS,2,wallet,1BAnykbttKby3FGn2WuV1Wjp2npoYbLwn9,True,True,3,1Db7J62hoP2AYQYep1aRJTFEVycPsonujS|376205008|1BAnykbttKby3FGn2WuV1Wjp2npoYbLwn9,wallet|transaction|wallet,|0.986297|0.891676
1DgtHonDbbabFwHpKxSAw7M7SjRNMrMMzc,2,wallet,1Pvq2SjnF1Uc4rBZKcJ8JEAfDgU3sogUNg,True,True,3,1DgtHonDbbabFwHpKxSAw7M7SjRNMrMMzc|234711189|1Pvq2SjnF1Uc4rBZKcJ8JEAfDgU3sogUNg,wallet|transaction|wallet,|0.988683|0.891513
1Dhvyd3efW1cYEo3xTymMjy8PKW9DnMx9J,2,wallet,14q7TVHemXU8mzg6Lb7UCohxL7u9huhYyd,True,True,3,1Dhvyd3efW1cYEo3xTymMjy8PKW9DnMx9J|84368623|14q7TVHemXU8mzg6Lb7UCohxL7u9huhYyd,wallet|transaction|wallet,|0.987691|0.891611
1Dqyf2qAjwjQfkjBY15ccVQ5stLn27bc6m,2,wallet,13GaMYE3jNPPrZxsNkWsab9fwgda2LWHu5,True,True,3,1Dqyf2qAjwjQfkjBY15ccVQ5stLn27bc6m|114786141|13GaMYE3jNPPrZxsNkWsab9fwgda2LWHu5,wallet|transaction|wallet,|0.988723|0.891513
1EBxbBpjKk3LPyMEqZbydHKXXnGEc53ntC,2,wallet,1PgBoirLMcKGseKQW3ErJTtN5BaACaUdXG,True,True,3,1EBxbBpjKk3LPyMEqZbydHKXXnGEc53ntC|159033509|1PgBoirLMcKGseKQW3ErJTtN5BaACaUdXG,wallet|transaction|wallet,|0.97492|0.891864
1ERJcygiAXZfvVWv1TjqNpncMuWirsiQXX,2,wallet,1KRk7mSri4zsTifUbHoHFNsovPDUX2DqJd,True,True,3,1ERJcygiAXZfvVWv1TjqNpncMuWirsiQXX|71450516|1KRk7mSri4zsTifUbHoHFNsovPDUX2DqJd,wallet|transaction|wallet,|0.964759|0.891925
1EdLjQuct1i6Uy6kDxZ2sp4UMN8kEhhnQp,2,wallet,1PnJA2XPeen51rnYT7qByELZvV39cRz8T8,True,True,3,1EdLjQuct1i6Uy6kDxZ2sp4UMN8kEhhnQp|225877497|1PnJA2XPeen51rnYT7qByELZvV39cRz8T8,wallet|transaction|wallet,|0.968171|0.89149
1FGbCqvQ35uJGKbm7MbJx3zTG7CRud6x4g,2,wallet,1Gm3Nb2WvjeffW9fYitcwKkJrvfdtoYuQL,True,True,3,1FGbCqvQ35uJGKbm7MbJx3zTG7CRud6x4g|363093379|1Gm3Nb2WvjeffW9fYitcwKkJrvfdtoYuQL,wallet|transaction|wallet,|0.988867|0.891557
1FX5FE9Q4kpKAnenfbHWA9LabXjLuoFwbz,2,wallet,1P3N8gwT5Zz9Bv4hhPdkBrJMsf1SxvKrk2,True,True,3,1FX5FE9Q4kpKAnenfbHWA9LabXjLuoFwbz|286784958|1P3N8gwT5Zz9Bv4hhPdkBrJMsf1SxvKrk2,wallet|transaction|wallet,|0.988623|0.891574
1GBWZDT1sNw4V5eFx5U1Ng1cFAuip9S7nW,2,wallet,1G1tACwiqm4tssWddetzkGLryLN9fN4dt,True,True,3,1GBWZDT1sNw4V5eFx5U1Ng1cFAuip9S7nW|14949429|1G1tACwiqm4tssWddetzkGLryLN9fN4dt,wallet|transaction|wallet,|0.988939|0.891529
1GFBEqUdyVhKtREybryzEn8FYnQmKxQyi4,2,wallet,1KWzCJAgA2LedDFs7A9ApCagoGRVXNTms,True,True,3,1GFBEqUdyVhKtREybryzEn8FYnQmKxQyi4|158375088|1KWzCJAgA2LedDFs7A9ApCagoGRVXNTms,wallet|transaction|wallet,|0.970738|0.891897
1GM6HKftDnXb2qk7dSEELFabxyGXApR1a5,2,wallet,1MUaX1Aq3Zr8o2GUH1dsyhQTtbhTe8nFFK,True,True,3,1GM6HKftDnXb2qk7dSEELFabxyGXApR1a5|94372683|1MUaX1Aq3Zr8o2GUH1dsyhQTtbhTe8nFFK,wallet|transaction|wallet,|0.985317|0.891497
1Gpsrs3mb82axj4JuUWf27Uv58XFWRzdZL,2,wallet,1J4ChpxRuGFDK7mo6dVEdJQxtT2beSPEfG,True,True,3,1Gpsrs3mb82axj4JuUWf27Uv58XFWRzdZL|245146107|1J4ChpxRuGFDK7mo6dVEdJQxtT2beSPEfG,wallet|transaction|wallet,|0.987882|0.891588
1HjKyzhxZ1X1bLQ5Gezwv3eYucL7LCefwg,2,wallet,1KfHxNrU48rdd5Vnh4X4C22gkS9oxGoiVV,True,True,3,1HjKyzhxZ1X1bLQ5Gezwv3eYucL7LCefwg|44995911|1KfHxNrU48rdd5Vnh4X4C22gkS9oxGoiVV,wallet|transaction|wallet,|0.989069|0.891589
1HyyLvaroBx13Wv7f6RzWNdhoBdFd4GK4X,2,wallet,1CXFa3MbB7BuedFZpvduPFYS8BBdq47Din,True,True,3,1HyyLvaroBx13Wv7f6RzWNdhoBdFd4GK4X|235427807|1CXFa3MbB7BuedFZpvduPFYS8BBdq47Din,wallet|transaction|wallet,|0.988767|0.891512
1JH3ryJ879hKaG5AqgZ9MSLESDQcVJJTej,2,wallet,13ZYQS1MSDFZSWUEQtg6fGBiPzhCre5uJA,True,True,3,1JH3ryJ879hKaG5AqgZ9MSLESDQcVJJTej|272529608|13ZYQS1MSDFZSWUEQtg6fGBiPzhCre5uJA,wallet|transaction|wallet,|0.988083|0.891596
1JPJz2Sh6QAdYscTR5jYF2Y8xPgYMk27NU,2,wallet,1GyjDW6exdy9a3x5VGaunG2t4oVynHmXNs,True,True,3,1JPJz2Sh6QAdYscTR5jYF2Y8xPgYMk27NU|163694920|1GyjDW6exdy9a3x5VGaunG2t4oVynHmXNs,wallet|transaction|wallet,|0.986105|0.891668
1JfFa3kh7C4HTYgKDrteGPAs5S6u9ZS5Zk,2,wallet,13o1JVZ3Avo4DAT6VvzftaXYayf24tKW9G,True,True,3,1JfFa3kh7C4HTYgKDrteGPAs5S6u9ZS5Zk|376210249|13o1JVZ3Avo4DAT6VvzftaXYayf24tKW9G,wallet|transaction|wallet,|0.986541|0.891674
1Jn5ZEP9mdhgJytDvMV6C3gqiPRtBbTjxM,2,wallet,1LyS1BPsGPvd3f3P62Bpc2SNVWY61binx2,True,True,3,1Jn5ZEP9mdhgJytDvMV6C3gqiPRtBbTjxM|98309038|1LyS1BPsGPvd3f3P62Bpc2SNVWY61binx2,wallet|transaction|wallet,|0.987319|0.891641
1JtWFzedyYRvzEAKgpRtVGJCU8ixMaT9k9,2,wallet,1AsoeBc4oa8kxhVewstkCh5JbVEVw589Dm,True,True,3,1JtWFzedyYRvzEAKgpRtVGJCU8ixMaT9k9|209539924|1AsoeBc4oa8kxhVewstkCh5JbVEVw589Dm,wallet|transaction|wallet,|0.988313|0.891556
1KKGjNNjzRWTUy8TjLr4o6btWcHp6bwFCt,2,wallet,1FTM9n2djbvabnu7dZ7NK27fRvdWkdPM5L,True,True,3,1KKGjNNjzRWTUy8TjLr4o6btWcHp6bwFCt|241489210|1FTM9n2djbvabnu7dZ7NK27fRvdWkdPM5L,wallet|transaction|wallet,|0.988911|0.891533
1KR9b8xoJMVdskW7cxCwGSnMyBW7ygtSQF,2,wallet,17KxsaNni1mQADviWFtYTXDeNd17dCs6zY,True,True,3,1KR9b8xoJMVdskW7cxCwGSnMyBW7ygtSQF|69695707|17KxsaNni1mQADviWFtYTXDeNd17dCs6zY,wallet|transaction|wallet,|0.984419|0.891728
1KZTj4aMVJi858tMEGBtupPHd2hc6skE9e,2,wallet,1B94dReLNeQzBLcu87goAyg5YJirUs5mpk,True,True,3,1KZTj4aMVJi858tMEGBtupPHd2hc6skE9e|212659519|1B94dReLNeQzBLcu87goAyg5YJirUs5mpk,wallet|transaction|wallet,|0.988117|0.891567
1KyxCL4EvNRMUrYcDvNBfG4rSN49DLxbPc,2,wallet,1HBKMEMrzpiD63SofRozPzuGsbkDrnACmY,True,True,3,1KyxCL4EvNRMUrYcDvNBfG4rSN49DLxbPc|86739424|1HBKMEMrzpiD63SofRozPzuGsbkDrnACmY,wallet|transaction|wallet,|0.988652|0.891572
1KzQxRbCD7enxvUFqMq9xdLbUXKTbYoqHA,2,wallet,1AR8tDsHHjqhJDbGxh7FZSj93ByP2eoy2o,True,True,3,1KzQxRbCD7enxvUFqMq9xdLbUXKTbYoqHA|163662273|1AR8tDsHHjqhJDbGxh7FZSj93ByP2eoy2o,wallet|transaction|wallet,|0.985858|0.89166
1L8EPpuakVp54h81Q9296eXaNijK6MnKwb,2,wallet,1CLWqEYKxQLkphAuvMouF1Xs3yweWinLrS,True,True,3,1L8EPpuakVp54h81Q9296eXaNijK6MnKwb|84364238|1CLWqEYKxQLkphAuvMouF1Xs3yweWinLrS,wallet|transaction|wallet,|0.987906|0.891625
1LA6BJuDB6Cb9CCoYRFgSmRLZJptP5WRff,2,wallet,1BFYMCB2fVxKEjJFtFKpmxSG2uxC9CZwmd,True,True,3,1LA6BJuDB6Cb9CCoYRFgSmRLZJptP5WRff|97408827|1BFYMCB2fVxKEjJFtFKpmxSG2uxC9CZwmd,wallet|transaction|wallet,|0.968285|0.891821
1LEQurrytapN98FTXJk8SdEvFyhhwYxV1T,2,wallet,1Ark1chKCGBdQh2ZWWHivBzUWpzRrzo7dZ,True,True,3,1LEQurrytapN98FTXJk8SdEvFyhhwYxV1T|218091577|1Ark1chKCGBdQh2ZWWHivBzUWpzRrzo7dZ,wallet|transaction|wallet,|0.974613|0.891875
1LLJZTyJW7pZsGDHzpzPEYqf5m81U3r8wY,2,wallet,154dvR98Zkp6SizhX8rP4qAHCm5tqSp5Z8,True,True,3,1LLJZTyJW7pZsGDHzpzPEYqf5m81U3r8wY|339058373|154dvR98Zkp6SizhX8rP4qAHCm5tqSp5Z8,wallet|transaction|wallet,|0.989114|0.891522
1LPnZZ4WE2CsMjPVFzssyVwgdqYboupnMU,2,wallet,19JWq6TpufynhhjBMzckfgHxsWSHytEpuA,True,True,3,1LPnZZ4WE2CsMjPVFzssyVwgdqYboupnMU|245140933|19JWq6TpufynhhjBMzckfgHxsWSHytEpuA,wallet|transaction|wallet,|0.989145|0.891586
1LfCCcYMcE5Q8WKJX48H83DLBESUwmqLAr,2,wallet,1AaBTQy615vNezkANjXCCaxFhpGQpXSzbd,True,True,3,1LfCCcYMcE5Q8WKJX48H83DLBESUwmqLAr|158378337|1AaBTQy615vNezkANjXCCaxFhpGQpXSzbd,wallet|transaction|wallet,|0.979063|0.891873
1Lp6UcMCDcthNeU9wkqyse65FxZ55SE4Hc,2,wallet,18vCoeagDVdB3T7ryVMziN3qvYAFv2qM8v,True,True,3,1Lp6UcMCDcthNeU9wkqyse65FxZ55SE4Hc|298697845|18vCoeagDVdB3T7ryVMziN3qvYAFv2qM8v,wallet|transaction|wallet,|0.986529|0.891662
1MeTUgFLLHo2FW2VopJKUWaHRSTPwQ1NAE,2,wallet,12sA37smW8qsgdwyNp8ZH7iD2FSGLGkKLx,True,True,3,1MeTUgFLLHo2FW2VopJKUWaHRSTPwQ1NAE|376257820|12sA37smW8qsgdwyNp8ZH7iD2FSGLGkKLx,wallet|transaction|wallet,|0.986766|0.891672
1MjZ23jkTG6GdfoRJiWwhMPtLPaGsxCnzB,2,wallet,1KaQ3eqSBGPcSDKbXjqZpshoVfzBbZefqk,True,True,3,1MjZ23jkTG6GdfoRJiWwhMPtLPaGsxCnzB|208931421|1KaQ3eqSBGPcSDKbXjqZpshoVfzBbZefqk,wallet|transaction|wallet,|0.988416|0.891556
1MxgpvUFQyonUZQXNPG1UGzD9LfbFmr9tH,2,wallet,1LP5cXfttZMb2zDdFQejrScPLo6K7yS6GM,True,True,3,1MxgpvUFQyonUZQXNPG1UGzD9LfbFmr9tH|231990430|1LP5cXfttZMb2zDdFQejrScPLo6K7yS6GM,wallet|transaction|wallet,|0.988753|0.891579
17796937,1,wallet,1A36nVdKAa1e9XSswTSDUyDXFSgu3tiDnR,True,True,2,17796937|1A36nVdKAa1e9XSswTSDUyDXFSgu3tiDnR,transaction|wallet,|0.891514
115643001,1,wallet,1Qfb3jrqYuNpz2ouMgcnwG5rVYekn2xo3,True,True,2,115643001|1Qfb3jrqYuNpz2ouMgcnwG5rVYekn2xo3,transaction|wallet,|0.891474
309924066,1,wallet,1AHhXtriHFbjksYT7po76EC7jULr3yqkD4,True,True,2,309924066|1AHhXtriHFbjksYT7po76EC7jULr3yqkD4,transaction|wallet,|0.891583
245140933,1,wallet,19JWq6TpufynhhjBMzckfgHxsWSHytEpuA,True,True,2,245140933|19JWq6TpufynhhjBMzckfgHxsWSHytEpuA,transaction|wallet,|0.891586
44066252,1,wallet,1NZDTMfrY9Mn53xcbe1hhPhhQ6PWzmbeE7,True,True,2,44066252|1NZDTMfrY9Mn53xcbe1hhPhhQ6PWzmbeE7,transaction|wallet,|0.891589
45751341,1,wallet,1CxDL6H6RtRUG6pLawnSrgieyjEeTxJLZb,True,True,2,45751341|1CxDL6H6RtRUG6pLawnSrgieyjEeTxJLZb,transaction|wallet,|0.891528
86739424,1,wallet,1HBKMEMrzpiD63SofRozPzuGsbkDrnACmY,True,True,2,86739424|1HBKMEMrzpiD63SofRozPzuGsbkDrnACmY,transaction|wallet,|0.891572
224256963,1,wallet,1DRb7JYZaHf4ed1zyjGi8G8enL3w8F9ZW8,True,True,2,224256963|1DRb7JYZaHf4ed1zyjGi8G8enL3w8F9ZW8,transaction|wallet,|0.891592
94654144,1,wallet,12BoAM4jiWD1z346TE1VVhNDJpwaizf9w4,True,True,2,94654144|12BoAM4jiWD1z346TE1VVhNDJpwaizf9w4,transaction|wallet,|0.891497
94654153,1,wallet,1Pu7xY9AAn14mcVEuSG8yMwuMURakvy84D,True,True,2,94654153|1Pu7xY9AAn14mcVEuSG8yMwuMURakvy84D,transaction|wallet,|0.891497
94654155,1,wallet,1E4iQZxberp3ioCANFHzLKTsdERwP3rofA,True,True,2,94654155|1E4iQZxberp3ioCANFHzLKTsdERwP3rofA,transaction|wallet,|0.891497
94654163,1,wallet,1L7DRsknVyvmKan5fQ54QnSiPj4fPWuZH9,True,True,2,94654163|1L7DRsknVyvmKan5fQ54QnSiPj4fPWuZH9,transaction|wallet,|0.891497
94654174,1,wallet,1K9Zp8B2SjFeyiSTWMzw6jJARZkxto3pPN,True,True,2,94654174|1K9Zp8B2SjFeyiSTWMzw6jJARZkxto3pPN,transaction|wallet,|0.891497
94654258,1,wallet,16U8WfYZkbskBwcJmKJDuEUY2rbJQhxbNF,True,True,2,94654258|16U8WfYZkbskBwcJmKJDuEUY2rbJQhxbNF,transaction|wallet,|0.891497
190014025,1,wallet,1GmRvVdsGNfaLXW6MSEYqUWpXMAfm2PecN,True,True,2,190014025|1GmRvVdsGNfaLXW6MSEYqUWpXMAfm2PecN,transaction|wallet,|0.891501
175406512,1,wallet,1NyKue3cheDpyMwbGviz3AsT6eyu6PcKcM,True,True,2,175406512|1NyKue3cheDpyMwbGviz3AsT6eyu6PcKcM,transaction|wallet,|0.891522
175758299,1,wallet,1cYjN4WeM58cFF52KRXAs9zZKT26dzPYu,True,True,2,175758299|1cYjN4WeM58cFF52KRXAs9zZKT26dzPYu,transaction|wallet,|0.891503
226666693,1,wallet,1KBJKuJeSBks9Ku5ZgSu1Q4ESxCeZ2rDbH,True,True,2,226666693|1KBJKuJeSBks9Ku5ZgSu1Q4ESxCeZ2rDbH,transaction|wallet,|0.891507
226667672,1,wallet,1D72aueF33facsShpznpUNsxBtL4mvK1Q5,True,True,2,226667672|1D72aueF33facsShpznpUNsxBtL4mvK1Q5,transaction|wallet,|0.891504
234672024,1,wallet,1BxC7DCaP5h1rra1yg5VMeumy9qfa21BQ3,True,True,2,234672024|1BxC7DCaP5h1rra1yg5VMeumy9qfa21BQ3,transaction|wallet,|0.891513
234672033,1,wallet,1DWJeWNk1A6VNKHBRXrs5Df84uNaaeTsHH,True,True,2,234672033|1DWJeWNk1A6VNKHBRXrs5Df84uNaaeTsHH,transaction|wallet,|0.891512
234711176,1,wallet,1LRWjGqxqyhYQucBHV5Eaik4Y7CFPaRQ5X,True,True,2,234711176|1LRWjGqxqyhYQucBHV5Eaik4Y7CFPaRQ5X,transaction|wallet,|0.891513
235427807,1,wallet,1CXFa3MbB7BuedFZpvduPFYS8BBdq47Din,True,True,2,235427807|1CXFa3MbB7BuedFZpvduPFYS8BBdq47Din,transaction|wallet,|0.891512
235427814,1,wallet,13Gth43bHj4tUkDNRvve7384QFc8GvVEec,True,True,2,235427814|13Gth43bHj4tUkDNRvve7384QFc8GvVEec,transaction|wallet,|0.891529
139667444,1,wallet,1Gq9iSBM3nLMsg27QcNLJewU6BYzaAvrTf,True,True,2,139667444|1Gq9iSBM3nLMsg27QcNLJewU6BYzaAvrTf,transaction|wallet,|0.891525
339057127,1,wallet,1BxerTm8RcVm7XoywJcpLy2ai3krFx4Cgo,True,True,2,339057127|1BxerTm8RcVm7XoywJcpLy2ai3krFx4Cgo,transaction|wallet,|0.891523
339057135,1,wallet,1LiPzgauEpq5MN2a5V3MALSLF2aesAdXBK,True,True,2,339057135|1LiPzgauEpq5MN2a5V3MALSLF2aesAdXBK,transaction|wallet,|0.891522
339057213,1,wallet,1GoLwfNPVcPfV3byeSn4vxfzpHttJXAV3S,True,True,2,339057213|1GoLwfNPVcPfV3byeSn4vxfzpHttJXAV3S,transaction|wallet,|0.891522
339057234,1,wallet,1ANzMmGD5UC3SMukDdiepBtXmVg8n658Qc,True,True,2,339057234|1ANzMmGD5UC3SMukDdiepBtXmVg8n658Qc,transaction|wallet,|0.891522
339057493,1,wallet,1BTtB52wbjp37FPBmAJ9SavcAPfWjfyBw8,True,True,2,339057493|1BTtB52wbjp37FPBmAJ9SavcAPfWjfyBw8,transaction|wallet,|0.891522
339057515,1,wallet,1AymBjS6i6ric7SmKEKBmKVNgUhbSrW8nz,True,True,2,339057515|1AymBjS6i6ric7SmKEKBmKVNgUhbSrW8nz,transaction|wallet,|0.891524
339057536,1,wallet,16iM9ZwGNdPE6iVz9wHPd7YzRjQ69zazw,True,True,2,339057536|16iM9ZwGNdPE6iVz9wHPd7YzRjQ69zazw,transaction|wallet,|0.891524
339057556,1,wallet,1PRv1XpuKhDBCX4vMLk8TcNuBnqYeu4Yzx,True,True,2,339057556|1PRv1XpuKhDBCX4vMLk8TcNuBnqYeu4Yzx,transaction|wallet,|0.891522
339057668,1,wallet,17tfrSSzbHiadXRYYTv1Kxwvn1EGAPAnnA,True,True,2,339057668|17tfrSSzbHiadXRYYTv1Kxwvn1EGAPAnnA,transaction|wallet,|0.891523
339057857,1,wallet,1KgFcKWTbbBRQJDUZ9zz8JVntp9Gz73MVN,True,True,2,339057857|1KgFcKWTbbBRQJDUZ9zz8JVntp9Gz73MVN,transaction|wallet,|0.891522
339057903,1,wallet,18yS9aRpBQNVuqHFPEDnazMsTDm15dgk5o,True,True,2,339057903|18yS9aRpBQNVuqHFPEDnazMsTDm15dgk5o,transaction|wallet,|0.891523
339057920,1,wallet,15XoEsvNdpWsgzRVP2hBWxNaDQwTzyzxmo,True,True,2,339057920|15XoEsvNdpWsgzRVP2hBWxNaDQwTzyzxmo,transaction|wallet,|0.891522
339057949,1,wallet,1LpFZPqSTTWTJAFTP1B8nFiyHnYqqAAmjd,True,True,2,339057949|1LpFZPqSTTWTJAFTP1B8nFiyHnYqqAAmjd,transaction|wallet,|0.891524
339057979,1,wallet,1PK6NhsNM7jHT47RcLgRyaJJ5xMLwzZC7A,True,True,2,339057979|1PK6NhsNM7jHT47RcLgRyaJJ5xMLwzZC7A,transaction|wallet,|0.891522
339058299,1,wallet,1Gsb8cVt7TrJbHn46LywYdednEPnDWrvFr,True,True,2,339058299|1Gsb8cVt7TrJbHn46LywYdednEPnDWrvFr,transaction|wallet,|0.891523
339058347,1,wallet,14MMSQMGH4JHRQ7d7jzUZjoYeQL8ZKeQEZ,True,True,2,339058347|14MMSQMGH4JHRQ7d7jzUZjoYeQL8ZKeQEZ,transaction|wallet,|0.891522
339058536,1,wallet,16q9HtRemvTykVJV5twzwgPGLVkWbkRwrR,True,True,2,339058536|16q9HtRemvTykVJV5twzwgPGLVkWbkRwrR,transaction|wallet,|0.891522
339058551,1,wallet,1BAwyi4PUn6HhrRQu1ktUNWqGqe8VJQtR2,True,True,2,339058551|1BAwyi4PUn6HhrRQu1ktUNWqGqe8VJQtR2,transaction|wallet,|0.891531
339093169,1,wallet,16ZoyAXYXhLeAnEbL3JnrRvjK5NFvi1yvD,True,True,2,339093169|16ZoyAXYXhLeAnEbL3JnrRvjK5NFvi1yvD,transaction|wallet,|0.891523
339093171,1,wallet,1fLXBAaHyZkLyLH2AezHQAE5RPKe2xH3M,True,True,2,339093171|1fLXBAaHyZkLyLH2AezHQAE5RPKe2xH3M,transaction|wallet,|0.891522
339095120,1,wallet,1MfBTeZ5ZLe1ncivfGynsk9gfKReihm2UU,True,True,2,339095120|1MfBTeZ5ZLe1ncivfGynsk9gfKReihm2UU,transaction|wallet,|0.891522
339095567,1,wallet,1KLdez7b7kjsnPNar4FPB2LLNCvKAaeaZD,True,True,2,339095567|1KLdez7b7kjsnPNar4FPB2LLNCvKAaeaZD,transaction|wallet,|0.891522
339097021,1,wallet,1MoiccGd9vaDh5B7bHxarphfExaCwgMDBV,True,True,2,339097021|1MoiccGd9vaDh5B7bHxarphfExaCwgMDBV,transaction|wallet,|0.891522
339097069,1,wallet,1EUCuiWBWuhk5aLZfxZQPsSXyQwD5NXGJa,True,True,2,339097069|1EUCuiWBWuhk5aLZfxZQPsSXyQwD5NXGJa,transaction|wallet,|0.891522
14948822,1,wallet,15ExVBwQxt1g8v2ctyRb9P9nUUGzr22m59,True,True,2,14948822|15ExVBwQxt1g8v2ctyRb9P9nUUGzr22m59,transaction|wallet,|0.891538
15236485,1,wallet,1Hd8BUPf2zk3MNqNPhz9fo9MboyBb8nYeY,True,True,2,15236485|1Hd8BUPf2zk3MNqNPhz9fo9MboyBb8nYeY,transaction|wallet,|0.891528
238216105,1,wallet,156C3dmbWqhhEpsoXZVwqQzPsHx9C3yrPV,True,True,2,238216105|156C3dmbWqhhEpsoXZVwqQzPsHx9C3yrPV,transaction|wallet,|0.891534
244629141,1,wallet,1KQhdSBbWFamuNxNJu5xGopVEgoibaWkF3,True,True,2,244629141|1KQhdSBbWFamuNxNJu5xGopVEgoibaWkF3,transaction|wallet,|0.891533
244629224,1,wallet,12gG1HDTAbpJeVZosSzRW3rmF2ZPEitae5,True,True,2,244629224|12gG1HDTAbpJeVZosSzRW3rmF2ZPEitae5,transaction|wallet,|0.891533
244629522,1,wallet,1P93GPiwaZe8DLNQ8nEF7jrfYkr9oDdNh2,True,True,2,244629522|1P93GPiwaZe8DLNQ8nEF7jrfYkr9oDdNh2,transaction|wallet,|0.891533
244629936,1,wallet,1EMdrFm1kMJLGTCkSyJQzh6EkF8yNZV9Ni,True,True,2,244629936|1EMdrFm1kMJLGTCkSyJQzh6EkF8yNZV9Ni,transaction|wallet,|0.891533
244629967,1,wallet,18UDL4e1ejMEJi27cFMx1JY3iDM9tU3g7w,True,True,2,244629967|18UDL4e1ejMEJi27cFMx1JY3iDM9tU3g7w,transaction|wallet,|0.891533
244630878,1,wallet,13dVkSkAxG1pn4KXGLYdgsL3Y1yQgAEMqw,True,True,2,244630878|13dVkSkAxG1pn4KXGLYdgsL3Y1yQgAEMqw,transaction|wallet,|0.891534
378059853,1,wallet,1Lyf8PEVsHBtVJcDUW5jMWfrAbkUxNQncf,True,True,2,378059853|1Lyf8PEVsHBtVJcDUW5jMWfrAbkUxNQncf,transaction|wallet,|0.89154
378103023,1,wallet,1PmsWJxSMTYouT2Kvwpxp4g8o8aVg8xron,True,True,2,378103023|1PmsWJxSMTYouT2Kvwpxp4g8o8aVg8xron,transaction|wallet,|0.891522
378330462,1,wallet,1M3AWdp1Zp8jScKvCk2JwTjgUfz8hnaFHb,True,True,2,378330462|1M3AWdp1Zp8jScKvCk2JwTjgUfz8hnaFHb,transaction|wallet,|0.891527
390582026,1,wallet,16RGzwzJbU5qNnfv3GDKkPnEvhWYYnKyoq,True,True,2,390582026|16RGzwzJbU5qNnfv3GDKkPnEvhWYYnKyoq,transaction|wallet,|0.891545
248886903,1,wallet,1MfGB9Ny1joE9ATUVGupbkqi1EknZHAPAU,True,True,2,248886903|1MfGB9Ny1joE9ATUVGupbkqi1EknZHAPAU,transaction|wallet,|0.891552
363087236,1,wallet,1PBx1BmhUdeMEZA87SagYthyY3LXD9Vanb,True,True,2,363087236|1PBx1BmhUdeMEZA87SagYthyY3LXD9Vanb,transaction|wallet,|0.891556
363087644,1,wallet,17pHVnJ3kbYfLoBVwjT3fEGLFtjHtZ4Bw5,True,True,2,363087644|17pHVnJ3kbYfLoBVwjT3fEGLFtjHtZ4Bw5,transaction|wallet,|0.891556
363090925,1,wallet,151V7fuQL9WGYgbReYdywMiAkqGJ6Jtydu,True,True,2,363090925|151V7fuQL9WGYgbReYdywMiAkqGJ6Jtydu,transaction|wallet,|0.891556
363092551,1,wallet,1G2EbB7n5CFJnt4rW7oYWbF3jz8kGn81W2,True,True,2,363092551|1G2EbB7n5CFJnt4rW7oYWbF3jz8kGn81W2,transaction|wallet,|0.891555
208930291,1,wallet,12pR45uxoPdLcrSLzoLmurTcLUSLJ7aCXo,True,True,2,208930291|12pR45uxoPdLcrSLzoLmurTcLUSLJ7aCXo,transaction|wallet,|0.891556
208930307,1,wallet,1GaNXC4Gef3Uj6MJzvnoSUEXGAdtKNWZ6o,True,True,2,208930307|1GaNXC4Gef3Uj6MJzvnoSUEXGAdtKNWZ6o,transaction|wallet,|0.891557
209124207,1,wallet,148pGdC15ByoviDGq2sc9mRHXYkPS7ctif,True,True,2,209124207|148pGdC15ByoviDGq2sc9mRHXYkPS7ctif,transaction|wallet,|0.891555
209525915,1,wallet,12jmqvagUms5MxvyXHhKHn84ztvvqXQZgc,True,True,2,209525915|12jmqvagUms5MxvyXHhKHn84ztvvqXQZgc,transaction|wallet,|0.891564
209526041,1,wallet,1NQWMy1pcjQ6NaA5tw46nNRh2MLDWyfZ1U,True,True,2,209526041|1NQWMy1pcjQ6NaA5tw46nNRh2MLDWyfZ1U,transaction|wallet,|0.891564
209527121,1,wallet,1LMFyCq8Fhkb6MPGbYoNKj4yiGe5r6CZCf,True,True,2,209527121|1LMFyCq8Fhkb6MPGbYoNKj4yiGe5r6CZCf,transaction|wallet,|0.891563
209681254,1,wallet,1HtUPLQWu1k1ZBmcvmiS6D8qREzjaFcdoD,True,True,2,209681254|1HtUPLQWu1k1ZBmcvmiS6D8qREzjaFcdoD,transaction|wallet,|0.891567
209682855,1,wallet,17oerazzPnR5TQ3k84cecHUTgG5KfCsxbY,True,True,2,209682855|17oerazzPnR5TQ3k84cecHUTgG5KfCsxbY,transaction|wallet,|0.891562
209682872,1,wallet,1ABA7RC7t4RzmX8XF9pNB51PkCnPr7TZ29,True,True,2,209682872|1ABA7RC7t4RzmX8XF9pNB51PkCnPr7TZ29,transaction|wallet,|0.891562
209683152,1,wallet,1EgxcwcKMzGx2qnK1n633jxA5BNtCmGeba,True,True,2,209683152|1EgxcwcKMzGx2qnK1n633jxA5BNtCmGeba,transaction|wallet,|0.891565
209701748,1,wallet,1BzLTBQw8m11DdZhyhMUrxNXdXx4X5TLEv,True,True,2,209701748|1BzLTBQw8m11DdZhyhMUrxNXdXx4X5TLEv,transaction|wallet,|0.891564
209722177,1,wallet,15ZjVqFPLhqoKVCrWPjKjY5p2tWgUZ5152,True,True,2,209722177|15ZjVqFPLhqoKVCrWPjKjY5p2tWgUZ5152,transaction|wallet,|0.891562
209921280,1,wallet,15sNhF6rwRfeK6ozEXAf8XbwDNm2821Y7B,True,True,2,209921280|15sNhF6rwRfeK6ozEXAf8XbwDNm2821Y7B,transaction|wallet,|0.891565
209921981,1,wallet,19mfdWbH7Ydfysrb3Z9bFNomYQzHNUXPcg,True,True,2,209921981|19mfdWbH7Ydfysrb3Z9bFNomYQzHNUXPcg,transaction|wallet,|0.891567
209922223,1,wallet,1QBgQpiFHPKx9MmvtnqduaLMHqChUr4QgN,True,True,2,209922223|1QBgQpiFHPKx9MmvtnqduaLMHqChUr4QgN,transaction|wallet,|0.891568
99258542,1,wallet,1MwfWXeBn33QzZDmzYiFeWbwKjp6r4yM9Z,True,True,2,99258542|1MwfWXeBn33QzZDmzYiFeWbwKjp6r4yM9Z,transaction|wallet,|0.891566
310425436,1,wallet,179KVb4Lmtf1baTnTjFiipv7JBKeQWsfNW,True,True,2,310425436|179KVb4Lmtf1baTnTjFiipv7JBKeQWsfNW,transaction|wallet,|0.891579
312451640,1,wallet,12bR61PNckxkBB6HPG7uGZqpPENEuxTfYQ,True,True,2,312451640|12bR61PNckxkBB6HPG7uGZqpPENEuxTfYQ,transaction|wallet,|0.891582
353402588,1,wallet,1989jRdpBHyps6xEz98yCp52gFitv6ZKtC,True,True,2,353402588|1989jRdpBHyps6xEz98yCp52gFitv6ZKtC,transaction|wallet,|0.891585
372960919,1,wallet,1NYPXcFtfTMQMyHCVHrkPgMTb1nyGvJAeV,True,True,2,372960919|1NYPXcFtfTMQMyHCVHrkPgMTb1nyGvJAeV,transaction|wallet,|0.891579
228445982,1,wallet,1Km7wQf9yUgwhhc6RybdTaLmp6cb4YQyCW,True,True,2,228445982|1Km7wQf9yUgwhhc6RybdTaLmp6cb4YQyCW,transaction|wallet,|0.891582
331566091,1,wallet,14t4f9iEXx8AXnppBjTMKMhyqzBgRTKH1W,True,True,2,331566091|14t4f9iEXx8AXnppBjTMKMhyqzBgRTKH1W,transaction|wallet,|0.891581
228443875,1,wallet,12wcUe5iW14MwLAn6dXa3wSE75mgiZ6fm1,True,True,2,228443875|12wcUe5iW14MwLAn6dXa3wSE75mgiZ6fm1,transaction|wallet,|0.891595
272153910,1,wallet,1FFbTwkCBG4XNRSv5ePJvnr138tP1SgFVz,True,True,2,272153910|1FFbTwkCBG4XNRSv5ePJvnr138tP1SgFVz,transaction|wallet,|0.891595
272432438,1,wallet,1PgJchfjStvmfsemadJZs8F3uP2MmkEzJV,True,True,2,272432438|1PgJchfjStvmfsemadJZs8F3uP2MmkEzJV,transaction|wallet,|0.891595
272432446,1,wallet,15Uh9FTkzP9srMDTpecSuPyJ26cFefDq1A,True,True,2,272432446|15Uh9FTkzP9srMDTpecSuPyJ26cFefDq1A,transaction|wallet,|0.891596
272529611,1,wallet,1KZzKAiz8WRRysJLktZRiP3QuHmrbSoBzc,True,True,2,272529611|1KZzKAiz8WRRysJLktZRiP3QuHmrbSoBzc,transaction|wallet,|0.891595
269459825,1,wallet,1N37pdjgzr1kMiZco39CSWj3Kd7nbZEHBQ,True,True,2,269459825|1N37pdjgzr1kMiZco39CSWj3Kd7nbZEHBQ,transaction|wallet,|0.891608
269501301,1,wallet,1BrfVr22cBixbESyFz793FqFiCbv6gSvFq,True,True,2,269501301|1BrfVr22cBixbESyFz793FqFiCbv6gSvFq,transaction|wallet,|0.891605
84321605,1,wallet,1JNac7ZHRf1qr9MT5cNgCTb6WzfqvuxyVU,True,True,2,84321605|1JNac7ZHRf1qr9MT5cNgCTb6WzfqvuxyVU,transaction|wallet,|0.891618
294270491,1,wallet,13iRn2kKjvFXTNFpV9RmHRgxU4R4pbTPDj,True,True,2,294270491|13iRn2kKjvFXTNFpV9RmHRgxU4R4pbTPDj,transaction|wallet,|0.891626
139232036,1,wallet,1Q2AU9WgnjwaN2uL53eiZWCNRZAg841Aya,True,True,2,139232036|1Q2AU9WgnjwaN2uL53eiZWCNRZAg841Aya,transaction|wallet,|0.89163
139273999,1,wallet,1toW4TErghFzw1USw5a6dCACMaJfoYZ7x,True,True,2,139273999|1toW4TErghFzw1USw5a6dCACMaJfoYZ7x,transaction|wallet,|0.891632
139274004,1,wallet,1KzU3xx4Xt1RXFVfKRC8qDTCqQCf9bnpUF,True,True,2,139274004|1KzU3xx4Xt1RXFVfKRC8qDTCqQCf9bnpUF,transaction|wallet,|0.891636
139274008,1,wallet,1ah4nxgypNVJ8VAfePRU5cdNHT2gJQHEB,True,True,2,139274008|1ah4nxgypNVJ8VAfePRU5cdNHT2gJQHEB,transaction|wallet,|0.891633
139274010,1,wallet,1AZD3rDQcJQRsTZhdJ8ajnpSGj59YVo9yL,True,True,2,139274010|1AZD3rDQcJQRsTZhdJ8ajnpSGj59YVo9yL,transaction|wallet,|0.891631
139274511,1,wallet,1K7aJqxSscM3EyJXy9YiBsznbwaRiRZYAi,True,True,2,139274511|1K7aJqxSscM3EyJXy9YiBsznbwaRiRZYAi,transaction|wallet,|0.891634
139274512,1,wallet,1HKjfT7kZ9jPZP9sQymGRDpKYNS1zk8MMx,True,True,2,139274512|1HKjfT7kZ9jPZP9sQymGRDpKYNS1zk8MMx,transaction|wallet,|0.891631
139274518,1,wallet,1NSh8it1tB1WAYbYKDQssx3o7KC3jc8VRZ,True,True,2,139274518|1NSh8it1tB1WAYbYKDQssx3o7KC3jc8VRZ,transaction|wallet,|0.891631
139274527,1,wallet,16SKmr6n8UW7a14aytuz1PDzmjceU2EMMC,True,True,2,139274527|16SKmr6n8UW7a14aytuz1PDzmjceU2EMMC,transaction|wallet,|0.891631
139274529,1,wallet,1Ph3crf9G5ATGzr73fdBUKVjgaJfSUP8aV,True,True,2,139274529|1Ph3crf9G5ATGzr73fdBUKVjgaJfSUP8aV,transaction|wallet,|0.89163
246066679,1,wallet,17FFTC4LNW8trKdRd677gBzeSRnBR7q1zX,True,True,2,246066679|17FFTC4LNW8trKdRd677gBzeSRnBR7q1zX,transaction|wallet,|0.891635
246066712,1,wallet,1P1tygTzJ31TVZqF6xPQ6dAecUYBV5rKxW,True,True,2,246066712|1P1tygTzJ31TVZqF6xPQ6dAecUYBV5rKxW,transaction|wallet,|0.891636
402911309,1,wallet,1GwwAKLzXnwAsJz9RgFmHQSJXsDxvwoAYX,True,True,2,402911309|1GwwAKLzXnwAsJz9RgFmHQSJXsDxvwoAYX,transaction|wallet,|0.891633
163584923,1,wallet,1G37fkkyL9Tbd75GiX524s1SYHP1tPJx5L,True,True,2,163584923|1G37fkkyL9Tbd75GiX524s1SYHP1tPJx5L,transaction|wallet,|0.891656
163585085,1,wallet,115UUJyHkepRzoskJ4MPunyxfK1gxEz9qQ,True,True,2,163585085|115UUJyHkepRzoskJ4MPunyxfK1gxEz9qQ,transaction|wallet,|0.891653
163653262,1,wallet,149FbDgoqocXDoaE7rBJnft56BAC1x2sWc,True,True,2,163653262|149FbDgoqocXDoaE7rBJnft56BAC1x2sWc,transaction|wallet,|0.891651
163694920,1,wallet,1GyjDW6exdy9a3x5VGaunG2t4oVynHmXNs,True,True,2,163694920|1GyjDW6exdy9a3x5VGaunG2t4oVynHmXNs,transaction|wallet,|0.891668
166069553,1,wallet,177XXvx9jx3xEBZkT5Wdu4JQDX6jVBgagr,True,True,2,166069553|177XXvx9jx3xEBZkT5Wdu4JQDX6jVBgagr,transaction|wallet,|0.891655
166070349,1,wallet,1LXKnxjHsoLcJ4z6Fq2muzgNsqwXdhWLkT,True,True,2,166070349|1LXKnxjHsoLcJ4z6Fq2muzgNsqwXdhWLkT,transaction|wallet,|0.891653
166507034,1,wallet,1DFeSwYmjpfHvC5fBBgn1C1AxKEMK4DeTe,True,True,2,166507034|1DFeSwYmjpfHvC5fBBgn1C1AxKEMK4DeTe,transaction|wallet,|0.89165
298687200,1,wallet,151AiCJcGdL6Q1TDJbyN22xJ9ZLWMcFaYh,True,True,2,298687200|151AiCJcGdL6Q1TDJbyN22xJ9ZLWMcFaYh,transaction|wallet,|0.891662
376241459,1,wallet,1NmSa6kLBuBLC62WgAAVRug6VG8ATAFVsy,True,True,2,376241459|1NmSa6kLBuBLC62WgAAVRug6VG8ATAFVsy,transaction|wallet,|0.891675
385982620,1,wallet,12wQEoCHtV7x9iPGVaJQphtY1RDp3hB2KG,True,True,2,385982620|12wQEoCHtV7x9iPGVaJQphtY1RDp3hB2KG,transaction|wallet,|0.891676
31228978,1,wallet,132xSg5U3uojtSFZstHjtx6m9npzp54Jnq,True,True,2,31228978|132xSg5U3uojtSFZstHjtx6m9npzp54Jnq,transaction|wallet,|0.891667
355004156,1,wallet,16r9nAKR6DLpSQPzxBbiBfepbGJaGFLTWt,True,True,2,355004156|16r9nAKR6DLpSQPzxBbiBfepbGJaGFLTWt,transaction|wallet,|0.891687
355006770,1,wallet,18XVLpwYiYgAosA3xmFysqSo2jHNhhrm96,True,True,2,355006770|18XVLpwYiYgAosA3xmFysqSo2jHNhhrm96,transaction|wallet,|0.891687
355006868,1,wallet,1o67g8B6pkBPxgVDTiqDd6f1mE6xm53x2,True,True,2,355006868|1o67g8B6pkBPxgVDTiqDd6f1mE6xm53x2,transaction|wallet,|0.891687
355007596,1,wallet,12SXWZncWRYjyFgURU7nXUFd1vTWfoBV9X,True,True,2,355007596|12SXWZncWRYjyFgURU7nXUFd1vTWfoBV9X,transaction|wallet,|0.891684
355008957,1,wallet,1HFLQgbv4fYXPv861JwpH8sDCohsWDANi6,True,True,2,355008957|1HFLQgbv4fYXPv861JwpH8sDCohsWDANi6,transaction|wallet,|0.891681
355009246,1,wallet,1C8x1oEk6Dx1wHcYun8skmWW6oPHMzWGkw,True,True,2,355009246|1C8x1oEk6Dx1wHcYun8skmWW6oPHMzWGkw,transaction|wallet,|0.891597
355090390,1,wallet,17vRjBtHZPehN8znooY3a7nEBt8RZ3th1G,True,True,2,355090390|17vRjBtHZPehN8znooY3a7nEBt8RZ3th1G,transaction|wallet,|0.891689
355092822,1,wallet,1E6raL6sJFGzpHBnb1oLQ79bJvAeLUxARP,True,True,2,355092822|1E6raL6sJFGzpHBnb1oLQ79bJvAeLUxARP,transaction|wallet,|0.891684
355102312,1,wallet,1FxhRzzMADGLS2HxTVfSmyFXBkQ1ncGTL9,True,True,2,355102312|1FxhRzzMADGLS2HxTVfSmyFXBkQ1ncGTL9,transaction|wallet,|0.89168
355102377,1,wallet,18vXiyjC27ZyRTfkeHZjeHrGSC6vPNWomX,True,True,2,355102377|18vXiyjC27ZyRTfkeHZjeHrGSC6vPNWomX,transaction|wallet,|0.89168
355102448,1,wallet,1JaMsFbZkLfZoxtoWVMxCRyzmbdLx83JFg,True,True,2,355102448|1JaMsFbZkLfZoxtoWVMxCRyzmbdLx83JFg,transaction|wallet,|0.89168
355175641,1,wallet,1LUUwQ3es7Uyj4eYscHX5GVYrNCPYBWJbq,True,True,2,355175641|1LUUwQ3es7Uyj4eYscHX5GVYrNCPYBWJbq,transaction|wallet,|0.891699
91879985,1,wallet,1HyBpq3o3zDV6o5XyHjJTnoYuQXVmv1nqM,True,True,2,91879985|1HyBpq3o3zDV6o5XyHjJTnoYuQXVmv1nqM,transaction|wallet,|0.891707
54771037,1,wallet,12weWdn1XYpg8BAY5iNrUvYf8b9H6jWqQ4,True,True,2,54771037|12weWdn1XYpg8BAY5iNrUvYf8b9H6jWqQ4,transaction|wallet,|0.891726
67575965,1,wallet,1P8MnjCzS9p78VWyK7FctKimoLdGPztxAy,True,True,2,67575965|1P8MnjCzS9p78VWyK7FctKimoLdGPztxAy,transaction|wallet,|0.891728
28997148,1,wallet,16fmGYaeM7ULSpwB9Q2NpZgXchTn8nzLLR,True,True,2,28997148|16fmGYaeM7ULSpwB9Q2NpZgXchTn8nzLLR,transaction|wallet,|0.891737
29611862,1,wallet,1A8yQSpBkm6rR1MeT7fKCPaxmEQYgmk3qg,True,True,2,29611862|1A8yQSpBkm6rR1MeT7fKCPaxmEQYgmk3qg,transaction|wallet,|0.891743
29615095,1,wallet,12Z8U4j1UX7zvdPdQvK5dSkuQsMmVRQHuk,True,True,2,29615095|12Z8U4j1UX7zvdPdQvK5dSkuQsMmVRQHuk,transaction|wallet,|0.891748
114507940,1,wallet,1MbRAZ6hSBXJWDLtkRCFHKNvTg7TWSxttz,True,True,2,114507940|1MbRAZ6hSBXJWDLtkRCFHKNvTg7TWSxttz,transaction|wallet,|0.891763
148612093,1,wallet,1D4vwHXHUe8JkVXQZAN4LDJ5oDBhbBFEwj,True,True,2,148612093|1D4vwHXHUe8JkVXQZAN4LDJ5oDBhbBFEwj,transaction|wallet,|0.891808
45432747,1,wallet,1LqpZBhZVvTL7cHHgvQcJaZ26trmBWUCmt,True,True,2,45432747|1LqpZBhZVvTL7cHHgvQcJaZ26trmBWUCmt,transaction|wallet,|0.891876
97066702,1,wallet,1J7weDrdR4Fcp28zUW6Zu5dGkdJnB355Xc,True,True,2,97066702|1J7weDrdR4Fcp28zUW6Zu5dGkdJnB355Xc,transaction|wallet,|0.891817
97069017,1,wallet,1A5m58tVFqvG55HLwbPkc5MWnkp9dPn3NN,True,True,2,97069017|1A5m58tVFqvG55HLwbPkc5MWnkp9dPn3NN,transaction|wallet,|0.891824
97976919,1,wallet,1DXGiEktngXwwnQk67PGgW9tE4BuK28bST,True,True,2,97976919|1DXGiEktngXwwnQk67PGgW9tE4BuK28bST,transaction|wallet,|0.891845
72376896,1,wallet,1CUm4eyVHL28mXepTcBNvH3McEMensd7vn,True,True,2,72376896|1CUm4eyVHL28mXepTcBNvH3McEMensd7vn,transaction|wallet,|0.891838
73154819,1,wallet,19DeMGHSEyDrup7aw9S7XXN5Yfw5os1Emj,True,True,2,73154819|19DeMGHSEyDrup7aw9S7XXN5Yfw5os1Emj,transaction|wallet,|0.89179
91235255,1,wallet,1AqbtdryPZQqUbMFG6E94Sdvr4kpiWQAH4,True,True,2,91235255|1AqbtdryPZQqUbMFG6E94Sdvr4kpiWQAH4,transaction|wallet,|0.891808
91857277,1,wallet,1Q7YEnr3xGTiZL5tSUzNu46nZQAj5CB5JH,True,True,2,91857277|1Q7YEnr3xGTiZL5tSUzNu46nZQAj5CB5JH,transaction|wallet,|0.891809
94152708,1,wallet,1CZ1oz6VpotdMS4SL6cbupUhBvh73ud11C,True,True,2,94152708|1CZ1oz6VpotdMS4SL6cbupUhBvh73ud11C,transaction|wallet,|0.89183
94341464,1,wallet,1FYSgWEMUEtT1QweFaPGsy2Ej6K8Eoka5,True,True,2,94341464|1FYSgWEMUEtT1QweFaPGsy2Ej6K8Eoka5,transaction|wallet,|0.891818
105434922,1,wallet,1Q25N9Y4geeEbNGAd8UH5FfeQ6yyJWjtQU,True,True,2,105434922|1Q25N9Y4geeEbNGAd8UH5FfeQ6yyJWjtQU,transaction|wallet,|0.891826
105594874,1,wallet,1AibnvggxwnWzyVAq6Gfny1Uxx7w2NpzDf,True,True,2,105594874|1AibnvggxwnWzyVAq6Gfny1Uxx7w2NpzDf,transaction|wallet,|0.891822
164649961,1,wallet,1BSTkkg11AWZ4KS5wy4mPrRSZHfdWsteHb,True,True,2,164649961|1BSTkkg11AWZ4KS5wy4mPrRSZHfdWsteHb,transaction|wallet,|0.891829
218091566,1,wallet,1AwkjjRQ5HvDDaGr5BD1dWAXRByxFUS1Co,True,True,2,218091566|1AwkjjRQ5HvDDaGr5BD1dWAXRByxFUS1Co,transaction|wallet,|0.891851
11566029,1,wallet,18xbmyuzHDzEDBBtV8DTDt6Sq3EKQ1ar6n,True,True,2,11566029|18xbmyuzHDzEDBBtV8DTDt6Sq3EKQ1ar6n,transaction|wallet,|0.891859
11567844,1,wallet,139bHTkhPXxWWr7uPzwyeMZq8ZpaYiRVip,True,True,2,11567844|139bHTkhPXxWWr7uPzwyeMZq8ZpaYiRVip,transaction|wallet,|0.891859
11579855,1,wallet,1LG9wqjWWZ4gQM5YUSPeyfq8XsDnC89efP,True,True,2,11579855|1LG9wqjWWZ4gQM5YUSPeyfq8XsDnC89efP,transaction|wallet,|0.891852
19501341,1,wallet,18Yy72qbz8gAa7F5TaFV5prbt9MbQXp8Nz,True,True,2,19501341|18Yy72qbz8gAa7F5TaFV5prbt9MbQXp8Nz,transaction|wallet,|0.891906
158360758,1,wallet,1Knqirs6HSpQqPX7PZFDZ8rdHxfZP167j2,True,True,2,158360758|1Knqirs6HSpQqPX7PZFDZ8rdHxfZP167j2,transaction|wallet,|0.891883
158374219,1,wallet,15xLrxJ9cFEu128tqLe1GHAg949PdjzxER,True,True,2,158374219|15xLrxJ9cFEu128tqLe1GHAg949PdjzxER,transaction|wallet,|0.891891
158375408,1,wallet,13Kp1GYXFRFq2uHo5hxqKvz8bL8PZChMGw,True,True,2,158375408|13Kp1GYXFRFq2uHo5hxqKvz8bL8PZChMGw,transaction|wallet,|0.891869
158378325,1,wallet,1HvKtMMXVxJfnhCWN7qcF3Ysu6Vcp3H61B,True,True,2,158378325|1HvKtMMXVxJfnhCWN7qcF3Ysu6Vcp3H61B,transaction|wallet,|0.891869
159032608,1,wallet,17n4zgc6wuAo3c7MRDPX85EfhyLSjZnhEK,True,True,2,159032608|17n4zgc6wuAo3c7MRDPX85EfhyLSjZnhEK,transaction|wallet,|0.891862
159041022,1,wallet,18jjNJA5M9wtzyXV8R6oWJ3Rt2RUhBcRe1,True,True,2,159041022|18jjNJA5M9wtzyXV8R6oWJ3Rt2RUhBcRe1,transaction|wallet,|0.891866
1EYVmRKbJUwby7s6T6qyJ65sp3rwcUJhNo,20,wallet,143yJGnYrfd4ozKQocZGf4RSf1pKkV82Ny,False,True,21,1EYVmRKbJUwby7s6T6qyJ65sp3rwcUJhNo|99676798|1AFK7NNo2gL62whs6h6zfTMSwWx51F1RVp|99676794|1DPRVebTZwUkMFTDZk83bNGNnNaWK5vB6r|99676708|1QKqiXsjJGqEy8PkC5paSRa8pkwKdcnY1e|99676519|1LRyffqeb5pffpfTkXrLsNXTML8yr6xSfS|99676505|1MzuphhD8P9m9VMBHVNc81TCW4hTBqWqps|99676403|19YJiavT2WpU28KQ3FJLEUH4YdqSVNBYsM|101582635|12HNqSpniEMghjC9mQWrCejbwss7VayAur|99676301|1NbvJGqta2GPdSKDD6FcVh5YJurM1AuPYw|99676293|1HHXEAqz9WA1bVp4MzXcguXZqXRKh5LxLD|99676160|143yJGnYrfd4ozKQocZGf4RSf1pKkV82Ny,wallet|transaction|wallet|transaction|wallet|transaction|wallet|transaction|wallet|transaction|wallet|transaction|wallet|transaction|wallet|transaction|wallet|transaction|wallet|transaction|wallet,|0.739901|0.906444|0.932526|0.909167|0.514243|0.876807|-0.000706587|0.429841|-0.00513826|0.651029|0.590001|0.90557|0.958965|0.911654|0.98942|0.912902|0.988962|-0.0848366|-0.00784871|0.893826
16U55Ea3UZRXmf468ShHS9NrYxQC9ZZfXB,19,transaction,173950082,False,True,20,16U55Ea3UZRXmf468ShHS9NrYxQC9ZZfXB|283174298|14jsQnncUBhohk9GMDUm5exsXTteyrQB1E|211775517|186bmjkGADHXqKWgLxPnuDE9HGZqB2QiZB|269523719|1DhjC5oMHg6nDq1AyfdLn98Q6aUtncQ89d|29599380|1N7U5DHnpBdooHxDe69MgFpgsBXymkw9Qy|203672502|16qDBPVEmF8Pj9ZE6kTgLVaqKRhdAD98Wj|182466028|128H36FzwJ2ogu6eZV5B6jLJD8jLkqzY98|184383289|1CPMKL1b49t1o9TQpXEqb7vUBsmKu7Rpbn|62900083|1JBXPRrNKr5VRB5r65VEjBLwGAvBcPQ1MY|173167134|1HVaLLcnXPn3vuJXNntWsKC5ogkqznu97c|173950082,wallet|transaction|wallet|transaction|wallet|transaction|wallet|transaction|wallet|transaction|wallet|transaction|wallet|transaction|wallet|transaction|wallet|transaction|wallet|transaction,|0.990074|0.90951|0.752128|0.881192|-0.00920664|0.0795951|-0.009546|-0.0855729|-0.00955541|-0.0855347|-0.00959309|-0.0441312|-0.00573807|0.4589|0.450455|-0.0783802|-0.00949556|-0.082314|0.0122262
1K3DwaXLLSyxwZyrWKWnab56HA9N5LQy18,17,wallet,1FWFBZQB7HXCdP7PHVd5Lz41PXG8u9Wf17,False,True,18,1K3DwaXLLSyxwZyrWKWnab56HA9N5LQy18|210636338|1GqqpQMq8P8KE1j2wM2GCb3PxUey9xNZ98|210228374|209796413|209796417|1Je8ykB138Ku5Gn8MAiRTk1gLHLFd1pkYW|209516194|1DAdRebCsQSah1YaBj46dnKLSzxW9zWbu1|209479465|209479472|126fbvcYN4NhPwNcZk9vmsAHDV3gVrdSg2|209681249|1Lvg4dRACDVq2rdD1Q2NsYdHV1iDrucjRc|209042521|12d1Gau5bqgpKsxX48ugWVTZPgbtsYaRHk|114134815|1FWFBZQB7HXCdP7PHVd5Lz41PXG8u9Wf17,wallet|transaction|wallet|transaction|transaction|transaction|wallet|transaction|wallet|transaction|transaction|wallet|transaction|wallet|transaction|wallet|transaction|wallet,|0.923108|0.506254|0.941405|0.0232261|-0.0166569|0.73252|0.322847|-0.064371|-0.00914904|-0.0169116|0.294727|0.556141|-0.0807488|0.0173506|0.902176|0.984334|0.8916
1HsA5XccnkVwqbi3aHvz3KCXmDD8wksEbn,16,transaction,208911970,False,True,17,1HsA5XccnkVwqbi3aHvz3KCXmDD8wksEbn|210640144|12P2246m4ouxzazfyLXke5GoQPBJtRgW6m|25154813|1LoaBmE67cpvfGdhVgNsLUfKTN6AkCZZt2|209797492|14Nihd6HX2igjkc2TmVxUYV2gCyuNUDXQU|209515844|13giLAMoqaJG2rpodkfWp6MJf6oidkZ2sU|209478837|17KAoDzf5EwRYeEExm74MMQEkK2PAzTmRQ|209478839|1NFEzG673BRXBUEg2GTemojYcJt9NJSAG2|209498992|13CwcPXTEKycn1z1V6PiiEcnLowJ5dFrkm|209045026|208911970,wallet|transaction|wallet|transaction|wallet|transaction|wallet|transaction|wallet|transaction|wallet|transaction|wallet|transaction|wallet|transaction|transaction,|0.990309|0.0308727|0.0643278|0.840068|-0.00870254|-0.0826921|-0.00951337|-0.051286|0.0176325|-0.0580463|-0.00942956|-0.081055|-0.00764573|0.057931|0.0944899|0.0202317
163808988,14,transaction,390556469,False,True,15,163808988|12ajN1KUZRV2xzwrNMsjPnp6uyY6DaNDA4|163808990|14NzEyFanq6EDqZ2zePszDET8Jgsjs6yLz|163723172|1EcgS5ikj6Bwqd2Qf2YXjA1AdjubVGsPHa|56346905|1DDiH8HMccHqXuzfXVG59TdoKqdERx5yT7|1116757|197P77V9xAqK2AvRok9XVS2wXt3CvxU8yt|19505460|1K7apggi2re2aVaHvdSMEh8SEjjeoA4Vvg|165852398|1EB6US4Gox4YCfhKizYrBgREBnexYao7pA|390556469,transaction|wallet|transaction|wallet|transaction|wallet|transaction|wallet|transaction|wallet|transaction|wallet|transaction|wallet|transaction,|0.910722|0.970784|0.910368|0.00259061|-0.0865957|-0.00959285|0.864913|0.986746|-0.0866376|-0.00961682|-0.0866377|-0.00961682|-0.0861508|-0.00961682
1Fj6MdQSWFpPkryJqdvKGiLJBKR9Rx9nch,14,wallet,1PhHnK34pmYcrC8RprtXVfF4HMKYmaRYD3,False,True,15,1Fj6MdQSWFpPkryJqdvKGiLJBKR9Rx9nch|99676705|1NhvP8D6aJRyu9fYvdwFX2d5KsppwdHkUD|99676510|1JQhfodwGU85f1TPsUpbVqwAKKS5yGwqNk|99676503|18NeTEfcZeZyzfUSAv2PNYTsA1xPFrqLzq|99676317|17Q13dYB8Z5X5hhLveZKPzG1bwNA7Yxhk9|99676304|1CSaCahayUyWfzMgazV673cCKpTEELeNR2|99676297|1PiK4c5EfkwRVowkmGXr4C1Hi5HwadbCzB|99676290|1PhHnK34pmYcrC8RprtXVfF4HMKYmaRYD3,wallet|transaction|wallet|transaction|wallet|transaction|wallet|transaction|wallet|transaction|wallet|transaction|wallet|transaction|wallet,|0.961096|0.910213|0.926639|0.908112|0.800764|0.907234|0.437494|0.907607|0.891884|0.877356|0.710072|0.909468|0.988645|0.891558
1CALMbS2A9AFfFdXYGw6rRVZW9A3FVz7fo,13,transaction,173950082,False,True,14,1CALMbS2A9AFfFdXYGw6rRVZW9A3FVz7fo|29599380|1N7U5DHnpBdooHxDe69MgFpgsBXymkw9Qy|203672502|16qDBPVEmF8Pj9ZE6kTgLVaqKRhdAD98Wj|182466028|128H36FzwJ2ogu6eZV5B6jLJD8jLkqzY98|184383289|1CPMKL1b49t1o9TQpXEqb7vUBsmKu7Rpbn|62900083|1JBXPRrNKr5VRB5r65VEjBLwGAvBcPQ1MY|173167134|1HVaLLcnXPn3vuJXNntWsKC5ogkqznu97c|173950082,wallet|transaction|wallet|transaction|wallet|transaction|wallet|transaction|wallet|transaction|wallet|transaction|wallet|transaction,|-0.009546|-0.0855729|-0.00955541|-0.0855347|-0.00959309|-0.0441312|-0.00573807|0.4589|0.450455|-0.0783802|-0.00949556|-0.082314|0.0122262
378009964,12,wallet,17Qq4RZ2AXvr7MxThnvWsCC9v48RsprXA5,False,True,13,378009964|13j4SaQXDttom45mQa9iaZs5Ap9hebNnYS|382890237|196NTxtRhh7WSSseybwX3yy4LxP8Ah3iTx|382890229|382889671|1o2rgDnEzNBUseUQMix7HSZKTkjoAknCc|382889537|1Hhmhaf3CsGvRBcbxc6YXtoSXDJci7hvy1|382887827|1E4NaMgZuJcpEbL22HVNmBvkACtm88Hbj4|376275922|17Qq4RZ2AXvr7MxThnvWsCC9v48RsprXA5,transaction|wallet|transaction|wallet|transaction|transaction|wallet|transaction|wallet|transaction|wallet|transaction|wallet,|0.902685|0.499585|0.904977|0.932584|0.0103835|0.910119|0.985158|0.910842|0.987272|0.910689|0.985604|0.891664
13fdWpLnSTkfmqtXj3NRSEmATJRKJPhPQY,12,transaction,208911970,False,True,13,13fdWpLnSTkfmqtXj3NRSEmATJRKJPhPQY|211088962|1EXE8bpeeEqjoZ3D4b3Vz1HN5WZgkYzJqg|209946514|1NUm3Fq1W1AEvTHeWV62q8cjh87zqn8M2F|209478837|17KAoDzf5EwRYeEExm74MMQEkK2PAzTmRQ|209478839|1NFEzG673BRXBUEg2GTemojYcJt9NJSAG2|209498992|13CwcPXTEKycn1z1V6PiiEcnLowJ5dFrkm|209045026|208911970,wallet|transaction|wallet|transaction|wallet|transaction|wallet|transaction|wallet|transaction|wallet|transaction|transaction,|0.990125|0.910404|0.989971|-0.0498337|0.0176325|-0.0580463|-0.00942956|-0.081055|-0.00764573|0.057931|0.0944899|0.0202317
146n8m4S4Zc1B7s4CKn54NorrnBaQZ36R5,12,wallet,1741r3S1h6CmQAZp38BDxhC53L3m8T9yr8,False,True,13,146n8m4S4Zc1B7s4CKn54NorrnBaQZ36R5|85005005|19p6vXatmksUMD66vT1zkFkSeWH6DGD5ck|84359449|1P3CoreSSJEULAPkJMQiBLCBQjFDoayER|84359444|1Fo9witfsyt4P8NtRojMh6uziT4mJpL51g|84359438|171eXCAj6b3ykoz6TWDJWdwMaVn9oirxpi|84359428|18e8wNvxG5zspijD8VYokV8BneCv3Fr2Ww|84359422|1741r3S1h6CmQAZp38BDxhC53L3m8T9yr8,wallet|transaction|wallet|transaction|wallet|transaction|wallet|transaction|wallet|transaction|wallet|transaction|wallet,|0.95107|0.909441|0.97304|0.910193|0.915929|0.909715|0.984721|0.9091|0.863104|0.910811|0.987679|0.891614
1EEE25dm1UmWq7T4buvTHZBvHkHfFuR64S,12,wallet,1C6U2caHrcYZkgpqxjMxZ6yvAgjPCkCUsZ,False,True,13,1EEE25dm1UmWq7T4buvTHZBvHkHfFuR64S|210373225|15D5PJsyN8ykP5eVJw8JgNT7Rshfqyc8jh|9576638|1DnxEq63eQUVQz6zSZA7jAzn3cHLyLHUoi|77766982|1NPWVABGxDbCLoaJhC9z66zZ3CiAwWJBv3|11042555|1FRgkTDn8x7uZyWrP18eMd6R2YWC9vG5PC|110617865|1EWPnUWTcPDvQ3MCKFirv6FNngAM7VocTq|82608842|1C6U2caHrcYZkgpqxjMxZ6yvAgjPCkCUsZ,wallet|transaction|wallet|transaction|wallet|transaction|wallet|transaction|wallet|transaction|wallet|transaction|wallet,|0.454543|-0.0866304|-0.00893592|-0.0726045|-0.00932317|-0.0707196|-0.00920459|-0.08246|-0.0095266|-0.084137|0.0975335|0.892203
1HhMuN8MkqdXRW812tXr8Ctdy4N8Jo3LBm,12,wallet,1H8BAhQw2YwhVREwRwKB6mikKc86ApkGs3,False,True,13,1HhMuN8MkqdXRW812tXr8Ctdy4N8Jo3LBm|30179400|1BkZJXyWHDjqKNxsTwwuEfg41mUSvQaRob|30179398|17PaYsk1HoFbCgLLa9ahTfJiYsP35i8mXs|30179397|144VvxaYQ665gQY8RvJZyF6LsmNEkErLPm|30179395|1AJAPYyv2f3wvwiZH9ypnqoctfcf9ZYLi7|30179394|19Jy3b1jQCY8UJwx7z3jf3jWc4C7pzvoyv|30179393|1H8BAhQw2YwhVREwRwKB6mikKc86ApkGs3,wallet|transaction|wallet|transaction|wallet|transaction|wallet|transaction|wallet|transaction|wallet|transaction|wallet,|0.981018|0.91061|0.979254|0.909084|0.966704|0.909611|0.982705|0.910377|0.974239|0.910602|0.98286|0.891739
210639339,11,wallet,1Q8YhgGgC7Movu8HgBH2gQEAE7bZWWLGot,False,True,12,210639339|1ERsX6ztNgXkbfY3pjG2awbM6KNgBekGCY|20002211|19TeTP84skqnA88p3LzK62h8eambiZ634n|9568521|18D9PBiWenZzg8PoxhqpdfRXPbZJwYxLm|154230916|16LtUR1soGxWVqEz87ePKjAsuK3mBKbaxo|209072130|16uBTVUEidRswjnyysyqGnFUmWNyFCoAzT|9565016|1Q8YhgGgC7Movu8HgBH2gQEAE7bZWWLGot,transaction|wallet|transaction|wallet|transaction|wallet|transaction|wallet|transaction|wallet|transaction|wallet,|-0.0866065|-0.00900824|0.713425|0.330959|0.436934|0.00869295|-0.0759694|-0.00885515|-0.0718062|0.740338|0.891813
372960056,11,wallet,1EKk6fL3V83jgMxdWn2uSDy1G5LeL1DD4x,False,True,12,372960056|15JBh1wHpBWuaAwvhcXWper3td4W5g3E6N|372869387|17EzDQRYRqoeuSwEYcnWJJ8HrVbf7Drawz|312220443|18V3VbGM75xi5a3DvMTN9XmDVheFP2peWN|309434447|1KRrjTSASzKcF4egjS95Tj1hwJYtcFMhhc|368754682|13qDkbfx8fNmLWwUTTR9BUD9bK5uBwe3yf|313670795|1EKk6fL3V83jgMxdWn2uSDy1G5LeL1DD4x,transaction|wallet|transaction|wallet|transaction|wallet|transaction|wallet|transaction|wallet|transaction|wallet,|-0.0866252|-0.00955702|-0.0825232|-0.00953265|-0.0837971|-0.00955962|-0.082417|-0.00823189|-0.0721998|0.62058|0.891979
163656150,11,wallet,1Pzq5eqkyc9n29iQLtM89KCafZGn7pFP4z,False,True,12,163656150|1oibGx3NsgKCSb3ZRWvzkUXwC6wC84Pax|56475009|136pge28L2B3wXSnU9DqTJHkExc4bqVW2h|89336633|17inT8WRYErMvQBuA5pLjef2eE1ACg5cb8|8843271|1LmtfMRZcgQMEp9sNA69rXupREUUgwUDFp|10285053|1MLB7yBzqpjA4yMsw26dpWZH43X29Gz3wM|163867922|1Pzq5eqkyc9n29iQLtM89KCafZGn7pFP4z,transaction|wallet|transaction|wallet|transaction|wallet|transaction|wallet|transaction|wallet|transaction|wallet,|-0.0866352|-0.00899378|-0.0859623|-0.00961669|-0.0830378|-0.00953862|-0.0862602|-0.00961591|-0.05969|-0.00961682|0.903877
13b1bWU9FQk8mLEv8dQPpCNM399pEVfFKL,11,transaction,14938788,False,True,12,13b1bWU9FQk8mLEv8dQPpCNM399pEVfFKL|15857236|1B7Q3Ba49ccd7D9w67vVKEAUraG3jtpUUs|15857241|15orKRfof71FC15Gna4cDxR6zo8iEYFALa|21624138|1GJ6zJ7TbFQsjCD2MfHg6Ux96CKX8L1Cx8|15221579|13NyW3seb6MhgkpZjFe5ij22Ku8doSErbc|14939775|1LzQub8kMSk3z7TutxiA88XZKoDSMXeZy3|14938788,wallet|transaction|wallet|transaction|wallet|transaction|wallet|transaction|wallet|transaction|wallet|transaction,|0.989183|0.910106|0.990006|0.902468|-0.00959602|-0.0865748|-0.00961595|-0.0865478|-0.00961677|-0.0865368|-0.00961631
1Cr53Doa3kJiricseWoepF93Lb9GmKu14W,11,wallet,1BGbYAkX58ZwdXkAbBhgAbtBj6Veksa2H1,False,True,12,1Cr53Doa3kJiricseWoepF93Lb9GmKu14W|40764117|15n2wTzdWMdRNGxtEMAEBkHRz4RvG8eamu|13340480|72323512|1CiQ6CJ42AqgYJW4acMG4kcxQ5xgs8tFQu|71994276|14oRspZA2weiz9gtaFJHN21eXaTPysnRA5|71449573|14jYGakaE1mnzNENLaAdc9e484y92k6sjK|70781861|1BGbYAkX58ZwdXkAbBhgAbtBj6Veksa2H1,wallet|transaction|wallet|transaction|transaction|wallet|transaction|wallet|transaction|wallet|transaction|wallet,|-0.00961156|-0.0559878|-0.00934389|-0.0169155|-0.0866376|-0.00961682|0.911281|0.990213|0.910635|0.759163|0.892047
1DyiUUazTR6XwSbPXpdh3gzRtQoJokWUdN,11,wallet,19HEhV6EKQ3B5jGYyCqdXRosdcKhgbk2Vx,False,True,12,1DyiUUazTR6XwSbPXpdh3gzRtQoJokWUdN|323888916|1PHiTUHWzrWxqadENv2az1LZbKX8DTrBwU|372957321|1EkqdaDkAzzzeuHN1qfAHnskoYNjJ7eRvi|311594335|18EonFLGUdMTJwxaVkNSrToo79xKsfiZL4|372810452|372723702|133GAMeaE15oTPgAk42FPvZReDrVkaNRo4|368741023|19HEhV6EKQ3B5jGYyCqdXRosdcKhgbk2Vx,wallet|transaction|wallet|transaction|wallet|transaction|wallet|transaction|transaction|wallet|transaction|wallet,|-0.00944679|-0.0846849|-0.0074592|0.0348694|0.0154534|0.0950091|0.0433031|-0.0135086|0.687701|0.974807|0.891643
1FvSbfwcLEuZJsQEqhEvbZWRw4ww2P6Ggq,11,wallet,1B5ZxnVrk1feeSDNHf23jZHgyw2pQcC28V,False,True,12,1FvSbfwcLEuZJsQEqhEvbZWRw4ww2P6Ggq|313042759|12oxyPhww7jWA7y4gV1hijXQEJK9h9mMRC|313338843|1GbeYpsun88cPAn4gGakrS8RdEXSoNaovy|310393674|13jE8VGAbJ5EqUj7eqwuNsxeRauvhEDKHj|58007728|312450765|1HLLqxHsrt8UFuTFfRNUD5TsYsAF9sekXH|279458388|1B5ZxnVrk1feeSDNHf23jZHgyw2pQcC28V,wallet|transaction|wallet|transaction|wallet|transaction|wallet|transaction|transaction|wallet|transaction|wallet,|-0.00959449|-0.0836188|-0.00950998|-0.0829308|-0.00931482|-0.0840233|-0.00948987|-0.00201894|0.250283|0.947835|0.891682
1G9EgCwYbjTXJX2CX2s1BVoFxVstAaPkDh,11,transaction,173950082,False,True,12,1G9EgCwYbjTXJX2CX2s1BVoFxVstAaPkDh|203672502|16qDBPVEmF8Pj9ZE6kTgLVaqKRhdAD98Wj|182466028|128H36FzwJ2ogu6eZV5B6jLJD8jLkqzY98|184383289|1CPMKL1b49t1o9TQpXEqb7vUBsmKu7Rpbn|62900083|1JBXPRrNKr5VRB5r65VEjBLwGAvBcPQ1MY|173167134|1HVaLLcnXPn3vuJXNntWsKC5ogkqznu97c|173950082,wallet|transaction|wallet|transaction|wallet|transaction|wallet|transaction|wallet|transaction|wallet|transaction,|-0.00955541|-0.0855347|-0.00959309|-0.0441312|-0.00573807|0.4589|0.450455|-0.0783802|-0.00949556|-0.082314|0.0122262
94783375,10,transaction,94119288,False,True,11,94783375|176HTAg1Lyn4ZBfH6HZGpXZ4n1LzAW8LcC|98618199|1A1r1f611qg5FfXyfQe1CcAKzCZZujzUJL|94653109|1EUcL77biMMGHSNDdUuhfujtphbiFqZhEX|94653111|1BCpNrX5FciP7qweW1Z7kcEwuphb1VJLTS|94361886|1UPoNnMxUcuwaJueqz9wQ9oHhTHPs6WrV|94119288,transaction|wallet|transaction|wallet|transaction|wallet|transaction|wallet|transaction|wallet|transaction,|0.905711|0.0460842|0.864208|0.00302408|-0.0454681|-0.00706719|-0.0778603|-0.00522373|0.637637|0.354246
236114959,10,transaction,8361189,False,True,11,236114959|1JvxaCSwj3RC1b8R16YQQEdYXgsrbwtHaC|234836238|1EfZWjX6QYNpTWdVM6RyEfoWqowcvFvasA|47631145|1AMpXt47A6rm5MXbg2sZ9AXswSU7g6MVn1|17260125|129vMqkwKyvxA4bb1RT7wzZmVFHLf6sd35|11780829|1L9iryG2mbMMFHaGVVVpPGuz8GUHnkxuvD|8361189,transaction|wallet|transaction|wallet|transaction|wallet|transaction|wallet|transaction|wallet|transaction,|0.91182|0.990369|-0.0866326|-0.00918839|-0.086237|-0.00961594|-0.0858007|-0.00949492|-0.0842594|0.0499059
15857236,10,transaction,14938788,False,True,11,15857236|1B7Q3Ba49ccd7D9w67vVKEAUraG3jtpUUs|15857241|15orKRfof71FC15Gna4cDxR6zo8iEYFALa|21624138|1GJ6zJ7TbFQsjCD2MfHg6Ux96CKX8L1Cx8|15221579|13NyW3seb6MhgkpZjFe5ij22Ku8doSErbc|14939775|1LzQub8kMSk3z7TutxiA88XZKoDSMXeZy3|14938788,transaction|wallet|transaction|wallet|transaction|wallet|transaction|wallet|transaction|wallet|transaction,|0.910106|0.990006|0.902468|-0.00959602|-0.0865748|-0.00961595|-0.0865478|-0.00961677|-0.0865368|-0.00961631
16155707,10,transaction,14927630,False,True,11,16155707|1KW7WEQF6mZVZ62WjtHmFYQAndCP3Yq6hc|15949720|1AMeYuETTkQ91BLSNL5vaZCyXwEDtY6PDo|15827502|1bDW78oVLHYjvtbrH9GkLMzYnKGEgfCZm|15827512|1EZeBgAvAxVqLxwVfonTnUarRsS85dxr5H|15856048|1Ff9pPmXKLZkbNgnoH2SLNF6Y1bDW7qPdx|14927630,transaction|wallet|transaction|wallet|transaction|wallet|transaction|wallet|transaction|wallet|transaction,|0.650846|-0.00181461|0.911569|-0.00185085|0.899794|-0.00608501|-0.0862212|-0.00675926|0.876243|0.986674
333792508,10,transaction,336434569,False,True,11,333792508|1F6muGSqLhEmbQrFvAPxFippxFNJ6NywXt|339697979|1AURKXsRfnsaypxR9QM2zfhpgF2XRQbnKP|331560054|1FLgu9UwkZBCf9sNNeGVxVpHt8kx5amnVg|331559913|1LrVtTRsdjMqjZcoi1kKv6XfsWwDFxvQH6|331530347|1Bk9HZvmswwd6yb2tEsAnSCdFsUiLijWjF|336434569,transaction|wallet|transaction|wallet|transaction|wallet|transaction|wallet|transaction|wallet|transaction,|0.841347|-0.00930542|0.873985|0.97583|0.199701|0.016318|0.857139|-0.00961682|0.909463|0.0921315
370643056,10,transaction,336434569,False,True,11,370643056|15EszSTSLNjnKeaNngoYoMpSKU13kVQWNi|117179090|1Mnt6oZy667vhfjBWv9i6sA8xWq7yS5aZU|331560054|1FLgu9UwkZBCf9sNNeGVxVpHt8kx5amnVg|331559913|1LrVtTRsdjMqjZcoi1kKv6XfsWwDFxvQH6|331530347|1Bk9HZvmswwd6yb2tEsAnSCdFsUiLijWjF|336434569,transaction|wallet|transaction|wallet|transaction|wallet|transaction|wallet|transaction|wallet|transaction,|0.00421296|-0.00912024|0.897106|0.97583|0.199701|0.016318|0.857139|-0.00961682|0.909463|0.0921315
12Mdv8mtNqr8s1wS3TVTkc3XczS9wnyg1z,10,wallet,1NXmhZSsR4vCmt3D7W4MRbBYpMDnTYJaT1,False,True,11,12Mdv8mtNqr8s1wS3TVTkc3XczS9wnyg1z|47590952|17gj3iHc1mrwKBvUDNzM9z6Yne1jVds7uH|96559214|1E1Gwu3EpouoSpH5dtrd4ojkDu42799dLQ|65253|18WYMeJ4cxoeb7LxWHMxayuJGVBWfGjckD|97863750|1P3AeZzHAMEWFURed5VhzggV6Fejx7Zrbz|17303883|1NXmhZSsR4vCmt3D7W4MRbBYpMDnTYJaT1,wallet|transaction|wallet|transaction|wallet|transaction|wallet|transaction|wallet|transaction|wallet,|-0.00961436|-0.0864574|-0.00564678|-0.0866377|-0.00961682|0.884961|0.986615|0.908039|0.244952|0.892315
17GGEd35RHJje1gtR5t2kdoghuNFVRA2x8,10,transaction,73084080,False,True,11,17GGEd35RHJje1gtR5t2kdoghuNFVRA2x8|73219430|1Mg7MUTP5KkZMfeiDL7vDsVpQa3V2KbE7e|73219484|113y5eQyRboyNsn7sCw7eUowjGBUDCNYVu|73390511|77540273|1DMrJU2yYwt9dUqDKcFav18GbrubRQ7J84|73236123|1LohnyA8rhkHvPQc9dVkr3A8nKxxag8j3x|73084080,wallet|transaction|wallet|transaction|wallet|transaction|transaction|wallet|transaction|wallet|transaction,|0.990073|-0.0638566|0.356188|0.0249396|0.00767717|0.191867|0.797723|0.326822|0.907107|0.972325
1A263oPkyaGxsZC2yntVVUXxoos59fzfDe,10,wallet,1HD5Mz5EutsTF2bBKQiZPd4Ho5BWJvgsDM,False,True,11,1A263oPkyaGxsZC2yntVVUXxoos59fzfDe|30180256|19oEJmKEKNL78nyAWXYz5LKpKTC9qoF4X1|30180257|15sgmMYSXXJrZPfcCu9eFgaqXbWufKG7Qm|30179417|152mj5PYfqnSToeuWbdZVopUoTs5Acoyz6|30179348|1MqiMKPw6vXd2jkRHFkABo1c3i9moskd1H|30179334|1HD5Mz5EutsTF2bBKQiZPd4Ho5BWJvgsDM,wallet|transaction|wallet|transaction|wallet|transaction|wallet|transaction|wallet|transaction|wallet,|0.953917|0.90908|0.975155|0.9094|0.976519|0.908805|0.946868|0.910578|0.982817|0.891739
1BbDxcJig7w7EupDdBhpZH7zrjWCKAP8nZ,10,wallet,1PhHnK34pmYcrC8RprtXVfF4HMKYmaRYD3,False,True,11,1BbDxcJig7w7EupDdBhpZH7zrjWCKAP8nZ|99676503|18NeTEfcZeZyzfUSAv2PNYTsA1xPFrqLzq|99676317|17Q13dYB8Z5X5hhLveZKPzG1bwNA7Yxhk9|99676304|1CSaCahayUyWfzMgazV673cCKpTEELeNR2|99676297|1PiK4c5EfkwRVowkmGXr4C1Hi5HwadbCzB|99676290|1PhHnK34pmYcrC8RprtXVfF4HMKYmaRYD3,wallet|transaction|wallet|transaction|wallet|transaction|wallet|transaction|wallet|transaction|wallet,|0.800764|0.907234|0.437494|0.907607|0.891884|0.877356|0.710072|0.909468|0.988645|0.891558
1Ds3LdXRJoAzysuDaydw7uj5323Vf2FJkx,10,wallet,1NPUPVKsJknhs1gLJsijvNebQk24FCzt9E,False,True,11,1Ds3LdXRJoAzysuDaydw7uj5323Vf2FJkx|268996440|1GdeZpQRkhedRxUWJnrAmHzFwrXdamyBqS|268996252|14je2fdcMGKxL9XuHQmMpebs9ADT6LopYB|268996244|1KG7aBnBuxJxZ7kHiosu2GAGtVPkD4oYE4|268964432|17Qja4FFh2YTxCuqVsjvLECJLMUoMowYP7|268964426|1NPUPVKsJknhs1gLJsijvNebQk24FCzt9E,wallet|transaction|wallet|transaction|wallet|transaction|wallet|transaction|wallet|transaction|wallet,|0.981625|0.910901|0.981577|0.911189|0.985876|0.911308|0.977408|0.911334|0.987831|0.891597
1GBYznpMywEh4kwy7GbDjG9YA9PnUzYMRZ,10,wallet,1NXmhZSsR4vCmt3D7W4MRbBYpMDnTYJaT1,False,True,11,1GBYznpMywEh4kwy7GbDjG9YA9PnUzYMRZ|96929263|1Bx7GM7rG75edKCo6hvv79HAW92owkjWG7|96929269|12H3zoU7CBFJGEfJvHtNt8edJkB4UmKzT3|708454|18WYMeJ4cxoeb7LxWHMxayuJGVBWfGjckD|97863750|1P3AeZzHAMEWFURed5VhzggV6Fejx7Zrbz|17303883|1NXmhZSsR4vCmt3D7W4MRbBYpMDnTYJaT1,wallet|transaction|wallet|transaction|wallet|transaction|wallet|transaction|wallet|transaction|wallet,|-0.00961682|-0.0866376|-0.00961682|-0.0866377|-0.00961682|0.884961|0.986615|0.908039|0.244952|0.892315
1KDAow64UYTLfU1wadUGXuZjdAYP6aRuTa,10,transaction,71764091,False,True,11,1KDAow64UYTLfU1wadUGXuZjdAYP6aRuTa|73220428|12quKG72gEXyQJ18ohPTzCgrS2zURpBujw|37482805|1J9VEzfND6hLsMYhVKN4F2HQc5UXf3Fjue|38019202|72719465|1BvULiPrSmdM92687jRWEvr37w6iL9naLp|72304559|13PSowALZR8jF8YhXPvCgprdwZ85AZGiqt|71764091,wallet|transaction|wallet|transaction|wallet|transaction|transaction|wallet|transaction|wallet|transaction,|-0.00928764|-0.0866333|0.0121468|-0.0866373|-0.00961682|-0.0169155|0.903342|0.275521|0.903543|0.971771
43523018,9,transaction,42624355,False,True,10,43523018|1eZrqTx6cdwTtoNN1wavMqJ4EViXfq3td|43321917|1AjxVv8jXx4TwWP7cEcB2Z8WPNppmtzWzC|43321921|42960789|1Ak8dtRLebgn5DF9HYyGigHAUcxxvLX261|42961173|1LYA7MurtUKph4iZdof1uH1zSvGiSX93uX|42624355,transaction|wallet|transaction|wallet|transaction|transaction|wallet|transaction|wallet|transaction,|0.910436|0.972935|0.907544|0.762978|0.273309|0.768863|0.0991131|0.909718|0.979509
205042152,9,wallet,1BJmzDNrt83Yv4QHU1hifkTjaSACDSgfd3,False,True,10,205042152|1P4rftpiSXzdNYVEGrM7jw2yH9U8EHv6m7|3584230|1ATE6bTyJmC246W7ity2puGNyfCB4txQmN|12407265|1APCKgPLUMo1XzGkHvZS9z6XVrxK4gZj7J|10039521|1PF8M8cegH6F8F6vXH7EwFou5vLv1gLcte|234152102|1BJmzDNrt83Yv4QHU1hifkTjaSACDSgfd3,transaction|wallet|transaction|wallet|transaction|wallet|transaction|wallet|transaction|wallet,|0.550875|0.60612|0.832563|0.78359|0.909536|0.986591|0.904087|0.988013|0.891554
234835399,9,wallet,1BJmzDNrt83Yv4QHU1hifkTjaSACDSgfd3,False,True,10,234835399|1P4rftpiSXzdNYVEGrM7jw2yH9U8EHv6m7|3584230|1ATE6bTyJmC246W7ity2puGNyfCB4txQmN|12407265|1APCKgPLUMo1XzGkHvZS9z6XVrxK4gZj7J|10039521|1PF8M8cegH6F8F6vXH7EwFou5vLv1gLcte|234152102|1BJmzDNrt83Yv4QHU1hifkTjaSACDSgfd3,transaction|wallet|transaction|wallet|transaction|wallet|transaction|wallet|transaction|wallet,|0.550875|0.60612|0.832563|0.78359|0.909536|0.986591|0.904087|0.988013|0.891554
60102676,9,transaction,208911970,False,True,10,60102676|1NUm3Fq1W1AEvTHeWV62q8cjh87zqn8M2F|209478837|17KAoDzf5EwRYeEExm74MMQEkK2PAzTmRQ|209478839|1NFEzG673BRXBUEg2GTemojYcJt9NJSAG2|209498992|13CwcPXTEKycn1z1V6PiiEcnLowJ5dFrkm|209045026|208911970,transaction|wallet|transaction|wallet|transaction|wallet|transaction|wallet|transaction|transaction,|-0.0498337|0.0176325|-0.0580463|-0.00942956|-0.081055|-0.00764573|0.057931|0.0944899|0.0202317
209807092,9,wallet,1C6U2caHrcYZkgpqxjMxZ6yvAgjPCkCUsZ,False,True,10,209807092|1CtrgoG9fFzrfXjTwWweYfGPcFScvP9c7V|77766982|1NPWVABGxDbCLoaJhC9z66zZ3CiAwWJBv3|11042555|1FRgkTDn8x7uZyWrP18eMd6R2YWC9vG5PC|110617865|1EWPnUWTcPDvQ3MCKFirv6FNngAM7VocTq|82608842|1C6U2caHrcYZkgpqxjMxZ6yvAgjPCkCUsZ,transaction|wallet|transaction|wallet|transaction|wallet|transaction|wallet|transaction|wallet,|-0.0866343|-0.00932317|-0.0707196|-0.00920459|-0.08246|-0.0095266|-0.084137|0.0975335|0.892203
299178846,9,wallet,1LWtYBde4L6kNqQozP84vNjGmriG2wA9Ly,False,True,10,299178846|19vTYtBVYWMNUEzA21UYjbDNPwxnuPDjzk|299178847|18kNx3jzaCa5ZS2gVpiaioeDn8nz3zYNc1|298963907|1Ln6NF5gpeth6pkBztjQr2CorzqJQLVu9F|69653142|15eMmKDPWSmNEuyJj7SyCcYGKPizisnHqr|298720673|1LWtYBde4L6kNqQozP84vNjGmriG2wA9Ly,transaction|wallet|transaction|wallet|transaction|wallet|transaction|wallet|transaction|wallet,|0.909406|-0.00939331|-0.0866159|-0.0024783|-0.0793247|-0.00958658|-0.0844075|0.324501|0.89199
67575835,9,wallet,1FP5MzNddgvi2HYYsPceAcupR2cT9zdSHq,False,True,10,67575835|1CTnpM5LdcXFmQxA4b3RSX7AyL8eQQMkcx|34229686|1PtptNSB2vDEtcRWm6CvVDE39YZWpi8vLX|55812604|1ApCsnZ3vS1ctmh8y4zajdNqxt9cvXaKLs|27070954|15eD5MYk1hKREyozzR1YkX3JwutFYf5SKT|54700839|1FP5MzNddgvi2HYYsPceAcupR2cT9zdSHq,transaction|wallet|transaction|wallet|transaction|wallet|transaction|wallet|transaction|wallet,|-0.0866356|-0.0093639|-0.0706368|-0.00943571|-0.0781569|-0.00888412|-0.0790149|0.73608|0.89185
96930118,9,wallet,1NXmhZSsR4vCmt3D7W4MRbBYpMDnTYJaT1,False,True,10,96930118|183MoLCoa7hrFXoqcjx3s7iykq3c5hP12y|96930121|1MMWa4pvPNPHukonPEphHVMpr64iYsBuEa|1574896|18WYMeJ4cxoeb7LxWHMxayuJGVBWfGjckD|97863750|1P3AeZzHAMEWFURed5VhzggV6Fejx7Zrbz|17303883|1NXmhZSsR4vCmt3D7W4MRbBYpMDnTYJaT1,transaction|wallet|transaction|wallet|transaction|wallet|transaction|wallet|transaction|wallet,|-0.0866341|-0.00961682|-0.0866377|-0.00961682|0.884961|0.986615|0.908039|0.244952|0.892315
73000655,9,wallet,1BGbYAkX58ZwdXkAbBhgAbtBj6Veksa2H1,False,True,10,73000655|1C5SHD9yZb8X2ef7EJfdZ6VxdXpDoiMdim|3762812|1DvrRr6HiSrvv56qereLpiXe1zHerDGTrk|72287954|19DRxBeogRh7hKugZ6oeUQtAYvTT8n1jLL|72288093|1JJDgcHtfjEwNXoBJ5Ck4LNr2ig7Kj2juj|70781861|1BGbYAkX58ZwdXkAbBhgAbtBj6Veksa2H1,transaction|wallet|transaction|wallet|transaction|wallet|transaction|wallet|transaction|wallet,|-0.0866058|-0.00960776|0.201035|0.0235029|-0.0734174|-0.00955478|-0.0826104|0.759163|0.892047
12y7hG18ZRMHRLYH7g8Ndv7C8L2QwxPi5w,9,wallet,1Gjt3wkSsP9svuQTg92vgxXfqeDuvjFJuv,False,True,10,12y7hG18ZRMHRLYH7g8Ndv7C8L2QwxPi5w|238324122|12m6wdh83bZTqjvaYyLvMS63pEU4akSNLg|238324114|1KKEGbZsqR5EnLAxwjk7vBZp75hd7wAVuy|238337092|238397625|19nRvc7isXX8gqTfgPTDwbsyNMuCunjdnt|238506100|1Gjt3wkSsP9svuQTg92vgxXfqeDuvjFJuv,wallet|transaction|wallet|transaction|wallet|transaction|transaction|wallet|transaction|wallet,|0.00874961|0.482111|0.0192425|0.326607|-0.00131523|-0.0167494|-0.075582|0.814044|0.8918
15JCJQjdQMWaU3JFc4Eo8jTrUk32tXK8iS,9,transaction,173950082,False,True,10,15JCJQjdQMWaU3JFc4Eo8jTrUk32tXK8iS|182466028|128H36FzwJ2ogu6eZV5B6jLJD8jLkqzY98|184383289|1CPMKL1b49t1o9TQpXEqb7vUBsmKu7Rpbn|62900083|1JBXPRrNKr5VRB5r65VEjBLwGAvBcPQ1MY|173167134|1HVaLLcnXPn3vuJXNntWsKC5ogkqznu97c|173950082,wallet|transaction|wallet|transaction|wallet|transaction|wallet|transaction|wallet|transaction,|-0.00959309|-0.0441312|-0.00573807|0.4589|0.450455|-0.0783802|-0.00949556|-0.082314|0.0122262
18onVYk1TACKnQRuJss67DremM2iUVWXqt,9,transaction,54701343,False,True,10,18onVYk1TACKnQRuJss67DremM2iUVWXqt|67674079|1J9RwcLEBBtRuATXYoZD71vyKSSeAMdLuA|67674082|1LUUG6c8Bg9Q31fw5TmqTmr7VS8Yv5VZxE|69980128|17D6N6YYaRnAZ7kGtfEnYnUHX22JtSnhDW|69268129|17449eF7RZzkijqwoVAm9GstJq5DNmzFkK|54701343,wallet|transaction|wallet|transaction|wallet|transaction|wallet|transaction|wallet|transaction,|0.990099|0.911327|0.95287|0.907473|0.934905|0.90621|0.670172|0.905657|0.628574
1BKRs69RkmR99aHaDhAtCjebkhipkXWauF,9,wallet,1L4CVQheUayEM4vxrs3CGSM28jeBPgAAAj,False,True,10,1BKRs69RkmR99aHaDhAtCjebkhipkXWauF|339512721|1JmKXMQnyGtrMkcNpWNUUnukJPSdYJgy7d|37680627|1LspL1hFkHMQVSekzwRLFvgKBWSeBajCx8|45483897|136590138|1CBU9uMBv78EVjF6zTPiMzbQcv4Xp9B9tM|37281187|1L4CVQheUayEM4vxrs3CGSM28jeBPgAAAj,wallet|transaction|wallet|transaction|wallet|transaction|transaction|wallet|transaction|wallet,|0.990374|-0.086635|-0.00703619|-0.0764551|-0.00948012|-0.0167687|-0.0826055|0.154802|0.892118
1CQeeF2rEFdNjKhSq1PzPCC4okRrcYvh15,9,transaction,175754507,False,True,10,1CQeeF2rEFdNjKhSq1PzPCC4okRrcYvh15|115732172|141XtDGFQjtGsrNA9CK1sxu65Bu2LVGZfV|179081583|1B2RJxhVZTxE5B9QRA2zMprMUnGLVoHDoe|49025743|1QGqwADkT3GUDQdFFb2aLaHjQLpb6dmw5C|49025731|1NaRxwBnkKajaumCCDBmchSTAKNaJNJwpJ|175754507,wallet|transaction|wallet|transaction|wallet|transaction|wallet|transaction|wallet|transaction,|0.958609|0.911477|0.986673|0.89184|-0.00953412|-0.07407|-0.00913072|-0.0750058|-0.00783232
1KW7WEQF6mZVZ62WjtHmFYQAndCP3Yq6hc,9,transaction,14927630,False,True,10,1KW7WEQF6mZVZ62WjtHmFYQAndCP3Yq6hc|15949720|1AMeYuETTkQ91BLSNL5vaZCyXwEDtY6PDo|15827502|1bDW78oVLHYjvtbrH9GkLMzYnKGEgfCZm|15827512|1EZeBgAvAxVqLxwVfonTnUarRsS85dxr5H|15856048|1Ff9pPmXKLZkbNgnoH2SLNF6Y1bDW7qPdx|14927630,wallet|transaction|wallet|transaction|wallet|transaction|wallet|transaction|wallet|transaction,|-0.00181461|0.911569|-0.00185085|0.899794|-0.00608501|-0.0862212|-0.00675926|0.876243|0.986674
190427446,8,transaction,189801260,False,True,9,190427446|1CJ8UDmfzAWUsamqerpWzormuFNAxmnpwX|190039816|18X4u2dbNJUapSQ7kVRQT7cWzCDL8AuRd2|190039823|16fHyTmXxtVTFe9CsSthAT8Nu3G1xnYyzN|189801259|15yeZyZ5UJJP4kbUQmqMM6tnKhYVtzzeYD|189801260,transaction|wallet|transaction|wallet|transaction|wallet|transaction|wallet|transaction,|-0.0784763|-0.0092712|-0.000169568|-0.00582698|-0.0214879|0.257406|0.196801|0.870026
226629474,8,transaction,175043285,False,True,9,226629474|172oGLb5C2uABoCAwXiNZf66uC5D4Yob3X|179395831|1EpPE3Lqagmzt2Kr4vX53QeQnZk8he7mZ6|175754603|1GVXVGH1ga1eNc3xfJBSzSxaBvjeg66LRC|175400561|1F2YthFvkkY4zKCvs8e7i4n2D9E33kpdTt|175043285,transaction|wallet|transaction|wallet|transaction|wallet|transaction|wallet|transaction,|0.906861|0.256613|0.795289|-0.00619565|-0.0789911|0.00130216|0.830966|0.984659
226668066,8,transaction,174774267,False,True,9,226668066|1AX5oZuY4v39CeXziAC1XMTm7cfFUrMpKZ|218190265|19X1ZDPV1neY7bH2VSxArUWmvTkQAmJy75|175789563|1A27P6JvVqY14ssne4eKZZJvnYsX7BwqCE|175433937|17WZo15h71VJwMTdzbkJsyNEJHymASqheC|174774267,transaction|wallet|transaction|wallet|transaction|wallet|transaction|wallet|transaction,|0.910953|0.99006|0.904936|0.978764|0.908736|0.903659|0.906296|0.931606
226669358,8,transaction,195602100,False,True,9,226669358|15JU67WfD3RL6sBBq9GcdKcYBuTz2FdPJH|179038099|1Nhx9QXubx6mvkbE9raYc6dPzzjvWUzxBT|179023743|182AVvqwwgXvwYHQh47r42aMqr6sZW6swi|179023750|15YKPYqvhBEGn9HAVnA8i6ug3ZoLmMqfe9|195602100,transaction|wallet|transaction|wallet|transaction|wallet|transaction|wallet|transaction,|0.911851|0.972817|0.910725|0.72784|0.910187|0.984707|0.904442|-0.00942377
3152098,8,transaction,490419,False,True,9,3152098|1EMeLnc2rPN2PKA86cLQzrf3LjyEpkf4LK|71843599|1CdyXLbJfPkUeBpmm3saXXFjKa1PJqE8Nx|10440860|12zYu9sS77M22aqRGFELPaTL6GZEyekwZ4|14537263|18DTRuYEe9t6HaifkhA7sVUwmQjYTgfCkv|490419,transaction|wallet|transaction|wallet|transaction|wallet|transaction|wallet|transaction,|-0.0866145|-0.00956236|-0.086389|-0.00961548|-0.0854446|-0.00939353|-0.0838294|0.0807312
339642957,8,wallet,1L4CVQheUayEM4vxrs3CGSM28jeBPgAAAj,False,True,9,339642957|12DHrnSs148YJ6FueBs8cmSk2gzqBk5AYa|37680627|1LspL1hFkHMQVSekzwRLFvgKBWSeBajCx8|45483897|136590138|1CBU9uMBv78EVjF6zTPiMzbQcv4Xp9B9tM|37281187|1L4CVQheUayEM4vxrs3CGSM28jeBPgAAAj,transaction|wallet|transaction|wallet|transaction|transaction|wallet|transaction|wallet,|-0.086635|-0.00703619|-0.0764551|-0.00948012|-0.0167687|-0.0826055|0.154802|0.892118
336427475,8,transaction,121941958,False,True,9,336427475|1Amy8iXZBcBeyxt7aE1Tss9XdwC6qaU2Y4|121943199|13jnuj115EWXGz1dGKpfDyz3UWVQraN7Hm|136855298|16aSiobW5y5vA4Rd8YykQ8i1LHRnMmuwSX|119062756|1GJDAonfLYHSjkoDA4Ew5jEdgGZ8y77U4C|121941958,transaction|wallet|transaction|wallet|transaction|wallet|transaction|wallet|transaction,|-0.0865712|-0.00902067|0.0579114|0.0122486|-0.0857397|-0.00764025|0.838153|0.983698
84720559,8,transaction,21963106,False,True,9,84720559|1BGHnvRy2r6S2AK6QJypdqr9EWUYjMoSxt|84374871|3Pp1DjF8ghYqTEji3uXLCtLCjh65zZXDzN|1809797|1Ld3cFQrYDDd4airqhwNgDGjmNMUdz3NPx|996158|1JaMTwJaFUbfNFXFCxZSnRnogCKKTLGZdA|21963106,transaction|wallet|transaction|wallet|transaction|wallet|transaction|wallet|transaction,|0.911617|-0.00185481|-0.0866278|-0.00960011|-0.0837569|-0.00949341|-0.0807963|-0.00935993
70406447,8,transaction,54723924,False,True,9,70406447|1FUSGdPSxm9u6wkSvVeSLEiLvZ8bgvG8se|70342585|1PkPVz15at1qu8pnsCERXUeFHaenxBWV8k|64879544|1KTmpettNkKdLcruUsqonU5F1tLdPiMT78|54723920|1Guzbmk1P31UQ2sPZ1mBe24HEQdbrHcpn8|54723924,transaction|wallet|transaction|wallet|transaction|wallet|transaction|wallet|transaction,|0.179569|-0.00946972|0.783939|0.977541|-0.0784638|0.0087404|0.898602|0.977158
70424581,8,transaction,54723924,False,True,9,70424581|1FUSGdPSxm9u6wkSvVeSLEiLvZ8bgvG8se|70342585|1PkPVz15at1qu8pnsCERXUeFHaenxBWV8k|64879544|1KTmpettNkKdLcruUsqonU5F1tLdPiMT78|54723920|1Guzbmk1P31UQ2sPZ1mBe24HEQdbrHcpn8|54723924,transaction|wallet|transaction|wallet|transaction|wallet|transaction|wallet|transaction,|0.179569|-0.00946972|0.783939|0.977541|-0.0784638|0.0087404|0.898602|0.977158
73220620,8,transaction,34413356,False,True,9,73220620|1AaWEf11zvBZpbiYbbgAFiQpEKyBsxHKFS|45390123|1FRh8QvMk6yjwGTp9FocEafXhCCLYM5xjh|74117819|1PVkNLgg9trsTt8BRFM2ddv92WvF34vRZE|34180566|1PSsmSSTqekm2nZvkw5NbMZoW9SSr5Fgab|34413356,transaction|wallet|transaction|wallet|transaction|wallet|transaction|wallet|transaction,|0.39647|0.0037569|0.908693|0.349437|-0.0793814|-0.00942114|-0.0843564|-0.00463775
12quKG72gEXyQJ18ohPTzCgrS2zURpBujw,8,transaction,71764091,False,True,9,12quKG72gEXyQJ18ohPTzCgrS2zURpBujw|37482805|1J9VEzfND6hLsMYhVKN4F2HQc5UXf3Fjue|38019202|72719465|1BvULiPrSmdM92687jRWEvr37w6iL9naLp|72304559|13PSowALZR8jF8YhXPvCgprdwZ85AZGiqt|71764091,wallet|transaction|wallet|transaction|transaction|wallet|transaction|wallet|transaction,|0.0121468|-0.0866373|-0.00961682|-0.0169155|0.903342|0.275521|0.903543|0.971771
12uLxFVwazvdf3AQ4Ei4pW13Q53reaurLi,8,wallet,1Pzq5eqkyc9n29iQLtM89KCafZGn7pFP4z,False,True,9,12uLxFVwazvdf3AQ4Ei4pW13Q53reaurLi|166490287|13FCZb6mwQupCscxmqwRgAg4i4T4thiWoV|163652487|1E5ijbN59ERf54wMB847FfhU43dW2hSkn9|10285053|1MLB7yBzqpjA4yMsw26dpWZH43X29Gz3wM|163867922|1Pzq5eqkyc9n29iQLtM89KCafZGn7pFP4z,wallet|transaction|wallet|transaction|wallet|transaction|wallet|transaction|wallet,|0.988346|0.910914|0.990362|-0.0866369|-0.00961591|-0.05969|-0.00961682|0.903877
13Ey3uJn8CdbNFBHq4qAjBsejuPGqGkdvm,8,wallet,19VKhHijceoaRjQAoNKjaMiQ1gTZb7dfUn,False,True,9,13Ey3uJn8CdbNFBHq4qAjBsejuPGqGkdvm|355163044|1Mu8cCrTrsYDbhhRNa7WBVrS2fvQ8BsiWe|355099378|159gzarWbedB6p345grJgxAfjPYKcNP4Um|186794227|15Y5FZWzC8Vq2rFAkXuDpVur3FBCdFbzHD|153718713|19VKhHijceoaRjQAoNKjaMiQ1gTZb7dfUn,wallet|transaction|wallet|transaction|wallet|transaction|wallet|transaction|wallet,|0.977523|0.905709|-0.00953989|-0.0855559|-0.0077944|-0.0628306|0.857282|0.891829
13sLZpFwyZgTBZ5GBNGqLJcmzmV4e4Z2Gc,8,wallet,1Pzq5eqkyc9n29iQLtM89KCafZGn7pFP4z,False,True,9,13sLZpFwyZgTBZ5GBNGqLJcmzmV4e4Z2Gc|163823992|13FCZb6mwQupCscxmqwRgAg4i4T4thiWoV|163652487|1E5ijbN59ERf54wMB847FfhU43dW2hSkn9|10285053|1MLB7yBzqpjA4yMsw26dpWZH43X29Gz3wM|163867922|1Pzq5eqkyc9n29iQLtM89KCafZGn7pFP4z,wallet|transaction|wallet|transaction|wallet|transaction|wallet|transaction|wallet,|0.989415|0.910914|0.990362|-0.0866369|-0.00961591|-0.05969|-0.00961682|0.903877
14RjaziZ7GWFUXSffhmRyg1RLBGJRwXeSf,8,wallet,1L9pd8iebANDk8Ypmn3cqDamFxjgUmjis9,False,True,9,14RjaziZ7GWFUXSffhmRyg1RLBGJRwXeSf|210638488|1KkSDKg3YmvHrYFTx12akk8f2uvje4WFaA|209482588|1AS8XnJMt7NiEuhaTZe9hTpDrZScAtHeB3|209041260|1DiPgvBtBQWuCNmdtiahBuLhZrwMZ16syF|51018430|1L9pd8iebANDk8Ypmn3cqDamFxjgUmjis9,wallet|transaction|wallet|transaction|wallet|transaction|wallet|transaction|wallet,|0.982816|0.909413|0.969796|0.905306|0.942608|0.911469|0.987843|0.89157
15U1VEby693UW8QWSX9EGDu6rmXX73xMor,8,wallet,1Q8YhgGgC7Movu8HgBH2gQEAE7bZWWLGot,False,True,9,15U1VEby693UW8QWSX9EGDu6rmXX73xMor|209483930|1Eoq3H6r6CkML4495Xi8WAL6vwAzECFAyT|154230916|16LtUR1soGxWVqEz87ePKjAsuK3mBKbaxo|209072130|16uBTVUEidRswjnyysyqGnFUmWNyFCoAzT|9565016|1Q8YhgGgC7Movu8HgBH2gQEAE7bZWWLGot,wallet|transaction|wallet|transaction|wallet|transaction|wallet|transaction|wallet,|0.99029|-0.0866332|0.00869295|-0.0759694|-0.00885515|-0.0718062|0.740338|0.891813
17J5jCdtQrzhCNJcyCteqUv5LMudhkLr2X,8,wallet,1Nyixk4RcqtBk4KafWseDDrJrjFGVgz3xk,False,True,9,17J5jCdtQrzhCNJcyCteqUv5LMudhkLr2X|163652664|1J4mBi6E6bHwzDzDJ8SPHnNuoLD8CAw7BH|10280742|1JgbcqoJ3CBpb7xaxcAGuFD3UksBSbAVad|10278231|1La7SXrwMdCo4fpmRC9BXoWW3tZWKxWwQL|143344533|1Nyixk4RcqtBk4KafWseDDrJrjFGVgz3xk,wallet|transaction|wallet|transaction|wallet|transaction|wallet|transaction|wallet,|-0.00961626|-0.0866371|-0.00961647|-0.0856586|-0.00950793|-0.083293|0.165566|0.892274
17wNai6ihM673HSnXeG5V3wYuYTyHqx8P2,8,wallet,17ZddYm2WLxVpE4sJ8MX1tN4ZsUbBjidps,False,True,9,17wNai6ihM673HSnXeG5V3wYuYTyHqx8P2|30179589|1N6gBtQvoQpFR8sV1FQyxUck8DLGvwbjfq|30179422|1CMw7mNHexfKDt5oHiuyBMpwMCioCMkDxd|30179375|1kwbZ4dFcHZTg9D4VrvVhT5AHJLzPCgJb|30179325|17ZddYm2WLxVpE4sJ8MX1tN4ZsUbBjidps,wallet|transaction|wallet|transaction|wallet|transaction|wallet|transaction|wallet,|0.971902|0.909643|0.974089|0.908681|0.978552|0.910715|0.982866|0.891738
18wJ1tiuP1wWj4ghPtRLjta6KSUyXNzrsb,8,wallet,1F2LAWZrxmuEA3H7geC7MBFNPtsx1GBuYW,False,True,9,18wJ1tiuP1wWj4ghPtRLjta6KSUyXNzrsb|85004966|16EYAU8mWYivcUZtXs7ypXnnjwVwZjweDG|84368163|1GQBsjszHKdSXfNCS4f6MXHhGDfGoZxhJC|84368154|1XXXiBzQN1wviTjDcWynueESqYPgSEuDG|84368148|1F2LAWZrxmuEA3H7geC7MBFNPtsx1GBuYW,wallet|transaction|wallet|transaction|wallet|transaction|wallet|transaction|wallet,|0.985941|0.91212|0.98839|0.911736|0.981976|0.910809|0.98777|0.891611
1CGNZN9vxoufjbN1GWKgRVXCZVdb78dc3v,8,wallet,1CbXbBmuqCzi3d6otHEYsBjhoZ1XUYrD17,False,True,9,1CGNZN9vxoufjbN1GWKgRVXCZVdb78dc3v|183035845|15vo1daHA3U16gNJfuwnvtYbJvB1PXEwUt|179008056|1BkbJwqkXJdQEC5vBdgAUommGfk6byjBUP|175437539|1HKJHZzJ1SyvgCppsWLi7JXaCp5QcMcHKu|175061416|1CbXbBmuqCzi3d6otHEYsBjhoZ1XUYrD17,wallet|transaction|wallet|transaction|wallet|transaction|wallet|transaction|wallet,|0.988639|0.842307|0.972489|0.910993|0.985889|0.908953|0.978911|0.891495
1DGqRXbpExNU2PRh219rJMdHZ9zJuZsHV,8,wallet,1EX5UkAQVcZw93VqjEDvQni5zUcbT96QKH,False,True,9,1DGqRXbpExNU2PRh219rJMdHZ9zJuZsHV|191111259|1NXdRSkHi2rTtUaNn6drM4FnJHdUzofoTe|190826216|1Lzbv4HgssWu7s7K4WB4rwBQfyojzru4kc|7657619|1F82DWizAvqCZC2wBMGXKGWtGuuj85uRqE|105150257|1EX5UkAQVcZw93VqjEDvQni5zUcbT96QKH,wallet|transaction|wallet|transaction|wallet|transaction|wallet|transaction|wallet,|0.987615|-0.0377865|-0.00960671|-0.0852696|-0.0070928|0.0480479|0.918691|0.891703
1DRduqEZ51H7qZPuxVCQiuchmPYKnmAvRw,8,wallet,1FsEy4KpsMKAK28qS8PAdpNTLB6G7SdCxu,False,True,9,1DRduqEZ51H7qZPuxVCQiuchmPYKnmAvRw|72009234|1Myt3RUY7RsDXNTHs7MwCpuKMQJLG8659n|71764100|1DvTn1fNyJLrX21AwEeR6jhePrqfCWBBw|71461473|1PRbHc7bkcZSuK582SatEUAfcuERo7PHVa|29949646|1FsEy4KpsMKAK28qS8PAdpNTLB6G7SdCxu,wallet|transaction|wallet|transaction|wallet|transaction|wallet|transaction|wallet,|-0.00758788|0.845659|-0.00485616|-0.0863584|-0.00932495|-0.0791137|0.871068|0.89203
1EX3Sqmz9eh4VzfEoQn9CbVhfP9mcPj1M4,8,wallet,1EX5UkAQVcZw93VqjEDvQni5zUcbT96QKH,False,True,9,1EX3Sqmz9eh4VzfEoQn9CbVhfP9mcPj1M4|191111259|1NXdRSkHi2rTtUaNn6drM4FnJHdUzofoTe|190826216|1Lzbv4HgssWu7s7K4WB4rwBQfyojzru4kc|7657619|1F82DWizAvqCZC2wBMGXKGWtGuuj85uRqE|105150257|1EX5UkAQVcZw93VqjEDvQni5zUcbT96QKH,wallet|transaction|wallet|transaction|wallet|transaction|wallet|transaction|wallet,|0.987615|-0.0377865|-0.00960671|-0.0852696|-0.0070928|0.0480479|0.918691|0.891703
1JjnK9u5NecDrxk5KUPdaaop579biTUar3,8,wallet,1C6U2caHrcYZkgpqxjMxZ6yvAgjPCkCUsZ,False,True,9,1JjnK9u5NecDrxk5KUPdaaop579biTUar3|77766982|1NPWVABGxDbCLoaJhC9z66zZ3CiAwWJBv3|11042555|1FRgkTDn8x7uZyWrP18eMd6R2YWC9vG5PC|110617865|1EWPnUWTcPDvQ3MCKFirv6FNngAM7VocTq|82608842|1C6U2caHrcYZkgpqxjMxZ6yvAgjPCkCUsZ,wallet|transaction|wallet|transaction|wallet|transaction|wallet|transaction|wallet,|-0.00932317|-0.0707196|-0.00920459|-0.08246|-0.0095266|-0.084137|0.0975335|0.892203
1KHEVChKngFH3mKWuLLefdQPfBmMwpYs5o,8,wallet,1Pzq5eqkyc9n29iQLtM89KCafZGn7pFP4z,False,True,9,1KHEVChKngFH3mKWuLLefdQPfBmMwpYs5o|163823992|13FCZb6mwQupCscxmqwRgAg4i4T4thiWoV|163652487|1E5ijbN59ERf54wMB847FfhU43dW2hSkn9|10285053|1MLB7yBzqpjA4yMsw26dpWZH43X29Gz3wM|163867922|1Pzq5eqkyc9n29iQLtM89KCafZGn7pFP4z,wallet|transaction|wallet|transaction|wallet|transaction|wallet|transaction|wallet,|0.989415|0.910914|0.990362|-0.0866369|-0.00961591|-0.05969|-0.00961682|0.903877
1KdfnZetJ3EBw1bZZQZvJNLKpktVoz73zn,8,transaction,20784545,False,True,9,1KdfnZetJ3EBw1bZZQZvJNLKpktVoz73zn|166226732|1PjktAUBbYBzETuazp5JwM6bViGoUpbrsf|349622760|1LzJr9GPD3LfbW37ggM8sk3qs7QoW7gqWf|329482648|19x8i59vxgA5YQDFyLqwoFD6yKvLP5wbCL|82087179|20784545,wallet|transaction|wallet|transaction|wallet|transaction|wallet|transaction|transaction,|0.989366|0.911166|0.990133|-0.0198968|-0.00795263|0.480629|-0.00961355|0.38027
234574642,7,wallet,1BJmzDNrt83Yv4QHU1hifkTjaSACDSgfd3,False,True,8,234574642|1A2p9PhA5uE1JSrd8APUqoK9xs3M4VGhsG|12407265|1APCKgPLUMo1XzGkHvZS9z6XVrxK4gZj7J|10039521|1PF8M8cegH6F8F6vXH7EwFou5vLv1gLcte|234152102|1BJmzDNrt83Yv4QHU1hifkTjaSACDSgfd3,transaction|wallet|transaction|wallet|transaction|wallet|transaction|wallet,|0.157553|0.78359|0.909536|0.986591|0.904087|0.988013|0.891554
390577639,7,wallet,1Ke48s4DFyo9QEeyTYJYeFNU7N8VHCuGaK,False,True,8,390577639|1PzANmsLDZihgdK8xXCbU7uWbVrcDDvijx|66256755|1FP94wHensFDjakh5acYdPdCQuxVUUUkDN|320786282|1Pzna74hXQti8c76kWz5ZeBfmrUo5seNaM|14123230|1Ke48s4DFyo9QEeyTYJYeFNU7N8VHCuGaK,transaction|wallet|transaction|wallet|transaction|wallet|transaction|wallet,|-0.0865259|0.121523|-0.0812177|-0.0043819|0.157056|0.950968|0.891684
209483930,7,wallet,1Q8YhgGgC7Movu8HgBH2gQEAE7bZWWLGot,False,True,8,209483930|1Eoq3H6r6CkML4495Xi8WAL6vwAzECFAyT|154230916|16LtUR1soGxWVqEz87ePKjAsuK3mBKbaxo|209072130|16uBTVUEidRswjnyysyqGnFUmWNyFCoAzT|9565016|1Q8YhgGgC7Movu8HgBH2gQEAE7bZWWLGot,transaction|wallet|transaction|wallet|transaction|wallet|transaction|wallet,|-0.0866332|0.00869295|-0.0759694|-0.00885515|-0.0718062|0.740338|0.891813
166226732,7,transaction,20784545,False,True,8,166226732|1PjktAUBbYBzETuazp5JwM6bViGoUpbrsf|349622760|1LzJr9GPD3LfbW37ggM8sk3qs7QoW7gqWf|329482648|19x8i59vxgA5YQDFyLqwoFD6yKvLP5wbCL|82087179|20784545,transaction|wallet|transaction|wallet|transaction|wallet|transaction|transaction,|0.911166|0.990133|-0.0198968|-0.00795263|0.480629|-0.00961355|0.38027
372812275,7,wallet,1EKk6fL3V83jgMxdWn2uSDy1G5LeL1DD4x,False,True,8,372812275|1BgMq7b7Ra1qn83N7DeFSS6q6REFovQRrt|309434447|1KRrjTSASzKcF4egjS95Tj1hwJYtcFMhhc|368754682|13qDkbfx8fNmLWwUTTR9BUD9bK5uBwe3yf|313670795|1EKk6fL3V83jgMxdWn2uSDy1G5LeL1DD4x,transaction|wallet|transaction|wallet|transaction|wallet|transaction|wallet,|-0.0866055|-0.00955962|-0.082417|-0.00823189|-0.0721998|0.62058|0.891979
336424735,7,transaction,119062763,False,True,8,336424735|1BTx4raV9zSunqEmHg1yeJNH9zuE3fEThZ|331560201|1KynxBvaNYKv7i5BFAaomn6ptY5ZPxv7ck|228736379|17oeUJvFioMrtykxXcJ1KXZniPcuwZn7qM|230266918|119062763,transaction|wallet|transaction|wallet|transaction|wallet|transaction|transaction,|0.909644|-0.00959234|-0.0297462|-0.00927521|0.294766|-0.00957104|-0.0168832
163807964,7,wallet,1Pzq5eqkyc9n29iQLtM89KCafZGn7pFP4z,False,True,8,163807964|13FCZb6mwQupCscxmqwRgAg4i4T4thiWoV|163652487|1E5ijbN59ERf54wMB847FfhU43dW2hSkn9|10285053|1MLB7yBzqpjA4yMsw26dpWZH43X29Gz3wM|163867922|1Pzq5eqkyc9n29iQLtM89KCafZGn7pFP4z,transaction|wallet|transaction|wallet|transaction|wallet|transaction|wallet,|0.910914|0.990362|-0.0866369|-0.00961591|-0.05969|-0.00961682|0.903877
96928334,7,wallet,3ET8Hso3Y7kD9n8DesDFn6vYog3rigzwaa,False,True,8,96928334|1GvTghPUm6WJbBnfoLFKBqAZfV5MFXVvx9|96928337|1FY9f4pSHMuRSanRm74tDMiEhRFzk4Fdok|96319696|3ER8EGc2bDijtyWTmwXvD48ppjtHfCauoX|13623410|3ET8Hso3Y7kD9n8DesDFn6vYog3rigzwaa,transaction|wallet|transaction|wallet|transaction|wallet|transaction|wallet,|-0.0848237|-0.00961682|-0.0866377|-0.00961682|0.598071|0.0346472|0.892488
14dUskV8M5cLjsLHaiKsbPT6kB8fNFDebm,7,transaction,21963106,False,True,8,14dUskV8M5cLjsLHaiKsbPT6kB8fNFDebm|84374871|3Pp1DjF8ghYqTEji3uXLCtLCjh65zZXDzN|1809797|1Ld3cFQrYDDd4airqhwNgDGjmNMUdz3NPx|996158|1JaMTwJaFUbfNFXFCxZSnRnogCKKTLGZdA|21963106,wallet|transaction|wallet|transaction|wallet|transaction|wallet|transaction,|-0.00185481|-0.0866278|-0.00960011|-0.0837569|-0.00949341|-0.0807963|-0.00935993
166XQjeB87Eruq7mK4yHQUjccu3et1NtCV,7,transaction,21963106,False,True,8,166XQjeB87Eruq7mK4yHQUjccu3et1NtCV|84374871|3Pp1DjF8ghYqTEji3uXLCtLCjh65zZXDzN|1809797|1Ld3cFQrYDDd4airqhwNgDGjmNMUdz3NPx|996158|1JaMTwJaFUbfNFXFCxZSnRnogCKKTLGZdA|21963106,wallet|transaction|wallet|transaction|wallet|transaction|wallet|transaction,|-0.00185481|-0.0866278|-0.00960011|-0.0837569|-0.00949341|-0.0807963|-0.00935993
169CR7r3rJETz4FyebDtRw1JhfVNxEE85d,7,transaction,88056278,False,True,8,169CR7r3rJETz4FyebDtRw1JhfVNxEE85d|77985071|3J9xX7EUdQxmQQZ9Xa3HELzmwUTXpAvdr1|299176487|1DMmNQGthKii5o3EKBdcCF4qmgTmsBSroN|179377388|138Lx2G9gN1XZxkztRkZ6ZGMqQo1gQhhKM|88056278,wallet|transaction|wallet|transaction|wallet|transaction|wallet|transaction,|0.984501|-0.0857992|-0.00903166|-0.0423802|-0.00941114|-0.0816224|-0.00954146
16f6voK72PdTC49AZ6Cp5kZ3xqozF8N3J,7,transaction,175507922,False,True,8,16f6voK72PdTC49AZ6Cp5kZ3xqozF8N3J|5298349|1N4samqrnJKxCofimySnyxUxEVKW8Rf4zy|205922315|1K7juZ2patA5ffK5Mruoa7WQdcukYTQmat|175755628|1bUWccCP1kkTQ6Po8Zd5pLeaPYEiXpGnj|175507922,wallet|transaction|wallet|transaction|wallet|transaction|wallet|transaction,|0.983543|0.908376|0.989116|0.909906|0.989381|0.890408|0.901162
17czPkYKUVbRZWc9LHbRGw2Axq4kLrLyxo,7,transaction,114561356,False,True,8,17czPkYKUVbRZWc9LHbRGw2Axq4kLrLyxo|16765806|1MqKmm2EWzrzm5pUazQg48Pw8mfQcNqMH9|61251121|1MKX7UdPMN28cBTBDDtX7xhzFR8cF9tiEC|79126508|1CYKE5aFL3htYQ9o3L8MAHtgLjfQDUUdd9|114561356,wallet|transaction|wallet|transaction|wallet|transaction|wallet|transaction,|0.937243|0.911591|0.98845|0.898778|0.0285607|0.907916|0.981147
19WXhdRrHZr4AkzkgcEfPJucJD6D2PaLfp,7,transaction,163806318,False,True,8,19WXhdRrHZr4AkzkgcEfPJucJD6D2PaLfp|380181286|19gpfUDjUHm9nR6U7j1NZEUUjQ3rCPeRb5|319922710|1AZqSCEfxzk3y5tN4Xj56npgKLWUiYTXVx|376249040|17nko3qu2KwvSew5UMbDbp6BPomtzFmU7k|163806318,wallet|transaction|wallet|transaction|wallet|transaction|wallet|transaction,|0.990075|-0.0848477|-0.00961682|-0.0858203|-0.00961682|-0.0607557|0.0603917
19XJLCychqE4PYPh8g7chvdbR83vXrfiFP,7,transaction,312471234,False,True,8,19XJLCychqE4PYPh8g7chvdbR83vXrfiFP|372726662|182eY4QY1oFEopMkciY2Qe4gCWorkxswnp|196003058|1LZcFeipRTBJG5XJDuC2tqFxYnbcv8qAVB|312471233|13SC5umjLfYGaZXuznd5y1vonrSVo5epv8|312471234,wallet|transaction|wallet|transaction|wallet|transaction|wallet|transaction,|0.985806|0.907933|0.986812|0.87776|0.609159|0.904747|0.986589
1A48fDhhW51aagh1nqEG2Q7YNX3VhEQLL7,7,transaction,355006856,False,True,8,1A48fDhhW51aagh1nqEG2Q7YNX3VhEQLL7|355110987|16cWx86Xa6MCaqDXeshLUasNkCRyJUzBb1|355110888|1GDgbGhUeeBafQDXhyxKN6pxymPgevvNG|355012175|124rVCnhuWwvqaKhMWbn9rruCHF9szQCM4|355006856,wallet|transaction|wallet|transaction|wallet|transaction|wallet|transaction,|0.979695|0.910139|0.967654|0.908057|0.876893|0.906307|0.462316
1AERAogZ6epUpgsQMKH4GMLuwhCVhAigWS,7,transaction,21963106,False,True,8,1AERAogZ6epUpgsQMKH4GMLuwhCVhAigWS|84374871|3Pp1DjF8ghYqTEji3uXLCtLCjh65zZXDzN|1809797|1Ld3cFQrYDDd4airqhwNgDGjmNMUdz3NPx|996158|1JaMTwJaFUbfNFXFCxZSnRnogCKKTLGZdA|21963106,wallet|transaction|wallet|transaction|wallet|transaction|wallet|transaction,|-0.00185481|-0.0866278|-0.00960011|-0.0837569|-0.00949341|-0.0807963|-0.00935993
1B6wYEHjxBDsY2h4ZyWbLgydEAASphdXpx,7,transaction,331563817,False,True,8,1B6wYEHjxBDsY2h4ZyWbLgydEAASphdXpx|337075558|1DXSvq8JeCErBn2WC7PYsmFNhDrQvw4hyp|363348154|16e2TVKmL4b7g3oqrXC9eWW1qzvNo2WJLq|331563814|18wMD45Q8JXmnUF945a1Mghw29FTVq5r34|331563817,wallet|transaction|wallet|transaction|wallet|transaction|wallet|transaction,|0.988965|0.90802|0.0180406|0.553739|-0.00749291|-0.0807451|0.0319497
1BGHnvRy2r6S2AK6QJypdqr9EWUYjMoSxt,7,transaction,21963106,False,True,8,1BGHnvRy2r6S2AK6QJypdqr9EWUYjMoSxt|84374871|3Pp1DjF8ghYqTEji3uXLCtLCjh65zZXDzN|1809797|1Ld3cFQrYDDd4airqhwNgDGjmNMUdz3NPx|996158|1JaMTwJaFUbfNFXFCxZSnRnogCKKTLGZdA|21963106,wallet|transaction|wallet|transaction|wallet|transaction|wallet|transaction,|-0.00185481|-0.0866278|-0.00960011|-0.0837569|-0.00949341|-0.0807963|-0.00935993
1DPwrZCrcivHnGuCBH2wotdccV5LVgUHG8,7,transaction,298981935,False,True,8,1DPwrZCrcivHnGuCBH2wotdccV5LVgUHG8|299381341|1GtPGnx9fRzBGwsSFe6FaVWM74xMVVF8iM|299125779|1JXauK6DWUBJ9KD1Z3HoX5TGMNJq3WDMrL|298981930|1JtGXrS5x2TAVysgRbkPF2zNmRthPTbgY9|298981935,wallet|transaction|wallet|transaction|wallet|transaction|wallet|transaction,|0.986216|0.909717|0.987894|0.907315|0.95682|0.910804|0.984651
1DQydqD1eT1Y9XeBiic94JeLr1kRvWFTck,7,transaction,173950082,False,True,8,1DQydqD1eT1Y9XeBiic94JeLr1kRvWFTck|275233252|1N3qfyiCoCQ7CBLHEwG6ST5QvgA6yuemBT|277029739|196kDfmNXBh7yixNVsKmvFTFupZnBcThZV|173167134|1HVaLLcnXPn3vuJXNntWsKC5ogkqznu97c|173950082,wallet|transaction|wallet|transaction|wallet|transaction|wallet|transaction,|0.988763|0.911864|0.982827|-0.0866324|-0.00949556|-0.082314|0.0122262
1Fapany5MjJ51ArkS1zidgefPi66zToxQ,7,transaction,4590307,False,True,8,1Fapany5MjJ51ArkS1zidgefPi66zToxQ|12779380|15uNzwkxLet4E3qRB25VmAnUM96qdpjmAn|12716727|1GVJ7J32FbKhQAiNrCCuePSGirgXtxt6a5|12661813|1LhNbnc3wezEPR8R1CTavk3BXdGLBvoeGa|4590307,wallet|transaction|wallet|transaction|wallet|transaction|wallet|transaction,|0.34806|-0.0866377|-0.00961681|-0.0798435|-0.00960478|-0.0861322|0.0379949
1FsLjMgkr4aHcRiuafYoeqGaGpgeYmBSaZ,7,transaction,390331002,False,True,8,1FsLjMgkr4aHcRiuafYoeqGaGpgeYmBSaZ|211083403|1CQTkG2Mnz29hhvZ8tHbWSPEqBpdmV6WvE|209951990|195eqvV43dFxexf4cqEWzmCgNXNiyeecmS|209865519|16vXbinRnzVaU4fRrx1Jz6npzjzCaiv63C|390331002,wallet|transaction|wallet|transaction|wallet|transaction|wallet|transaction,|0.99034|-0.0866377|-0.00961682|-0.0866377|-0.00961682|0.905833|0.9888
1J4zJzYPKJmBiRJfEFcQNjNtsjfhbnpNnM,7,transaction,355124110,False,True,8,1J4zJzYPKJmBiRJfEFcQNjNtsjfhbnpNnM|355090489|14rFnEeajgrkUGN6BAcxQnTL1GENjgXR96|182313355|15C4iGjiERw2ZwaTrhsRmsgSFBydKjPoQd|355124108|1EVmeeBuxj5jzUitfAjAiSYZwM6A6owyFS|355124110,wallet|transaction|wallet|transaction|wallet|transaction|wallet|transaction,|0.962573|0.909824|0.984323|0.911497|0.989309|0.909408|0.984621
1J9RwcLEBBtRuATXYoZD71vyKSSeAMdLuA,7,transaction,54701343,False,True,8,1J9RwcLEBBtRuATXYoZD71vyKSSeAMdLuA|67674082|1LUUG6c8Bg9Q31fw5TmqTmr7VS8Yv5VZxE|69980128|17D6N6YYaRnAZ7kGtfEnYnUHX22JtSnhDW|69268129|17449eF7RZzkijqwoVAm9GstJq5DNmzFkK|54701343,wallet|transaction|wallet|transaction|wallet|transaction|wallet|transaction,|0.95287|0.907473|0.934905|0.90621|0.670172|0.905657|0.628574
1JJ7zGYd7xBqQbjScf3Sf9EV9NLNvzCjWP,7,transaction,312012630,False,True,8,1JJ7zGYd7xBqQbjScf3Sf9EV9NLNvzCjWP|363528251|13MXfBKHhPicDQm1uYWBvEU5Vfq7w69BgF|363316305|1KNsUiHNsrx4UEXWvN9QTmStvTsDsfPQmX|312012633|18wqjKJveFiEm88QCbxhRquvKJnk4J1BH4|312012630,wallet|transaction|wallet|transaction|wallet|transaction|wallet|transaction,|0.98074|0.909952|0.986207|0.854997|0.44625|0.910708|0.988941
1KMpBsLA6bJXpuAbgWsEommcwGHRdJau72,7,wallet,1B5ZxnVrk1feeSDNHf23jZHgyw2pQcC28V,False,True,8,1KMpBsLA6bJXpuAbgWsEommcwGHRdJau72|310393674|13jE8VGAbJ5EqUj7eqwuNsxeRauvhEDKHj|58007728|312450765|1HLLqxHsrt8UFuTFfRNUD5TsYsAF9sekXH|279458388|1B5ZxnVrk1feeSDNHf23jZHgyw2pQcC28V,wallet|transaction|wallet|transaction|transaction|wallet|transaction|wallet,|-0.00931482|-0.0840233|-0.00948987|-0.00201894|0.250283|0.947835|0.891682
1L1i1Kqfd6w5Wz4G3xV39vq6cLKxbi2Yra,7,transaction,21963106,False,True,8,1L1i1Kqfd6w5Wz4G3xV39vq6cLKxbi2Yra|84374871|3Pp1DjF8ghYqTEji3uXLCtLCjh65zZXDzN|1809797|1Ld3cFQrYDDd4airqhwNgDGjmNMUdz3NPx|996158|1JaMTwJaFUbfNFXFCxZSnRnogCKKTLGZdA|21963106,wallet|transaction|wallet|transaction|wallet|transaction|wallet|transaction,|-0.00185481|-0.0866278|-0.00960011|-0.0837569|-0.00949341|-0.0807963|-0.00935993
1MVJFvuDf5kzjdYBABUekDtxBzNQULQSfY,7,transaction,69616964,False,True,8,1MVJFvuDf5kzjdYBABUekDtxBzNQULQSfY|4264482|1NYN8fZHDkHC7odeWHiwcgBwL4GmgN9sG8|3433970|12eweZVTQx8MktqkEodiss1z2RqCbYjDqE|96222292|17J7U4tqpPErgR6vgUxrsBn8fhiJQJ78Hk|69616964,wallet|transaction|wallet|transaction|wallet|transaction|wallet|transaction,|0.989842|-0.0866377|-0.00961682|0.854188|-0.00936885|0.897744|0.982955
1MeLQ3rV6CNKXyjS4HXuKPtx2ZaXAaCwTa,7,transaction,173950082,False,True,8,1MeLQ3rV6CNKXyjS4HXuKPtx2ZaXAaCwTa|184383289|1CPMKL1b49t1o9TQpXEqb7vUBsmKu7Rpbn|62900083|1JBXPRrNKr5VRB5r65VEjBLwGAvBcPQ1MY|173167134|1HVaLLcnXPn3vuJXNntWsKC5ogkqznu97c|173950082,wallet|transaction|wallet|transaction|wallet|transaction|wallet|transaction,|-0.00573807|0.4589|0.450455|-0.0783802|-0.00949556|-0.082314|0.0122262
1MhBdL9AQGVtxm6wskTbEYNsW77bGJgcYw,7,transaction,4590307,False,True,8,1MhBdL9AQGVtxm6wskTbEYNsW77bGJgcYw|12778492|1PbFm9SqdbhkmAgAoTVNUodNq2mFTNMWGU|12662436|1Bn87f4FZW5APyCcnTX5FPLcTW6tbF6YuQ|12661813|1LhNbnc3wezEPR8R1CTavk3BXdGLBvoeGa|4590307,wallet|transaction|wallet|transaction|wallet|transaction|wallet|transaction,|0.990333|0.704208|-0.00961674|-0.0866377|-0.00960478|-0.0861322|0.0379949
94654172,6,transaction,94120354,False,True,7,94654172|1BCWLkdTHF8QxmJHv8c5WmjJMjiNCyzeBK|94361708|1PB1hihP8MQwMCBmd57dvFk5ekQXnvuvM7|94297768|1F7Ak96BzRQd68ZjqAzLkN7nEJrbysrS1F|94120354,transaction|wallet|transaction|wallet|transaction|wallet|transaction,|0.911095|0.985621|0.911652|0.983655|0.778111|0.0480149
179039624,6,transaction,80052647,False,True,7,179039624|178ox2QQDXEhK8L5mqpbzgHzx5UikRrfto|48836074|13LueYGovZazmyy1bXjsqmnr2H8w7cgiSM|3169617|1EPaFaRnRkeZy9RZBaxF5mLvuSgfMgF67f|80052647,transaction|wallet|transaction|wallet|transaction|wallet|transaction,|-0.0865606|-0.00859453|-0.0830903|-0.00361713|0.0155215|0.921256
179100915,6,transaction,175455423,False,True,7,179100915|16sWqTtnAVW6546x1WFnqaYaGTUSKYFER8|178920090|1H9o9TB4Be5fVA52EB93yueMpjnusd357o|179026575|13GAftL5wZmkHbjjAvkpciQMNhQiVa4Xdh|175455423,transaction|wallet|transaction|wallet|transaction|wallet|transaction,|0.908191|0.984141|0.901882|0.908952|0.907753|0.970828
179582590,6,transaction,44255125,False,True,7,179582590|1JF2Pb9R9YpXzEUNuT6bdgkCx3c4F5xEXN|21571244|16SVmRTpJU9o6JAgBbZb5NE4Ldq4HJ83Sz|78084652|1LCoPwVLqZ1mkxpp1zMuoNySVg1iR51eoC|44255125,transaction|wallet|transaction|wallet|transaction|wallet|transaction,|-0.0866347|-0.00961682|-0.0866077|-0.00961658|-0.0863286|-0.00644061
205921701,6,transaction,44255125,False,True,7,205921701|1NVkJTssrQoM9JaFJUXvzvyaZB9CCbrWeP|21571244|16SVmRTpJU9o6JAgBbZb5NE4Ldq4HJ83Sz|78084652|1LCoPwVLqZ1mkxpp1zMuoNySVg1iR51eoC|44255125,transaction|wallet|transaction|wallet|transaction|wallet|transaction,|-0.0866377|-0.00961682|-0.0866077|-0.00961658|-0.0863286|-0.00644061
236114869,6,transaction,62971655,False,True,7,236114869|1EM3rtRzpPSUfb9T7YCsojqza5FbXTvArM|234836387|1CaYycuMictarLAaAM6TpEjLy8sCAM2zky|13578774|1FNTvq5AMGk195a3D4CXnKNGEu4nwQ9ZGH|62971655,transaction|wallet|transaction|wallet|transaction|wallet|transaction,|0.912329|0.990178|0.556938|0.000164252|0.898882|0.979763
339093928,6,transaction,339059326,False,True,7,339093928|17NjQZ1veG3XDE61okk8A2c8JaDawVx8gF|339093930|1G6ZnsLiFfmVhvShubQUbAU3gCkNTX8Ccb|39431431|14aGnfqrfH85wQdhvPaT5i6PatZ5k4V3Xf|339059326,transaction|wallet|transaction|wallet|transaction|wallet|transaction,|0.702008|-0.00961682|-0.0866307|-0.00961682|0.906525|0.987506
244630846,6,transaction,241499254,False,True,7,244630846|14V1yYx8p6zEtTE3zw4Xpsucy48dQfyyJC|243777780|1EdDWeLng8y1CRxr91235ZCy4cuzb5E3C3|238396198|16EhURvFrbE8iW1s91fAWhs4C7vxcMcQvB|241499254,transaction|wallet|transaction|wallet|transaction|wallet|transaction,|-0.0684378|-0.00927096|-0.0840147|0.00593919|0.800208|0.983086
363300945,6,transaction,307481842,False,True,7,363300945|1JUNYt6yaxRGF9cqZ6g55jdGoWFap6RE8g|157623694|15WgMaTk1YLKMjRbDuzAkyWwyddG9QkqXA|362942132|1PdnzNX3jg5988PSz2yQw49jHf8TVUu6bJ|307481842,transaction|wallet|transaction|wallet|transaction|wallet|transaction,|0.904636|0.948116|0.744512|0.452504|0.911387|0.98735
54618280,6,transaction,208921758,False,True,7,54618280|1FLGt26JqAXckn9YNkd1gwc5g41GXQ1AcK|195391928|1HKmKKvA57Q4d14GokMZyqNKgfo4zXXMK3|96197454|1DaotFLZQnt3exqQfkXpL4tzPHbrRqbmQq|208921758,transaction|wallet|transaction|wallet|transaction|wallet|transaction,|-0.0845051|-0.00961552|-0.0843135|-0.00898009|-0.0817127|0.296412
209682060,6,transaction,208921758,False,True,7,209682060|1K3G5vLMSHnmnC9u94zaDZDF3XdB1DUu7B|195391928|1HKmKKvA57Q4d14GokMZyqNKgfo4zXXMK3|96197454|1DaotFLZQnt3exqQfkXpL4tzPHbrRqbmQq|208921758,transaction|wallet|transaction|wallet|transaction|wallet|transaction,|-0.0866376|-0.00961552|-0.0843135|-0.00898009|-0.0817127|0.296412
372960115,6,transaction,368737251,False,True,7,372960115|161wEf8bGJANUJwRHyM12N7NXuDmS2hFMP|306305284|1GSXxVouXvWxLLXLbfPmBwVc59DEkZnRoV|372810535|372723787|368737251,transaction|wallet|transaction|wallet|transaction|transaction|transaction,|-0.0865656|-0.00889235|-0.0804134|-0.00939283|-0.00881944|0.149147
336429216,6,transaction,336434569,False,True,7,336429216|1MK2mn5thKLjj1ybQk2CJjL7XbpezNi5Rc|331559913|1LrVtTRsdjMqjZcoi1kKv6XfsWwDFxvQH6|331530347|1Bk9HZvmswwd6yb2tEsAnSCdFsUiLijWjF|336434569,transaction|wallet|transaction|wallet|transaction|wallet|transaction,|0.387897|0.016318|0.857139|-0.00961682|0.909463|0.0921315
266712227,6,transaction,272081630,False,True,7,266712227|154fWeQUQgQWHVGNqcmbc8VxPVq7Cd2Qbp|272273597|18zL4FuVfVQvaBrwAn3jarxp4YJEvHtRAs|78155198|1LK1eeoejC1cbJGw6T5q4AryJfUcf9NKpU|272081630,transaction|wallet|transaction|wallet|transaction|wallet|transaction,|0.909962|0.988334|0.798565|0.104885|0.902342|0.98238
299381341,6,transaction,298981935,False,True,7,299381341|1GtPGnx9fRzBGwsSFe6FaVWM74xMVVF8iM|299125779|1JXauK6DWUBJ9KD1Z3HoX5TGMNJq3WDMrL|298981930|1JtGXrS5x2TAVysgRbkPF2zNmRthPTbgY9|298981935,transaction|wallet|transaction|wallet|transaction|wallet|transaction,|0.909717|0.987894|0.907315|0.95682|0.910804|0.984651
162435482,6,transaction,148541145,False,True,7,162435482|18EGbBcDJDLgACLm1DK2A2bcjKwTvMDzBs|30700348|1DGRc756FQUuaQ2pzzqVmUhyAbh28SQuxU|30700346|1MynQdmpcHsKSRdmrWCahHWmg9jpRZR176|148541145,transaction|wallet|transaction|wallet|transaction|wallet|transaction,|-0.0756048|0.0330283|-0.0841443|-0.00632277|0.609451|0.968789
71989358,6,transaction,70781370,False,True,7,71989358|13A3PsREPobqiFMXFUmBz8H9UBw7r7jUEV|71765818|1A7X7eaaUfFUJDEMeGQ55NQXW4xPQAjdbf|32264149|1PuVDgKaXjGQhPUShzKA8xRuuoxEDPRpAv|70781370,transaction|wallet|transaction|wallet|transaction|wallet|transaction,|-0.0866375|-0.00890335|-0.0726461|-0.00935109|-0.0743271|0.878615
72631002,6,transaction,71456857,False,True,7,72631002|1BM7ZwR2BvPx9CGEPzHQTuEttfDYdK6veS|72297314|1FJoDkZdhQAB4hsDG3CBGMHb2UxLod59Xv|71999214|1JhsBFETNyMDpsd6XLPrjvERkUFFg1MTPN|71456857,transaction|wallet|transaction|wallet|transaction|wallet|transaction,|0.910286|0.977597|0.806242|0.0812419|0.851044|0.968073
12gF9EAmod9AynTNtQGVtdF9o7nxMSviYE,6,wallet,1AvePXwiVZL83a6uDVkrV19E6GKKdV5frh,False,True,7,12gF9EAmod9AynTNtQGVtdF9o7nxMSviYE|219565903|19kiYrzGLdgrvzJbudyre3mEhePgazuYkv|218091572|191tAAapWjwFcwxHAHHknUyFfcri9GdGX1|50466764|1AvePXwiVZL83a6uDVkrV19E6GKKdV5frh,wallet|transaction|wallet|transaction|wallet|transaction|wallet,|0.981141|0.902689|0.971897|0.905353|0.327805|0.892165
13udL5vExk8u2BEvXVzGvRpsCLvDH8gY1U,6,wallet,17NMeKWrWTkB1ubBcC1yViFGYL5eLjhymC,False,True,7,13udL5vExk8u2BEvXVzGvRpsCLvDH8gY1U|72637933|18iR8gJVbC2jnuQziLpUkCnHRb2JwwPm4J|72295265|1EhxErrVybpVyi97Jw5RGFQdYfdFDWHVR4|71777432|17NMeKWrWTkB1ubBcC1yViFGYL5eLjhymC,wallet|transaction|wallet|transaction|wallet|transaction|wallet,|0.955083|0.91149|0.9896|0.899488|0.966805|0.891862
14Nkb98hyCTu1X1PicThBp3MWfh4tCcYrY,6,transaction,26185679,False,True,7,14Nkb98hyCTu1X1PicThBp3MWfh4tCcYrY|383082766|1Gw4NxFwDFUkFWzTyo3Zt2KoVBiHRYVDxo|382973358|1vrVe2t78wz8acTjEXmejQad39AuM3V62|380467143|26185679,wallet|transaction|wallet|transaction|wallet|transaction|transaction,|0.989904|0.912103|-0.00946869|-0.0866377|-0.00961682|-0.0169155
153vgpYc8pVJ5vDP5Mcgkrb51ra5V6sbTh,6,wallet,1NL8ag76hUxkUxQDThezdw1Cy7jQ72WmN9,False,True,7,153vgpYc8pVJ5vDP5Mcgkrb51ra5V6sbTh|55111562|1EUkwfqQfqjAkGzQ8q5Ep745uuzL89UXn4|56767080|16Vvs712orq1kbKBQkerXf2sdEq1ffs4eN|57056468|1NL8ag76hUxkUxQDThezdw1Cy7jQ72WmN9,wallet|transaction|wallet|transaction|wallet|transaction|wallet,|-0.00541285|-0.0866376|-0.00959207|-0.0846121|0.151136|0.892168
15vo1daHA3U16gNJfuwnvtYbJvB1PXEwUt,6,wallet,1CbXbBmuqCzi3d6otHEYsBjhoZ1XUYrD17,False,True,7,15vo1daHA3U16gNJfuwnvtYbJvB1PXEwUt|179008056|1BkbJwqkXJdQEC5vBdgAUommGfk6byjBUP|175437539|1HKJHZzJ1SyvgCppsWLi7JXaCp5QcMcHKu|175061416|1CbXbBmuqCzi3d6otHEYsBjhoZ1XUYrD17,wallet|transaction|wallet|transaction|wallet|transaction|wallet,|0.972489|0.910993|0.985889|0.908953|0.978911|0.891495
1668sDewS38v53FNshiGd8WHLMr8YAJoBL,6,wallet,34LAm2uHLdPFn6SBupKWVLrbYPYyRMtcFk,False,True,7,1668sDewS38v53FNshiGd8WHLMr8YAJoBL|272124922|35pXh6Jjoj2BDRWnKkk3GkfgVjP9L8YKeS|272124918|34Khe8ZeDWzvCh3HqTWQKd8EvBbSxjQpfR|272124913|34LAm2uHLdPFn6SBupKWVLrbYPYyRMtcFk,wallet|transaction|wallet|transaction|wallet|transaction|wallet,|0.0498712|-0.00742221|0.260149|0.905747|0.987885|0.891587
16MXo1Vprw9emkm3xmGRgECX5QqDyTjyva,6,wallet,1NGCh1haeuAhD8aJyE3BgR98wkywmqBYqM,False,True,7,16MXo1Vprw9emkm3xmGRgECX5QqDyTjyva|339095527|1D9iy6Eo7NADPKeuMbxLj2CaPHuuADaH9b|339059332|15ovwb8jQ1kfALQTrNcEGv6pwgpJ33v5SA|339057165|1NGCh1haeuAhD8aJyE3BgR98wkywmqBYqM,wallet|transaction|wallet|transaction|wallet|transaction|wallet,|0.989978|0.831617|0.899102|0.911593|0.988264|0.891561
16fJuALd43TKeHhr74pUMtLPcKtBLAX9Dh,6,wallet,1N7SzmjNJmwiKEUhXCAgLqeQSzuNe8QkRa,False,True,7,16fJuALd43TKeHhr74pUMtLPcKtBLAX9Dh|339096342|1KL8c3jstTqejGK1qC9KsCxNTXUhFouwXL|272977666|17bp7FEByFwc3KyL5qateKFPukjuUsFkBP|339058271|1N7SzmjNJmwiKEUhXCAgLqeQSzuNe8QkRa,wallet|transaction|wallet|transaction|wallet|transaction|wallet,|0.989659|0.907369|0.958391|0.0705216|-0.00701266|-0.0815136
173yAzoM3cVMYtXDoC7XimHnEMKAfMUzdt,6,wallet,149pVxPXYiVhyFR9k87NBGsdGii8NrZDWK,False,True,7,173yAzoM3cVMYtXDoC7XimHnEMKAfMUzdt|378394621|1JvVE5ffTFXC1o87BRBEDvAsdZdxGmvgt4|378316477|13SGPY5pnbxhnuTPYH6fuSB93ymoBRMNjp|378138278|149pVxPXYiVhyFR9k87NBGsdGii8NrZDWK,wallet|transaction|wallet|transaction|wallet|transaction|wallet,|0.0273598|-0.0844627|0.00309627|0.865269|0.984733|0.891596
17shn5YvyYFhWsc789uR3PrY1jSixjhn3u,6,wallet,3DHwSm3Q5Z3PHHVKWE43FiUKo9ijo6LrUe,False,True,7,17shn5YvyYFhWsc789uR3PrY1jSixjhn3u|67665312|1DZf89SbCh8yCaajJzRf8SAufFX8K9LyGB|67665318|13wg2fUoYQPpzJrAZN6Poh7MhwZuYJeFeT|54767680|3DHwSm3Q5Z3PHHVKWE43FiUKo9ijo6LrUe,wallet|transaction|wallet|transaction|wallet|transaction|wallet,|0.990229|0.841449|0.959282|0.911531|0.822598|0.891912
185PRptkue1GRHVHFS9YvzV8Fv8XYSh5N3,6,wallet,1KPgc1oAD6t4VPTQZD8PeYx2HP49ybSHUP,False,True,7,185PRptkue1GRHVHFS9YvzV8Fv8XYSh5N3|339964553|1FAorvBoBSZaL22xttUDuKtzEPNvpgKPU8|339110575|1K8Ubmt2gpoYc1aXM6fjjj3QbP6mggW3LG|201869681|1KPgc1oAD6t4VPTQZD8PeYx2HP49ybSHUP,wallet|transaction|wallet|transaction|wallet|transaction|wallet,|0.990131|0.909871|0.749799|0.910541|0.983449|0.891538
18ri8MzFchLhRnK8PLU3X5PW59rJNBmnK1,6,wallet,1MeFBRNnT91GY227gh1iwuxbMP9sL59w1K,False,True,7,18ri8MzFchLhRnK8PLU3X5PW59rJNBmnK1|30179614|1K4uf331DSSZ6paGoqY7mKqqWNY13LsvhY|30180254|12SUDbsVPQToMcfSahpWELJS32EvzMd1Tm|30179367|1MeFBRNnT91GY227gh1iwuxbMP9sL59w1K,wallet|transaction|wallet|transaction|wallet|transaction|wallet,|0.983615|0.907929|0.70904|0.909537|0.98327|0.891739
18tWUyN12VfkTFyTmu1ceiRa8HQvVapNDu,6,wallet,18zFZR13Vn1vXFM9y4wJLCWPu2qQvEZiD,False,True,7,18tWUyN12VfkTFyTmu1ceiRa8HQvVapNDu|294510766|1AR5z7Sch8Tbi7q9D33Txn4wV5Jqk6f2gy|294376159|17eVypNeX782JBjn8tJi2KdHqsj1B5MAK4|294329505|18zFZR13Vn1vXFM9y4wJLCWPu2qQvEZiD,wallet|transaction|wallet|transaction|wallet|transaction|wallet,|0.989896|0.909166|0.674107|0.911292|0.984723|0.891647
1A4MMSoVq2Q9RFfaSAnyVmFkhcctt3XfH7,6,wallet,1EKWgZRjjyQbvrdeZQF3EymxMxUMsfoiuD,False,True,7,1A4MMSoVq2Q9RFfaSAnyVmFkhcctt3XfH7|248915318|14qmAzCW3rGvDDXE9tGDJL63D2QQ5CnD7W|248915319|13CGBJ96crUsDH23F4YFHgJRm9x1USR2u4|248888670|1EKWgZRjjyQbvrdeZQF3EymxMxUMsfoiuD,wallet|transaction|wallet|transaction|wallet|transaction|wallet,|0.989918|0.910883|-0.00961682|-0.0866377|-0.00961682|0.891597
1BRPy6XgiYMrbYUgCsxPrPC2TbwsTBj6MN,6,wallet,1LDdWoZrWKXkjbRHSc3E4Sc3QNz3JrwExp,False,True,7,1BRPy6XgiYMrbYUgCsxPrPC2TbwsTBj6MN|238222607|1NEe95zY7nv3chkRe87mF7t5A4os1z1Q8j|238224776|1b576tFiNSoUvUGB8bzAcYWyCvf2WvhfR|241499534|1LDdWoZrWKXkjbRHSc3E4Sc3QNz3JrwExp,wallet|transaction|wallet|transaction|wallet|transaction|wallet,|-0.00927892|-0.0826083|0.00833212|0.789236|0.98253|0.891597
1BWorHpKhE9nr3mjn4SE8RWcvGpLdDq2a,6,wallet,1F8y87jzEnPGBgYXCCKkPjQAbUjgbFGu7M,False,True,7,1BWorHpKhE9nr3mjn4SE8RWcvGpLdDq2a|12379727|1MokMHLdM8BoGYAc5dBqFMwUNX8ZpTwoDk|234150977|15Piy32tpr1UFrstC7cguv2iYwT6WqSEeW|234151149|1F8y87jzEnPGBgYXCCKkPjQAbUjgbFGu7M,wallet|transaction|wallet|transaction|wallet|transaction|wallet,|-0.00250519|-0.0565134|0.0354835|0.899392|0.986704|0.891566
1BmWjBnMnJcbw2JEcBjoDdrDC6Ps5J2FU5,6,wallet,19yUsfDTKMdZtkyYTLLZQvxjE8Tituky8y,False,True,7,1BmWjBnMnJcbw2JEcBjoDdrDC6Ps5J2FU5|97731146|1C7gMxZUcKVcoDNW6C8HPUqPd7ujhU89m1|97021579|1pwfvrzxoQwAJ9soexk2M7yaSXQ5cFGTx|97021583|19yUsfDTKMdZtkyYTLLZQvxjE8Tituky8y,wallet|transaction|wallet|transaction|wallet|transaction|wallet,|-0.00102661|0.909118|0.983586|0.906183|0.981557|0.89175
1CUs4ixkE68Ld85Zy1wwqyBWw7nwehZ3jE,6,wallet,1PTR2yxafrrXES1ju8J2pLss992xjaGZQZ,False,True,7,1CUs4ixkE68Ld85Zy1wwqyBWw7nwehZ3jE|378156284|13eEC5ZWwtruzsbdcM43qm58tKMvhu19Pq|378066434|12JorEyJptuF8Xm1ACBP8K1vQWtEEnAdAk|308263588|1PTR2yxafrrXES1ju8J2pLss992xjaGZQZ,wallet|transaction|wallet|transaction|wallet|transaction|wallet,|0.989529|0.910184|0.981375|0.88961|0.778764|0.891815
1EBXtxpxK9XN716nvy7RyKrh4eYm6jq7nU,6,wallet,1y8aTeChWd96w1baLxc4EGU7uUXhC5MPE,False,True,7,1EBXtxpxK9XN716nvy7RyKrh4eYm6jq7nU|269019588|1ApzH1ZUVjbzXJz23x9kun5J74LDJ5mVtZ|269019582|12ajTUf3BTBgRg5o4zzkCa75Ek3TxaCix7|269019578|1y8aTeChWd96w1baLxc4EGU7uUXhC5MPE,wallet|transaction|wallet|transaction|wallet|transaction|wallet,|0.986427|0.911472|0.978395|0.911391|0.987929|0.891597
1EkwWZBCmu36eYdrVQ5AWGBbqBkwozVv9q,6,wallet,1KTWoQSEpxkYnqBFgFUMpTsJ31PaVZmHCb,False,True,7,1EkwWZBCmu36eYdrVQ5AWGBbqBkwozVv9q|248937018|12G1psDRnegCAuYojknuRA1cs3XiRtJAra|249236899|1HCrhrG4DgnarZFhNNSXwi9ybWQmrzKv6V|248888440|1KTWoQSEpxkYnqBFgFUMpTsJ31PaVZmHCb,wallet|transaction|wallet|transaction|wallet|transaction|wallet,|0.990113|0.911703|0.989716|0.911736|0.988683|0.891549
1FRvx1xziHQY1qsEp8pbGJMeAThSSukvCs,6,wallet,18pyZpq4iEze3H4JYREZhXxetttZNn1dYu,False,True,7,1FRvx1xziHQY1qsEp8pbGJMeAThSSukvCs|269501612|1HMs4Uk8xrq4wZekErC3ijSskdQJ7TzxZC|269128821|1HBLNGqUd7Jep4r2FLiQDjzXZPWCDNZnY7|28443663|18pyZpq4iEze3H4JYREZhXxetttZNn1dYu,wallet|transaction|wallet|transaction|wallet|transaction|wallet,|0.816332|0.910816|0.979626|0.911291|0.984893|0.891622
1G9ssZdjzjMFa6KrPq7gaiRcf3bDYAyKrB,6,wallet,18HtW49o3uEpTnpErmVyJixRnopUQeJdXh,False,True,7,1G9ssZdjzjMFa6KrPq7gaiRcf3bDYAyKrB|378414958|1EEJ8HKj3MS9TTvuAVc76tBemejTRFym8U|331226641|19kZCEsTwzSUogWErTegHgkRVYuJmensFz|331210091|18HtW49o3uEpTnpErmVyJixRnopUQeJdXh,wallet|transaction|wallet|transaction|wallet|transaction|wallet,|0.020987|-0.0866155|0.00182907|0.176764|0.953434|0.891651
1GWEuRoaACHcdHU3YK4fNfAHW34wLksVCd,6,wallet,1G1G8VATkYejtH1HFMEYfKQ2v6B8ubCSnP,False,True,7,1GWEuRoaACHcdHU3YK4fNfAHW34wLksVCd|209490127|1PtAoU8488Jvp3z5eFdQyKbxcrPpc3cu28|209710576|128FsrS1JvhaoPuqXP6WdkqUgX3K1NWtiJ|208931431|1G1G8VATkYejtH1HFMEYfKQ2v6B8ubCSnP,wallet|transaction|wallet|transaction|wallet|transaction|wallet,|0.988232|0.908143|0.983889|0.911628|0.988565|0.891557
1GzutoyZtS27d74gxzm2L9fm6jMnaA6vK4,6,wallet,1C6U2caHrcYZkgpqxjMxZ6yvAgjPCkCUsZ,False,True,7,1GzutoyZtS27d74gxzm2L9fm6jMnaA6vK4|209522305|12qzXRb9PvhY3b9FF2supNEjFJR5LGCcAF|50875717|1Khe9rcNMbvHoq4Xrr2nGzfCfWfpnnyopr|82608842|1C6U2caHrcYZkgpqxjMxZ6yvAgjPCkCUsZ,wallet|transaction|wallet|transaction|wallet|transaction|wallet,|0.990329|0.911347|0.987616|0.761706|0.0975335|0.892203
1Hw7rbRtTN7uEH1hsUjPs4d7arwG2uywMj,6,wallet,13vHWR3iLsHeYwT42RnuKYNBoVPrKKZgRv,False,True,7,1Hw7rbRtTN7uEH1hsUjPs4d7arwG2uywMj|71382701|162quYhHpSRNT3mfq994fV2mG4iKVQt9Yj|272148432|1No3hdhRjdRckE1BWisKkDg8D16hc1FSrw|272148434|13vHWR3iLsHeYwT42RnuKYNBoVPrKKZgRv,wallet|transaction|wallet|transaction|wallet|transaction|wallet,|0.989899|0.911474|0.990206|-0.0866377|-0.00961682|-0.0866377
1JZ97Q1ysYSkhcTPrxPrMp73oAmKyJeBq7,6,wallet,16g6HG8bqrwoxKb5XBgSFozahXry9oVFbS,False,True,7,1JZ97Q1ysYSkhcTPrxPrMp73oAmKyJeBq7|69728473|14stpX8JVhArLc7xPjnmp3gWqaDVoFtQRU|69353069|1B68GgyMtHdZFt4aoS4MfY8qRFHLr1Ut1F|54783807|16g6HG8bqrwoxKb5XBgSFozahXry9oVFbS,wallet|transaction|wallet|transaction|wallet|transaction|wallet,|0.990343|0.89439|-0.00908177|-0.0866376|-0.00957912|-0.0866213
1JktTzNVshQ4sxdiKSKFyrZwytc6RVsoy,6,wallet,1A2mb4Bzf7kjnNW8s12Ck3kyhunLyV19ce,False,True,7,1JktTzNVshQ4sxdiKSKFyrZwytc6RVsoy|378414379|1J78rdoMqf9YiTtAmGQF46X3vFTDXQBJoW|378255660|1LwvStMXKVYGoKgXMWH9KkCiCUEQLJmV4u|378073029|1A2mb4Bzf7kjnNW8s12Ck3kyhunLyV19ce,wallet|transaction|wallet|transaction|wallet|transaction|wallet,|0.98909|0.912257|0.989713|0.910676|0.988762|0.891533
1Kgd5h3sJAUmcrei4MkaoDs5a4vUPHy1V6,6,wallet,18sANZJ2bXCnvY84GqDzcHig3auJqMMRYe,False,True,7,1Kgd5h3sJAUmcrei4MkaoDs5a4vUPHy1V6|209541747|1KDJ3aZEtJEZZ8u32zbx1GaB6wJkAZjPTZ|209709679|1H5Dhk1jKV9n6TN2ZEqdpaPD8souPHKmbq|208915415|18sANZJ2bXCnvY84GqDzcHig3auJqMMRYe,wallet|transaction|wallet|transaction|wallet|transaction|wallet,|0.988272|0.89934|0.918088|0.911826|0.988527|0.891573
1LTGvyYrkUeaUyKz28BocFTLnyhXhXhMMB,6,transaction,209052088,False,True,7,1LTGvyYrkUeaUyKz28BocFTLnyhXhXhMMB|209946183|1MrQtBgRoBHBczgcPcEth7DUMMG8TpgKAE|209482587|1HPtY2eBQ5i6FaGbh67egTDFwjb3pGfuPy|209482589|209052088,wallet|transaction|wallet|transaction|wallet|transaction|transaction,|0.986667|0.907062|0.0400025|0.908123|0.988322|-0.0121212
1Lf912ACBzsTRr1dwrt5tnKqavmsHzfYXv,6,wallet,14ARi6Jh8dbxXFoTdbA8ipR8EK5RsF5gUv,False,True,7,1Lf912ACBzsTRr1dwrt5tnKqavmsHzfYXv|269870093|1AuoecxuqxUZszHQjcxqy8jgKEZPg1ad5h|191347647|1JPebcuXkcCjeg4c8gDLEyJhLeNK9tTgy6|87494797|14ARi6Jh8dbxXFoTdbA8ipR8EK5RsF5gUv,wallet|transaction|wallet|transaction|wallet|transaction|wallet,|0.987669|0.910095|0.988738|0.908584|0.975968|0.891724
1LzdCsdy4zb442X9Lh2MmHcxajnFFBjvxY,6,wallet,1P3PfxfB4KeGryDUgDyWZzNwZqna59sSFK,False,True,7,1LzdCsdy4zb442X9Lh2MmHcxajnFFBjvxY|288452590|1KQwVbucQXkVUKH6sD1a7Q1E5ZxPUVXrfD|288452380|115u8uEP1j1x8Q6rpU9RtrJuDBa5EB4RHz|288338048|1P3PfxfB4KeGryDUgDyWZzNwZqna59sSFK,wallet|transaction|wallet|transaction|wallet|transaction|wallet,|0.984997|0.910475|0.971669|0.910835|0.983404|0.891721
1Micm93qCtE6s2CKafvfLtYc4PkPwfpUe2,6,transaction,29249217,False,True,7,1Micm93qCtE6s2CKafvfLtYc4PkPwfpUe2|191108914|1kDpTx5ZYTGS6eyByjQLrbHyVGZfZK4Hx|191108916|1GJHZEj5KPdX5tg7wBpVeJqUrGZGAWGDUq|7672297|29249217,wallet|transaction|wallet|transaction|wallet|transaction|transaction,|0.990154|0.495514|-0.00959467|-0.086402|0.0115463|0.461069
1Mike5Fczvc2dPKSTpDMJimQ14QJKWmfFo,6,wallet,1ACUPYuiTbfBaDhES7rHseun3sNQB24CiE,False,True,7,1Mike5Fczvc2dPKSTpDMJimQ14QJKWmfFo|355111006|1K8u6cxVzEhJobSk55dHtTUK7xmxSuiDip|355179762|137T5gvvA1CwkEuZyuNmRzYjmYn9UY7Z8t|355940553|1ACUPYuiTbfBaDhES7rHseun3sNQB24CiE,wallet|transaction|wallet|transaction|wallet|transaction|wallet,|0.966675|0.906931|0.541166|0.908242|0.98497|0.891699
94654269,5,wallet,1CmD7imW4KCK4PVwsnfHgyWvWWtEFvujdc,False,True,6,94654269|17LRWQhoyC69j1FAMnN9LVZ6MC4pjUucMx|94654255|1NTE2fBsTsCzvrTYgd1vSA66daZiRX5amG|94357349|1CmD7imW4KCK4PVwsnfHgyWvWWtEFvujdc,transaction|wallet|transaction|wallet|transaction|wallet,|0.911746|0.990104|0.575473|0.946758|0.891535
190427652,5,transaction,90406434,False,True,6,190427652|15coFKYspwMKwZu8wzpsyv2ief4awTvyev|190411982|1HUV2ZMcquDcYreJVwSwKyj6CPTfi9xaib|189987817|90406434,transaction|wallet|transaction|wallet|transaction|transaction,|0.910682|0.98717|0.907554|-0.00828433|0.218192
179039073,5,transaction,175468334,False,True,6,179039073|1NPv7mjq935nLMjghpgMsr26HKNWArz1mw|226669368|13ceikU5RJiNpbm3XmGtGQ23KRV1yqtTCh|179027694|175468334,transaction|wallet|transaction|wallet|transaction|transaction,|-0.0855609|-0.00957985|-0.072324|-0.001477|0.333888
339095579,5,wallet,15V8BH27kJVwrsJbp4bUFNaMwQ2QtLXNAX,False,True,6,339095579|1646XwyKsF8fj7q1MGJ3YabBr5JW4N4sb3|339093289|1Ax9XmXmwfp5CvCQ3BqT7qMVxAcaLBzwdF|339064388|15V8BH27kJVwrsJbp4bUFNaMwQ2QtLXNAX,transaction|wallet|transaction|wallet|transaction|wallet,|0.911825|0.989219|0.911228|0.987168|0.891512
339120962,5,wallet,18p9Ftp3m4435tdpZTvoBsm3yjUgkvTF2b,False,True,6,339120962|1qxRkzGcXfwEM2s21FN311u4FC9mgPKMN|339072467|1NvgZvMxBVZpBV7mS1tGE3vDyVp4jbo4B8|339072470|18p9Ftp3m4435tdpZTvoBsm3yjUgkvTF2b,transaction|wallet|transaction|wallet|transaction|wallet,|0.908985|-0.00958871|-0.0866227|-0.00960257|-0.0861792
339553269,5,wallet,13tEzmoPZPvMsfiT41wrfW2xwHmjbQH1wM,False,True,6,339553269|19MfqBgdiEBt5bFuy6VDFD5ADnuoBVn5Mv|339079292|1Bkd9FgEWY5DS6fjPybKsAESKdEcwaBjZx|132726049|13tEzmoPZPvMsfiT41wrfW2xwHmjbQH1wM,transaction|wallet|transaction|wallet|transaction|wallet,|0.910228|0.959086|0.911354|0.987172|0.891513
339964561,5,wallet,15urGnDb6aJfWXjS4LZSE3LbDdDKoJFkn6,False,True,6,339964561|1K22sWfAtmF133gyaHWLiiBYhGDGpzgtTn|339098588|1LvMQznaGfzk3shELAoA58Wtu3dU6d8hxu|230863456|15urGnDb6aJfWXjS4LZSE3LbDdDKoJFkn6,transaction|wallet|transaction|wallet|transaction|wallet,|-0.0866375|-0.00957682|-0.0854183|0.00968401|0.892593
340072976,5,wallet,1oxWefXYLbDvSeqHgk4xvEFeGMVVbnQRQ,False,True,6,340072976|1Hov9TGdnQ5txMRFnkP3XWz98gRgnzqCqA|339643099|19iL8gi9rQGDroFKbaPf5TH7yRpcAXHHuK|128880939|1oxWefXYLbDvSeqHgk4xvEFeGMVVbnQRQ,transaction|wallet|transaction|wallet|transaction|wallet,|0.91307|0.990325|0.863654|-0.00961678|-0.0866195
243780689,5,wallet,1Gjt3wkSsP9svuQTg92vgxXfqeDuvjFJuv,False,True,6,243780689|17yv9tsnce1FvkPmWUqrnKGsyXXEeYn5jR|241526883|12PxWvY9w7bAuPtsiQ8MWTRdThBT8YcstU|238506100|1Gjt3wkSsP9svuQTg92vgxXfqeDuvjFJuv,transaction|wallet|transaction|wallet|transaction|wallet,|0.910201|0.935243|0.9112|0.814044|0.8918
378250041,5,wallet,1Y9Yx28wHJ9eLY9aR5QzYH5JPtDjgWUfT,False,True,6,378250041|183HANi6VEzN1K7ahw92vQTZQDHTsJsPiD|335081666|1PeU69AWqjkfMKEXSDKqVWQbMUFRS61pgR|378060826|1Y9Yx28wHJ9eLY9aR5QzYH5JPtDjgWUfT,transaction|wallet|transaction|wallet|transaction|wallet,|0.911219|0.985336|0.911685|0.986185|0.891579
304683944,5,wallet,12TcESVmMNrTjYZCDzfaHTj2bBD7gW1Z9Q,False,True,6,304683944|1N6uduqzJ7hhBvJPzjBpaNfh3MjyjMTXHH|390236526|1HUnfWqx8VnpvQU8cHEr2Jc24A5K14ErdG|243239880|12TcESVmMNrTjYZCDzfaHTj2bBD7gW1Z9Q,transaction|wallet|transaction|wallet|transaction|wallet,|-0.086261|-0.00840605|0.817004|0.606324|0.891893
390572355,5,wallet,12TcESVmMNrTjYZCDzfaHTj2bBD7gW1Z9Q,False,True,6,390572355|17Vxec4GTWHqWaquBNmz9bwQhQMsRq2WYn|390329719|1B8t69Acj9SM82cMex9yLzoTZjYcoT2wyk|243239880|12TcESVmMNrTjYZCDzfaHTj2bBD7gW1Z9Q,transaction|wallet|transaction|wallet|transaction|wallet,|0.910893|0.962706|0.895696|0.606324|0.891893
248915482,5,wallet,1C9xFY9qmZbyRKK6Wm33XxoAPnq3TBWFjm,False,True,6,248915482|1s5rUF18idd7vpnobeMrkhD7KWL2WBFJC|248902840|13eYa86JMPp3rqjfLdnFUDn188JoBt7P7z|57140955|1C9xFY9qmZbyRKK6Wm33XxoAPnq3TBWFjm,transaction|wallet|transaction|wallet|transaction|wallet,|0.910761|0.990227|0.910325|0.884839|0.891744
209682048,5,wallet,1DaVD4N9LicN65k6wq82TPu3yWfU9GNb4S,False,True,6,209682048|14p3sTzV3ikZhZo5Cnru9ob4crF2fn3JES|209682050|17htBuQvt459DxbiMgK22r9Vprjn3t7i7L|209050993|1DaVD4N9LicN65k6wq82TPu3yWfU9GNb4S,transaction|wallet|transaction|wallet|transaction|wallet,|0.910375|0.941556|0.84661|0.97976|0.891618
115072067,5,transaction,99131085,False,True,6,115072067|1CXtTgTpHVmMX8iqiurnNbaybEjYEEDvqn|113841828|1NXnygEYdytTVwDivnT2iJWrSAqv4Np4gn|99318323|99131085,transaction|wallet|transaction|wallet|transaction|transaction,|0.912142|0.989903|0.907042|0.00826841|-0.016186
313646350,5,wallet,3EcywyUAaoDYpxwLdxvc93X9nx95bzVEnw,False,True,6,313646350|177Vs3VBbj8YL63HYacFFDsfsW1miczfae|372961150|14dGwYSUxpy2swoS8QMkRFovXzGzL5aPbH|372824257|3EcywyUAaoDYpxwLdxvc93X9nx95bzVEnw,transaction|wallet|transaction|wallet|transaction|wallet,|0.909806|0.990241|0.911436|0.985942|0.89159
215872199,5,wallet,1HJ6scVBtYqeL8VSZD7ZYtKhXoJeX6fsVz,False,True,6,215872199|1JfBw5EvP78j5SbLU9R9nvpT5aaAcN5xaY|84749894|18tYaUYkAxKas1pwqNFAjRa9PjFA68Xtse|84335456|1HJ6scVBtYqeL8VSZD7ZYtKhXoJeX6fsVz,transaction|wallet|transaction|wallet|transaction|wallet,|0.910521|0.989943|0.907556|0.987745|0.891618
139274022,5,wallet,1F47pLzQkmmmv49TCC6B8nTvTYZwnBXiV,False,True,6,139274022|1Jz8aHxdayN9akuKTsTgV2jDmF1kx2RtCy|246044957|1AYfWVJvzhj6WkEPuTh72yhdFdKSrHiiCy|51551341|1F47pLzQkmmmv49TCC6B8nTvTYZwnBXiV,transaction|wallet|transaction|wallet|transaction|wallet,|0.825691|0.0144296|0.674643|0.792377|0.891792
139274029,5,wallet,1F47pLzQkmmmv49TCC6B8nTvTYZwnBXiV,False,True,6,139274029|1Prr84VSQ15w674XEyyhMhn6eTiYKcRpWA|246044957|1AYfWVJvzhj6WkEPuTh72yhdFdKSrHiiCy|51551341|1F47pLzQkmmmv49TCC6B8nTvTYZwnBXiV,transaction|wallet|transaction|wallet|transaction|wallet,|0.808533|0.0144296|0.674643|0.792377|0.891792
383048748,5,wallet,1FsN1eGpjSU4vief6zpo9eoRJu8Yr99kku,False,True,6,383048748|15HaHe3WsQKSo1B2ThrjkvJj4mgmCNemwv|338439607|15hGBg3cU28iyG6oiWyQivirqiLY7CznSy|320558688|1FsN1eGpjSU4vief6zpo9eoRJu8Yr99kku,transaction|wallet|transaction|wallet|transaction|wallet,|-0.0866316|-0.00878874|-0.0730331|0.838887|0.891791
274526544,5,wallet,19Jq7AssQczgxQdpxgmYiFVD8t2vKuVVUZ,False,True,6,274526544|17BVr5MZK2ioBtCcZtQpKJjYzHjHuPPpHm|355102469|1A9wXnMdHa1GCfUzcYMdX7eYEpxQNZq4Yd|355109280|19Jq7AssQczgxQdpxgmYiFVD8t2vKuVVUZ,transaction|wallet|transaction|wallet|transaction|wallet,|-0.086635|-0.00722315|-0.027161|0.93499|0.891889
355090934,5,transaction,16827115,False,True,6,355090934|1BZZ79JTumkKJkLjgT7WJN6DvUAV7vqVxw|355090937|1ARJPKce1vSePxTEDWMNLT9nk53Z7CKzWt|355007104|16827115,transaction|wallet|transaction|wallet|transaction|transaction,|0.903698|-0.00961197|-0.086542|-0.00961538|-0.0169155
77410785,5,transaction,39446116,False,True,6,77410785|1LcmBtabkmai9qh2mDJ1ubC8KnzwixiEKM|288513620|19zr5kBXKFuNFtevb4DCXXfawbN9nmHVC6|288273807|39446116,transaction|wallet|transaction|wallet|transaction|transaction,|-0.0551319|-0.00961681|-0.0866377|-0.00961682|0.0669055
288735697,5,wallet,1Nhw8A9o1TYZp8Cke2kbZdA4XqyixfdCfZ,False,True,6,288735697|1omyBZpKCdLbZmgMC5fsNGWSPjTgvpQRe|288490205|17emhKJsyMaiFQUi3u6g8WTthCZGc9YUkW|288210286|1Nhw8A9o1TYZp8Cke2kbZdA4XqyixfdCfZ,transaction|wallet|transaction|wallet|transaction|wallet,|0.910443|0.989206|0.910117|0.982973|0.891734
54912141,5,wallet,16g6HG8bqrwoxKb5XBgSFozahXry9oVFbS,False,True,6,54912141|1MTGu5U2UVWCZ7bCtnC3BbDJV8RAAYYiKM|67575828|1G4DvxeSsPhzu9nSsYa2PBHbrkB9XdiW9|54783807|16g6HG8bqrwoxKb5XBgSFozahXry9oVFbS,transaction|wallet|transaction|wallet|transaction|wallet,|0.911328|-0.00782337|-0.0866376|-0.00957912|-0.0866213
56242196,5,wallet,1L2BPfrYotv5ZJ4iuChUZgKmHTKqye6rG2,False,True,6,56242196|13MVxTh7orubAcCGdg1at6SbB79rCCZazM|69770247|1LFgusE2UTYrFjeGCx99q3uNNk6MkgdTMM|54725736|1L2BPfrYotv5ZJ4iuChUZgKmHTKqye6rG2,transaction|wallet|transaction|wallet|transaction|wallet,|0.904495|0.790554|0.838083|0.980985|0.891758
67576436,5,wallet,13tF5FsXSHT6uCpxG7B1HABrP7msQTTowq,False,True,6,67576436|16vky8Gm81mCjLpgP6hyS6ZGUtgnDRVBhx|67576439|1DN6Z1yr6V72QPjkMkYkgXMe7VHH5fZFsm|54855612|13tF5FsXSHT6uCpxG7B1HABrP7msQTTowq,transaction|wallet|transaction|wallet|transaction|wallet,|0.910242|0.989247|0.905015|0.983313|0.89173
67682556,5,wallet,1NL8ag76hUxkUxQDThezdw1Cy7jQ72WmN9,False,True,6,67682556|1C2pShMyLwcL3VUsahSbZbwevtMkRb1v8N|56767080|16Vvs712orq1kbKBQkerXf2sdEq1ffs4eN|57056468|1NL8ag76hUxkUxQDThezdw1Cy7jQ72WmN9,transaction|wallet|transaction|wallet|transaction|wallet,|-0.0866376|-0.00959207|-0.0846121|0.151136|0.892168
44562478,5,wallet,1F8am3N3Ss4Ht7mbmKRG4o8ZYj9MYEk6qz,False,True,6,44562478|1AiX8bWfRCZQjrAJBfcjDySe6ma5WWGNAh|1744684|154jDYLehMtuqQrTdkFDaLYztBFG5UctEd|200032559|1F8am3N3Ss4Ht7mbmKRG4o8ZYj9MYEk6qz,transaction|wallet|transaction|wallet|transaction|wallet,|-0.0866377|-0.00961682|-0.0866377|-0.00961682|-0.0853062
97387433,5,wallet,12BRiG2j2Wt2JAmdY6TfVyBGZ9oGfMAuaD,False,True,6,97387433|16QqSGyN5jr5oGTHjuwHTMb8SEbKqUeVFB|97004022|192sq4kEcMUnt9SsF4yMhqydjJqHyoWutD|96928354|12BRiG2j2Wt2JAmdY6TfVyBGZ9oGfMAuaD,transaction|wallet|transaction|wallet|transaction|wallet,|0.892258|0.0069085|0.698103|0.949031|0.891896
12662264,5,wallet,13jueXY64cdvRGCrcWd1okBAEVcDw8f4zd,False,True,6,12662264|1PjnYCFesKBk9yFfhjrtVKjiUVsWtr26VY|12662269|1FXvymTcLMTpUyXzkFzyhe1ZMEVomWQgwf|12999570|13jueXY64cdvRGCrcWd1okBAEVcDw8f4zd,transaction|wallet|transaction|wallet|transaction|wallet,|0.91183|0.99033|0.91148|0.119923|0.892348
12778668,5,wallet,1NME2mWMvQDC7TptJuN2e5h3h4mkKEC1WL,False,True,6,12778668|15nyrZnmwx5DcUhzXb8ohitHcVmkN4P4hQ|12778670|1B7f26ZQguHg6a7TCd9ShkvpBnt3mdUYHJ|12804394|1NME2mWMvQDC7TptJuN2e5h3h4mkKEC1WL,transaction|wallet|transaction|wallet|transaction|wallet,|-0.0866377|-0.00961682|-0.0866377|-0.00961682|0.671936
72629711,5,wallet,17NMeKWrWTkB1ubBcC1yViFGYL5eLjhymC,False,True,6,72629711|18iR8gJVbC2jnuQziLpUkCnHRb2JwwPm4J|72295265|1EhxErrVybpVyi97Jw5RGFQdYfdFDWHVR4|71777432|17NMeKWrWTkB1ubBcC1yViFGYL5eLjhymC,transaction|wallet|transaction|wallet|transaction|wallet,|0.91149|0.9896|0.899488|0.966805|0.891862
129EJwmfpK8eznhJD2ysSTQMt8nPa69vgx,5,transaction,241499328,False,True,6,129EJwmfpK8eznhJD2ysSTQMt8nPa69vgx|243777776|1AyfSkiWxg2R2xXX1Roe593h9tn61CfvLZ|241531633|14gzC6sMfe8Vo3UyH6QeGqYoFSt2Ljiw7d|241499328,wallet|transaction|wallet|transaction|wallet|transaction,|-0.00888128|-0.0834105|0.00336128|0.807174|0.982936
12XmLo73hSLBzdcFUbgCNi3MiM2AKkqowY,5,transaction,96950013,False,True,6,12XmLo73hSLBzdcFUbgCNi3MiM2AKkqowY|32498113|1Cmpd6z6SLGskKqBDXjcLjg9abR3At5trh|96950012|12uVoFC45YoDt6SMYwCQATzbHdjqtZVZMf|96950013,wallet|transaction|wallet|transaction|wallet|transaction,|0.987587|0.907656|0.265962|0.592898|0.0502291
12igAb84wUJ5LVoetojTXuUe9ELLVtQr4Y,5,transaction,8361189,False,True,6,12igAb84wUJ5LVoetojTXuUe9ELLVtQr4Y|64580922|1koUxXojWn45rzCV4dLtVaX3q425QSLxv|11780829|1L9iryG2mbMMFHaGVVVpPGuz8GUHnkxuvD|8361189,wallet|transaction|wallet|transaction|wallet|transaction,|0.988802|-0.0866372|-0.00949492|-0.0842594|0.0499059
13QgzEvR5bjem87kA4N5mctNPdE2DS2eYT,5,transaction,13311663,False,True,6,13QgzEvR5bjem87kA4N5mctNPdE2DS2eYT|124942061|15oLCYANFmES66Yb1HLZJ1KQU3b73VE6HQ|175771007|1L6eJnmDDYKPgcqE71iBHbb96jPwnckVrn|13311663,wallet|transaction|wallet|transaction|wallet|transaction,|0.989498|0.277779|0.60563|0.911608|0.985724
13UF5mLdrQL37dvijFo5wNg5wW5RJntDQu,5,transaction,281192117,False,True,6,13UF5mLdrQL37dvijFo5wNg5wW5RJntDQu|299043430|16E8G8qLPMYgp16askUv6KHwQ6xpAG9NWr|298687023|1RtGxRyrBGkqq7ogjxHTbGnLYXikXJsfU|281192117,wallet|transaction|wallet|transaction|wallet|transaction,|0.990321|0.909003|0.946682|0.874441|0.343756
13py6FaMb5TRMWdEnZRQobCLFrLPJvR9gP,5,transaction,339114911,False,True,6,13py6FaMb5TRMWdEnZRQobCLFrLPJvR9gP|339642924|1FW2VB4NVmmH6q2MfuCuSxPhp6juXE7f3y|5807241|1N9kWJzgfx5oFsQm6oDJvwyhW6xNdKS4Ta|339114911,wallet|transaction|wallet|transaction|wallet|transaction,|0.990359|-0.078483|-0.00366171|-0.0621412|0.931666
14MKJbhJSkn78pswW4UNCQDkvvQHCmftRb,5,transaction,175122972,False,True,6,14MKJbhJSkn78pswW4UNCQDkvvQHCmftRb|175759428|194Fgd59NmPWh5ydYGzZCaSzrSZxXdDJLr|175472351|1QEKqvAJffvzE5aHvDbxVNWVq98U5Yutf3|175122972,wallet|transaction|wallet|transaction|wallet|transaction,|0.822734|-0.00152665|0.418807|0.391908|0.869231
14T39Tz1Ls4GSBTLE6WKkstfdUAmSj8CJh,5,transaction,190409568,False,True,6,14T39Tz1Ls4GSBTLE6WKkstfdUAmSj8CJh|191632582|1BAMathW63rsi52SckjMcoymhJbEAAHc1e|23666507|1BEuL9i56Y8KE4Hg7STmdr37iQAGzLgJxL|190409568,wallet|transaction|wallet|transaction|wallet|transaction,|0.604705|0.391631|0.00255691|-0.0822446|-0.00923997
14UR7yiAScRkA6Nd9xcjeXyJ1nxcMWwJXx,5,transaction,226277187,False,True,6,14UR7yiAScRkA6Nd9xcjeXyJ1nxcMWwJXx|355239158|1NcwxYbesLnQ12htrcC3ESYUu4gQDZ5LGd|355092392|1Dp4srGB8YWq833pzJC7JC2QcUk8ZcsKiT|226277187,wallet|transaction|wallet|transaction|wallet|transaction,|0.990363|-0.0865442|-0.00948868|0.84987|0.738968
14WhsQhTasspQEr9BQHXnMus1937JSfRmG,5,transaction,242934464,False,True,6,14WhsQhTasspQEr9BQHXnMus1937JSfRmG|154061463|1Nr22aioHnimYg6gvnUGymdGB9J81bBB38|194581614|1M9RnwcgZD36GdgtggHv4dgGutT6bA3gnf|242934464,wallet|transaction|wallet|transaction|wallet|transaction,|0.883256|-0.0865934|0.0403934|-0.0405339|-0.00911292
15NHnFuqK4pVkKZQCxGdfpCeg1ZcneV9en,5,transaction,44878267,False,True,6,15NHnFuqK4pVkKZQCxGdfpCeg1ZcneV9en|73219656|149Jtyaxa3d1M3wfkDFqT3pS7kZ4dWJt95|73219821|1GgJHYCLU3hoU6P2erXqnScBJutJTVEjxA|44878267,wallet|transaction|wallet|transaction|wallet|transaction,|-0.00844889|-0.0866066|-0.00952083|-0.0788554|-0.00948659
15S5KGkVbfr9WwVmAvLXr2Dja7BxETvnPf,5,transaction,13213841,False,True,6,15S5KGkVbfr9WwVmAvLXr2Dja7BxETvnPf|12661090|1N1d3YqKxKEgjMwt9Jj7azz1eR6Tz3bGFs|12661092|16G1S9hvaJZQwHUGhGB4oznumzBpBjuH5Y|13213841,wallet|transaction|wallet|transaction|wallet|transaction,|0.989737|0.134072|0.00782549|0.703458|0.963682
15tTA9CaZMArZfHZK8KLqmC56nhWBRhdUc,5,transaction,34413356,False,True,6,15tTA9CaZMArZfHZK8KLqmC56nhWBRhdUc|73219228|16kVcDgh1bVZNt8Y8PuXfgv2AjpEPuj3mq|34180566|1PSsmSSTqekm2nZvkw5NbMZoW9SSr5Fgab|34413356,wallet|transaction|wallet|transaction|wallet|transaction,|0.990344|-0.0716802|-0.00942114|-0.0843564|-0.00463775
15zictteFvZ9NT9t3nyTqbt1b4fybPgMMa,5,transaction,116453119,False,True,6,15zictteFvZ9NT9t3nyTqbt1b4fybPgMMa|45350873|18CR4MmYgRze9DWdgFJaNtRyouzSRLYcMQ|149627478|17Qn3FbssXZWKHyKf6nYyfC7J9yz5j3hgv|116453119,wallet|transaction|wallet|transaction|wallet|transaction,|0.989915|0.818039|0.94309|0.908046|0.544074
16Gme9xJNRjxb2xeS8RLypBfn6NiJnY8Cu,5,transaction,174759148,False,True,6,16Gme9xJNRjxb2xeS8RLypBfn6NiJnY8Cu|175411118|1P54pj8n1vxcW9o1PYyHApa6RpwwDnqUMG|175048827|1APhRhcm9xmbne1gNR8yDaZrAn67izCQd5|174759148,wallet|transaction|wallet|transaction|wallet|transaction,|0.990252|0.912092|0.989984|0.911353|0.987298
16cvB5yMgUb7LYjYfR8Yg31gh8vzo4by5h,5,transaction,390045727,False,True,6,16cvB5yMgUb7LYjYfR8Yg31gh8vzo4by5h|390327170|1MSMU5ynydjKp7WbeFt9S9nmKhyJrcTMYx|390327174|1CM8JfniBj3t63qEaGBropcFdqNQejBdqv|390045727,wallet|transaction|wallet|transaction|wallet|transaction,|0.990078|0.911504|0.983105|0.91166|0.988801
16fqJ23TKVm8z38MhHwfbp3hJ3Ru8g66TS,5,transaction,48863516,False,True,6,16fqJ23TKVm8z38MhHwfbp3hJ3Ru8g66TS|163811747|1Cp6H3uZVXTpynummkyu7qDeJmhXjoBQz8|13588765|1GwaUaTgHTpfzvNryPvegPbrjWgtvcW5nw|48863516,wallet|transaction|wallet|transaction|wallet|transaction,|0.990236|-0.0866365|-0.00959036|-0.0830345|-0.00844827
16tgwuHsF5m8D2FzQazuZAyMKcJcbskGZh,5,transaction,84756079,False,True,6,16tgwuHsF5m8D2FzQazuZAyMKcJcbskGZh|84713533|1KaJqDFsjpx7jx3721h9SA39jaZ15jHxUX|84313961|18aF1hWBPW3bmcX6qxFgGc3Xi7uP1PB3ae|84756079,wallet|transaction|wallet|transaction|wallet|transaction,|-0.00961682|-0.0866377|-0.00961682|0.904425|0.988195
17k2L2LNxVmgdezYqWE7ReJXBcE5tfZivN,5,transaction,242934464,False,True,6,17k2L2LNxVmgdezYqWE7ReJXBcE5tfZivN|353699854|12ZgeytYEfSJf3S28FegkBErxBciwbcPAR|194581614|1M9RnwcgZD36GdgtggHv4dgGutT6bA3gnf|242934464,wallet|transaction|wallet|transaction|wallet|transaction,|0.990289|-0.0865927|0.0403934|-0.0405339|-0.00911292
18E96y3Gy9WkPcxqaRXrubb2JT3kVEpFcG,5,transaction,346823271,False,True,6,18E96y3Gy9WkPcxqaRXrubb2JT3kVEpFcG|346377453|14yrbvLjXjbscrGHL4J37ezqKbAVLQVzgf|346097525|19b3pPyFPPbAymWUoPyoudMXpxRdkVgsnU|346823271,wallet|transaction|wallet|transaction|wallet|transaction,|0.1411|0.325607|-0.00961644|0.904722|0.985202
18aSycHNRJqzoywqdXxPH3fqBscjCzNzXQ,5,transaction,312469239,False,True,6,18aSycHNRJqzoywqdXxPH3fqBscjCzNzXQ|372726664|1FmHAyBbtYBaLcizbUXbvob4wqeqSsw3bx|368747363|1JuboB9h2jx9oUq2n7Ms9vH775K8Z9CMg|312469239,wallet|transaction|wallet|transaction|wallet|transaction,|0.990004|0.912033|0.989776|0.911656|0.988224
198iXzkZKCcpWKt71M6ZipKCKTDc8Mv1wQ,5,transaction,248904109,False,True,6,198iXzkZKCcpWKt71M6ZipKCKTDc8Mv1wQ|248915711|1914T6qACv6M1dTMvGVcmqb4pC7xT6MWp8|248915712|1JyRNrt7PD2NaRypd7VPnjWAno2XXbakoA|248904109,wallet|transaction|wallet|transaction|wallet|transaction,|0.989846|0.910676|0.973647|0.9117|0.988776
19BZW9Mqi8pREmYr8JmusBZoRJGCSdb9ZD,5,transaction,72405952,False,True,6,19BZW9Mqi8pREmYr8JmusBZoRJGCSdb9ZD|72629945|1G1Nqiar9zVqVZJdUVbaFccm6GoHkYkWQ4|72405949|15XCqmrMgfiAfypVCjHBY5jVrhvki2em9i|72405952,wallet|transaction|wallet|transaction|wallet|transaction,|0.990012|0.911344|0.983669|0.91101|0.988
19X1ZDPV1neY7bH2VSxArUWmvTkQAmJy75,5,transaction,174774267,False,True,6,19X1ZDPV1neY7bH2VSxArUWmvTkQAmJy75|175789563|1A27P6JvVqY14ssne4eKZZJvnYsX7BwqCE|175433937|17WZo15h71VJwMTdzbkJsyNEJHymASqheC|174774267,wallet|transaction|wallet|transaction|wallet|transaction,|0.978764|0.908736|0.903659|0.906296|0.931606
19ZMNGYumF6TmRTyLzWTdBpQ2jzC5tGSXQ,5,transaction,238247439,False,True,6,19ZMNGYumF6TmRTyLzWTdBpQ2jzC5tGSXQ|241537479|1FRkzyBLhrMCeutxiBaR42vjUCbSvsUupN|241503779|13bQ6ewbvXMadmVNktsNANSujfYghdQ9ZH|238247439,wallet|transaction|wallet|transaction|wallet|transaction,|0.990251|0.911318|0.989947|0.908479|0.835579
19gpfUDjUHm9nR6U7j1NZEUUjQ3rCPeRb5,5,transaction,163806318,False,True,6,19gpfUDjUHm9nR6U7j1NZEUUjQ3rCPeRb5|319922710|1AZqSCEfxzk3y5tN4Xj56npgKLWUiYTXVx|376249040|17nko3qu2KwvSew5UMbDbp6BPomtzFmU7k|163806318,wallet|transaction|wallet|transaction|wallet|transaction,|-0.00961682|-0.0858203|-0.00961682|-0.0607557|0.0603917
19sE2HsS8z2aND1CZ54QZkei98PBT3yjvR,5,transaction,390331002,False,True,6,19sE2HsS8z2aND1CZ54QZkei98PBT3yjvR|209951990|195eqvV43dFxexf4cqEWzmCgNXNiyeecmS|209865519|16vXbinRnzVaU4fRrx1Jz6npzjzCaiv63C|390331002,wallet|transaction|wallet|transaction|wallet|transaction,|-0.00961682|-0.0866377|-0.00961682|0.905833|0.9888
1A2iNz9kcEVn3oFS8agJwraQmCjFeExUGq,5,transaction,294602321,False,True,6,1A2iNz9kcEVn3oFS8agJwraQmCjFeExUGq|85004961|17tz8uYZ5sWRnGhWBP3qXPgULqjtJmS6Uv|85004953|1NgNNa6hFEoFYj9CnpYK4mX3v5GwEK1fiS|294602321,wallet|transaction|wallet|transaction|wallet|transaction,|0.965|0.91031|0.987612|0.907768|0.975683
1ALCet8iMKesGu5oo3XD2XRui3SdAZeGH4,5,transaction,84360042,False,True,6,1ALCet8iMKesGu5oo3XD2XRui3SdAZeGH4|294494349|1x215EjVwY5s5gPac4F6EbLY5V4u2pWuW|84757163|12SUu7JEBBLBJARq39LG1tJiPJXbwbEUFw|84360042,wallet|transaction|wallet|transaction|wallet|transaction,|0.990179|0.911875|0.990343|0.206511|0.221039
1AUb3JXS7uLtoAx89qn5Z1Dusp5w1dqqyq,5,transaction,211118681,False,True,6,1AUb3JXS7uLtoAx89qn5Z1Dusp5w1dqqyq|210367157|1C7Y6bp6URUPhVEQT83wno2wTsFYYyfnmW|210642706|1GAy1qPgHkboWegAezYH5NYGu1QYGkieRY|211118681,wallet|transaction|wallet|transaction|wallet|transaction,|0.989681|0.911882|0.988723|0.909473|0.873764
1Ah9JpJU5EhyHzZ9GetnzkifqjKHaXJnnN,5,transaction,29249217,False,True,6,1Ah9JpJU5EhyHzZ9GetnzkifqjKHaXJnnN|190432817|1B4Qr42JBbFjt2bYdBt19cRLXmJTfVWdev|64466460|15if52d2rL5BMaTbYfadF9V4NNTanyEfYR|29249217,wallet|transaction|wallet|transaction|wallet|transaction,|0.990359|0.911048|0.988678|0.91156|0.963979
1BLrPquffCZQ87nKSLciPkmAP5E5XAKWxP,5,transaction,272123653,False,True,6,1BLrPquffCZQ87nKSLciPkmAP5E5XAKWxP|272511054|1GpKJh4mE2DcVVGXW9pTmCb4vsrKMXvv1U|272507609|1BMpyVzydjSQPnwu1SY96ZXikfEAsmjPuT|272123653,wallet|transaction|wallet|transaction|wallet|transaction,|0.986353|0.911533|0.976608|0.911381|0.988033
1BfnRGdiPbPnyQRQxdgLQwcd5b7k4UchCr,5,transaction,67672679,False,True,6,1BfnRGdiPbPnyQRQxdgLQwcd5b7k4UchCr|67682778|1PoJfJM84bHofDcsGaYsfPbZsaCRUC8nxc|67682780|1HnonTFcYdnksX7tdPUdD3cbdBWHHct9nG|67672679,wallet|transaction|wallet|transaction|wallet|transaction,|0.977048|0.909318|0.921711|0.889855|-0.00240373
1BprJEYC1v5RPWs3eThb97h3bXYoqs8YjL,5,transaction,272081630,False,True,6,1BprJEYC1v5RPWs3eThb97h3bXYoqs8YjL|272273597|18zL4FuVfVQvaBrwAn3jarxp4YJEvHtRAs|78155198|1LK1eeoejC1cbJGw6T5q4AryJfUcf9NKpU|272081630,wallet|transaction|wallet|transaction|wallet|transaction,|0.988334|0.798565|0.104885|0.902342|0.98238
1C5tpq2zV94H4mX8nwGhsKB7V4naxUC6qk,5,transaction,401217425,False,True,6,1C5tpq2zV94H4mX8nwGhsKB7V4naxUC6qk|339262401|1NTELqzP6bTddvUZdFwdxML3NGbvuRUB26|339261328|3QyUSB4eRYePHcvpS6k6YDMBUDGXRSSMPc|401217425,wallet|transaction|wallet|transaction|wallet|transaction,|0.990347|0.912408|0.990278|0.912345|0.990381
1CEn9pKVyoQ49byd9L6xZ9oifkZ586w46j,5,transaction,272334640,False,True,6,1CEn9pKVyoQ49byd9L6xZ9oifkZ586w46j|272488578|12WnjMEeoS1oJ8nbciyJAP1nRd5xAyBYwf|272419455|1LnJiNrnMq9sXGJoZMMvAMhj63pFi2xtd6|272334640,wallet|transaction|wallet|transaction|wallet|transaction,|0.0156818|0.536668|-0.00960439|-0.0757655|-0.00417122
1DnvH1h2KccBumSXakYpnyWvBp8Rxotrob,5,transaction,8361189,False,True,6,1DnvH1h2KccBumSXakYpnyWvBp8Rxotrob|113788742|1Ma4Ys1wTUcvbsrDfeGmQTCft7KeepJTWj|234561299|1EWQUJfhCLvouzVZLN8YUMXwcd5VJ1EgPs|8361189,wallet|transaction|wallet|transaction|wallet|transaction,|0.990321|0.911882|0.990158|0.335064|0.0499059
1DucdXFCnVZ9pwfFTzvRC5w9JAqePggVjK,5,transaction,312453693,False,True,6,1DucdXFCnVZ9pwfFTzvRC5w9JAqePggVjK|372680075|139hw4F176hjZ8W9JF7CVdZVRLoLRCmX5A|372677158|1GhGq323bDDzGZxAEt3FHgUsff2rqUJFih|312453693,wallet|transaction|wallet|transaction|wallet|transaction,|0.987216|0.911686|0.978979|0.911541|0.988405
1EftEfZhQnniFQ4zspDvwP2XcZ1GGuiVVs,5,transaction,194344837,False,True,6,1EftEfZhQnniFQ4zspDvwP2XcZ1GGuiVVs|194344843|1k9dgw9oYLcYUQJ2m1LpKL5pUbaEJ6XEQ|194344840|1FyL9KhodjsAvkQwv9aKjugfnTGTwmStHj|194344837,wallet|transaction|wallet|transaction|wallet|transaction,|-0.00958722|0.0435775|0.933272|-0.0565868|0.0724219
1EyhRLKWXkor6eZ7nUdsRudkuD5DVc9doc,5,transaction,226549201,False,True,6,1EyhRLKWXkor6eZ7nUdsRudkuD5DVc9doc|226629847|1DaKGsHBy7us9DfF5dVV8jWFVZB4TK7zzo|204022971|1v8jFTTwUunXhRYa4Rd5iJkwpw5axWM2p|226549201,wallet|transaction|wallet|transaction|wallet|transaction,|0.990169|0.908499|0.95436|0.90694|0.967952
1FEsoMTRk9LFrrn4TT1SVhE6g6oo6TpK2S,5,transaction,237880926,False,True,6,1FEsoMTRk9LFrrn4TT1SVhE6g6oo6TpK2S|339261608|17tuuGqdcF5qLK9wzpubGh1KDdMzLc4txE|339642994|1GnPXMn1qSLT7WugYw4WWV5rQZCGewcMgN|237880926,wallet|transaction|wallet|transaction|wallet|transaction,|0.984988|0.901797|0.848483|0.909896|0.98175
1FL8Zjh5DcYLTcw6KKRmquTth1ScoFA2Jy,5,transaction,401217425,False,True,6,1FL8Zjh5DcYLTcw6KKRmquTth1ScoFA2Jy|339261257|1NTELqzP6bTddvUZdFwdxML3NGbvuRUB26|339261328|3QyUSB4eRYePHcvpS6k6YDMBUDGXRSSMPc|401217425,wallet|transaction|wallet|transaction|wallet|transaction,|0.990347|0.912408|0.990278|0.912345|0.990381
1FMTyq8JVy3Lz7kAXxuwmzJQfrsQmdaMrr,5,transaction,209493399,False,True,6,1FMTyq8JVy3Lz7kAXxuwmzJQfrsQmdaMrr|211087780|1QGXTvVEXUdnTBmwwiCTuZvdqJqrADNES|209805555|1KxFQJvXkvioejBk9Y1oNV1ioz11R7f73J|209493399,wallet|transaction|wallet|transaction|wallet|transaction,|0.989689|0.90711|-0.0072058|0.892667|0.980138
1FYZyBjDmNh3au9BEv1WyPNZTrD7xiAFqz,5,transaction,339059326,False,True,6,1FYZyBjDmNh3au9BEv1WyPNZTrD7xiAFqz|284128608|1DFzGW1p698wzoAUi1d3AzmcYQqyujpExD|39431431|14aGnfqrfH85wQdhvPaT5i6PatZ5k4V3Xf|339059326,wallet|transaction|wallet|transaction|wallet|transaction,|-0.00961474|-0.0866303|-0.00961682|0.906525|0.987506
1FvtWwP3ePJDeR6K7ZePGujUuusUTds8Vy,5,transaction,272102250,False,True,6,1FvtWwP3ePJDeR6K7ZePGujUuusUTds8Vy|277807108|1P6B2MzTSC6gXsApnsebpWfkEL47bt8fwk|272102257|18tdZz1pQovSexsnW7ML9qeiFv7wTXBsxU|272102250,wallet|transaction|wallet|transaction|wallet|transaction,|0.790736|0.912576|0.989922|0.911445|0.987944
1G9M7U6KHYxFbr6aKLBcm5ty4FfAR6QU1n,5,transaction,168088965,False,True,6,1G9M7U6KHYxFbr6aKLBcm5ty4FfAR6QU1n|355155563|16hASvDZQ4Je1MS5kPiernmjQFrPcb2BRo|171417302|1QFadHqLshMJWXWwHhSDkp6oYPLECgmVrG|168088965,wallet|transaction|wallet|transaction|wallet|transaction,|0.983988|-0.086631|-0.00959145|-0.078571|-0.00943209
1GMtqu9EQRgS25fTadUnMnixctJcRr4CUF,5,transaction,96348644,False,True,6,1GMtqu9EQRgS25fTadUnMnixctJcRr4CUF|94654142|17dh9ALNVek6K6akJJPXDtdjCFRLZH2Ugc|115071280|1LbaYuq19sL9n3UazywnQWkniJzD1ndPeT|96348644,wallet|transaction|wallet|transaction|wallet|transaction,|0.989612|0.388867|0.541491|0.884259|0.966629
1GQ5MT4pWKyeUdfThrdYrcicPasi7YEJxq,5,transaction,314705,False,True,6,1GQ5MT4pWKyeUdfThrdYrcicPasi7YEJxq|116839462|1DRVsRCks3LKwMG2KY3rR7DsG1g6BCp1HU|116101613|1PF3HXCd71bF8oGTVnAbXDLMFTJUKEGSKV|314705,wallet|transaction|wallet|transaction|wallet|transaction,|-0.00692624|-0.0865988|-0.00958805|-0.0866376|-0.00961682
1GXRSerqFmWEya6giGRYNoLatrFbwAM3bt,5,transaction,22930629,False,True,6,1GXRSerqFmWEya6giGRYNoLatrFbwAM3bt|41520412|1MYopW4opXiyJsFTaJpVDttk7kzU4DUDFr|7308219|1K5KwDx3DWQba3qVnnXRsWrwduV7pcHy7b|22930629,wallet|transaction|wallet|transaction|wallet|transaction,|0.989675|-0.0865398|0.0137364|0.0135152|0.901412
1H1TcKzseAVk2XatDXA9xsYoGHcDZUjLCM,5,transaction,238324149,False,True,6,1H1TcKzseAVk2XatDXA9xsYoGHcDZUjLCM|238363563|1Dy99uh3GgaPMW5TEUj8QFPiPMJ9b9E9Aj|138516098|1BwuFa1mEDK1ne1Pe39sNnnAQiJF48p9VL|238324149,wallet|transaction|wallet|transaction|wallet|transaction,|0.986783|-0.0865727|0.0257867|-0.0727973|0.834235
1JP84sUvUL5RmQNVbSnCvtRD9Wmhhsem88,5,transaction,167647851,False,True,6,1JP84sUvUL5RmQNVbSnCvtRD9Wmhhsem88|375754977|1GU1B4cjFP6YshJgU4er2HqfHAB5t2K3fb|79902301|1D9sKALBQN2TTmrcmrJV83kCtviXAHFmxZ|167647851,wallet|transaction|wallet|transaction|wallet|transaction,|-0.00893923|-0.0865341|-0.00910718|0.819204|0.970259
1JXpWdVz1jPMHhUESRFRv67A1keJGoBgbt,5,transaction,209075975,False,True,6,1JXpWdVz1jPMHhUESRFRv67A1keJGoBgbt|110276377|19D18Vr49rqFgQndY3vVCFMTUoZw4KpNSr|209106522|19wWcz9E9hS9VrDZMuE792JXGuqeXxamhm|209075975,wallet|transaction|wallet|transaction|wallet|transaction,|0.989763|0.911227|0.98498|0.910875|0.988661
1KLoncgbKCwDqhWo5EcYz9wSjDhz9rBEqN,5,transaction,355124110,False,True,6,1KLoncgbKCwDqhWo5EcYz9wSjDhz9rBEqN|182313355|15C4iGjiERw2ZwaTrhsRmsgSFBydKjPoQd|355124108|1EVmeeBuxj5jzUitfAjAiSYZwM6A6owyFS|355124110,wallet|transaction|wallet|transaction|wallet|transaction,|0.984323|0.911497|0.989309|0.909408|0.984621
1KP8RFqGVzP5nBniHC8tiFftaHf2HyBGSq,5,transaction,271401688,False,True,6,1KP8RFqGVzP5nBniHC8tiFftaHf2HyBGSq|339662627|14jtmbWmWU9JigeFSoYihYgZoWDDue77zq|331556873|1CkG85tVpPuc2pTF97G2i3FFUf1CKKcWig|271401688,wallet|transaction|wallet|transaction|wallet|transaction,|0.989128|0.910106|0.983698|0.910952|0.988643
1KYzuhyXNebSYZU5va8oMHwzagqvM5vHc4,5,transaction,368747294,False,True,6,1KYzuhyXNebSYZU5va8oMHwzagqvM5vHc4|313647326|1KysAhAkomypNUdHnFpM4REcdk7fHJ4nC7|368747291|19DyTCddhJQ5g4HAKWyq5kRBNoPJajBSC3|368747294,wallet|transaction|wallet|transaction|wallet|transaction,|0.990327|0.0318046|0.595092|0.909402|0.988458
1KZempmu9NQgDM2tHRUtsQdHHX8tGKL9D,5,transaction,296702638,False,True,6,1KZempmu9NQgDM2tHRUtsQdHHX8tGKL9D|372731488|1C9iZGCVNeRwLXp3zP4Q7r6fKAWaFVBD9W|372672054|312451620|296702638,wallet|transaction|wallet|transaction|transaction|transaction,|0.989542|0.907635|0.984553|-0.00977511|-0.0109836
1LFyJrJ2nZXiPQ45tRp2Br79LuCCavR1HJ,5,transaction,376202522,False,True,6,1LFyJrJ2nZXiPQ45tRp2Br79LuCCavR1HJ|386132228|1Q4YioT2thfaJcqEW5pwi5czzG2K86bcKB|344157899|3MEXY5bKD7AZH1TdWnHnJRjQvWSTazC7e4|376202522,wallet|transaction|wallet|transaction|wallet|transaction,|0.0120815|0.368803|0.0384893|0.895396|0.980413
1LfDgD879DuLSPeBADny77iRLSo8dBoCL4,5,transaction,238247439,False,True,6,1LfDgD879DuLSPeBADny77iRLSo8dBoCL4|243780852|18N32VTpWKzR1PjPRXNngjxwJVBEAmfbeb|241513499|1Q92CMv5xX3ZeqnPKZWdrkXezX8iWtDeE7|238247439,wallet|transaction|wallet|transaction|wallet|transaction,|0.989949|0.821862|0.509859|0.907619|0.835579
1LgZyKQqwcQWzjjDoryoPMLAxVM7YLpvJU,5,transaction,42960565,False,True,6,1LgZyKQqwcQWzjjDoryoPMLAxVM7YLpvJU|43525228|15j8qH6ZH2EYNE348Kd3tjhda5oKiU6myY|43322460|14ir7QsGHJNNkpKnjwG2JFxvSmWoqhzxMw|42960565,wallet|transaction|wallet|transaction|wallet|transaction,|0.990121|-0.0230223|-0.00885222|-0.0822182|-0.00767925
1McuRt9caavHZ45RTPvTwt74YatiuomkSg,5,transaction,119062763,False,True,6,1McuRt9caavHZ45RTPvTwt74YatiuomkSg|336428774|1KwenviySubuTPQ3Rf4Vd2ftaMJUvt4ayQ|331556399|13t6Zn4Fw9AN5tccAFzg1MjEm3pRxQoaW3|119062763,wallet|transaction|wallet|transaction|wallet|transaction,|0.989709|0.911161|0.0745865|-0.0865324|-0.00932319
94299051,4,transaction,94300898,False,True,5,94299051|1C2DQXszJLd8Jbei3kW4BRw6MYs1RBaQs6|94119995|17ZfpvEG7cVDSLBQxeMFxpycXF5zu38R2T|94300898,transaction|wallet|transaction|wallet|transaction,|0.911929|0.945191|0.902066|0.0282584
94688507,4,transaction,94685989,False,True,5,94688507|19qBTgiUqA1zg4sejaNnYogMX5gaAfMFqa|98768726|1Nud7Nb9XJzU57KnvHUrSAcJS3ydkkSu1C|94685989,transaction|wallet|transaction|wallet|transaction,|0.9069|0.914152|-0.0776989|-0.00961616
98728644,4,transaction,94328898,False,True,5,98728644|1GveLfbMzMpCAfiJ6iTuxLgX3yszg4URiY|96561878|1Ax7bo9y5QKdftXkYyTLdCGp3yXvJtAYjy|94328898,transaction|wallet|transaction|wallet|transaction,|0.908155|0.908397|0.299506|0.280824
41249229,4,transaction,189805129,False,True,5,41249229|1Ankd48sB4LStxg1caZuUCjQcqMhdLLj6L|189805127|148TMmBdUKUP3ABarNVtLJnXkPaFwzzyxr|189805129,transaction|wallet|transaction|wallet|transaction,|0.907952|0.976908|0.906228|0.956708
190005963,4,transaction,7309494,False,True,5,190005963|1KNEZ4tqeSBiHqUf8Uj2aFwMwD7JMG44go|92724844|1DVpQazjy9XBWFmnMaaSrPzm61RRHEV9Z9|7309494,transaction|wallet|transaction|wallet|transaction,|0.525477|0.00966759|0.896246|0.985262
190427047,4,transaction,90406435,False,True,5,190427047|19f4PmYnWgYaTN77WWPpwNx6gCFoDbtPyj|189989270|1AeN5ZmMZYk6jnBWReVmdMCyAGUKobpWsD|90406435,transaction|wallet|transaction|wallet|transaction,|0.910811|-0.00887496|-0.0813565|-0.00658786
191107597,4,transaction,190014509,False,True,5,191107597|1Lk5Eax35hRrossE8bW3ZHsecsrtXWu6E7|190434068|1KJrajDEsMkh7VJtS1xnVaxh38fjVw25k3|190014509,transaction|wallet|transaction|wallet|transaction,|0.91084|0.989904|0.91077|0.99008
191632187,4,transaction,190857303,False,True,5,191632187|1CKe74Pg48i93pCt2uxfGhYARjnGLRgtgr|191232763|14YYieBN3r92yeKvu7Rc8wQCh1gdF7RmAF|190857303,transaction|wallet|transaction|wallet|transaction,|-0.0541187|0.412737|0.911515|0.989012
175406302,4,transaction,49025732,False,True,5,175406302|17tV4BuGBV6yLxtnaGNeQx27qy4t3X4Pub|54465449|1CJmdGTk8M3S4n1sWA3e2QjNiDqJ5r3qUy|49025732,transaction|wallet|transaction|wallet|transaction,|0.909687|0.970668|0.906299|0.988248
175757673,4,transaction,175554647,False,True,5,175757673|1MsHU6V48qSbnCXH4d4WwQchqMPUnwpVoT|175574352|3Ecz3yLvt8oC7eYoLx2JHGuuvUHKM4BaXw|175554647,transaction|wallet|transaction|wallet|transaction,|0.536629|0.560501|0.904095|0.954253
179038755,4,transaction,175403946,False,True,5,179038755|1Kt6XKGChi9DUMEsveRhvaA3jTJ6t7qQzC|179038891|1oYVGn5yqqYrqc6rkT4rfozE6vUtU4LDk|175403946,transaction|wallet|transaction|wallet|transaction,|0.714578|-0.00953501|-0.0866376|-0.00961653
216384921,4,transaction,175754507,False,True,5,216384921|1P9BzzezfjuPnttdwgFae9ZiMUDqd1y6vj|49025731|1NaRxwBnkKajaumCCDBmchSTAKNaJNJwpJ|175754507,transaction|wallet|transaction|wallet|transaction,|-0.0277899|-0.00913072|-0.0750058|-0.00783232
226629481,4,transaction,77493314,False,True,5,226629481|1KeMjKwCG7ReoVMqqunFjw1jC5wxEWHoCn|179270531|133Wxvoywm3GLuwEMLCr727LdPA3TqLqzJ|77493314,transaction|wallet|transaction|wallet|transaction,|0.91102|0.988868|0.908346|0.97993
226667659,4,transaction,175455423,False,True,5,226667659|12Tw2TQi6soy7r3vJLQoG5WcD1xvRiDo8N|179026575|13GAftL5wZmkHbjjAvkpciQMNhQiVa4Xdh|175455423,transaction|wallet|transaction|wallet|transaction,|0.906653|0.908952|0.907753|0.970828
226668097,4,transaction,175079348,False,True,5,226668097|1Co9U42GYEvfLjh8aZbwno7pY7hVX7VKq7|226636763|1AT2uhss3R2ZPPkiKUrujXWzojXfr8V5FP|175079348,transaction|wallet|transaction|wallet|transaction,|0.910924|0.982019|0.907792|0.960963
226668567,4,transaction,195602100,False,True,5,226668567|1MJCa2xozw1xWLGpahNCJHW26s9RbUzJ5M|179023750|15YKPYqvhBEGn9HAVnA8i6ug3ZoLmMqfe9|195602100,transaction|wallet|transaction|wallet|transaction,|0.896574|0.984707|0.904442|-0.00942377
43327208,4,transaction,68589101,False,True,5,43327208|16UREjCUa4bePVgeHXCDQNExjyukNJAqmv|43327209|19P8796tLoWa2FDavKwkQeSQsrQSc1BhMW|68589101,transaction|wallet|transaction|wallet|transaction,|0.912476|0.990073|0.911785|0.98979
43522396,4,transaction,37320780,False,True,5,43522396|14CRvg3vmqPACNZ3daBoJ7fnmHkp9w6Zuo|43522398|1948e7BW35k6xQukmBn9rLsFWmF5GRxTVk|37320780,transaction|wallet|transaction|wallet|transaction,|0.910473|0.94887|0.908715|0.9883
205031523,4,transaction,234661323,False,True,5,205031523|1KJGzunTGbp9VRDcHaWkm29A1gYtLxfyrD|234833833|1MSN6GDAReDthKFxakPsUVRMWWtKzYqGGh|234661323,transaction|wallet|transaction|wallet|transaction,|0.911391|0.982673|0.909109|0.974058
234559578,4,transaction,234714166,False,True,5,234559578|15fnA72U4vzmbqv8T43o8PJBiRNmH2wyXb|234714174|1HY9AJAK2giomdYpXPnsa6wCk7sQxbAy5H|234714166,transaction|wallet|transaction|wallet|transaction,|0.136434|0.123751|0.908778|0.979978
234559580,4,transaction,31093119,False,True,5,234559580|1Ax83HzEaqCCFNj1dyxkH7M8TAnGs33QJ5|234177319|177W37pa74gwti1kWq9tgPmPFuJt5VA9ec|31093119,transaction|wallet|transaction|wallet|transaction,|-0.0802325|-0.00871745|-0.0662974|0.144458
234561907,4,transaction,234833148,False,True,5,234561907|1SurEo6GzF67rtHcu1uiZ7S7eJZixSh5c|234561908|15sp2QnWKuCUs4mzY6qK2o4DfPPNjW3uHy|234833148,transaction|wallet|transaction|wallet|transaction,|-0.0866265|-0.00961661|-0.08654|-0.00961666
234565856,4,transaction,3352463,False,True,5,234565856|1JFoN67qCbrBzdRnEPYYJYRw9N5GrUGjZA|592294|1Fi2S7jyVReVfrq2GHQSrYvkqNuGZwc32c|3352463,transaction|wallet|transaction|wallet|transaction,|0.750011|0.0780032|0.91188|0.987279
182668046,4,transaction,401217425,False,True,5,182668046|1D9qfFsVYspNFNEtmZ3KimC18HcWqwMQxf|339091120|3QyUSB4eRYePHcvpS6k6YDMBUDGXRSSMPc|401217425,transaction|wallet|transaction|wallet|transaction,|0.912745|0.990267|0.912345|0.990381
185915034,4,transaction,339073238,False,True,5,185915034|1Fg3um6VX4ttAvx23ZdU6VUmxupKAE23YK|339093559|1FwcrkZicXhuuFu7pwNzJE4cX4W1rV8S5o|339073238,transaction|wallet|transaction|wallet|transaction,|0.909445|0.989245|0.902834|0.733843
339057957,4,transaction,401217425,False,True,5,339057957|13VCCkD2GkVnsqhUBTV2Xr2vTuJGjCRcgG|339055906|3QyUSB4eRYePHcvpS6k6YDMBUDGXRSSMPc|401217425,transaction|wallet|transaction|wallet|transaction,|0.905266|0.840659|0.912345|0.990381
339095636,4,transaction,339059163,False,True,5,339095636|1gXmuNaxhpToW6QqPiiaaVfUhEps19aXN|339095637|157rZAeMrMt4xNXWJfVPBZadkW7BcTtK2t|339059163,transaction|wallet|transaction|wallet|transaction,|0.910674|0.923015|0.801318|0.0112396
339156510,4,transaction,401217425,False,True,5,339156510|1NTELqzP6bTddvUZdFwdxML3NGbvuRUB26|339261328|3QyUSB4eRYePHcvpS6k6YDMBUDGXRSSMPc|401217425,transaction|wallet|transaction|wallet|transaction,|0.912408|0.990278|0.912345|0.990381
339553108,4,transaction,339083961,False,True,5,339553108|1DshVpdhxHzUQefZ8HPwJXjFPWxGhB1gCu|339103434|1LC1HCSYwM4erBY17XbrpyPSjEt8mXMKMx|339083961,transaction|wallet|transaction|wallet|transaction,|0.084707|0.00415441|0.895263|0.978261
339964521,4,transaction,339104573,False,True,5,339964521|17gHrogzj76dFfpSP8tmvKdnUJ3QiBsjXf|339104579|14XMN3Re3Xf8XM3Sz5pAipQgSsmtk2SqWu|339104573,transaction|wallet|transaction|wallet|transaction,|0.54124|0.0466127|0.906883|0.980084
15235784,4,transaction,15133789,False,True,5,15235784|14crHnBRGCKVQEXgTqQz8wMRmd2Gkbv6gY|15133966|1qraZPdc3zdxPiXxDh5XjSDoWQ5TNJSgt|15133789,transaction|wallet|transaction|wallet|transaction,|0.839826|0.203776|0.893244|0.839741
238193262,4,transaction,238281370,False,True,5,238193262|1GmDKD4VVHZncEo5L87pVdnZVdjt3VMZ9T|238207174|19jpzH7QfPbEg78FdMNkQEyUCDc3Q21V3W|238281370,transaction|wallet|transaction|wallet|transaction,|-0.0866356|-0.00679034|-0.0247825|0.928028
238363563,4,transaction,238324149,False,True,5,238363563|1Dy99uh3GgaPMW5TEUj8QFPiPMJ9b9E9Aj|138516098|1BwuFa1mEDK1ne1Pe39sNnnAQiJF48p9VL|238324149,transaction|wallet|transaction|wallet|transaction,|-0.0865727|0.0257867|-0.0727973|0.834235
243780678,4,transaction,238207981,False,True,5,243780678|1Fnn7JG5k9Yjd5nKXa8xpWapmuYfrW57Bw|242499837|12XRs7xQLj3GPceTkQiCjFioMf1PA3bhUK|238207981,transaction|wallet|transaction|wallet|transaction,|0.910116|0.979503|0.905128|0.942446
243780852,4,transaction,238247439,False,True,5,243780852|18N32VTpWKzR1PjPRXNngjxwJVBEAmfbeb|241513499|1Q92CMv5xX3ZeqnPKZWdrkXezX8iWtDeE7|238247439,transaction|wallet|transaction|wallet|transaction,|0.821862|0.509859|0.907619|0.835579
244629192,4,transaction,241552555,False,True,5,244629192|1GcDaQHDh1U8xPJKbdszT45j87J2ecUUj|243780869|1AJ4EnByhxkyk3EENDcmv5vFQrV1z1MUsw|241552555,transaction|wallet|transaction|wallet|transaction,|0.896802|0.913607|0.91053|0.988786
378502032,4,transaction,401217425,False,True,5,378502032|1KwKLJTCWUQZwtBhgBQi5cwgnUip7L68z1|378320266|3QyUSB4eRYePHcvpS6k6YDMBUDGXRSSMPc|401217425,transaction|wallet|transaction|wallet|transaction,|0.892243|0.82625|0.912345|0.990381
390327170,4,transaction,390045727,False,True,5,390327170|1MSMU5ynydjKp7WbeFt9S9nmKhyJrcTMYx|390327174|1CM8JfniBj3t63qEaGBropcFdqNQejBdqv|390045727,transaction|wallet|transaction|wallet|transaction,|0.911504|0.983105|0.91166|0.988801
390572513,4,transaction,319179298,False,True,5,390572513|148r4i1UDDQQa6vKywArbr9xhrSaGaMpvA|390502971|19AdLB6drbkhVvW3fyA1d9g9qcZwTQMPna|319179298,transaction|wallet|transaction|wallet|transaction,|0.910733|0.990003|0.911201|0.956193
248915366,4,transaction,156850884,False,True,5,248915366|1CQyeCkHUg1842N9YbZtD7YQboyAFZ1iZ4|18162090|1Jzcy2v5QvyXPxc1mwnVqBS2FCu8EqjgVQ|156850884,transaction|wallet|transaction|wallet|transaction,|-0.0860407|0.00618139|0.490607|0.968905
209522272,4,transaction,210508548,False,True,5,209522272|1NZhokbwv59VidrNN1xj6GMAzdzrGXpxjv|209522275|1NNAay4zuMvxJAyR3RXyF1nS1cRtKL8C5x|210508548,transaction|wallet|transaction|wallet|transaction,|0.911236|0.989599|0.907551|0.918159
209522745,4,transaction,208951658,False,True,5,209522745|1MQf4z9K19YDVnAifjPhV7vUPyf1jiuQYD|209522746|1BaSQVRBzdpMc81Lq5u4xteVDUiMfRm8iE|208951658,transaction|wallet|transaction|wallet|transaction,|0.911252|0.988855|0.910268|0.986104
209525931,4,transaction,187813482,False,True,5,209525931|12X3PEw4XJ3yqyHrCXDXKYbTyQY3XN6t82|209522270|15N4JRzhMyfAGBoo69eFamKfYJvWsDXoss|187813482,transaction|wallet|transaction|wallet|transaction,|0.9095|0.146079|-0.0814949|-0.00942864
209918443,4,transaction,208921758,False,True,5,209918443|1LSQew989dTVtLxXxBP49Bgpx2NVSWGfEM|96197454|1DaotFLZQnt3exqQfkXpL4tzPHbrRqbmQq|208921758,transaction|wallet|transaction|wallet|transaction,|-0.086635|-0.00898009|-0.0817127|0.296412
210638701,4,transaction,211082415,False,True,5,210638701|16NSm4pYiGZ5KGnTrzoTAQnpJ3BTgEYtAw|210638704|189U83xH4jcpXfUNy24HXsCNi7JJbpxXo6|211082415,transaction|wallet|transaction|wallet|transaction,|-0.0866132|-0.00958175|0.0636264|-0.00123282
210642699,4,transaction,209492869,False,True,5,210642699|1KM6zvAbdSuno6LFXKpRFh8P2oTEjaqh7q|210642702|1JGkBoM1FERZ9GAYLK2QV2rfFgaGXspk8a|209492869,transaction|wallet|transaction|wallet|transaction,|0.33805|-0.0095257|0.444019|0.968465
99180842,4,transaction,98972797,False,True,5,99180842|15XPupAvDGWsqHFmnZP6JPC4Bfm71fUW55|99182135|1LXxDS1hpVXxrJRTihz3V31UTigxTQi8Kv|98972797,transaction|wallet|transaction|wallet|transaction,|0.908297|0.975725|0.910045|0.982078
99191146,4,transaction,98961129,False,True,5,99191146|1LcnN4SwcrHmue5Q5bM8DURRUfckahHrTQ|99191151|1Gq1yYrC8ovxK39YmkwPFkN4mHtaxCWokj|98961129,transaction|wallet|transaction|wallet|transaction,|0.910257|0.982072|0.911721|0.988318
99191418,4,transaction,98972882,False,True,5,99191418|1ADwq8aVzCVWHysRwJm887a1EECzPR2mBb|98972871|15JHfV2CyPH7s4tdVPNP9ARDMwPmPVPM4c|98972882,transaction|wallet|transaction|wallet|transaction,|-0.086432|-0.0068738|0.661063|0.975605
368749102,4,transaction,368808768,False,True,5,368749102|1KeTPLVH9viTa3ALZUWbB7MiNTdo7bhcnj|368745825|121jUSgC9UFxtrP5U5nHmMRuLM3GubnTak|368808768,transaction|wallet|transaction|wallet|transaction,|0.909998|0.981184|0.911321|0.98832
372670818,4,transaction,368750371,False,True,5,372670818|1JZyc4dGC1iUHrsve6Q1cmZBFPrvoeeLhx|368775548|1BoEbKwDbWMXJzVhQsYBugSouTc6SgWysM|368750371,transaction|wallet|transaction|wallet|transaction,|0.89678|0.638169|0.906327|0.987725
372726107,4,transaction,308659285,False,True,5,372726107|1BMx7ZWxY1nVW2T481LHk4Bx311mt1HQPA|368755413|1DSdqVmryk76oMdU1ahxxs1p7Q1t4VhqgN|308659285,transaction|wallet|transaction|wallet|transaction,|0.905828|0.022213|0.905852|0.980223
372726401,4,transaction,311861787,False,True,5,372726401|1JQN4ThctNN2himNjnQ6rvdFhWMrLJkcYH|266113017|1CajuZVtXZBqaMMvGA3Fvkg9Z2RJpTHp6G|311861787,transaction|wallet|transaction|wallet|transaction,|0.908716|0.989492|0.911316|0.987296
372726695,4,transaction,368790611,False,True,5,372726695|17aFxZVYwMdDaMSQZrkVDTqs4oogRjobqb|372672230|15M1TU8CFLzaoX9r9ZWCsxDYY9gNJvUaDr|368790611,transaction|wallet|transaction|wallet|transaction,|0.0059155|-0.00936788|-0.0865908|-0.00961682
372726776,4,transaction,372684773,False,True,5,372726776|172oez7RAkfRZdndvHAkfCw3GSHiDX8ZzN|372684775|14uGQ6ZSGQimhKDHYmMAWSdsn5j9rNnEfK|372684773,transaction|wallet|transaction|wallet|transaction,|0.91158|0.982358|0.911338|0.988426
363337440,4,transaction,335954897,False,True,5,363337440|15HFFCXksYeSVwZAynjpetfXJoWew1wJTn|336429828|1BrbkSduoLHgFXbYz5B8WyyrbDYUDXPj6X|335954897,transaction|wallet|transaction|wallet|transaction,|-0.0865842|-0.00959597|-0.0839546|-0.00935039
269501303,4,transaction,268829791,False,True,5,269501303|19Ezvt5sVwNG6K8ZtkvkMDUEnGCH7iLyEn|233549451|1DBxkstdgBNJy1tjsFb1ySksQ7k33U8kuQ|268829791,transaction|wallet|transaction|wallet|transaction,|0.910248|0.982807|0.911025|0.987339
276992171,4,transaction,269166195,False,True,5,276992171|1NvzGmcU4QXeMuPD8oDUutoiLT1RQTSJVP|269167057|1EJcQ1yPn5QQCmuQKvrGmC3nnspVtMhzKA|269166195,transaction|wallet|transaction|wallet|transaction,|0.743671|-0.00735933|-0.0634016|0.120591
85000157,4,transaction,117102045,False,True,5,85000157|1CM2TuD18LM8uMHZa2azNEZcsF7Hw57GH7|85000162|13ToMcDzUACd6aZ6pf4AKRCyCiV7tUtLYA|117102045,transaction|wallet|transaction|wallet|transaction,|-0.086547|-0.00956781|-0.0842113|-0.00957308
85002444,4,transaction,84787032,False,True,5,85002444|1BmCB781s1tndzMBqXNp2B4SCprZqvkGMa|55326642|1LgWvPbgLS1nbXZrraYtUhNTgL31S77zHv|84787032,transaction|wallet|transaction|wallet|transaction,|0.910936|0.980372|0.911277|0.987674
163808019,4,transaction,163708871,False,True,5,163808019|1Pxeh8yzFTnsBijMvsAVMBJYyxBXmiJdd|163808022|1B1hYinqyWix9U65Nm6iGcj2z6tZK9mhwN|163708871,transaction|wallet|transaction|wallet|transaction,|-0.0866289|-0.00947844|-0.0822204|0.170759
299172428,4,transaction,143557368,False,True,5,299172428|1BY5s5B9mwMw16NwQufY3B9cs5MHCqZNfm|204199745|15ML7UktewyF8pYJnbZ2pnurbU8fmmw2Ee|143557368,transaction|wallet|transaction|wallet|transaction,|-0.086631|-0.00940836|-0.0834626|0.222107
299176148,4,transaction,160770234,False,True,5,299176148|1GsdA47iuyHZEMXQ7B8EZvQqsh1TqXPRzP|232656419|13MtFizs6X3y5kG35MLKFUcf8s2ZGsYW25|160770234,transaction|wallet|transaction|wallet|transaction,|-0.0866371|-0.00956088|-0.0847926|0.0381623
383048751,4,transaction,382882788,False,True,5,383048751|13jw4ZFdXJgzo7hUwicpSPz279LKZ7q6Sm|386208900|18YWuWx2xHMnnAD32oqcK6KLofiyaqUrRo|382882788,transaction|wallet|transaction|wallet|transaction,|0.905469|-0.00315171|0.827836|-0.00582273
386321759,4,transaction,333856268,False,True,5,386321759|183B7jEXbLuu355hbwNa74mpWcHj4Sd1bC|321374574|1A8kGxr7UoZZLQiV1bbGoB8zjoudX4B2u8|333856268,transaction|wallet|transaction|wallet|transaction,|-0.0866314|-0.0095699|-0.0465371|-0.00739625
58507158,4,transaction,355181828,False,True,5,58507158|1Kgc4L9MtD3GDsXkWqRbbdTh63pWxsAAzY|355092074|1MfYjossPuAXUvHfZoVXBue5mYH2R5cwsm|355181828,transaction|wallet|transaction|wallet|transaction,|0.824621|-0.0059434|0.599168|-0.00936018
122932784,4,transaction,355221872,False,True,5,122932784|1HTukdygEmLwVrDVTDFXNxb6PgUwhJeLmV|233996912|1CEmTaqB3d4E8sYMpHxxTXYjZ3FgV66Wbs|355221872,transaction|wallet|transaction|wallet|transaction,|-0.0864861|-0.00961547|0.908584|0.988972
274526557,4,transaction,226277187,False,True,5,274526557|19A413brWh4FiD5kbZa48Nz4c5KQS6kZCK|355092392|1Dp4srGB8YWq833pzJC7JC2QcUk8ZcsKiT|226277187,transaction|wallet|transaction|wallet|transaction,|-0.0865725|-0.00948868|0.84987|0.738968
355008037,4,transaction,226277187,False,True,5,355008037|19iRk8HKujgUKNMa46suFcM4XU8APtumoH|355092392|1Dp4srGB8YWq833pzJC7JC2QcUk8ZcsKiT|226277187,transaction|wallet|transaction|wallet|transaction,|-0.0866288|-0.00948868|0.84987|0.738968
355008601,4,transaction,226277187,False,True,5,355008601|19iRk8HKujgUKNMa46suFcM4XU8APtumoH|355092392|1Dp4srGB8YWq833pzJC7JC2QcUk8ZcsKiT|226277187,transaction|wallet|transaction|wallet|transaction,|-0.0866288|-0.00948868|0.84987|0.738968
355090366,4,transaction,355124647,False,True,5,355090366|1ArMtsN3KWpGbChfEFFVrH6U7DBQzeTZv3|355005442|1ApCJ6ahn4UAYpQdfGAjERALFePyergudt|355124647,transaction|wallet|transaction|wallet|transaction,|-0.085685|-0.00925986|-0.0789443|0.00843898
355090375,4,transaction,355124275,False,True,5,355090375|1KxT9gcQcrs8V8Ssxwr2gJtYC9nrWXBG8F|355006906|14NL4box1hC2DZMps66g4XDwX278vcPSip|355124275,transaction|wallet|transaction|wallet|transaction,|-0.0866377|-0.00961682|-0.0866377|-0.00961682
355090509,4,transaction,37046298,False,True,5,355090509|1HPe3uM5ciCuaxbeLU5xNLSzYDGQ9vcj9c|355005777|1PX7DnQYS8x5fGqttu9jz5AZaFATk3jnUm|37046298,transaction|wallet|transaction|wallet|transaction,|-0.0866375|-0.00961441|-0.0866366|0.967274
355092389,4,transaction,226277187,False,True,5,355092389|12yLhoFpVosYoQ45aEibhyeh4iU7Umxe4y|355092392|1Dp4srGB8YWq833pzJC7JC2QcUk8ZcsKiT|226277187,transaction|wallet|transaction|wallet|transaction,|-0.0866281|-0.00948868|0.84987|0.738968
355092783,4,transaction,355124110,False,True,5,355092783|15C4iGjiERw2ZwaTrhsRmsgSFBydKjPoQd|355124108|1EVmeeBuxj5jzUitfAjAiSYZwM6A6owyFS|355124110,transaction|wallet|transaction|wallet|transaction,|0.911497|0.989309|0.909408|0.984621
355102309,4,transaction,226277187,False,True,5,355102309|1NcwxYbesLnQ12htrcC3ESYUu4gQDZ5LGd|355092392|1Dp4srGB8YWq833pzJC7JC2QcUk8ZcsKiT|226277187,transaction|wallet|transaction|wallet|transaction,|-0.0865442|-0.00948868|0.84987|0.738968
355102434,4,transaction,226277187,False,True,5,355102434|19A413brWh4FiD5kbZa48Nz4c5KQS6kZCK|355092392|1Dp4srGB8YWq833pzJC7JC2QcUk8ZcsKiT|226277187,transaction|wallet|transaction|wallet|transaction,|-0.0865725|-0.00948868|0.84987|0.738968
355236712,4,transaction,226277187,False,True,5,355236712|19A413brWh4FiD5kbZa48Nz4c5KQS6kZCK|355092392|1Dp4srGB8YWq833pzJC7JC2QcUk8ZcsKiT|226277187,transaction|wallet|transaction|wallet|transaction,|-0.0865725|-0.00948868|0.84987|0.738968
355293540,4,transaction,226277187,False,True,5,355293540|1GXoUw4zaSizk2re4GXVYbEioMm48TQb7C|355092392|1Dp4srGB8YWq833pzJC7JC2QcUk8ZcsKiT|226277187,transaction|wallet|transaction|wallet|transaction,|-0.0865866|-0.00948868|0.84987|0.738968
289025367,4,transaction,288447316,False,True,5,289025367|1NquSFhvmj1L7BSGt9f36ZY5okgdL66B6b|288581669|1CBjLBPd3TJGoQvwUf1FL1LDbcZq8AF72P|288447316,transaction|wallet|transaction|wallet|transaction,|-0.0866377|0.459806|0.901382|0.982931
67584867,4,transaction,74031817,False,True,5,67584867|12ivRoovqCoG7vTfakTfJWVda65NP78U1N|67584869|1AvqoRuLaTSqXTL3ixsF7uzG2R2TH4AVnh|74031817,transaction|wallet|transaction|wallet|transaction,|0.904254|0.907671|0.904243|0.796883
70328739,4,transaction,54782496,False,True,5,70328739|1EYVJNjFAXbD7b2e1e4DrDiRmHRzVa2MXk|69352620|1Afaqj3LAsGxUtQTtZQpvehhu8xejMrP3e|54782496,transaction|wallet|transaction|wallet|transaction,|0.910106|0.989763|0.909925|0.973707
70383882,4,transaction,67673786,False,True,5,70383882|1KVbqXuJMPfVCyXxhNmiftANoJQE4112HM|55719563|15RA1aiuMV9yiwFo6bxXJ9Nf1RkV61WrTy|67673786,transaction|wallet|transaction|wallet|transaction,|-0.0866376|-0.0096166|-0.0864239|-0.00961589
70408666,4,transaction,69599154,False,True,5,70408666|1MsErenLmMgcweVHEKtsX9exHaxvRo2xMs|69494347|18ft11PUHRVA4eDFUJktaBcs1ZQdLmrGZU|69599154,transaction|wallet|transaction|wallet|transaction,|0.907427|0.895059|0.907647|0.989408
76863076,4,transaction,36750199,False,True,5,76863076|17wJgWixe7kGmWYp8Vied8eY7SSEvRjJts|200579209|3LxmL9UCFMGs3ofnZMyPqxcS8cYZHaiGcP|36750199,transaction|wallet|transaction|wallet|transaction,|0.538593|0.0625721|0.906361|0.979919
97150074,4,transaction,199941804,False,True,5,97150074|12UBU5qprpkGBXZqBmrd2mhaLSMKW6cMpd|199941790|1N7Cjp8ACbXUekSkAamXm1t1i46nbuF29c|199941804,transaction|wallet|transaction|wallet|transaction,|0.906683|-0.0091263|-0.08657|-0.00958765
200718750,4,transaction,9311450,False,True,5,200718750|19CHjB3G3xKD5F1AJ1ScTQraFtF6LNck7p|5866881|1A4fkLwdWAcxYX6HyNgsFrpxiYrMP5qAhh|9311450,transaction|wallet|transaction|wallet|transaction,|-0.0866376|-0.00961682|-0.0866377|-0.00961682
202828595,4,transaction,200508539,False,True,5,202828595|18i4uuys996YbdZA7EvUSuqy6w4gQ4Cq9K|200628939|1CxDFBKUw7d49iqbXuywhijAq7NyUec8Tk|200508539,transaction|wallet|transaction|wallet|transaction,|-0.00416487|0.176789|0.904047|0.978341
39724214,4,transaction,29021504,False,True,5,39724214|1PysLsp4ZNZNtHCSNyCCkJNF8RRCv71hfV|30076884|1MqGMBK4jAc4sAnXmhoM9ASkHGsjdwqQmQ|29021504,transaction|wallet|transaction|wallet|transaction,|-0.086637|-0.00923529|-0.0830911|0.734055
39728377,4,transaction,29021504,False,True,5,39728377|1FRhFAEh3on7fdrm16hjgzqhkTvTCibgch|30076884|1MqGMBK4jAc4sAnXmhoM9ASkHGsjdwqQmQ|29021504,transaction|wallet|transaction|wallet|transaction,|-0.086637|-0.00923529|-0.0830911|0.734055
12830021,4,transaction,1048060,False,True,5,12830021|1AFYvYUanMgUq9fWRaaRFZ3KF4hLXPtQcg|112967869|19K92xKLCUVBtKKhQaaKHXD6wXSppVGDZj|1048060,transaction|wallet|transaction|wallet|transaction,|-0.0866367|-0.00961682|-0.0866377|-0.00961682
115723125,4,transaction,56566464,False,True,5,115723125|16UbvGL4tnwN1N2NEPFJefkqmZXPXnv3xo|59039132|1J3wcVsNeGw4xnGbeSwzVGMVXyNF4d7SPR|56566464,transaction|wallet|transaction|wallet|transaction,|0.910741|0.984018|0.910229|0.981508
115723389,4,transaction,115204727,False,True,5,115723389|1NGD8Dv1De8iY3iLf6EsjUnTSK3BiX8XYi|115915381|129LLBgHkR7Ac69uXJf5agSPMyC9kEjr8i|115204727,transaction|wallet|transaction|wallet|transaction,|0.907523|-0.00961471|-0.0860671|0.0182234
116107405,4,transaction,4876198,False,True,5,116107405|19s4PWc7wgud9qPv7L4pKVfRcYEsMZ6WR9|34667453|1BcdGX8KRJnp1UVQDvjQBrcDzniWXff1SS|4876198,transaction|wallet|transaction|wallet|transaction,|0.789972|0.123616|0.899346|0.978032
151195593,4,transaction,148889046,False,True,5,151195593|18uDAboVJfajC7fdnQ5s4uMXWYfHrma33e|148889057|17DK5dTJjMatwkrYB8PK2nyaTrZnoVnsvp|148889046,transaction|wallet|transaction|wallet|transaction,|0.909415|0.811837|0.899307|0.639724
151206980,4,transaction,148541145,False,True,5,151206980|149nRhKahSB7ddXeH71Ak5qY4Eek7QCQhU|30700346|1MynQdmpcHsKSRdmrWCahHWmg9jpRZR176|148541145,transaction|wallet|transaction|wallet|transaction,|-0.0861245|-0.00632277|0.609451|0.968789
151211046,4,transaction,12401126,False,True,5,151211046|1MjZ8bv2gCK842DJAUbB4xczTo2r4HKoFy|148561385|1HJA9BB1mrLCcCRN4NHAAtbQtLapUYUGjd|12401126,transaction|wallet|transaction|wallet|transaction,|-0.0709074|0.956527|0.196641|-0.00956771
12661090,4,transaction,13213841,False,True,5,12661090|1N1d3YqKxKEgjMwt9Jj7azz1eR6Tz3bGFs|12661092|16G1S9hvaJZQwHUGhGB4oznumzBpBjuH5Y|13213841,transaction|wallet|transaction|wallet|transaction,|0.134072|0.00782549|0.703458|0.963682
12661305,4,transaction,12665081,False,True,5,12661305|1Ph6pAZbKo8rR6GdLiFUdsUxstevVwH8D6|12661310|1JDS6teqSE1iuMGwVwkQdE6jhGJnuDYQZk|12665081,transaction|wallet|transaction|wallet|transaction,|0.908311|0.606791|0.90476|0.965591
12661812,4,transaction,4590307,False,True,5,12661812|1GQJ9WL7bTyzqYtkxGFFYfLyWL8p6UCWYs|12661813|1LhNbnc3wezEPR8R1CTavk3BXdGLBvoeGa|4590307,transaction|wallet|transaction|wallet|transaction,|-0.0866377|-0.00960478|-0.0861322|0.0379949
12780332,4,transaction,13368508,False,True,5,12780332|1XbAeYo4XfBuy7GpoMWBsDewq2JWmEND9|12780333|1N5z1bLc87ViGMV41Tmh1jbHytS5rZzxq|13368508,transaction|wallet|transaction|wallet|transaction,|0.473609|0.00104033|0.877721|-0.00560099
12780483,4,transaction,13243972,False,True,5,12780483|12hkgpzmiNtjphLFV5ER1KPmdsPECyyGcy|12780487|1ARk3sV52uKUeGCxUU6gigQYGTjfDAH5iX|13243972,transaction|wallet|transaction|wallet|transaction,|-0.08657|-0.00778741|0.0317951|0.944617
71988426,4,transaction,34202672,False,True,5,71988426|1MkXbRhbcHo2qEgxezK2QTZv1SaZrP9LKs|16303938|1PTQjeposD1XJMijj9jRAZE4vYkT48YLGQ|34202672,transaction|wallet|transaction|wallet|transaction,|-0.082604|0.04754|0.132771|0.785113
71989369,4,transaction,70804318,False,True,5,71989369|1Eziyq5LPL5Ra1FiT72TcTPVktwfVGtsfu|71450735|17iuZcX7VmkbnQPNhJaoG7jZRZquJ2aKAb|70804318,transaction|wallet|transaction|wallet|transaction,|0.908042|0.947194|0.903898|0.974458
71989678,4,transaction,16303907,False,True,5,71989678|1Eh9FmpaLTxyRa87YxCD8EnbTTqH6TCxKu|71769553|19xVdxnQr6D8QmVEGqSGRFsHBFUu4Jfdkf|16303907,transaction|wallet|transaction|wallet|transaction,|0.74394|0.935129|0.910598|0.909175
72292587,4,transaction,72008237,False,True,5,72292587|1GuC89CEgKb1rEqqZK2qiQ2nACJvtm2Ge5|72008232|1DPaBRrk2bSsyVrwVwEAfqzGozDyCh2Q8A|72008237,transaction|wallet|transaction|wallet|transaction,|0.363036|0.167579|0.405133|0.102766
72295072,4,transaction,71777203,False,True,5,72295072|113Wb3pHLuTqAejERCo9bTnyJ45VdoLUQZ|72020374|19hJf7VnQMZVMBDcjDEoUAViXLj2bKcNtU|71777203,transaction|wallet|transaction|wallet|transaction,|0.654488|-0.0091552|0.530346|0.712136
72297314,4,transaction,71456857,False,True,5,72297314|1FJoDkZdhQAB4hsDG3CBGMHb2UxLod59Xv|71999214|1JhsBFETNyMDpsd6XLPrjvERkUFFg1MTPN|71456857,transaction|wallet|transaction|wallet|transaction,|0.806242|0.0812419|0.851044|0.968073
72601509,4,transaction,70760389,False,True,5,72601509|18HCb1AdTVcFyyFd3uSMrkXGMwCjUj7L3|72314628|144LtfoFNdmcc23BP9c3GEF4QDLXBvRZ6n|70760389,transaction|wallet|transaction|wallet|transaction,|0.851779|0.0783842|0.878185|0.969484
72640345,4,transaction,71464861,False,True,5,72640345|16v5ahgB5brGLTuRaYr9KpWCHD6sbYQjza|72302225|158QJq76ZzN12TDgbTy43DA9CvAFim69Qo|71464861,transaction|wallet|transaction|wallet|transaction,|0.907591|-0.00958341|-0.08641|-0.00730255
72641071,4,transaction,72409542,False,True,5,72641071|1FHh6L5FWKJ67aLAaSypCAMMcQXn3C9L9p|72409541|1Q46TGDc3wyvnqDMgMRDU8oVKx2koeW2Sv|72409542,transaction|wallet|transaction|wallet|transaction,|0.90564|-0.00595975|0.858526|0.0102136
73220440,4,transaction,73040985,False,True,5,73220440|16SDrLU77a5BsRAt8tcYUSZrAkhErVC6du|73220479|1ChnDjkpHcoyiQ3Vk2U8XvvDXSnAirFoRR|73040985,transaction|wallet|transaction|wallet|transaction,|-0.0864887|-0.00800662|-0.0774883|-0.00775801
73231155,4,transaction,12370187,False,True,5,73231155|16xS3vWrMjKXBWmTo2gvYKorUbWMCvxq5P|73231161|1DBk6NkGtHcjuZidWqu4HawfzTwbW3p47J|12370187,transaction|wallet|transaction|wallet|transaction,|-0.0863761|-0.0090744|-0.0866357|-0.00961682
113Y1qyts1FNejKhJJbXciDnasM9yT1EfZ,4,wallet,1672DJUMTLqxLJNbxC1JBRoTRZhFHKdgHa,False,True,5,113Y1qyts1FNejKhJJbXciDnasM9yT1EfZ|84748910|1FHV7A6ar3w8A1MpSKEVwZff4N3VTDtA6S|84332819|1672DJUMTLqxLJNbxC1JBRoTRZhFHKdgHa,wallet|transaction|wallet|transaction|wallet,|0.990051|0.909102|0.987451|0.891619
122PuEnPGyVJ6rLmVBHpxywLeCvhozCHGh,4,wallet,18st1SFGuh2vx8f6TGC4UczuDvvC81b1e1,False,True,5,122PuEnPGyVJ6rLmVBHpxywLeCvhozCHGh|372826571|1Q5QqKRpQYxJcCZoiYXnqc1KkU8LpbLAwm|372749761|18st1SFGuh2vx8f6TGC4UczuDvvC81b1e1,wallet|transaction|wallet|transaction|wallet,|0.988979|0.908466|0.988582|0.891567
123KBbJSbQZzBpp9ugyKVSHJhRABmhcYqV,4,wallet,19p223N4k7Vo6KNDDt1VoVgGLBFDXuKhuq,False,True,5,123KBbJSbQZzBpp9ugyKVSHJhRABmhcYqV|234836328|1D2KVzADRbiAwr2a8ex3J3kvCYaSiXwVpU|234205090|19p223N4k7Vo6KNDDt1VoVgGLBFDXuKhuq,wallet|transaction|wallet|transaction|wallet,|0.990218|-0.0550776|-0.00944873|-0.0822438
126iVJut2nHUXeMoikE44Fo5mLdFMRVv5K,4,wallet,1CfTBEgz7Bm4Pxkd7tfSqB1GmjgrdLzLkB,False,True,5,126iVJut2nHUXeMoikE44Fo5mLdFMRVv5K|209058193|14EDRcJT46HNDE3AJGp9QjJoKh1KiDDXqb|208938499|1CfTBEgz7Bm4Pxkd7tfSqB1GmjgrdLzLkB,wallet|transaction|wallet|transaction|wallet,|0.989535|0.910894|0.988358|0.891557
12FMf4Gj85eYPLWmuVAndnjgL55vUsBJrG,4,wallet,1QDDgh22Jc7RftDBeWYQK5KUV51usFsjvx,False,True,5,12FMf4Gj85eYPLWmuVAndnjgL55vUsBJrG|161958397|148iteTcgjsZaR5AaYZ7dt33H5AoJeiRBo|254232010|1QDDgh22Jc7RftDBeWYQK5KUV51usFsjvx,wallet|transaction|wallet|transaction|wallet,|-0.00928583|-0.085015|0.23966|0.892053
12KywPgC1KgDDsWRv2MsEhafYCTKogAST8,4,wallet,17tmTHgkB5C8Mpreo4NyDDXNaRC1AvTNib,False,True,5,12KywPgC1KgDDsWRv2MsEhafYCTKogAST8|372678485|1Cdm1xeWWsq7bkM555a9GLEvygWzhcFiyA|372678483|17tmTHgkB5C8Mpreo4NyDDXNaRC1AvTNib,wallet|transaction|wallet|transaction|wallet,|0.982732|0.911546|0.988461|0.891572
12LyDmU8LdQaLNcgTY4ouQzMrgrqfdAdna,4,wallet,3964G36rzvtYRdAULprDVzQsQLPrfWWhQi,False,True,5,12LyDmU8LdQaLNcgTY4ouQzMrgrqfdAdna|114675613|1ANXWpxRLq9BATf34J8tqP21hMngjnkqh|49875113|3964G36rzvtYRdAULprDVzQsQLPrfWWhQi,wallet|transaction|wallet|transaction|wallet,|0.984022|0.908963|0.968985|0.891865
12M9LCLUBbfGFgWvpMnY4aoSR72e4YZEiy,4,wallet,16UDjgcakxhi3TCnTntctpHgYwc1dgkpE7,False,True,5,12M9LCLUBbfGFgWvpMnY4aoSR72e4YZEiy|241503295|1W5kyNEyQdwVduZ6kK9VrAmVwa3uavfcz|241494998|16UDjgcakxhi3TCnTntctpHgYwc1dgkpE7,wallet|transaction|wallet|transaction|wallet,|0.979135|0.909044|0.987238|0.891524
12YVLSfnpNgkpuzN3FprkNc8Q7Au1zQjZn,4,wallet,1Fj9TE5oggLiWf5DNfprvN4prQCJUKXoCa,False,True,5,12YVLSfnpNgkpuzN3FprkNc8Q7Au1zQjZn|378409253|1Ar9tVASCat13r1FiXWFbnVavcxpAYYm6n|378279559|1Fj9TE5oggLiWf5DNfprvN4prQCJUKXoCa,wallet|transaction|wallet|transaction|wallet,|0.989822|0.91016|0.98929|0.909673
12hDGz5WEEeM9j4unPY4fMRbBJAyb84Y5n,4,wallet,1DvhWbCAJ5uwzQGYn1tJZVEAC4AqrhLHaH,False,True,5,12hDGz5WEEeM9j4unPY4fMRbBJAyb84Y5n|372726111|12WuDgXJgAgRZdBg6V1oWDqbeTwSqn4C9W|341692282|1DvhWbCAJ5uwzQGYn1tJZVEAC4AqrhLHaH,wallet|transaction|wallet|transaction|wallet,|0.990127|0.911656|0.98842|0.891578
12oqQzioksAqvgkth2bJSMAxHqMtaPkzfH,4,wallet,31r2SnDuXPkkd6WzNMTFZiayRfW47iYUto,False,True,5,12oqQzioksAqvgkth2bJSMAxHqMtaPkzfH|190006225|124ybw1QjNKcBTtKg6HkaSXsU8vS1qR8W3|190006242|31r2SnDuXPkkd6WzNMTFZiayRfW47iYUto,wallet|transaction|wallet|transaction|wallet,|0.989163|0.770622|0.94574|0.891492
13eGZRd58X9SmARBerDhJV4TYvoCwyVPnL,4,wallet,1Q3SEEJ4qVnRmbg86uWsy1gcuFd1bHncGf,False,True,5,13eGZRd58X9SmARBerDhJV4TYvoCwyVPnL|283178275|1NYCuYueGDP4yk9c3AXJjtbNo5Nimh4ggW|269560449|1Q3SEEJ4qVnRmbg86uWsy1gcuFd1bHncGf,wallet|transaction|wallet|transaction|wallet,|-0.00961232|-0.0866377|-0.00961682|-0.0866377
13wGJdG5MJtr4jzMH6fSRKGw4FAY8HNkRQ,4,wallet,1ELRC7eRxcESge5i7Nx7nyZZwQDY6Snk2H,False,True,5,13wGJdG5MJtr4jzMH6fSRKGw4FAY8HNkRQ|6436559|12vfs2AyL4G6PXNaMCTnCnnfMPukMzaiwk|13114107|1ELRC7eRxcESge5i7Nx7nyZZwQDY6Snk2H,wallet|transaction|wallet|transaction|wallet,|0.989647|0.904908|0.975469|0.891534
145uP9Suy7ejTGnXWZhUCZdgBP2EP4vki7,4,wallet,1KYEZwHGAMe191dZEQKfg98phZ6iXmWfg5,False,True,5,145uP9Suy7ejTGnXWZhUCZdgBP2EP4vki7|211084916|14vyrZgdDH6RDcSVAFSNSm9QHyweHFrPVZ|98429569|1KYEZwHGAMe191dZEQKfg98phZ6iXmWfg5,wallet|transaction|wallet|transaction|wallet,|0.990359|-0.0756748|-0.00961682|0.891532
14AeKdYbsdAjTuotE4zep9erZgL3Q9JrkD,4,wallet,1FjHrXdENAZms7bTeNjwHZ8faPkC9Zw9CS,False,True,5,14AeKdYbsdAjTuotE4zep9erZgL3Q9JrkD|234169263|12TcFnW3nrBG4Ahu3Mzvqjzk345GvRkGoX|64103261|1FjHrXdENAZms7bTeNjwHZ8faPkC9Zw9CS,wallet|transaction|wallet|transaction|wallet,|0.988584|0.879074|0.983108|0.891536
14HVMGZEiPLaQySi15hfCAogVWmfjpWvS9,4,wallet,1HJ6scVBtYqeL8VSZD7ZYtKhXoJeX6fsVz,False,True,5,14HVMGZEiPLaQySi15hfCAogVWmfjpWvS9|84749894|18tYaUYkAxKas1pwqNFAjRa9PjFA68Xtse|84335456|1HJ6scVBtYqeL8VSZD7ZYtKhXoJeX6fsVz,wallet|transaction|wallet|transaction|wallet,|0.989943|0.907556|0.987745|0.891618
14Sha1J6pSUJPuA23pExYi22CB2sphUVz4,4,wallet,19DQVWDdWxBUuSCU7bE329tqV1NYMxYvnq,False,True,5,14Sha1J6pSUJPuA23pExYi22CB2sphUVz4|269118746|193RgpseMZzLShkWNPcsPJ9nVeH8LNTAQn|268806590|19DQVWDdWxBUuSCU7bE329tqV1NYMxYvnq,wallet|transaction|wallet|transaction|wallet,|-0.00961248|-0.0866377|-0.00961682|-0.0866377
14UcbzMBCHRxcCJmPDEK9xn2GWZMHvrGWY,4,wallet,1ELRC7eRxcESge5i7Nx7nyZZwQDY6Snk2H,False,True,5,14UcbzMBCHRxcCJmPDEK9xn2GWZMHvrGWY|114770297|17tUu1tGp8okTL12BDDb12p2jzQJjCmhC3|13114107|1ELRC7eRxcESge5i7Nx7nyZZwQDY6Snk2H,wallet|transaction|wallet|transaction|wallet,|0.989427|0.908384|0.975469|0.891534
14p3sTzV3ikZhZo5Cnru9ob4crF2fn3JES,4,wallet,1DaVD4N9LicN65k6wq82TPu3yWfU9GNb4S,False,True,5,14p3sTzV3ikZhZo5Cnru9ob4crF2fn3JES|209682050|17htBuQvt459DxbiMgK22r9Vprjn3t7i7L|209050993|1DaVD4N9LicN65k6wq82TPu3yWfU9GNb4S,wallet|transaction|wallet|transaction|wallet,|0.941556|0.84661|0.97976|0.891618
154WbyPSJPfS4ksay17pZg7P3nubEAf8Bp,4,wallet,12AuxuNWcMkvUPog6zxhFBY2yEsttW8hSm,False,True,5,154WbyPSJPfS4ksay17pZg7P3nubEAf8Bp|29216210|14Bzim7WVmChZntRTwDznKhWfz672pnmUF|5733497|12AuxuNWcMkvUPog6zxhFBY2yEsttW8hSm,wallet|transaction|wallet|transaction|wallet,|-0.00955557|-0.0855288|0.0504935|0.892257
15TXyoBeeeirMyt7eyPrbdPDbKuq5ZZQ3C,4,wallet,1NXmhZSsR4vCmt3D7W4MRbBYpMDnTYJaT1,False,True,5,15TXyoBeeeirMyt7eyPrbdPDbKuq5ZZQ3C|96938193|1FKT2v7z72hXm3JtJcBjuUEgbSkux6DJoq|17303883|1NXmhZSsR4vCmt3D7W4MRbBYpMDnTYJaT1,wallet|transaction|wallet|transaction|wallet,|0.958334|0.907759|0.244952|0.892315
15awF74GqmnSQcqoDsMB1xY2P5nLij17aG,4,transaction,288089195,False,True,5,15awF74GqmnSQcqoDsMB1xY2P5nLij17aG|288401420|1LU4SqRr18uSYchuHFgrk2VUyYNaH2Kk9b|288401071|288089195,wallet|transaction|wallet|transaction|transaction,|0.985838|0.910128|0.986324|0.00725604
161uuFYKzKaNupTop6tRvFEFLZvUFrAWdt,4,wallet,19Jq7AssQczgxQdpxgmYiFVD8t2vKuVVUZ,False,True,5,161uuFYKzKaNupTop6tRvFEFLZvUFrAWdt|355102469|1A9wXnMdHa1GCfUzcYMdX7eYEpxQNZq4Yd|355109280|19Jq7AssQczgxQdpxgmYiFVD8t2vKuVVUZ,wallet|transaction|wallet|transaction|wallet,|-0.00722315|-0.027161|0.93499|0.891889
162quYhHpSRNT3mfq994fV2mG4iKVQt9Yj,4,wallet,13vHWR3iLsHeYwT42RnuKYNBoVPrKKZgRv,False,True,5,162quYhHpSRNT3mfq994fV2mG4iKVQt9Yj|272148432|1No3hdhRjdRckE1BWisKkDg8D16hc1FSrw|272148434|13vHWR3iLsHeYwT42RnuKYNBoVPrKKZgRv,wallet|transaction|wallet|transaction|wallet,|0.990206|-0.0866377|-0.00961682|-0.0866377
16EWVNgruRqCqFrWtwjMKDqZRwHcsg1VBv,4,wallet,1569tRSELMUVFyL91RyRSQr9uGfTp8Db3Q,False,True,5,16EWVNgruRqCqFrWtwjMKDqZRwHcsg1VBv|115726373|1JR1Wt5tc6HQh3hLSQb6REFmjdK94t9jkh|1119474|1569tRSELMUVFyL91RyRSQr9uGfTp8Db3Q,wallet|transaction|wallet|transaction|wallet,|-0.00961241|-0.0865552|-0.00561883|-0.0392627
16a6acv5vbGpKVk17LLMSP3rrhCbPNZwyQ,4,wallet,1762XHHLtrkJoyoJCnf1X7ypQ9Xrw6cdxt,False,True,5,16a6acv5vbGpKVk17LLMSP3rrhCbPNZwyQ|241512596|12oTxdyBz6RPXLMZFdaYhjn4HRBsa6bHb9|240298507|1762XHHLtrkJoyoJCnf1X7ypQ9Xrw6cdxt,wallet|transaction|wallet|transaction|wallet,|0.975463|0.911775|0.987814|0.891548
16ixpF3S8cYwkYbDrhBZMJGyKKDhyoWTFW,4,wallet,3BbN4AXLktFAaby7ks2eLAc2kfu6ucWj9Y,False,True,5,16ixpF3S8cYwkYbDrhBZMJGyKKDhyoWTFW|299172427|1FA84FS8wLiFAA1WjoJaM1aCsisHVcJLXd|300317561|3BbN4AXLktFAaby7ks2eLAc2kfu6ucWj9Y,wallet|transaction|wallet|transaction|wallet,|0.989882|0.910176|0.985925|0.891671
175h3PP18MpAXfQiQxJEeGidqeXhD4Y7hT,4,wallet,13TtS48LBELUEhaGdzYReu8uMecFup7FMW,False,True,5,175h3PP18MpAXfQiQxJEeGidqeXhD4Y7hT|100045365|1PNvbmvcjT2pNG54MPJo65Mf8Lc9nqsb7k|98975214|13TtS48LBELUEhaGdzYReu8uMecFup7FMW,wallet|transaction|wallet|transaction|wallet,|0.439526|0.911247|0.988686|0.891564
17AukWbejGNSeAmR7GtCCpsdHiAYFWVJG2,4,wallet,1F8am3N3Ss4Ht7mbmKRG4o8ZYj9MYEk6qz,False,True,5,17AukWbejGNSeAmR7GtCCpsdHiAYFWVJG2|1744684|154jDYLehMtuqQrTdkFDaLYztBFG5UctEd|200032559|1F8am3N3Ss4Ht7mbmKRG4o8ZYj9MYEk6qz,wallet|transaction|wallet|transaction|wallet,|-0.00961682|-0.0866377|-0.00961682|-0.0853062
17DCxZGMqSpc452uwz2xVQ3UV1aY9m6W88,4,wallet,18Ru7UbBtYSHPogC2ihhgSSZRWUBTK7Rnc,False,True,5,17DCxZGMqSpc452uwz2xVQ3UV1aY9m6W88|150413145|1N9DE6XJpaVAWXVFiKRJddBArvedRjXu14|10773646|18Ru7UbBtYSHPogC2ihhgSSZRWUBTK7Rnc,wallet|transaction|wallet|transaction|wallet,|0.990354|0.889369|0.0085596|0.89271
17eoRPx7wvBcAeJtX2QxEFuwda5nYJ3T7d,4,wallet,1LS1p2rJmugNhJnGKvrPaRacXG28fizTjs,False,True,5,17eoRPx7wvBcAeJtX2QxEFuwda5nYJ3T7d|92672488|1G3CVzLyzCkB2Q9i5aEEcmBsyqJRAw3Afm|92672483|1LS1p2rJmugNhJnGKvrPaRacXG28fizTjs,wallet|transaction|wallet|transaction|wallet,|0.977996|0.910704|0.984947|0.891692
17ffWirkPwzAwi82kqdzocHvZ34BZyzpqL,4,wallet,1MeFBRNnT91GY227gh1iwuxbMP9sL59w1K,False,True,5,17ffWirkPwzAwi82kqdzocHvZ34BZyzpqL|30180254|12SUDbsVPQToMcfSahpWELJS32EvzMd1Tm|30179367|1MeFBRNnT91GY227gh1iwuxbMP9sL59w1K,wallet|transaction|wallet|transaction|wallet,|0.70904|0.909537|0.98327|0.891739
17gqENPQKuSD8duDSXubJEwjhLKxNdPdrY,4,wallet,13xyyTymEp91gQr9iQ3AfTJX5LYe1LCxFK,False,True,5,17gqENPQKuSD8duDSXubJEwjhLKxNdPdrY|30179462|17uJBzLLnv9E1oP7t1Fh8TeBmUsi8BrALD|30179369|13xyyTymEp91gQr9iQ3AfTJX5LYe1LCxFK,wallet|transaction|wallet|transaction|wallet,|0.793645|0.909506|0.983268|0.891739
17y1YvgzjVGaZs1yAKNrpTszbAXUi8XSqb,4,wallet,14oJWXN66rJEczwDnWj3fRZ3UJq5bUyiHt,False,True,5,17y1YvgzjVGaZs1yAKNrpTszbAXUi8XSqb|336436020|1EYqejuA5FbqUmcxwsKtTb82kyXmNoqenv|331496023|14oJWXN66rJEczwDnWj3fRZ3UJq5bUyiHt,wallet|transaction|wallet|transaction|wallet,|0.9823|0.911443|0.988219|0.89158
188nmTCRevpJSMVHhS8wAj239QgbMqZjy4,4,wallet,1HrTtf4tCy9STMZyvDiuwcZhivAHndz7FR,False,True,5,188nmTCRevpJSMVHhS8wAj239QgbMqZjy4|30179618|12ngaHHBJFj5PbMRYqQtgWUGUW3vuERipw|30179328|1HrTtf4tCy9STMZyvDiuwcZhivAHndz7FR,wallet|transaction|wallet|transaction|wallet,|0.870298|0.909476|0.983239|0.891739
18tZGvM5sB7b8gZAp7kRGK7bvAe5ykjYi9,4,wallet,1A6PFkdF7axeFsyhpJYE1pRcCBQQhTviNm,False,True,5,18tZGvM5sB7b8gZAp7kRGK7bvAe5ykjYi9|71789594|17exTrafYtYn1eoXDaSqpgyApGhhgJ3bE2|71789586|1A6PFkdF7axeFsyhpJYE1pRcCBQQhTviNm,wallet|transaction|wallet|transaction|wallet,|0.981385|0.906161|0.982143|0.891791
1927jdMauuzfZ4zWxuNZM1F4MGuJA7UZQk,4,wallet,1Q8YhgGgC7Movu8HgBH2gQEAE7bZWWLGot,False,True,5,1927jdMauuzfZ4zWxuNZM1F4MGuJA7UZQk|209050851|1GgM2yygXXQ5iAWyCbgkUiVWnbWH2xx1Fq|9565016|1Q8YhgGgC7Movu8HgBH2gQEAE7bZWWLGot,wallet|transaction|wallet|transaction|wallet,|0.990229|0.907017|0.740338|0.891813
199ajGn11hBQWbAyA1FzdhLJehG6fnnY4z,4,wallet,16ECuRD6zkYStkwMwhDarbrUgFwbhCsNk7,False,True,5,199ajGn11hBQWbAyA1FzdhLJehG6fnnY4z|339851480|158W92YqUUwW54RAyVHNB9koaVkJ1TTCmi|305080357|16ECuRD6zkYStkwMwhDarbrUgFwbhCsNk7,wallet|transaction|wallet|transaction|wallet,|0.734961|0.911714|0.987696|0.891571
19BrkJWkMJ2CPHSFdfj9syivTCu5HcBNMk,4,wallet,1EKWgZRjjyQbvrdeZQF3EymxMxUMsfoiuD,False,True,5,19BrkJWkMJ2CPHSFdfj9syivTCu5HcBNMk|248915737|1KQt1nXkXLL2VqyC9VmfiGhjhmyPTasfvV|248888670|1EKWgZRjjyQbvrdeZQF3EymxMxUMsfoiuD,wallet|transaction|wallet|transaction|wallet,|-0.00961652|-0.0866377|-0.00961682|0.891597
19E49RfNrnWYhh411QrHoB5pMf68kwk4SX,4,wallet,1294YBChtMxM1S36kHA12psHi8Ny6iDpWj,False,True,5,19E49RfNrnWYhh411QrHoB5pMf68kwk4SX|71450697|12cBJfbVg5QmUM2cKPpC5jjFiVwVQweZDJ|70782417|1294YBChtMxM1S36kHA12psHi8Ny6iDpWj,wallet|transaction|wallet|transaction|wallet,|0.977636|0.908483|0.971101|0.891854
19zm69Hy6o3mi1sYx5SCXTc4XMYjdtxdEr,4,wallet,13wdkDasM1KcscU89hKGbLXmguebkX18JT,False,True,5,19zm69Hy6o3mi1sYx5SCXTc4XMYjdtxdEr|99636195|13WwySyNYefSW8Rmkb4g1UjAdnNDstPvtS|99497255|13wdkDasM1KcscU89hKGbLXmguebkX18JT,wallet|transaction|wallet|transaction|wallet,|0.979461|0.911527|0.988597|0.891564
1A7qUFDbaPSRxWhP8HnJXDzUHFycDVgp7z,4,wallet,1H1z8H9F6YSmpgc3dZ2zy811CEHLLbGRVP,False,True,5,1A7qUFDbaPSRxWhP8HnJXDzUHFycDVgp7z|362960728|1Jj3t3nnxfRE6Y2q6oQongPaRRV11TaSo3|362855605|1H1z8H9F6YSmpgc3dZ2zy811CEHLLbGRVP,wallet|transaction|wallet|transaction|wallet,|0.98391|0.91172|0.988403|0.891562
1AGrgp2XNdXyw45rfyEEMpgG6Gr3UySfBZ,4,wallet,1FLiLtQMASJPAx77ZkFkxyQb5F7p3fBuqf,False,True,5,1AGrgp2XNdXyw45rfyEEMpgG6Gr3UySfBZ|241503808|18ejknucGKiFEN25E1DMsUG8qovFKroqTr|241489128|1FLiLtQMASJPAx77ZkFkxyQb5F7p3fBuqf,wallet|transaction|wallet|transaction|wallet,|0.988189|0.911775|0.988924|0.891533
1AM6YETwLM8JenQRgBq3cs94Pu9GThJfGP,4,wallet,1HRU1SUf19U5WwDWW4bT2cM6K4zsBcj8V6,False,True,5,1AM6YETwLM8JenQRgBq3cs94Pu9GThJfGP|149138176|1KPQzVGhH7DDCMzZEgY6q7J2YgsQvLorfW|29679152|1HRU1SUf19U5WwDWW4bT2cM6K4zsBcj8V6,wallet|transaction|wallet|transaction|wallet,|0.989709|-0.0797437|0.0244042|0.892494
1AT3GEcR3ma3Lm4N36M6VeAEgswejcTwoR,4,wallet,1EKk6fL3V83jgMxdWn2uSDy1G5LeL1DD4x,False,True,5,1AT3GEcR3ma3Lm4N36M6VeAEgswejcTwoR|368746953|1Jkxo5FrdB8G4spD1qbXoVBcRYQHjGot54|313670795|1EKk6fL3V83jgMxdWn2uSDy1G5LeL1DD4x,wallet|transaction|wallet|transaction|wallet,|0.990335|0.91201|0.62058|0.891979
1B8n5tbQJEk9k87QXhjJtiNvXmc99HDzzu,4,wallet,1HMyR4vC96MjKkMLEDDk9bDorPUPxoUsbL,False,True,5,1B8n5tbQJEk9k87QXhjJtiNvXmc99HDzzu|209526419|14EuYnzMMRv2Bj4Mcjky6ZKwSSVpeTktZ6|209059427|1HMyR4vC96MjKkMLEDDk9bDorPUPxoUsbL,wallet|transaction|wallet|transaction|wallet,|0.98997|0.911486|0.988554|0.891563
1BAThQjWLezcoTa7Gp2oTNAt6zEJtXe2kG,4,wallet,15RBP8SoGEDwdqDhSigPWJk6nH3U4K7kMt,False,True,5,1BAThQjWLezcoTa7Gp2oTNAt6zEJtXe2kG|234836322|1LzmUk5HFsq8KjkC52LkHovj1Pi5Q7me72|61769776|15RBP8SoGEDwdqDhSigPWJk6nH3U4K7kMt,wallet|transaction|wallet|transaction|wallet,|0.989678|0.900075|-0.00885384|0.891498
1BEfK5nNJhMVkL7Ysii7UFctnbjp9GW9Pt,4,wallet,1FsEy4KpsMKAK28qS8PAdpNTLB6G7SdCxu,False,True,5,1BEfK5nNJhMVkL7Ysii7UFctnbjp9GW9Pt|71749633|1HfUdAgLpWgd6qgzPrPXji7MB4YubBKN88|29949646|1FsEy4KpsMKAK28qS8PAdpNTLB6G7SdCxu,wallet|transaction|wallet|transaction|wallet,|0.990174|0.910533|0.871068|0.89203
1BHeTKX56dxYfB1e3vujLiFfDd6gvcQU3R,4,wallet,1C8BrqmwdMTmZ7hJxTaBGaQDf63WsJG8Rk,False,True,5,1BHeTKX56dxYfB1e3vujLiFfDd6gvcQU3R|57017238|1FaPMuczf7UfTVV87mDyVFSESiXRNExAiM|54813121|1C8BrqmwdMTmZ7hJxTaBGaQDf63WsJG8Rk,wallet|transaction|wallet|transaction|wallet,|0.987644|0.9049|0.983971|0.89173
1BXCcT9kdmVhAjrzFqZxamBY19jzEuhmGo,4,wallet,1HgmC12yMXouXuaSNH2XgSYBzkR19E4WRD,False,True,5,1BXCcT9kdmVhAjrzFqZxamBY19jzEuhmGo|355003726|19b9easgZuTi3ivLixTRk7oZ1S545sSe5a|355003727|1HgmC12yMXouXuaSNH2XgSYBzkR19E4WRD,wallet|transaction|wallet|transaction|wallet,|0.989753|0.909226|0.986393|0.89166
1BjS6UbosMK4vEK2vQopaCaa3wRRswjb6H,4,wallet,1xJNjCft7AvmNAfrFh19atXzgDrE36ShY,False,True,5,1BjS6UbosMK4vEK2vQopaCaa3wRRswjb6H|355008334|1NoTZBqaxdXUn9RWZ45zmPwA3CMoTwVe8f|192942618|1xJNjCft7AvmNAfrFh19atXzgDrE36ShY,wallet|transaction|wallet|transaction|wallet,|0.942418|0.901673|0.985818|0.891672
1CK54oYdAX2wA3onQjRbsnQ1BMw7LqMJjS,4,wallet,1MtQiXkgFuvpy9UFQnuVt2F5LejNy23GFZ,False,True,5,1CK54oYdAX2wA3onQjRbsnQ1BMw7LqMJjS|141574560|19dfGGL5Ge25dkTwJfgmkh9EM7S4jZZMm2|248901768|1MtQiXkgFuvpy9UFQnuVt2F5LejNy23GFZ,wallet|transaction|wallet|transaction|wallet,|0.98811|-0.0760059|-0.00173315|0.891517
1CcvAxTTS27UnpDNFenURaFbToY21Z7rvb,4,wallet,1Q3Ja6Cafya2pQDzoJF7dchD6fnW4iQP7S,False,True,5,1CcvAxTTS27UnpDNFenURaFbToY21Z7rvb|43531652|1KjnHsViHG5roTfJDP8kHNEP86nx16VoWk|38523191|1Q3Ja6Cafya2pQDzoJF7dchD6fnW4iQP7S,wallet|transaction|wallet|transaction|wallet,|0.990031|0.80467|0.059539|-0.00142393
1CjFP9w321hu8Ety2e7wxCVoGrMQuSBnED,4,wallet,1CvZ8CA8jrPVzZ216BAx3q9tt7eWaDhM8b,False,True,5,1CjFP9w321hu8Ety2e7wxCVoGrMQuSBnED|209091416|1EX2H8gP7P9qSDc9waCHFcG5QsDjy3DTMd|208930302|1CvZ8CA8jrPVzZ216BAx3q9tt7eWaDhM8b,wallet|transaction|wallet|transaction|wallet,|0.989664|0.911532|0.988642|0.891557
1DH9yCUA33vRi8QaN5jUVsfJs2ioJ9aiXS,4,wallet,1DYmQndRngYDJKK9xdxshFHdR5WbHJpqwv,False,True,5,1DH9yCUA33vRi8QaN5jUVsfJs2ioJ9aiXS|339093790|1Goct8xVqHcgVNy8C24ktUtzSFY5ZRmEvT|339553711|1DYmQndRngYDJKK9xdxshFHdR5WbHJpqwv,wallet|transaction|wallet|transaction|wallet,|0.982233|0.911008|0.98781|0.908611
1DTcKy3U6TXUeNeDE7brxWb9uoffRsng7w,4,wallet,1ACAByYkHYebJLWB49ZztoNmBX5r8f7p4i,False,True,5,1DTcKy3U6TXUeNeDE7brxWb9uoffRsng7w|372812263|1441pPQEq8qAUZ8y2PuQKyfQRccabqQLtP|372727670|1ACAByYkHYebJLWB49ZztoNmBX5r8f7p4i,wallet|transaction|wallet|transaction|wallet,|0.989829|0.911548|0.988348|0.891576
1DVyXCbNpmByYFFhnVRnp8wWMtyFSK7b1g,4,wallet,144fAkgQphjXFPBEx6Ljv1YZneasnhTKFH,False,True,5,1DVyXCbNpmByYFFhnVRnp8wWMtyFSK7b1g|92606197|1KCgF3EJJKoHoWfCNjfu8vxwoVKqUHKh7u|92606152|144fAkgQphjXFPBEx6Ljv1YZneasnhTKFH,wallet|transaction|wallet|transaction|wallet,|0.978146|0.910763|0.985017|0.891692
1DdVAqggrsAudYfGd1TGHbnTs17jeK888k,4,wallet,1GD8w96xgtHkZLfyqEYbXAsFrM5Vfuim8W,False,True,5,1DdVAqggrsAudYfGd1TGHbnTs17jeK888k|157636225|1AD8LZh1XqWSDySmbWxwpifRyPoG3ysatV|157622934|1GD8w96xgtHkZLfyqEYbXAsFrM5Vfuim8W,wallet|transaction|wallet|transaction|wallet,|0.96786|0.905055|0.433271|0.892065
1DfDNE5Y4tdukqJ9qtsoWdZfV4KFHUtvSB,4,wallet,1FmdoeTYx82j8iAJxPgUKPsJ4FmhvTmeg7,False,True,5,1DfDNE5Y4tdukqJ9qtsoWdZfV4KFHUtvSB|306911718|1372KT5myi66VchhmmKyN5VL84KxJYAjBp|129110519|1FmdoeTYx82j8iAJxPgUKPsJ4FmhvTmeg7,wallet|transaction|wallet|transaction|wallet,|0.985213|0.911254|0.988688|0.891546
1E9svKrWb7fu1kw9cAbuVbcCAxvUVCGWTU,4,wallet,1AXUxG34S8JSZ7J54wp85qALcwsnyD5ioy,False,True,5,1E9svKrWb7fu1kw9cAbuVbcCAxvUVCGWTU|339553019|1MtX79zBtEckWd3bDboup92dDXkexmwx3J|339054155|1AXUxG34S8JSZ7J54wp85qALcwsnyD5ioy,wallet|transaction|wallet|transaction|wallet,|0.988042|0.91212|0.986398|0.891573
1ETvkrDgzAzNKXwzEFQVr1S42CMe2tqhPb,4,wallet,1B3k6vUs1LFNkDvfdkBcAmT3EWszruyTRc,False,True,5,1ETvkrDgzAzNKXwzEFQVr1S42CMe2tqhPb|30179461|198RB7eq3K97J8mjgshG9kiUTKJMNTDSNP|30179376|1B3k6vUs1LFNkDvfdkBcAmT3EWszruyTRc,wallet|transaction|wallet|transaction|wallet,|0.932584|0.910305|0.982579|0.891738
1EUkwfqQfqjAkGzQ8q5Ep745uuzL89UXn4,4,wallet,1NL8ag76hUxkUxQDThezdw1Cy7jQ72WmN9,False,True,5,1EUkwfqQfqjAkGzQ8q5Ep745uuzL89UXn4|56767080|16Vvs712orq1kbKBQkerXf2sdEq1ffs4eN|57056468|1NL8ag76hUxkUxQDThezdw1Cy7jQ72WmN9,wallet|transaction|wallet|transaction|wallet,|-0.00959207|-0.0846121|0.151136|0.892168
1EafVDYF8D292BRErRcRfJcUMm5P1kw1wW,4,wallet,147qD1wif5CqPdtmgsaobtvuPX3D7zvMj7,False,True,5,1EafVDYF8D292BRErRcRfJcUMm5P1kw1wW|240772643|1EfVgwUcTCjKk88jeVMx62T3XnFkxkCUqo|240790220|147qD1wif5CqPdtmgsaobtvuPX3D7zvMj7,wallet|transaction|wallet|transaction|wallet,|0.990107|0.911621|0.988216|0.891542
1Ek2NLvf1y3kDJZG4Gcxg9aSopHr2gFZeU,4,wallet,15ZyESkcDq7BWqZC3c817erc464yYQhPD5,False,True,5,1Ek2NLvf1y3kDJZG4Gcxg9aSopHr2gFZeU|96018652|16Dt2AsozzUrVApehZtFUYatiG2LTnrMtj|73023827|15ZyESkcDq7BWqZC3c817erc464yYQhPD5,wallet|transaction|wallet|transaction|wallet,|-0.00516267|-0.0866231|-0.00950322|0.891985
1EtPrGFjikndxppP43E2RC4nErLiTGPA8u,4,wallet,12u7HHw1mjEeV2Q6Z3uxk18aRd2Q14QRvB,False,True,5,1EtPrGFjikndxppP43E2RC4nErLiTGPA8u|69351361|1qVaaT4262ydf9HVHigs69s9KpeSCBHvE|54741315|12u7HHw1mjEeV2Q6Z3uxk18aRd2Q14QRvB,wallet|transaction|wallet|transaction|wallet,|0.989805|0.90879|0.980602|0.891743
1F46SjXCbQJzoHUv6fWbLKxJoyWYXSfoGa,4,wallet,1MRVmD1V2xBD8QGFVhXc2xXP5sJv5BH7Wd,False,True,5,1F46SjXCbQJzoHUv6fWbLKxJoyWYXSfoGa|99191240|1BsUNUGM5MQF6Es1qZbt7xjA5YiSiJ7t8X|98975509|1MRVmD1V2xBD8QGFVhXc2xXP5sJv5BH7Wd,wallet|transaction|wallet|transaction|wallet,|0.985776|0.911626|0.988157|0.891567
1FAorvBoBSZaL22xttUDuKtzEPNvpgKPU8,4,wallet,1KPgc1oAD6t4VPTQZD8PeYx2HP49ybSHUP,False,True,5,1FAorvBoBSZaL22xttUDuKtzEPNvpgKPU8|339110575|1K8Ubmt2gpoYc1aXM6fjjj3QbP6mggW3LG|201869681|1KPgc1oAD6t4VPTQZD8PeYx2HP49ybSHUP,wallet|transaction|wallet|transaction|wallet,|0.749799|0.910541|0.983449|0.891538
1FXerNAX7ERwnMemWkCB9wVaBFX3ApzARn,4,wallet,1KYDNMd3ruHt5LQ6w83BWFDkLJyk4hpF42,False,True,5,1FXerNAX7ERwnMemWkCB9wVaBFX3ApzARn|355110893|1ADghQ8RQxVXdVWwJtvE7yZkuXCgB6bkRG|355110886|1KYDNMd3ruHt5LQ6w83BWFDkLJyk4hpF42,wallet|transaction|wallet|transaction|wallet,|0.0565466|0.904197|0.985267|0.891687
1G2BKjjy2YSaZteV626k8Ka4WorkfkmRqt,4,wallet,181HEZrwm2tZN5miLTv1RrJM2foTQGbKeC,False,True,5,1G2BKjjy2YSaZteV626k8Ka4WorkfkmRqt|268885335|1J6a7T5trMyWXQmEMjuaezZYCuPC6Vy3e6|268874025|181HEZrwm2tZN5miLTv1RrJM2foTQGbKeC,wallet|transaction|wallet|transaction|wallet,|0.968208|0.908417|0.987986|0.891595
1G6NkMxM1upv2JBGroK8S9F53ojzyQmMpL,4,wallet,13vHWR3iLsHeYwT42RnuKYNBoVPrKKZgRv,False,True,5,1G6NkMxM1upv2JBGroK8S9F53ojzyQmMpL|195823686|1EF9P3YBSbdbVGMPuHSmGFN7oHJtLjzLTG|372818519|13vHWR3iLsHeYwT42RnuKYNBoVPrKKZgRv,wallet|transaction|wallet|transaction|wallet,|0.989563|-0.0866377|-0.00961682|-0.0866377
1GPxCxkToLStr66tsM4LjNAt5LPBuT19nP,4,wallet,1PkCbt1Hd9r5RPaffYRUzhapGm6mtwJBXE,False,True,5,1GPxCxkToLStr66tsM4LjNAt5LPBuT19nP|372691618|1BHn94jmtvVnSws1djX6gGamtSAhWHk5YH|372691611|1PkCbt1Hd9r5RPaffYRUzhapGm6mtwJBXE,wallet|transaction|wallet|transaction|wallet,|0.91327|0.911307|0.988495|0.891566
1GUshP8y2SUvgZTzHoHYbZ2Ptom6PuZYE,4,wallet,1DcKaxwc7TKvo1wHtoNANJsC7UJt5xgHpa,False,True,5,1GUshP8y2SUvgZTzHoHYbZ2Ptom6PuZYE|240791672|1Eb9HU5LGfky7JjPf9AJXWjVqayM2WiSiS|238608154|1DcKaxwc7TKvo1wHtoNANJsC7UJt5xgHpa,wallet|transaction|wallet|transaction|wallet,|0.990334|0.846399|0.263412|0.892112
1GvVxz291Nx7QYjcBaNP2shXtfPSuGpCqp,4,wallet,1Lnr2mG3pwzdMV2JYszKkjLZ9wSH21nfgy,False,True,5,1GvVxz291Nx7QYjcBaNP2shXtfPSuGpCqp|288594849|1FUadU6Xm6SEcgwtEkBmVXBrZJYU6yH5ej|288594845|1Lnr2mG3pwzdMV2JYszKkjLZ9wSH21nfgy,wallet|transaction|wallet|transaction|wallet,|0.763797|0.909631|0.983563|0.891718
1H1amSxfpyjrLMhn1DQcGciTiBm6VcN98L,4,wallet,1CHepyTpPwknbqQtz6xPMvYF4teJR8iFRX,False,True,5,1H1amSxfpyjrLMhn1DQcGciTiBm6VcN98L|12782435|19t9pcGWFEupMh1y1TNTRycgab2DsFEVpF|12782437|1CHepyTpPwknbqQtz6xPMvYF4teJR8iFRX,wallet|transaction|wallet|transaction|wallet,|0.990145|0.91053|0.909434|0.891967
1HWKMcXYEcDo4tYTFao7SCbi7B1Kv98hUH,4,wallet,197FgF9iCXAZbBsbGu7Wvny9MnwyRH59uu,False,True,5,1HWKMcXYEcDo4tYTFao7SCbi7B1Kv98hUH|96367838|1ECb4ousitLjggVGjA36DFKbUTRccNx7CK|92728959|197FgF9iCXAZbBsbGu7Wvny9MnwyRH59uu,wallet|transaction|wallet|transaction|wallet,|0.97146|0.91012|0.98434|0.891703
1HXhSdbCHG2psLhDA3c18nLVM2qnfwZfTF,4,wallet,1L9pd8iebANDk8Ypmn3cqDamFxjgUmjis9,False,True,5,1HXhSdbCHG2psLhDA3c18nLVM2qnfwZfTF|210635984|16MsDB4hEJGabYmqkWbNoSSz9V2VRtHLyZ|51018430|1L9pd8iebANDk8Ypmn3cqDamFxjgUmjis9,wallet|transaction|wallet|transaction|wallet,|0.989885|0.911825|0.987843|0.89157
1HvTWPZj6xhj79XoayPMdZU9HpAqPRq28B,4,wallet,15b7teTjLi3Tac66SA71eM2w2oXZ4eCZQK,False,True,5,1HvTWPZj6xhj79XoayPMdZU9HpAqPRq28B|283161040|1HhouB3hF6M3sR1M7aq7hYAQLXAxbwQ3GM|269535382|15b7teTjLi3Tac66SA71eM2w2oXZ4eCZQK,wallet|transaction|wallet|transaction|wallet,|0.989849|0.911423|0.987626|0.891602
1Hy8WS1JjLgixL19Se5tXd98TPpnmvgKXH,4,wallet,38dWYjJim5CEhABQxYLxdFjxAATcCxjdnE,False,True,5,1Hy8WS1JjLgixL19Se5tXd98TPpnmvgKXH|175467844|17qzS84md7jf5JpRLdaLe5i7AoDSpQba7r|111174830|38dWYjJim5CEhABQxYLxdFjxAATcCxjdnE,wallet|transaction|wallet|transaction|wallet,|0.978939|0.909295|0.96657|0.89149
1J78rdoMqf9YiTtAmGQF46X3vFTDXQBJoW,4,wallet,1A2mb4Bzf7kjnNW8s12Ck3kyhunLyV19ce,False,True,5,1J78rdoMqf9YiTtAmGQF46X3vFTDXQBJoW|378255660|1LwvStMXKVYGoKgXMWH9KkCiCUEQLJmV4u|378073029|1A2mb4Bzf7kjnNW8s12Ck3kyhunLyV19ce,wallet|transaction|wallet|transaction|wallet,|0.989713|0.910676|0.988762|0.891533
1JGmSA9LUwp2G3Rt42bb6QRZCnyBpRMLe,4,wallet,12LgL765QvvRqk9buAy9iLFwz7cLRPmSeP,False,True,5,1JGmSA9LUwp2G3Rt42bb6QRZCnyBpRMLe|269502435|1GBdQKJcvZNo7dKDCTXT18goQtFcfgNsNJ|201786771|12LgL765QvvRqk9buAy9iLFwz7cLRPmSeP,wallet|transaction|wallet|transaction|wallet,|0.990311|0.410369|0.0583304|0.892458
1JJidpwXBsxibio835Pkj2hrwCf7KDJ1zA,4,wallet,1Pcz8hmDkreU71EVRj8eaAP81sf12Z4wms,False,True,5,1JJidpwXBsxibio835Pkj2hrwCf7KDJ1zA|92622793|197BFu2Y2VLWh86eTV5Yar78bmgkgfDjNr|92622789|1Pcz8hmDkreU71EVRj8eaAP81sf12Z4wms,wallet|transaction|wallet|transaction|wallet,|0.978164|0.910772|0.98502|0.891692
1JoqgsPaTmfAyTb8DdZ41kjJ12USqpj7LK,4,wallet,1P93d9EwLD6NYUy22NXkBxJV6JR5jUuFkH,False,True,5,1JoqgsPaTmfAyTb8DdZ41kjJ12USqpj7LK|372723972|1B7RktshPPVJYYsDPMgJMHajU5AijW339i|311749569|1P93d9EwLD6NYUy22NXkBxJV6JR5jUuFkH,wallet|transaction|wallet|transaction|wallet,|0.00316783|0.691447|0.977056|0.891642
1JxdBNFxr81tBAHbtLXYQLBw7bM4Hi4ozH,4,wallet,14UeNJU5f29JsgbnsPvQpd3621BoBEJh5W,False,True,5,1JxdBNFxr81tBAHbtLXYQLBw7bM4Hi4ozH|307435871|1MQaBvuWwSQgTmrqiJT72NvYByiqUwdGjn|362907076|14UeNJU5f29JsgbnsPvQpd3621BoBEJh5W,wallet|transaction|wallet|transaction|wallet,|0.989227|0.904742|0.98851|0.891547
1K4XFbP3kPn5ro6BKS4tHnYeNLdBLFB4C2,4,wallet,12UPcNfYE4uX87ePCp2Cg88xpTUBKWHX27,False,True,5,1K4XFbP3kPn5ro6BKS4tHnYeNLdBLFB4C2|163867633|16afwbhjGabLw52fVc5rbFHC8K5ShAXL5m|163867636|12UPcNfYE4uX87ePCp2Cg88xpTUBKWHX27,wallet|transaction|wallet|transaction|wallet,|0.979698|0.910408|0.98701|0.89163
1KDJ3aZEtJEZZ8u32zbx1GaB6wJkAZjPTZ,4,wallet,18sANZJ2bXCnvY84GqDzcHig3auJqMMRYe,False,True,5,1KDJ3aZEtJEZZ8u32zbx1GaB6wJkAZjPTZ|209709679|1H5Dhk1jKV9n6TN2ZEqdpaPD8souPHKmbq|208915415|18sANZJ2bXCnvY84GqDzcHig3auJqMMRYe,wallet|transaction|wallet|transaction|wallet,|0.918088|0.911826|0.988527|0.891573
1Kp8dYpisNkDzamaWdh8zDhhfCGk26dQ7Q,4,wallet,1F47pLzQkmmmv49TCC6B8nTvTYZwnBXiV,False,True,5,1Kp8dYpisNkDzamaWdh8zDhhfCGk26dQ7Q|139233124|19pbmALF1QgVNbvQ6hXfV6TCs8GEg7ygrT|51551341|1F47pLzQkmmmv49TCC6B8nTvTYZwnBXiV,wallet|transaction|wallet|transaction|wallet,|0.655828|0.638468|0.792377|0.891792
1KyvjyH8QZReT2xuuX1VkN1HgME7VS3XDs,4,wallet,1BGbYAkX58ZwdXkAbBhgAbtBj6Veksa2H1,False,True,5,1KyvjyH8QZReT2xuuX1VkN1HgME7VS3XDs|72288093|1JJDgcHtfjEwNXoBJ5Ck4LNr2ig7Kj2juj|70781861|1BGbYAkX58ZwdXkAbBhgAbtBj6Veksa2H1,wallet|transaction|wallet|transaction|wallet,|-0.00955478|-0.0826104|0.759163|0.892047
1L2xBGrr4sA1KfKfh9jMQ8jzsC3MWtVdvX,4,wallet,13jueXY64cdvRGCrcWd1okBAEVcDw8f4zd,False,True,5,1L2xBGrr4sA1KfKfh9jMQ8jzsC3MWtVdvX|38365030|18AbpJTZ8euj7CSgFgWyVERrkUoMCZMZDY|12999570|13jueXY64cdvRGCrcWd1okBAEVcDw8f4zd,wallet|transaction|wallet|transaction|wallet,|0.99035|0.429893|0.119923|0.892348
1L8Vyw46QDoxhHZs6f8WBUxpepfQvBwav1,4,wallet,3ET8Hso3Y7kD9n8DesDFn6vYog3rigzwaa,False,True,5,1L8Vyw46QDoxhHZs6f8WBUxpepfQvBwav1|34535373|14XxoLFmtPBoi8SEBiEf1aru3TqG9CUeR9|13623410|3ET8Hso3Y7kD9n8DesDFn6vYog3rigzwaa,wallet|transaction|wallet|transaction|wallet,|0.986254|0.20271|0.0346472|0.892488
1LW6sdaMkzuYa7mFTg7mmvgzj4pBeiL6Yk,4,wallet,16aD9RURyfv5AxJDzsN9vXufmty6Q7DPVe,False,True,5,1LW6sdaMkzuYa7mFTg7mmvgzj4pBeiL6Yk|69713600|1fXeAYHNspZ8T183yNx8zBX7DXFxDtVZo|69302157|16aD9RURyfv5AxJDzsN9vXufmty6Q7DPVe,wallet|transaction|wallet|transaction|wallet,|0.989673|0.909791|0.972303|0.891751
1LZUW8YV9LywwFk6tZRAgLTaQqdd7eWbcc,4,wallet,1F8cRm4sGziYVWJtwzVmtcS9jzu6ARYBAp,False,True,5,1LZUW8YV9LywwFk6tZRAgLTaQqdd7eWbcc|116055498|1NQawqA1fSnhQyjrz5iHZdboHyuhqbYD5S|8695835|1F8cRm4sGziYVWJtwzVmtcS9jzu6ARYBAp,wallet|transaction|wallet|transaction|wallet,|0.990293|0.727402|0.041789|0.892426
1LvXpB6jHWUYpQbmGBzFXXS3KHxBzx2wcR,4,wallet,14rBy53QMqGMGqhQ6JZa3ECm4XofVHzRx3,False,True,5,1LvXpB6jHWUYpQbmGBzFXXS3KHxBzx2wcR|84734162|1DCnyDcNM2aT2KtYTq9FRuroKBxJutdG76|84460349|14rBy53QMqGMGqhQ6JZa3ECm4XofVHzRx3,wallet|transaction|wallet|transaction|wallet,|0.906823|0.910671|0.987671|0.891616
1MH4LSx53UPTdqt4CFM215giRSWHrraX4i,4,wallet,1KWxuvPpYmUsxz3qnpRtJSD5QAd5gBjSZb,False,True,5,1MH4LSx53UPTdqt4CFM215giRSWHrraX4i|234169860|1GPj54G15Z2LJpaVionQsCLxFkLU5Ad457|234151304|1KWxuvPpYmUsxz3qnpRtJSD5QAd5gBjSZb,wallet|transaction|wallet|transaction|wallet,|0.983991|0.91223|0.989026|0.891549
1MNGdEvUuX793VyHn3QkTtpMXEDjzLbwvL,4,wallet,14ARi6Jh8dbxXFoTdbA8ipR8EK5RsF5gUv,False,True,5,1MNGdEvUuX793VyHn3QkTtpMXEDjzLbwvL|191347647|1JPebcuXkcCjeg4c8gDLEyJhLeNK9tTgy6|87494797|14ARi6Jh8dbxXFoTdbA8ipR8EK5RsF5gUv,wallet|transaction|wallet|transaction|wallet,|0.988738|0.908584|0.975968|0.891724
1MTr338akrVvETAp21FEYi5vCtG1v3zvWb,4,wallet,1HEF7JSsnXfEDko9skuENa3ngMBT9Jz42s,False,True,5,1MTr338akrVvETAp21FEYi5vCtG1v3zvWb|209701749|1Q3d8GAEFpdvfAFbD5uPSgpFpSnY6go4mK|209039942|1HEF7JSsnXfEDko9skuENa3ngMBT9Jz42s,wallet|transaction|wallet|transaction|wallet,|0.989955|0.911802|0.984717|0.891628
1MdWCUoQr7E9uQErLp6BT19fVfqEY1Bqsm,4,wallet,19Jq7AssQczgxQdpxgmYiFVD8t2vKuVVUZ,False,True,5,1MdWCUoQr7E9uQErLp6BT19fVfqEY1Bqsm|355221977|1Kqh9LbU5qwrRvrcBRFzQHqHiogJT69tdV|355109280|19Jq7AssQczgxQdpxgmYiFVD8t2vKuVVUZ,wallet|transaction|wallet|transaction|wallet,|0.99026|0.911762|0.93499|0.891889
27742555,3,wallet,13LLpbhPXaRXe2iwgkaRZPdkHoLR8E7UtR,False,True,4,27742555|1MQQmV5PdHQMgdS3yzGiAReP4kahFWs5CZ|113518012|13LLpbhPXaRXe2iwgkaRZPdkHoLR8E7UtR,transaction|wallet|transaction|wallet,|0.901602|0.793289|0.891822
94654130,3,wallet,1HsuECjWNQmVL5K4jUjGA2xz77zjMXMHBQ,False,True,4,94654130|17HivXjD3M37ukmmMof8uiWtW5pLCMW8Mn|94498568|1HsuECjWNQmVL5K4jUjGA2xz77zjMXMHBQ,transaction|wallet|transaction|wallet,|0.912263|0.990125|0.90989
94654134,3,wallet,1F13YwHww9kYVpBzatUoAiLF4moPUHhFzd,False,True,4,94654134|1C478sndNEt14bt3xQHBWzabuuoEQaYavN|94366773|1F13YwHww9kYVpBzatUoAiLF4moPUHhFzd,transaction|wallet|transaction|wallet,|0.910151|0.988771|0.891508
98623628,3,wallet,14r4HwZJQrQEkotN5WigufbXguBkhguDFb,False,True,4,98623628|16aiiBXia1rTfYXmsuPogMAXtWtaxz4GuY|94048575|14r4HwZJQrQEkotN5WigufbXguBkhguDFb,transaction|wallet|transaction|wallet,|0.90964|0.965117|0.891489
189798829,3,wallet,1BQMBWuXwuc8xrcoqKjDTUP3QMck5QPHNN,False,True,4,189798829|1Gp3xJe4WyMikeXJ533jCeAxy7K8Ritdz3|189798835|1BQMBWuXwuc8xrcoqKjDTUP3QMck5QPHNN,transaction|wallet|transaction|wallet,|-0.0866377|-0.00961682|0.891564
191789118,3,wallet,1K3HgKBxgpVaHLsSpchVVvQCMZs1nw4fPw,False,True,4,191789118|1Hw7y1Bntk3kc5FYUjWbbLDccHtceAQtTk|190053764|1K3HgKBxgpVaHLsSpchVVvQCMZs1nw4fPw,transaction|wallet|transaction|wallet,|0.835267|0.478255|0.891797
175046937,3,wallet,14ynG2Zff4ZB1nbHZm4ZrTpiJPnqodeSQY,False,True,4,175046937|1DtQvSAAK4vNgsQ74zA3bE4CFnDQmj5YVR|117536420|14ynG2Zff4ZB1nbHZm4ZrTpiJPnqodeSQY,transaction|wallet|transaction|wallet,|0.909584|0.987837|0.891504
175405586,3,wallet,1CbXbBmuqCzi3d6otHEYsBjhoZ1XUYrD17,False,True,4,175405586|1vmqho6EyeBNB3k2zxYajDihctDBtGf7L|175061416|1CbXbBmuqCzi3d6otHEYsBjhoZ1XUYrD17,transaction|wallet|transaction|wallet,|0.9092|0.978911|0.891495
175405815,3,wallet,1K1Paj5k8fkRCuQAvnjHWu97CQBbcQvKmY,False,True,4,175405815|1BZjszTnBvZFgu8LjQxkZ2dQR4sf6Rba64|175042800|1K1Paj5k8fkRCuQAvnjHWu97CQBbcQvKmY,transaction|wallet|transaction|wallet,|0.901505|0.988259|0.891541
179039634,3,wallet,1F54F3YEUDBTR8yrKhxcES2yxZWrPkuHQs,False,True,4,179039634|12SzAeT4vprf3EjKCmLHHDtdtu2AyLgLH4|198221240|1F54F3YEUDBTR8yrKhxcES2yxZWrPkuHQs,transaction|wallet|transaction|wallet,|0.910287|0.987898|0.891504
226629469,3,wallet,1AntAvWeK9sQVUK6HZVacEv8hJNqYqScmk,False,True,4,226629469|1Jr37rxhKsnEfsQmdLsHATBuPEVZbocFHK|226591521|1AntAvWeK9sQVUK6HZVacEv8hJNqYqScmk,transaction|wallet|transaction|wallet,|0.83581|0.656885|0.908878
234166489,3,wallet,1ETbaTcveb2J6KrCvCVXWeB8rvDx6Amtkk,False,True,4,234166489|1Arki7pkZS4jTPbkiEgpwxiSEGx3PN9EVW|6184520|1ETbaTcveb2J6KrCvCVXWeB8rvDx6Amtkk,transaction|wallet|transaction|wallet,|0.870697|0.666654|0.891821
234560113,3,wallet,13rD6M1EKjqyGJRqHtjX2YnDGyqFaYLj86,False,True,4,234560113|14WKSHZdqqBmewn8nK8okXYkeK3eZu4cDg|234181138|13rD6M1EKjqyGJRqHtjX2YnDGyqFaYLj86,transaction|wallet|transaction|wallet,|0.910778|0.984042|0.891502
234574630,3,wallet,1peGsiJivoR7oHJkkyXoZcY2kAYytLbf6,False,True,4,234574630|1F3Ut52G3p5qsaW4ynVrGGW5QLf5nhwdx3|234661332|1peGsiJivoR7oHJkkyXoZcY2kAYytLbf6,transaction|wallet|transaction|wallet,|0.908094|0.972953|0.891497
234574632,3,wallet,13F4PsYorApP1wbvaEJSZ1tKFwrNcA4ggX,False,True,4,234574632|12RtXkhno25eS2A3tU4C6Ps9t8TngH1oVX|234834140|13F4PsYorApP1wbvaEJSZ1tKFwrNcA4ggX,transaction|wallet|transaction|wallet,|0.897397|0.960614|0.891496
7783087,3,wallet,13GHRaovmKYQtPbckpnFhtPUbTLjzcwUkf,False,True,4,7783087|1HPRtUDkrkmWqNbLjS7P3pcx9t7ymTe57V|339058403|13GHRaovmKYQtPbckpnFhtPUbTLjzcwUkf,transaction|wallet|transaction|wallet,|0.911235|0.987423|0.891511
339057155,3,wallet,3MEbqyNoUEddy8AvytRWKYJgnZ1y8d5uy1,False,True,4,339057155|1AHwzByyxQT3Dm5NkEN4bY8NZEMeQtnDbz|339057158|3MEbqyNoUEddy8AvytRWKYJgnZ1y8d5uy1,transaction|wallet|transaction|wallet,|0.911086|0.98845|0.891519
339057349,3,wallet,1JzWmaKroPhmTXeJRc7GmAUhQZK4kTaweT,False,True,4,339057349|1DNCzhL5A11mHoUXcX5N7u8fawPiGezHGB|339057351|1JzWmaKroPhmTXeJRc7GmAUhQZK4kTaweT,transaction|wallet|transaction|wallet,|0.911092|0.987609|0.891511
339057505,3,wallet,12SDpXvezLw94KpC5Ezz8tXe53yqsE4Cre,False,True,4,339057505|1ArZufVwoygS6BgjuVZifSD9MkNXF95hcr|339057507|12SDpXvezLw94KpC5Ezz8tXe53yqsE4Cre,transaction|wallet|transaction|wallet,|0.910945|0.987293|0.89151
339057962,3,wallet,137Wa3DJThod2qY7H3SwBwEZZmkypchfzX,False,True,4,339057962|1ELqWpKNGK83FUsJuJQY4C3NkN1HFBas2T|339057963|137Wa3DJThod2qY7H3SwBwEZZmkypchfzX,transaction|wallet|transaction|wallet,|0.911345|0.987043|0.891511
339093920,3,wallet,1P8vES2MpBU11ECuqvi2KbD5WZw6aZgxnT,False,True,4,339093920|1J3z8PMnUiG7Brv3N8vprprhTaodQzEsnz|220134222|1P8vES2MpBU11ECuqvi2KbD5WZw6aZgxnT,transaction|wallet|transaction|wallet,|0.911559|0.988964|0.891522
339094183,3,wallet,16HQL6ZUqwBbhSaxsWAsJok7tPDfAni4SL,False,True,4,339094183|17QV85afVHqVTTVk6j828bsma5bB3aMWdC|76548833|16HQL6ZUqwBbhSaxsWAsJok7tPDfAni4SL,transaction|wallet|transaction|wallet,|0.826815|0.981843|0.891584
339094197,3,wallet,16HQL6ZUqwBbhSaxsWAsJok7tPDfAni4SL,False,True,4,339094197|17QV85afVHqVTTVk6j828bsma5bB3aMWdC|76548833|16HQL6ZUqwBbhSaxsWAsJok7tPDfAni4SL,transaction|wallet|transaction|wallet,|0.826815|0.981843|0.891584
339094219,3,wallet,33eHY9jb6rPEkWrwbZY8K5evEsECAoGBeX,False,True,4,339094219|1CLsU3mEEi1WoJK4oPf4fBUtrcbARaKcC3|339094221|33eHY9jb6rPEkWrwbZY8K5evEsECAoGBeX,transaction|wallet|transaction|wallet,|0.911656|0.988575|0.891517
339095197,3,wallet,1JENymRc89THW9KMinnJM6Te7Tmayzks61,False,True,4,339095197|1BCJT92oUB652a7dJWTNpnXMzq9ZT7pfD|339095199|1JENymRc89THW9KMinnJM6Te7Tmayzks61,transaction|wallet|transaction|wallet,|0.911329|0.989096|0.891522
339095214,3,wallet,1FfNRHtsMMuArGUtfBKY7j4gqA3D51KZja,False,True,4,339095214|1752TWFHDsJRApgMAYw2pv8BXmvvggRBes|339095217|1FfNRHtsMMuArGUtfBKY7j4gqA3D51KZja,transaction|wallet|transaction|wallet,|0.902288|0.987443|0.891511
339096343,3,wallet,1E5Rfw1kRFPRgyjpZieagkmqZM3LoAVkc,False,True,4,339096343|1HwqaXghUZi5jG8UXek9u9mLcVhcWjkQUF|339083963|1E5Rfw1kRFPRgyjpZieagkmqZM3LoAVkc,transaction|wallet|transaction|wallet,|0.910129|0.984179|0.891506
339096348,3,wallet,1jFSL2Ng2efuSqbew8UnNjoWa448NDzrJ,False,True,4,339096348|18Eb3gMvVDEAbetaxoydt7JEcUXg5diXP2|339060115|1jFSL2Ng2efuSqbew8UnNjoWa448NDzrJ,transaction|wallet|transaction|wallet,|0.909862|0.987716|0.891516
339096356,3,wallet,1GSuvgnGQj6p5oqvUd6DFnoCpdaFPrxFH4,False,True,4,339096356|19BYzAVLLev4vYV18KztyGS1b8MKQnRo2c|339063176|1GSuvgnGQj6p5oqvUd6DFnoCpdaFPrxFH4,transaction|wallet|transaction|wallet,|0.910419|0.987808|0.891511
339120984,3,wallet,1FfNRHtsMMuArGUtfBKY7j4gqA3D51KZja,False,True,4,339120984|1752TWFHDsJRApgMAYw2pv8BXmvvggRBes|339095217|1FfNRHtsMMuArGUtfBKY7j4gqA3D51KZja,transaction|wallet|transaction|wallet,|0.902288|0.987443|0.891511
339642966,3,wallet,1DyDTcKMrB8x7ZpeyDrWfsgKsfzzWas1ES,False,True,4,339642966|1EWKrswwVjN3rfZXq59zFosktekKsSXV3D|339642967|1DyDTcKMrB8x7ZpeyDrWfsgKsfzzWas1ES,transaction|wallet|transaction|wallet,|0.909905|0.988006|0.891511
15235793,3,wallet,13chM52KD2BqhHxJR7bnaaCyhhqX71sqdw,False,True,4,15235793|19dNBPkmxtJmCCs9wvrGyaAKrYVWTr6V7s|14969345|13chM52KD2BqhHxJR7bnaaCyhhqX71sqdw,transaction|wallet|transaction|wallet,|-0.0343762|-0.00961682|0.900436
15235799,3,wallet,1DNywpCpgdBurPpkK8XqBxuFSPcbLLky1X,False,True,4,15235799|193LUh82c22XqxD1DuJHAzcAfRkyUw85b9|15199978|1DNywpCpgdBurPpkK8XqBxuFSPcbLLky1X,transaction|wallet|transaction|wallet,|0.911605|0.988334|0.891518
15236007,3,wallet,156RsL92UHS8B7i3B7U1hdPU3Cf51ND9kv,False,True,4,15236007|1ADVdL9GaqJtxg9f6SqdXz1wrBiG5nEJup|15092612|156RsL92UHS8B7i3B7U1hdPU3Cf51ND9kv,transaction|wallet|transaction|wallet,|0.910584|0.986133|0.891534
15236494,3,wallet,14tNuPzkjGwpFRN2oNBZDKXa4VBE1CrZwc,False,True,4,15236494|1H6ypkJ1aXhecEgwM8rcb9GZjuBY4GSuWJ|14063348|14tNuPzkjGwpFRN2oNBZDKXa4VBE1CrZwc,transaction|wallet|transaction|wallet,|0.862492|0.739133|0.891858
241537041,3,wallet,19dhPh2yqNketwY3y1xicsvnF6pcX1vEX6,False,True,4,241537041|1AqyB3AkXUWW1bwqcE3DjfspP5Vong9Vum|238337095|19dhPh2yqNketwY3y1xicsvnF6pcX1vEX6,transaction|wallet|transaction|wallet,|0.910768|0.958716|0.891629
241537638,3,wallet,189njsRRMPLuUNYNqMB8ts3RktSxVFdSk1,False,True,4,241537638|1BucskXDXiPusbBLLuMFKCViEB5RoU7gnL|238191643|189njsRRMPLuUNYNqMB8ts3RktSxVFdSk1,transaction|wallet|transaction|wallet,|0.911918|0.980269|0.89166
241537655,3,wallet,19dhPh2yqNketwY3y1xicsvnF6pcX1vEX6,False,True,4,241537655|1Fr2hRZFm1Zfbgq1grMgAfKk2GTPCpSvxH|238337095|19dhPh2yqNketwY3y1xicsvnF6pcX1vEX6,transaction|wallet|transaction|wallet,|0.910739|0.958716|0.891629
243780683,3,wallet,17MaLwZozFxsAH9XJMypC7S4hp5FqdhJQY,False,True,4,243780683|1KyXhQCijGdWEjHMH38G5bUVrB5YY5Zdmt|238205198|17MaLwZozFxsAH9XJMypC7S4hp5FqdhJQY,transaction|wallet|transaction|wallet,|0.911725|0.931814|0.891751
243780808,3,wallet,14rmLkC6Bej7FkQQ8wP98zsJer1YDKPw85,False,True,4,243780808|186ruave9TN5xEZTP2tLGbNc37g2cQsj4W|238247335|14rmLkC6Bej7FkQQ8wP98zsJer1YDKPw85,transaction|wallet|transaction|wallet,|0.911639|0.98871|0.891525
244629168,3,wallet,16dxymxBo4shTCwbKYcoogYNAex9Dp4uWm,False,True,4,244629168|1AwtvfXfV7eZuqMXWyiy53THtPAw3BQVjZ|241507377|16dxymxBo4shTCwbKYcoogYNAex9Dp4uWm,transaction|wallet|transaction|wallet,|0.911643|0.988732|0.891525
297098648,3,wallet,1LoR48uDFQ3MZVX7DZz9eQfyjvYSx8MSiu,False,True,4,297098648|1AqyCDYatN2hxnmYJGugbgftPerJ9xkNEr|291271105|1LoR48uDFQ3MZVX7DZz9eQfyjvYSx8MSiu,transaction|wallet|transaction|wallet,|0.911372|0.97225|0.891613
378066434,3,wallet,1PTR2yxafrrXES1ju8J2pLss992xjaGZQZ,False,True,4,378066434|12JorEyJptuF8Xm1ACBP8K1vQWtEEnAdAk|308263588|1PTR2yxafrrXES1ju8J2pLss992xjaGZQZ,transaction|wallet|transaction|wallet,|0.88961|0.778764|0.891815
378151922,3,wallet,1BST7WP6ojsa4n6VsmoxKqWd5pBrs6deES,False,True,4,378151922|1om4hkVmTn8gE52vs9uPgs4qoybV9g2e8|344453848|1BST7WP6ojsa4n6VsmoxKqWd5pBrs6deES,transaction|wallet|transaction|wallet,|0.896723|0.988344|0.891529
378249003,3,wallet,173o6k1HoC3YTCKV5i3rW9fq6fhHHzZLHz,False,True,4,378249003|1AG2JBtWiXVZ3Z28BUX9d6btoJM9oBNG27|331228202|173o6k1HoC3YTCKV5i3rW9fq6fhHHzZLHz,transaction|wallet|transaction|wallet,|0.911901|0.980597|0.891607
378249399,3,wallet,1PTR2yxafrrXES1ju8J2pLss992xjaGZQZ,False,True,4,378249399|12JorEyJptuF8Xm1ACBP8K1vQWtEEnAdAk|308263588|1PTR2yxafrrXES1ju8J2pLss992xjaGZQZ,transaction|wallet|transaction|wallet,|0.88961|0.778764|0.891815
378250397,3,wallet,1621cNyGnnRN7coAaA1wV2sEzW5BigxsSU,False,True,4,378250397|115M8hMMDvJPdGsTidQosvpUgDzE564Q9A|171153608|1621cNyGnnRN7coAaA1wV2sEzW5BigxsSU,transaction|wallet|transaction|wallet,|0.911824|0.981027|0.891613
378250957,3,wallet,1DzUaymsG6iMSir8WHKKbpQzsyG7YT293z,False,True,4,378250957|1HG8Kq57yUJPG4btXqvWejhLWbkoB13KeH|378162704|1DzUaymsG6iMSir8WHKKbpQzsyG7YT293z,transaction|wallet|transaction|wallet,|0.910655|0.984713|0.89155
378251094,3,wallet,1J9ssunR6jjZR3b5WS6wW5BeMh4BMxfo6L,False,True,4,378251094|1DUXXJBccfVUnvsW5ZoheYNUo81A6UTx6S|29371514|1J9ssunR6jjZR3b5WS6wW5BeMh4BMxfo6L,transaction|wallet|transaction|wallet,|0.909101|0.988412|0.89153
378251284,3,wallet,12brcYfN56E7BCbcBxru2PENgKtBUXNrFU,False,True,4,378251284|1LdGB8E8d9dkxjnv7YSStGdXLBAK7BRtvG|378160913|12brcYfN56E7BCbcBxru2PENgKtBUXNrFU,transaction|wallet|transaction|wallet,|0.911483|0.988845|0.89153
378251619,3,wallet,1NLMDmKNoA2dy7UziWDXcHPXXYfi19E3hh,False,True,4,378251619|18RDytZT7d3btp3aCxdtVyMVsNTboGH3GA|378177546|1NLMDmKNoA2dy7UziWDXcHPXXYfi19E3hh,transaction|wallet|transaction|wallet,|0.908768|0.988689|0.891559
378256202,3,wallet,12brcYfN56E7BCbcBxru2PENgKtBUXNrFU,False,True,4,378256202|1LdGB8E8d9dkxjnv7YSStGdXLBAK7BRtvG|378160913|12brcYfN56E7BCbcBxru2PENgKtBUXNrFU,transaction|wallet|transaction|wallet,|0.911483|0.988845|0.89153
378601867,3,wallet,15gpxEpKYnYjk4HNtaE9tKFixHNLT2rmV8,False,True,4,378601867|1FFmdPSQChhFiFa36fk9Q9Y9GND3hnDQC8|378417863|15gpxEpKYnYjk4HNtaE9tKFixHNLT2rmV8,transaction|wallet|transaction|wallet,|0.905728|0.826614|0.891788
390420061,3,wallet,1MJbf6yJJ6j1ZyYe7oN9jxxDPsVi5sBvcL,False,True,4,390420061|1EjHBLqXqrMUjXHX4U8Vj1WniLdxV5M3Yf|390244908|1MJbf6yJJ6j1ZyYe7oN9jxxDPsVi5sBvcL,transaction|wallet|transaction|wallet,|-0.0866376|-0.00961673|-0.0865255
390498113,3,wallet,1QHvCNC8BDk8e9mpr51NeN1GsGGSmooU48,False,True,4,390498113|1JfiG16VK2DGLUaqk8Fg9cnUJiHTd77nyq|227832969|1QHvCNC8BDk8e9mpr51NeN1GsGGSmooU48,transaction|wallet|transaction|wallet,|0.0288053|0.923395|0.759851
390498171,3,wallet,1AgX8CZfDjsDp7J6ed3C5HR5qMkxovSGqZ,False,True,4,390498171|1AJVZxX2bLpvi8PpMwUib5kn8ZXuaV3mJu|241129515|1AgX8CZfDjsDp7J6ed3C5HR5qMkxovSGqZ,transaction|wallet|transaction|wallet,|-0.0865315|-0.00961682|0.891675
390577552,3,wallet,1FHeK3j8UM2z8N81Pbu8z4ezm628JsXyRU,False,True,4,390577552|1JCmMDLjqRpgZY2CifehH4AoHEMwy9GZgB|162295800|1FHeK3j8UM2z8N81Pbu8z4ezm628JsXyRU,transaction|wallet|transaction|wallet,|0.911548|0.988384|0.891549
390578692,3,wallet,1H5bZcVTreuAvfkMirwE3kgtPLKeu7x9jy,False,True,4,390578692|15xFzQ4cZcjXQTvkc6QLGCXfctHwXdZdHr|390345988|1H5bZcVTreuAvfkMirwE3kgtPLKeu7x9jy,transaction|wallet|transaction|wallet,|-0.0866377|-0.00961682|-0.0866377
248915737,3,wallet,1EKWgZRjjyQbvrdeZQF3EymxMxUMsfoiuD,False,True,4,248915737|1KQt1nXkXLL2VqyC9VmfiGhjhmyPTasfvV|248888670|1EKWgZRjjyQbvrdeZQF3EymxMxUMsfoiuD,transaction|wallet|transaction|wallet,|-0.0866377|-0.00961682|0.891597
249236899,3,wallet,1KTWoQSEpxkYnqBFgFUMpTsJ31PaVZmHCb,False,True,4,249236899|1HCrhrG4DgnarZFhNNSXwi9ybWQmrzKv6V|248888440|1KTWoQSEpxkYnqBFgFUMpTsJ31PaVZmHCb,transaction|wallet|transaction|wallet,|0.911736|0.988683|0.891549
249336360,3,wallet,1H3cXg4w53MoaEELcWsW8NnPqMAdimZ3FW,False,True,4,249336360|14kHC63LVteaWj6hRPNcZWH7JugGcRxiEL|248887450|1H3cXg4w53MoaEELcWsW8NnPqMAdimZ3FW,transaction|wallet|transaction|wallet,|0.910506|0.936115|0.891697
249338762,3,wallet,1EFbYDVC6Exw5RNwUxdH558j3fT8sdZyKk,False,True,4,249338762|177tn2ibvpxYqJufPNuZuGoB5SThPDc1z|248888577|1EFbYDVC6Exw5RNwUxdH558j3fT8sdZyKk,transaction|wallet|transaction|wallet,|0.909961|0.988928|0.891549
250413117,3,wallet,1BiJ3aiFXGBw6CAR8Y2udGj5Hutb5UCVxL,False,True,4,250413117|18uz8B3MHV6HpUCLBL1wYo2DfcMoBBo6zG|248887402|1BiJ3aiFXGBw6CAR8Y2udGj5Hutb5UCVxL,transaction|wallet|transaction|wallet,|0.911034|0.984675|0.891585
339851480,3,wallet,16ECuRD6zkYStkwMwhDarbrUgFwbhCsNk7,False,True,4,339851480|158W92YqUUwW54RAyVHNB9koaVkJ1TTCmi|305080357|16ECuRD6zkYStkwMwhDarbrUgFwbhCsNk7,transaction|wallet|transaction|wallet,|0.911714|0.987696|0.891571
363079549,3,wallet,1F17kgbjj2G3hQ6kpU9XZ3hNKt9UkEDBZy,False,True,4,363079549|13PKV7jc3cXMyubj2LEkNL36xrrx9JZgGs|362965635|1F17kgbjj2G3hQ6kpU9XZ3hNKt9UkEDBZy,transaction|wallet|transaction|wallet,|0.911146|0.988772|0.89155
363085361,3,wallet,1Htqy35Weyk8CvF9V986MLqLVovuNdSQb3,False,True,4,363085361|1txh3WiuxS7aWxCcGRGJcpSVVH6zRQrUi|362839933|1Htqy35Weyk8CvF9V986MLqLVovuNdSQb3,transaction|wallet|transaction|wallet,|0.911481|0.985356|0.891608
43531652,3,wallet,1Q3Ja6Cafya2pQDzoJF7dchD6fnW4iQP7S,False,True,4,43531652|1KjnHsViHG5roTfJDP8kHNEP86nx16VoWk|38523191|1Q3Ja6Cafya2pQDzoJF7dchD6fnW4iQP7S,transaction|wallet|transaction|wallet,|0.80467|0.059539|-0.00142393
60114653,3,wallet,1GnTjqcsnjXaDEQFQYJg3fSJGoGzs65ecx,False,True,4,60114653|1QJHQe7MviF8fMnW7rGhAMxveEogqiiztY|210640906|1GnTjqcsnjXaDEQFQYJg3fSJGoGzs65ecx,transaction|wallet|transaction|wallet,|0.0813721|-0.00961662|0.891548
209050859,3,wallet,1C6U2caHrcYZkgpqxjMxZ6yvAgjPCkCUsZ,False,True,4,209050859|14wdxjRQNwbQAbkVJR5rrYHM8ZFexaLcy2|82608842|1C6U2caHrcYZkgpqxjMxZ6yvAgjPCkCUsZ,transaction|wallet|transaction|wallet,|0.762736|0.0975335|0.892203
209053064,3,wallet,1L9pd8iebANDk8Ypmn3cqDamFxjgUmjis9,False,True,4,209053064|16MsDB4hEJGabYmqkWbNoSSz9V2VRtHLyZ|51018430|1L9pd8iebANDk8Ypmn3cqDamFxjgUmjis9,transaction|wallet|transaction|wallet,|0.911825|0.987843|0.89157
209054313,3,wallet,1L9pd8iebANDk8Ypmn3cqDamFxjgUmjis9,False,True,4,209054313|1PZgKyEU14od6bowy5yPrzy9aD4E7g3mFV|51018430|1L9pd8iebANDk8Ypmn3cqDamFxjgUmjis9,transaction|wallet|transaction|wallet,|0.911813|0.987843|0.89157
209522526,3,wallet,1HEgFvUrWoHh7rXMbQfTvmYxU8SUN6MLqw,False,True,4,209522526|1CcHeRZGZUjvfnE7CaLgWjDP6iccvWUZ6B|209522527|1HEgFvUrWoHh7rXMbQfTvmYxU8SUN6MLqw,transaction|wallet|transaction|wallet,|0.138993|0.0890786|0.0949895
209539733,3,wallet,14HgMvgccdgwCzKno3UTVaTFWxvvAxwqBc,False,True,4,209539733|1P1zaMrDAUyTgaS3nUh1YFRpTi8WHzSDuf|119149506|14HgMvgccdgwCzKno3UTVaTFWxvvAxwqBc,transaction|wallet|transaction|wallet,|-0.0866104|-0.00961682|0.891562
209946182,3,wallet,1Q4oGNAaeEcM6UpantSE6xxxiuj8pZTDu6,False,True,4,209946182|1JtzaQLhbdscW4mPGPmjAV5VCbdDixwtmN|65263113|1Q4oGNAaeEcM6UpantSE6xxxiuj8pZTDu6,transaction|wallet|transaction|wallet,|0.905608|0.825584|0.891715
209946889,3,wallet,1Q4oGNAaeEcM6UpantSE6xxxiuj8pZTDu6,False,True,4,209946889|15EYFApnotyaetyD4EEdWLf2nFU7ZXybQe|65263113|1Q4oGNAaeEcM6UpantSE6xxxiuj8pZTDu6,transaction|wallet|transaction|wallet,|0.905877|0.825584|0.891715
99175888,3,wallet,1DGThuQ6XqQ385W5NFEPc1kdb8YPoZrqnJ,False,True,4,99175888|1Cz6xyMqXjpVKWQB8XNDLyoKJnFwM52xLw|99175889|1DGThuQ6XqQ385W5NFEPc1kdb8YPoZrqnJ,transaction|wallet|transaction|wallet,|0.911657|0.988387|0.891571
99191240,3,wallet,1MRVmD1V2xBD8QGFVhXc2xXP5sJv5BH7Wd,False,True,4,99191240|1BsUNUGM5MQF6Es1qZbt7xjA5YiSiJ7t8X|98975509|1MRVmD1V2xBD8QGFVhXc2xXP5sJv5BH7Wd,transaction|wallet|transaction|wallet,|0.911626|0.988157|0.891567
313646496,3,wallet,18seVnazx4U63KVJE887zMWsJUYVKuRucX,False,True,4,313646496|1Hu7bvCmpAMfSvvwSS8sfGb43i53hR2fhe|323274680|18seVnazx4U63KVJE887zMWsJUYVKuRucX,transaction|wallet|transaction|wallet,|0.402869|0.0532936|0.760285
368746484,3,wallet,1EKk6fL3V83jgMxdWn2uSDy1G5LeL1DD4x,False,True,4,368746484|1KNZfnY2RJkVqZGGZ2XrTbew76k8QjsYMT|313670795|1EKk6fL3V83jgMxdWn2uSDy1G5LeL1DD4x,transaction|wallet|transaction|wallet,|0.885178|0.62058|0.891979
372725878,3,wallet,1Q4qnuHcWeCFYeVkJ5QoiHDpj9a6kUWs2U,False,True,4,372725878|1DhpJ4mmeEfbKZuhNuwUid5avpLiFRandb|372671156|1Q4qnuHcWeCFYeVkJ5QoiHDpj9a6kUWs2U,transaction|wallet|transaction|wallet,|0.911577|0.988339|0.89158
372725884,3,wallet,12eCEAXyk4m7Pg2ijQPLRRX6At188Y1fwh,False,True,4,372725884|173caA2Vm2Y77B2tovS84rrHFRJ5uehC2A|156193778|12eCEAXyk4m7Pg2ijQPLRRX6At188Y1fwh,transaction|wallet|transaction|wallet,|0.911637|0.988752|0.891564
372726149,3,wallet,19HEhV6EKQ3B5jGYyCqdXRosdcKhgbk2Vx,False,True,4,372726149|1KM1jEXXJq6LXohLmT2EoRrys653DExzQX|368741023|19HEhV6EKQ3B5jGYyCqdXRosdcKhgbk2Vx,transaction|wallet|transaction|wallet,|0.9111|0.974807|0.891643
372726702,3,wallet,1EJhBABAHtdDF2wCsTbGKAC3vUnKuUqCTD,False,True,4,372726702|1CqCFUnMZa8XYQ7n56L8oyVPAtzNEMH39G|372696706|1EJhBABAHtdDF2wCsTbGKAC3vUnKuUqCTD,transaction|wallet|transaction|wallet,|0.908145|0.988869|0.891561
372812145,3,wallet,1K78mAuqH8cX5HZGqgN9mukjRc8ANUXsXA,False,True,4,372812145|1EQfFexXuKdi4W2fawGnJPFh9G9W9ocaNx|372728275|1K78mAuqH8cX5HZGqgN9mukjRc8ANUXsXA,transaction|wallet|transaction|wallet,|0.911359|0.988499|0.891574
372961150,3,wallet,3EcywyUAaoDYpxwLdxvc93X9nx95bzVEnw,False,True,4,372961150|14dGwYSUxpy2swoS8QMkRFovXzGzL5aPbH|372824257|3EcywyUAaoDYpxwLdxvc93X9nx95bzVEnw,transaction|wallet|transaction|wallet,|0.911436|0.985942|0.89159
262479651,3,wallet,13DjRPm7EQGPxdpamzuG6HxEiJbiNQweYw,False,True,4,262479651|19sUScEdky5zKjgwxKWt2unZba1SbYEJZS|273248735|13DjRPm7EQGPxdpamzuG6HxEiJbiNQweYw,transaction|wallet|transaction|wallet,|0.911379|0.987696|0.891596
87474785,3,wallet,12v6yTLFj45SAiyqE67KFQoABjZNRFCGpp,False,True,4,87474785|1GA1LKt9vAMdXuCeAyMXR1YPd4FDK8e19t|268794150|12v6yTLFj45SAiyqE67KFQoABjZNRFCGpp,transaction|wallet|transaction|wallet,|0.910858|0.987891|0.891608
269511424,3,wallet,1KK9bqcaNd4kocVZtgZnrxKa51hVK7yhdh,False,True,4,269511424|17AF2eZG6G1FUor77J6hgvww1ind8WGLze|268916245|1KK9bqcaNd4kocVZtgZnrxKa51hVK7yhdh,transaction|wallet|transaction|wallet,|0.911359|0.987881|0.891597
276938352,3,wallet,1NQRnXz59SuzN7sbxTRBJeA6Wprpyrx4F6,False,True,4,276938352|1Nn5CnHsTkptP2UMTMeKtujbFhAFnmzqkn|268886525|1NQRnXz59SuzN7sbxTRBJeA6Wprpyrx4F6,transaction|wallet|transaction|wallet,|0.910622|0.987912|0.891605
283190987,3,wallet,1Bqdtk4gBvzvWpHhthfBL2VUL2HB9fFU7K,False,True,4,283190987|14qu3LpLeHez2QkegCSFBVhVzJ1y3AsJeE|269578648|1Bqdtk4gBvzvWpHhthfBL2VUL2HB9fFU7K,transaction|wallet|transaction|wallet,|0.910739|0.987969|0.891598
283192691,3,wallet,1KA6GZDzqRcjnc8WR47rLAnvB1x7CyZNMg,False,True,4,283192691|1AGsZ8mt8azWjrJypLMCpkvhGmZqYaGgpu|269555711|1KA6GZDzqRcjnc8WR47rLAnvB1x7CyZNMg,transaction|wallet|transaction|wallet,|0.905887|0.987891|0.891616
283195181,3,wallet,1LFjQw13qyknvmWhwKaWxxoE2LAh9xHJ4o,False,True,4,283195181|13BDk2P1g5XgJp2HUfqSV6bQhFBXJnUD2i|276961374|1LFjQw13qyknvmWhwKaWxxoE2LAh9xHJ4o,transaction|wallet|transaction|wallet,|0.91088|0.987436|0.891605
85626501,3,wallet,39HSySuqMBCmZi7scW8MaGsFdL6wimcvww,False,True,4,85626501|1Duf7hj3ozRckgttwy83mHdvSMun6k71cW|84758091|39HSySuqMBCmZi7scW8MaGsFdL6wimcvww,transaction|wallet|transaction|wallet,|-0.0866325|-0.00942079|0.895402
294461448,3,wallet,1Q3cNkYh3nRQZhtxbqdaPzcBRX1wTYrGao,False,True,4,294461448|1J3zb6abPd6onUppAS6wkEtdgDSeW5J2eB|294271272|1Q3cNkYh3nRQZhtxbqdaPzcBRX1wTYrGao,transaction|wallet|transaction|wallet,|0.910497|0.986494|0.891632
294478105,3,wallet,1K14cwNxqfAKNNJM78d5rtW6XSFUDftZUe,False,True,4,294478105|16rLm3YDKgh6H95AKK8mkTDWr9yshMZhdZ|10773179|1K14cwNxqfAKNNJM78d5rtW6XSFUDftZUe,transaction|wallet|transaction|wallet,|0.911705|0.895896|0.891798
294484659,3,wallet,1K14cwNxqfAKNNJM78d5rtW6XSFUDftZUe,False,True,4,294484659|1MZrPZn8TUoSEC5sFofviXBUqtffZrXHoa|10773179|1K14cwNxqfAKNNJM78d5rtW6XSFUDftZUe,transaction|wallet|transaction|wallet,|0.911706|0.895896|0.891798
294494800,3,wallet,1H51eK7QgdA4e3ZXWbvM5Wy7jqxFWYxuM,False,True,4,294494800|13S3cXppT8XLEu2q9PeQyHFXAT4Wx3qbmo|294378201|1H51eK7QgdA4e3ZXWbvM5Wy7jqxFWYxuM,transaction|wallet|transaction|wallet,|0.906829|0.98776|0.89162
294581070,3,wallet,1Q3cNkYh3nRQZhtxbqdaPzcBRX1wTYrGao,False,True,4,294581070|18b1BtHnhjhpXjpUFLhViLHDht9Q6yQxqy|294271272|1Q3cNkYh3nRQZhtxbqdaPzcBRX1wTYrGao,transaction|wallet|transaction|wallet,|0.911421|0.986494|0.891632
139273998,3,wallet,1KvWkr62rNrDfR1XobAnSDyT9AN6afYnKu,False,True,4,139273998|1PE3yaxiSydQgzDouxDU1LBh8oWz3ZSSju|216971322|1KvWkr62rNrDfR1XobAnSDyT9AN6afYnKu,transaction|wallet|transaction|wallet,|0.907652|0.986962|0.891636
163654972,3,wallet,12yus3i538kEVjXereEMHcKpRSYRKkvoAM,False,True,4,163654972|1BDRf8caLLmGJghmfdbz4WXhPrwLLoTorp|163654973|12yus3i538kEVjXereEMHcKpRSYRKkvoAM,transaction|wallet|transaction|wallet,|0.908472|0.974683|0.891675
163807102,3,wallet,1PZDmCMfvu8z3dTzVbCBKZK61f4EWCCtAp,False,True,4,163807102|13hxJDJjMGXGXm5GWNtaHmtrYFkychJYyz|163711912|1PZDmCMfvu8z3dTzVbCBKZK61f4EWCCtAp,transaction|wallet|transaction|wallet,|0.909862|0.980273|0.891662
299044844,3,wallet,1LWtYBde4L6kNqQozP84vNjGmriG2wA9Ly,False,True,4,299044844|1Hf6VoZ4sEb4Ghg7ymRRTfMqhU8PPFpcPA|298720673|1LWtYBde4L6kNqQozP84vNjGmriG2wA9Ly,transaction|wallet|transaction|wallet,|0.896861|0.324501|0.89199
299172430,3,wallet,1Ap6CJKJhkDNMxJNumpibsS6SzRaM8BMXi,False,True,4,299172430|17Qi4U1Vvj7UhaKBvceZhzyfL5EyZAGYqR|299175508|1Ap6CJKJhkDNMxJNumpibsS6SzRaM8BMXi,transaction|wallet|transaction|wallet,|0.904838|0.981069|0.891696
385989246,3,wallet,17Qq4RZ2AXvr7MxThnvWsCC9v48RsprXA5,False,True,4,385989246|1AJ17Ck9XtzzxwWwajQB7KCPcLPNx4Khr2|376275922|17Qq4RZ2AXvr7MxThnvWsCC9v48RsprXA5,transaction|wallet|transaction|wallet,|0.911007|0.985604|0.891664
58506728,3,wallet,19VKhHijceoaRjQAoNKjaMiQ1gTZb7dfUn,False,True,4,58506728|1ByabSAM8LLEdtsYXWn6DVmW3YWU5uUUQk|153718713|19VKhHijceoaRjQAoNKjaMiQ1gTZb7dfUn,transaction|wallet|transaction|wallet,|0.909268|0.857282|0.891829
355004152,3,wallet,189h8XwQeHe4kxKf5GP2qZK9iUS9cRRSKa,False,True,4,355004152|17PKwsTWJPqZfZskSk7aXwc4UKD34VW8Dv|355004153|189h8XwQeHe4kxKf5GP2qZK9iUS9cRRSKa,transaction|wallet|transaction|wallet,|0.909314|0.978338|0.891705
355007581,3,wallet,15AvLetQyqsfR9xbF5M25VXU7aSyYBK2vk,False,True,4,355007581|1CPzwgjVSUgkNmkqRVjvTM5DXg442TCyHZ|355007582|15AvLetQyqsfR9xbF5M25VXU7aSyYBK2vk,transaction|wallet|transaction|wallet,|0.907344|0.986504|0.891661
355009183,3,wallet,1CsbGDtXDVjHMrG4vPnviaHG1Bn8E3Aytf,False,True,4,355009183|1LwwGZhzbsexmDYn6GwiqPUHBMSjuGeMf8|355009184|1CsbGDtXDVjHMrG4vPnviaHG1Bn8E3Aytf,transaction|wallet|transaction|wallet,|0.904229|0.986549|0.891662
355090229,3,wallet,172R8jhVDnSE8KTqQpTbmUqhfRQaz87yhw,False,True,4,355090229|15DogNEvcdnaMhXGXcD4RjTrhd8H1ecigX|255588914|172R8jhVDnSE8KTqQpTbmUqhfRQaz87yhw,transaction|wallet|transaction|wallet,|0.910964|0.962491|0.891772
355091552,3,wallet,1C3txwu5hoVHCLnKyEJyGj45avtjyP898j,False,True,4,355091552|15VyQPB7phJkr8iPVh1psJYCrzPChtrsFX|355091556|1C3txwu5hoVHCLnKyEJyGj45avtjyP898j,transaction|wallet|transaction|wallet,|0.909602|0.985348|0.891695
355091558,3,wallet,1Nh99ko4fkrE9gwxWAM6sXLUYupf8W1bAF,False,True,4,355091558|1G4zmKEYb8jpqZVoyxf7FazgCV9uUKfpuz|355029095|1Nh99ko4fkrE9gwxWAM6sXLUYupf8W1bAF,transaction|wallet|transaction|wallet,|0.903793|0.982113|0.898494
355092070,3,wallet,17mFV4MGXQrrewaEZkTJoFi2rDTScJqHkA,False,True,4,355092070|1EPBMFwX7zNu8mXDMwGa3hVX4PM5v6L1qc|355092073|17mFV4MGXQrrewaEZkTJoFi2rDTScJqHkA,transaction|wallet|transaction|wallet,|0.824313|0.979073|0.891772
355102322,3,wallet,14HhFQQ3rjWVzm7xHX38WN7vj6SB5XZjfV,False,True,4,355102322|1A7T6sKeyMNVKPbDbSfMn5PkDoGaFq8x1B|355009187|14HhFQQ3rjWVzm7xHX38WN7vj6SB5XZjfV,transaction|wallet|transaction|wallet,|0.907371|0.985735|0.891686
355102430,3,wallet,1KeRshMGXJZksLtnQpuvFnDVo8ZvavgtPv,False,True,4,355102430|17CpJ9bXexfFw9BUt6ovqaFC4iiMcpmvxM|355102432|1KeRshMGXJZksLtnQpuvFnDVo8ZvavgtPv,transaction|wallet|transaction|wallet,|0.910445|0.986801|0.89165
355238659,3,wallet,1EJeVMD5APgmRbaXkjktgMfXbzetgJWjMs,False,True,4,355238659|1LxjAhbzjQskt4pUQyMMt8ZBy6XeEJy5ep|175165963|1EJeVMD5APgmRbaXkjktgMfXbzetgJWjMs,transaction|wallet|transaction|wallet,|0.906922|0.98626|0.891662
355238661,3,wallet,17xUuLzu3sn8TCNAWhdYoRWCQuYbxpZTeK,False,True,4,355238661|191V3X6r5fTE5r9EJ6s9MPkVjNHgNn7PUf|355940710|17xUuLzu3sn8TCNAWhdYoRWCQuYbxpZTeK,transaction|wallet|transaction|wallet,|0.910865|0.98453|0.891693
92508031,3,wallet,1JtMSZqGMh9KXLVTDstSefhgseLvTETHyn,False,True,4,92508031|1AcrVa8Pq5BVJL5SNVtvaGWQ6FxHCFoUrn|92491023|1JtMSZqGMh9KXLVTDstSefhgseLvTETHyn,transaction|wallet|transaction|wallet,|0.910774|0.977349|0.891742
288430422,3,wallet,32axV9o8vMhVbBzTFUeNSHAYq5yy22rmNm,False,True,4,288430422|148iVzBvB3XkK8DmmYAofxiAv8oJnd6RkZ|8127945|32axV9o8vMhVbBzTFUeNSHAYq5yy22rmNm,transaction|wallet|transaction|wallet,|0.9106|0.0857761|0.891829
288475823,3,wallet,1CNip7Z7shjERZ7K845TdgDMtfq65oNfmb,False,True,4,288475823|1J87a8pTvt26H9V4nRGDV2yMZQZKJJ87n2|154119083|1CNip7Z7shjERZ7K845TdgDMtfq65oNfmb,transaction|wallet|transaction|wallet,|0.900412|0.324874|0.892033
67572674,3,wallet,1NxNC85efna1L3SGra7zSJTKniuZPmrw1a,False,True,4,67572674|1Mwm6Hnma13nvcQSxTijVCBawtBuRwwXby|70410916|1NxNC85efna1L3SGra7zSJTKniuZPmrw1a,transaction|wallet|transaction|wallet,|0.909014|0.984203|0.891723
67657849,3,wallet,3KgYwQXrKqvYBtuGwQnuR9vYcVXjKMBRaN,False,True,4,67657849|1Mo9AdE18T7TkZNLJwfuPcqAbus4skWDDT|57127103|3KgYwQXrKqvYBtuGwQnuR9vYcVXjKMBRaN,transaction|wallet|transaction|wallet,|0.910339|0.974723|0.891784
69330928,3,wallet,1gbeiBqbhmyEmadvgSyn6JuNo4aAoKP1a,False,True,4,69330928|1JyUEbhpaeso1WaQXrTfxSFMpBd7m3ZxpW|54836677|1gbeiBqbhmyEmadvgSyn6JuNo4aAoKP1a,transaction|wallet|transaction|wallet,|-0.0866352|-0.00961682|0.891753
70328737,3,wallet,1FP5MzNddgvi2HYYsPceAcupR2cT9zdSHq,False,True,4,70328737|1Ht86srvAgQRRNYWTqoV5j1Zg8Qh6CumV8|55735705|1FP5MzNddgvi2HYYsPceAcupR2cT9zdSHq,transaction|wallet|transaction|wallet,|0.492963|0.793564|0.89185
120019032,3,wallet,38aTSQtgyrnSZz5a8EAu9zhRNfWC5Z9DsL,False,True,4,120019032|1nxodPZsYuuXAJUfPSvF5SaiLLDteUNvW|199938132|38aTSQtgyrnSZz5a8EAu9zhRNfWC5Z9DsL,transaction|wallet|transaction|wallet,|0.912595|0.300096|0.892242
30204891,3,wallet,1LB55CiF2spr2nZnRoMUyHAYpqrh8xTXPG,False,True,4,30204891|1NMZhhgWndRYeodFRaThDWSYFkfDBMVVCF|28910861|1LB55CiF2spr2nZnRoMUyHAYpqrh8xTXPG,transaction|wallet|transaction|wallet,|0.910027|0.975648|0.891784
39747107,3,wallet,14PfjVegUuf2GhBaW44ogLVtssGzkDnzjv,False,True,4,39747107|1CsaarDVnrxCMucL84idbUfJzXv4QWhRDy|28902293|14PfjVegUuf2GhBaW44ogLVtssGzkDnzjv,transaction|wallet|transaction|wallet,|0.909926|0.94592|0.891795
12830001,3,wallet,1LuPrdLe66AYJpNQukNDHcQ7yD7dhiVLZ7,False,True,4,12830001|17c8h7Zj3ymXcmJDaCubvz2YGtQpoLesja|114741864|1LuPrdLe66AYJpNQukNDHcQ7yD7dhiVLZ7,transaction|wallet|transaction|wallet,|0.906653|0.982996|0.891754
12830017,3,wallet,18deH174o3NUAvhNjWh66N42fNS4nHDqLQ,False,True,4,12830017|1GoqSZd9YrYZoxQQbiYuyarYetPHpFgEpD|115607026|18deH174o3NUAvhNjWh66N42fNS4nHDqLQ,transaction|wallet|transaction|wallet,|0.906558|0.983221|0.891753
12830801,3,wallet,1AspeaxLUGXm7s3gPU1Aaf2ndW5sK6Cvbo,False,True,4,12830801|14myAm4kbVugVEmCoX9W8mi4wTLDYiMQtP|115202285|1AspeaxLUGXm7s3gPU1Aaf2ndW5sK6Cvbo,transaction|wallet|transaction|wallet,|0.909926|0.974266|0.891784
31319568,3,wallet,3PeEmLfEtNjZnEzxBtAtn6BkmH8SH7DLSm,False,True,4,31319568|1GZUQvetM42AKAFopSaFtqMphYd94N3zLu|66750274|3PeEmLfEtNjZnEzxBtAtn6BkmH8SH7DLSm,transaction|wallet|transaction|wallet,|0.827308|0.291466|0.892204
40467487,3,wallet,1K8oh9sZmzoNpBDacecQ4mCXxwvXS2hEHy,False,True,4,40467487|1278sruFP5a4edT6YoVcCjWhgdRq6oUyo9|4732368|1K8oh9sZmzoNpBDacecQ4mCXxwvXS2hEHy,transaction|wallet|transaction|wallet,|0.911073|0.0396531|0.892256
116052901,3,wallet,1DUtnMjwarcE4YvQUecKkPdKbHMoF4iTc1,False,True,4,116052901|1oJ7YFfZM8x6qVZyqL3xQy4kdV4EMLnHT|26532670|1DUtnMjwarcE4YvQUecKkPdKbHMoF4iTc1,transaction|wallet|transaction|wallet,|0.810196|0.0246829|0.892508
116053428,3,wallet,1FzE7ok2AoW9jGvLp5aLhBmvYGt3eaxjbT,False,True,4,116053428|14GnDvAcGbXC6xCaXrfY49imkDCDJKfELM|21426992|1FzE7ok2AoW9jGvLp5aLhBmvYGt3eaxjbT,transaction|wallet|transaction|wallet,|0.906744|0.983088|0.891754
116069421,3,wallet,1F8cRm4sGziYVWJtwzVmtcS9jzu6ARYBAp,False,True,4,116069421|12bpZw4RGJKKnCMaCavWUyrRh9ebgWY76n|8695835|1F8cRm4sGziYVWJtwzVmtcS9jzu6ARYBAp,transaction|wallet|transaction|wallet,|0.755681|0.041789|0.892426
116075693,3,wallet,1JKcQAwKRJSgmYYbpSzfdMYYjmvfusDgyA,False,True,4,116075693|1GaEhDayETot75aXF5rkQp9tAoYd7PUBHg|114681814|1JKcQAwKRJSgmYYbpSzfdMYYjmvfusDgyA,transaction|wallet|transaction|wallet,|0.910153|0.981472|0.891755
116112202,3,wallet,18iUjpf4Whg4Gcsdwkt6phj418GaA4BPQU,False,True,4,116112202|13Tfe2SSNVdAwcSzv5bpBfi6dZDgjqirko|115630232|18iUjpf4Whg4Gcsdwkt6phj418GaA4BPQU,transaction|wallet|transaction|wallet,|0.908557|0.981306|0.891754
116115792,3,wallet,1F8cRm4sGziYVWJtwzVmtcS9jzu6ARYBAp,False,True,4,116115792|1BU6xHWgLs6Hz5EZ33fhAC2Bc4W9PbY1V8|8695835|1F8cRm4sGziYVWJtwzVmtcS9jzu6ARYBAp,transaction|wallet|transaction|wallet,|0.774925|0.041789|0.892426
116173763,3,wallet,1PEHLajmWYbY4NMNzCntdWVR22Nb2PUFqe,False,True,4,116173763|1N7M5tSeQjEVrQUE1wMn6ybQiLG4oMSypx|115523320|1PEHLajmWYbY4NMNzCntdWVR22Nb2PUFqe,transaction|wallet|transaction|wallet,|0.907002|0.982737|0.891727
149129504,3,wallet,1EaNBcUcze2YujJBSR4Bqv3nqxGWM8FPap,False,True,4,149129504|1FNJoykXA63uvmw581Xedp5DMrYN6Uoury|8373032|1EaNBcUcze2YujJBSR4Bqv3nqxGWM8FPap,transaction|wallet|transaction|wallet,|0.102068|0.0144857|0.892621
149134786,3,wallet,12DQb6j3vecpsRjNCNJBAeuEBGUW5Mdf54,False,True,4,149134786|1H8LGXv7UKSUm2MYP5qAPQnuUKu8CzAbLE|9787027|12DQb6j3vecpsRjNCNJBAeuEBGUW5Mdf54,transaction|wallet|transaction|wallet,|-0.086632|-0.00945192|0.892736
149662178,3,wallet,18Ru7UbBtYSHPogC2ihhgSSZRWUBTK7Rnc,False,True,4,149662178|12dptRwYZA2XRvRPryBsgLkA7r9Pdqjhko|10773646|18Ru7UbBtYSHPogC2ihhgSSZRWUBTK7Rnc,transaction|wallet|transaction|wallet,|0.878744|0.0085596|0.89271
151193455,3,wallet,1EGGwN4k86SYr2jAWUpG8Z33tvRv3gSBQB,False,True,4,151193455|1PQmCJeAKUubBSWXvEU1Bjf7ZHGrUQqGU9|7864711|1EGGwN4k86SYr2jAWUpG8Z33tvRv3gSBQB,transaction|wallet|transaction|wallet,|-0.0856161|0.00204553|0.892812
151752242,3,wallet,1MadbNbjPZ7ACQu2nz3GFB6uD8tSTzDCc3,False,True,4,151752242|18X7ZvjM6zxFzSCzA8DT1EUhwaY5K2xQyq|7867126|1MadbNbjPZ7ACQu2nz3GFB6uD8tSTzDCc3,transaction|wallet|transaction|wallet,|-0.0866363|-0.00951866|0.892697
162419259,3,wallet,1GybHtncmGgqDFUCibcV74TyUPs3yXGZAc,False,True,4,162419259|1EV1iXjmDqMEQS82rSg5zmAr1LLxbrvX6R|12112057|1GybHtncmGgqDFUCibcV74TyUPs3yXGZAc,transaction|wallet|transaction|wallet,|0.277072|0.0519897|0.89247
162424247,3,wallet,1EaNBcUcze2YujJBSR4Bqv3nqxGWM8FPap,False,True,4,162424247|1F2JhoRVPeB98U5jGQ46eAgnoV5n9BV8w2|8373032|1EaNBcUcze2YujJBSR4Bqv3nqxGWM8FPap,transaction|wallet|transaction|wallet,|0.171959|0.0144857|0.892621
96925114,3,wallet,345pEV1yZfofxdigeRh3C8FiergefkNRiC,False,True,4,96925114|1MqypzBKAk9sxuahDzKt7YUQT8CT6gsuwP|23344709|345pEV1yZfofxdigeRh3C8FiergefkNRiC,transaction|wallet|transaction|wallet,|0.911194|0.906848|0.892003
96929850,3,wallet,12BRiG2j2Wt2JAmdY6TfVyBGZ9oGfMAuaD,False,True,4,96929850|15aCuYCqMAW2V3PmmLN5i6FehCiQrxBYZ4|96928354|12BRiG2j2Wt2JAmdY6TfVyBGZ9oGfMAuaD,transaction|wallet|transaction|wallet,|0.909793|0.949031|0.891896
96975033,3,wallet,1MRg7SeoxxM4brEaL3EHBcnet6k3SJtxHp,False,True,4,96975033|132ByMwkhz7WhZdtoho5ztA8mWfiDeW5s2|12843031|1MRg7SeoxxM4brEaL3EHBcnet6k3SJtxHp,transaction|wallet|transaction|wallet,|0.523696|-0.00625274|0.893057
12661226,3,wallet,13bwNjYYESRwk6XNswq6HHA16xqcZN5SQk,False,True,4,12661226|152RbjQxTKi8WPa23gAUuScquYCu5gzLDG|13214987|13bwNjYYESRwk6XNswq6HHA16xqcZN5SQk,transaction|wallet|transaction|wallet,|0.907152|0.969357|0.891855
12662269,3,wallet,13jueXY64cdvRGCrcWd1okBAEVcDw8f4zd,False,True,4,12662269|1FXvymTcLMTpUyXzkFzyhe1ZMEVomWQgwf|12999570|13jueXY64cdvRGCrcWd1okBAEVcDw8f4zd,transaction|wallet|transaction|wallet,|0.91148|0.119923|0.892348
12662336,3,wallet,1LJjyoDGvpvxHnPiMhAt59yLirY6fZSNAh,False,True,4,12662336|1PMrKZH3F7L6PcsTUoYf9nipSe2ip2qWZU|12662340|1LJjyoDGvpvxHnPiMhAt59yLirY6fZSNAh,transaction|wallet|transaction|wallet,|0.903077|0.624883|0.891982
12673136,3,wallet,1E5QHGsqgrFaMwQEkmwnUWV3fuJvEFvC31,False,True,4,12673136|1ABg7HLx3viW4sjj3ViCUkxr6HqQ5qJT4P|12661072|1E5QHGsqgrFaMwQEkmwnUWV3fuJvEFvC31,transaction|wallet|transaction|wallet,|0.109038|-0.000284404|0.892763
12780436,3,wallet,1GHsHZUDVAKyuKXdgeuDZUJFf9kW44Bib4,False,True,4,12780436|12FUHMzKbFhvWNLPvPvk5Ci3uw6RKRiGrW|12776876|1GHsHZUDVAKyuKXdgeuDZUJFf9kW44Bib4,transaction|wallet|transaction|wallet,|-0.086363|-0.00858274|0.89309
71748770,3,wallet,12k5vD8uYy4cB72S7N6EvmE3d1eLEHSYpp,False,True,4,71748770|13Wb1vBXdbF7CimibvbcsArqmyt9CecUEt|70781785|12k5vD8uYy4cB72S7N6EvmE3d1eLEHSYpp,transaction|wallet|transaction|wallet,|0.90408|0.610434|0.892041
71987847,3,wallet,323YzRkeEnLVDvPCS3hRgM6cN34DsJGDgV,False,True,4,71987847|1HSoJiWP21LqCimAaR17UA2BPjWDRt32zn|71811939|323YzRkeEnLVDvPCS3hRgM6cN34DsJGDgV,transaction|wallet|transaction|wallet,|0.909536|0.978794|0.891769
71988925,3,wallet,17Wau7YAJfDGf3pRsEpyF4cV9EJbDXSBfp,False,True,4,71988925|1CuA5oovqTnzddkW3fBjesap6cNYddbFeC|70807890|17Wau7YAJfDGf3pRsEpyF4cV9EJbDXSBfp,transaction|wallet|transaction|wallet,|0.909794|0.964695|0.891878
71988968,3,wallet,197TrcrBn8yLc3Sf8j9P53HTaXHTaZUMY6,False,True,4,71988968|1KGTmaaa8G8i8J3vdNfAU9sP6h1SXLDjsV|71462116|197TrcrBn8yLc3Sf8j9P53HTaXHTaZUMY6,transaction|wallet|transaction|wallet,|0.905053|0.967209|0.891859
73000845,3,wallet,1JcWawH8dUg7wBg2EskWu89X1C53pLqvKX,False,True,4,73000845|1FzfRNPPF5UY6YRVVbPuwUaVhy3mcgLbVo|72630297|1JcWawH8dUg7wBg2EskWu89X1C53pLqvKX,transaction|wallet|transaction|wallet,|0.896247|0.94963|0.891972
73003525,3,wallet,1AFZQ2GdfDuwk6Yecgb49Z4QWGhmaF5zvX,False,True,4,73003525|158meK2xYj5vTVkSXiv3Qcq4W4SZGfxUSD|72735773|1AFZQ2GdfDuwk6Yecgb49Z4QWGhmaF5zvX,transaction|wallet|transaction|wallet,|0.907717|0.972695|0.891845
164710543,3,wallet,182e744mKBPaZmU9eZDeCP6iaJpW8SJgiS,False,True,4,164710543|1LowN6gVUeFRBKkprbVmvEtHRFQi51MCTW|155845073|182e744mKBPaZmU9eZDeCP6iaJpW8SJgiS,transaction|wallet|transaction|wallet,|0.898873|0.971508|0.891825
219565918,3,wallet,19vbe9WmR48tP3eNKmQKQFYE2TcEjPansB,False,True,4,219565918|16FLwej44eCtjWT1V4dZZKW7eDSWxnptTb|91473792|19vbe9WmR48tP3eNKmQKQFYE2TcEjPansB,transaction|wallet|transaction|wallet,|0.90877|0.592073|0.892058
11C2wvhHd5BEAcUnvisfQrBi87g2J63TV,3,transaction,94120314,False,True,4,11C2wvhHd5BEAcUnvisfQrBi87g2J63TV|94297154|12wDHq1Faq6AqYJmCLqrbz6gXpBziwwB2B|94120314,wallet|transaction|wallet|transaction,|0.9871|0.909776|0.984892
12QnsysFgXJ4mUP8WCPCVBi38CBHgxvxW3,3,transaction,12665081,False,True,4,12QnsysFgXJ4mUP8WCPCVBi38CBHgxvxW3|12661310|1JDS6teqSE1iuMGwVwkQdE6jhGJnuDYQZk|12665081,wallet|transaction|wallet|transaction,|0.606791|0.90476|0.965591
12SS3XKwT1fxCQo1ZjCqTt1iheQUHFosJm,3,transaction,12661644,False,True,4,12SS3XKwT1fxCQo1ZjCqTt1iheQUHFosJm|12662334|13qfrue894XyizGmaWq58e8d3VEBLVSE7j|12661644,wallet|transaction|wallet|transaction,|0.270991|0.90171|0.904414
12TZtnj5ywAURL2wesWBkqyPdKcs1smTf5,3,transaction,355098142,False,True,4,12TZtnj5ywAURL2wesWBkqyPdKcs1smTf5|355110991|1NPmH6RbpWvamdv88cq8dMrwrTwumExyFE|355098142,wallet|transaction|wallet|transaction,|0.989453|0.909721|0.944246
12VxRtrhrU27gpWR5xaZvjrxWvavLcQuUa,3,transaction,54701343,False,True,4,12VxRtrhrU27gpWR5xaZvjrxWvavLcQuUa|69268129|17449eF7RZzkijqwoVAm9GstJq5DNmzFkK|54701343,wallet|transaction|wallet|transaction,|0.670172|0.905657|0.628574
12ZgeytYEfSJf3S28FegkBErxBciwbcPAR,3,transaction,242934464,False,True,4,12ZgeytYEfSJf3S28FegkBErxBciwbcPAR|194581614|1M9RnwcgZD36GdgtggHv4dgGutT6bA3gnf|242934464,wallet|transaction|wallet|transaction,|0.0403934|-0.0405339|-0.00911292
12ec93ju3WrFzYFuD4NURdYwrT2K5aowht,3,transaction,54857371,False,True,4,12ec93ju3WrFzYFuD4NURdYwrT2K5aowht|54857458|19FAd5LpiRWeum9yUtxv1kczDxaEsSwfKw|54857371,wallet|transaction|wallet|transaction,|-0.00961682|-0.0866138|-0.00961682
12iBytyEBLetMuX7y92jNogjkLoizejCTf,3,transaction,372970040,False,True,4,12iBytyEBLetMuX7y92jNogjkLoizejCTf|372970048|1F56BuGKVbq6ja773jfZc1KGJjTJ9ZAEfv|372970040,wallet|transaction|wallet|transaction,|0.958263|0.910339|0.988276
12vQ6E7SbKMACkLSvdudaxvB1BT7uNUpTM,3,transaction,272297085,False,True,4,12vQ6E7SbKMACkLSvdudaxvB1BT7uNUpTM|272292592|1KHnUpiJq5p63wMnRy1VQRJ9L1iLbzRH8a|272297085,wallet|transaction|wallet|transaction,|0.986737|0.907485|0.989007
12xXS1QCNim8KLtUL67VysxmnFA2rd9uKD,3,transaction,98902486,False,True,4,12xXS1QCNim8KLtUL67VysxmnFA2rd9uKD|99245166|1MeqCgUkEu6Vaf9HLnTPsVgbvY9TWRSW5P|98902486,wallet|transaction|wallet|transaction,|0.981505|0.911557|0.987936
133UQg2tgAwQQva2kP6rGGcaWssJTGqBxg,3,transaction,19246172,False,True,4,133UQg2tgAwQQva2kP6rGGcaWssJTGqBxg|72686308|1GNDTmLwjwCDcLDgcqs9e8PiwuDK7XxoEF|19246172,wallet|transaction|wallet|transaction,|0.525094|-0.0865316|-0.00850395
13G8Jj2ST3FSU8usq8LqGyJQbi1Muo9ib7,3,transaction,13311663,False,True,4,13G8Jj2ST3FSU8usq8LqGyJQbi1Muo9ib7|58664206|1LX7GAm3RxyBhikE1aZEYGCagFqBaXs9i2|13311663,wallet|transaction|wallet|transaction,|0.0107201|0.887178|0.985724
13QgDT5bNPMCKFKc5yYs1cN7oJpW7ZQhA2,3,transaction,89273,False,True,4,13QgDT5bNPMCKFKc5yYs1cN7oJpW7ZQhA2|106756743|19y4pQTA96Y9K3nB2ByhwhKNQub6kb1B5s|89273,wallet|transaction|wallet|transaction,|-0.00961682|-0.0866377|-0.00961682
13Sad4RwGyB5v1UEe281pppi6kgwSp868k,3,transaction,84338075,False,True,4,13Sad4RwGyB5v1UEe281pppi6kgwSp868k|84732708|168wG2zaRmaN31sGgj2DTbyGJQXu6o9ToQ|84338075,wallet|transaction|wallet|transaction,|0.788248|0.911423|0.987469
13drxYCymEKJZ51gLfRfCU3uXvvwF5XU5T,3,transaction,288091540,False,True,4,13drxYCymEKJZ51gLfRfCU3uXvvwF5XU5T|288309009|1Km2vgCATsKCSY1CJb8YiVVB3dg7TppaVj|288091540,wallet|transaction|wallet|transaction,|0.132102|0.907397|0.983375
13mcDLgoUHZPpfE8sVVzSY24pPRyHpUiBx,3,transaction,241494296,False,True,4,13mcDLgoUHZPpfE8sVVzSY24pPRyHpUiBx|241518508|13m2oCmZyj4vRGRpfqyRZgxfiX1ZmKQxKT|241494296,wallet|transaction|wallet|transaction,|0.859392|0.908184|0.9821
13swdzVgAqHWKCAgejX1Kqr68ZKzvsWHYW,3,transaction,339064942,False,True,4,13swdzVgAqHWKCAgejX1Kqr68ZKzvsWHYW|339064834|15vm4pprunhwZUnc4NtkvWTCG416H1Gda6|339064942,wallet|transaction|wallet|transaction,|0.884039|0.910924|0.987734
1437cUeECbfW1KaQzpJTRunDnTP1LifEtZ,3,transaction,138182641,False,True,4,1437cUeECbfW1KaQzpJTRunDnTP1LifEtZ|13290886|1E8NnVYKkN21rpr6DhGBZxPSpK16TgZkaP|138182641,wallet|transaction|wallet|transaction,|-0.00466841|0.551027|0.965742
148miPtpwJQ48tgDcRRMUffWoVjyzBdtEh,3,transaction,379046067,False,True,4,148miPtpwJQ48tgDcRRMUffWoVjyzBdtEh|336437136|12QRP71BUw7xBMwLZ9AEUyMscXWqppDyhz|379046067,wallet|transaction|wallet|transaction,|0.98|0.90967|0.988195
14DJ2AKFntaCpGzT1q2JNut5sQprs1BQBA,3,transaction,269599775,False,True,4,14DJ2AKFntaCpGzT1q2JNut5sQprs1BQBA|269599771|19XGkrdfpHy7xKkLeExFFXf4cJ96XD8hM4|269599775,wallet|transaction|wallet|transaction,|0.984075|0.910856|0.980107
14VisL6uJYtF8suriF1wjJfFPTffua89yv,3,transaction,355095710,False,True,4,14VisL6uJYtF8suriF1wjJfFPTffua89yv|355095705|12eo3VVuobH1m8SkejFVVezUh3Q5D1kSYf|355095710,wallet|transaction|wallet|transaction,|-0.00961682|-0.0866377|-0.00961682
14b9bpTgf7DxeokHabbWGtBaf76seknMt5,3,transaction,115056829,False,True,4,14b9bpTgf7DxeokHabbWGtBaf76seknMt5|100075384|1DUSYE8wiwXqJGM36cayd6TmWzxybieyFG|115056829,wallet|transaction|wallet|transaction,|0.989418|0.906703|0.988218
14rZw61CjPMvDanG2R2pyn6LHmBBmsQrm2,3,transaction,355004666,False,True,4,14rZw61CjPMvDanG2R2pyn6LHmBBmsQrm2|355004661|1FecGWDLWiHYH2HZRnY9AvGsnZkPrwkHQe|355004666,wallet|transaction|wallet|transaction,|-0.00891739|-0.0816611|-0.00924237
156hr4RNsANVvaXBpyZxSzSfJGAeidGnWM,3,transaction,312469997,False,True,4,156hr4RNsANVvaXBpyZxSzSfJGAeidGnWM|372673770|1PZAMeist9MKFJDTnLgCTavDUf2RWkKcJc|312469997,wallet|transaction|wallet|transaction,|0.979437|0.911489|0.988377
15C4iGjiERw2ZwaTrhsRmsgSFBydKjPoQd,3,transaction,355124110,False,True,4,15C4iGjiERw2ZwaTrhsRmsgSFBydKjPoQd|355124108|1EVmeeBuxj5jzUitfAjAiSYZwM6A6owyFS|355124110,wallet|transaction|wallet|transaction,|0.989309|0.909408|0.984621
15QucPTAwbKutMpcBDoWti4UpWnLeUB98L,3,transaction,12776767,False,True,4,15QucPTAwbKutMpcBDoWti4UpWnLeUB98L|12780353|18dWdBKaCpjtGtndQ497arDLXUWLXD1T2m|12776767,wallet|transaction|wallet|transaction,|0.791361|0.567082|-0.00402082
15ahvubjdW3X5reCRydTceYUkoUxgPiLUR,3,transaction,356902018,False,True,4,15ahvubjdW3X5reCRydTceYUkoUxgPiLUR|363528680|1C45AkCFRAZwmMxGJqLWJ72KJn8aTUQy1X|356902018,wallet|transaction|wallet|transaction,|0.98026|0.910147|0.982969
15dKuw1knjv8qm1VxeLNSUqrkws82s5PG5,3,transaction,339058549,False,True,4,15dKuw1knjv8qm1VxeLNSUqrkws82s5PG5|339094214|1KrycbahyJKzFDtJdF3838xZR3xyikHkPy|339058549,wallet|transaction|wallet|transaction,|0.979246|0.907116|0.843422
162714kvzBmmRik7JSb9rzGC9EnF5UFwMX,3,transaction,98975273,False,True,4,162714kvzBmmRik7JSb9rzGC9EnF5UFwMX|99206831|15SM4bhGtDEzxSG4XztA1zeNm91QScXCcY|98975273,wallet|transaction|wallet|transaction,|0.984396|0.909603|0.88338
1653dJ71bo3H5pR3Cw8ZTE29AGtKK1GNGs,3,transaction,20009648,False,True,4,1653dJ71bo3H5pR3Cw8ZTE29AGtKK1GNGs|210642273|1DQKqM6sdy7EUz4yhkHe9E4VxzVFJsotS9|20009648,wallet|transaction|wallet|transaction,|0.0148424|-0.0864748|-0.00961366
16NSm4pYiGZ5KGnTrzoTAQnpJ3BTgEYtAw,3,transaction,211082415,False,True,4,16NSm4pYiGZ5KGnTrzoTAQnpJ3BTgEYtAw|210638704|189U83xH4jcpXfUNy24HXsCNi7JJbpxXo6|211082415,wallet|transaction|wallet|transaction,|-0.00958175|0.0636264|-0.00123282
16ZQVbjJH81keu7HqjT69T8EgCtmZzRP4y,3,transaction,241507480,False,True,4,16ZQVbjJH81keu7HqjT69T8EgCtmZzRP4y|238546004|17R9No7yNpgrQ41fqZvRmnNqcVfatFrt6Z|241507480,wallet|transaction|wallet|transaction,|0.981661|0.904131|0.987779
16c3KHbWi9MwwxJZ5xP2k4iGipNMWC7s65,3,transaction,234169864,False,True,4,16c3KHbWi9MwwxJZ5xP2k4iGipNMWC7s65|234169863|15Fg1um6STzipAFNpix89KYw6GifzU8Ura|234169864,wallet|transaction|wallet|transaction,|0.874721|0.714939|0.366068
17sA1yvLeJpP25XfMX3AGjhgrojwzYfH7y,3,transaction,226277187,False,True,4,17sA1yvLeJpP25XfMX3AGjhgrojwzYfH7y|355092392|1Dp4srGB8YWq833pzJC7JC2QcUk8ZcsKiT|226277187,wallet|transaction|wallet|transaction,|-0.00948868|0.84987|0.738968
17tV4BuGBV6yLxtnaGNeQx27qy4t3X4Pub,3,transaction,49025732,False,True,4,17tV4BuGBV6yLxtnaGNeQx27qy4t3X4Pub|54465449|1CJmdGTk8M3S4n1sWA3e2QjNiDqJ5r3qUy|49025732,wallet|transaction|wallet|transaction,|0.970668|0.906299|0.988248
17vZpVtS5CQPjZBUdq1ZDZebBV49QxcdZd,3,transaction,290313048,False,True,4,17vZpVtS5CQPjZBUdq1ZDZebBV49QxcdZd|360401482|1EVfaxiANiE9yCH4Uzpc3J8HCUqM72Lho1|290313048,wallet|transaction|wallet|transaction,|0.989729|0.756032|0.280125
18CQSBxriW5r53xGKnRy7GmSin3yMXfQ8P,3,transaction,331564379,False,True,4,18CQSBxriW5r53xGKnRy7GmSin3yMXfQ8P|334607303|1BZU9sMBkPWKs5unjLyE2qaoaxxxcKKsKM|331564379,wallet|transaction|wallet|transaction,|-0.00961682|-0.0866377|-0.00961682
18N32VTpWKzR1PjPRXNngjxwJVBEAmfbeb,3,transaction,238247439,False,True,4,18N32VTpWKzR1PjPRXNngjxwJVBEAmfbeb|241513499|1Q92CMv5xX3ZeqnPKZWdrkXezX8iWtDeE7|238247439,wallet|transaction|wallet|transaction,|0.509859|0.907619|0.835579
18gtsvEmoV5wA2rBk6q9cJn6V7WGw6dewE,3,transaction,378047224,False,True,4,18gtsvEmoV5wA2rBk6q9cJn6V7WGw6dewE|378255036|1Eq1vcHC4GJcfsW1KUyubEZAj6pXbWRyxb|378047224,wallet|transaction|wallet|transaction,|0.986276|0.911523|0.987907
19638JLC6XEzAY32voToAHjgrvw9XvZf9K,3,transaction,96995895,False,True,4,19638JLC6XEzAY32voToAHjgrvw9XvZf9K|96995890|1PMYeF6gokwEtm4LFYe7x8DkgSLqKt68n4|96995895,wallet|transaction|wallet|transaction,|0.909541|0.909978|0.964863
197s6kUPfweD8N4hTJ71TzM6yakS1NXyKD,3,transaction,288093871,False,True,4,197s6kUPfweD8N4hTJ71TzM6yakS1NXyKD|288296401|14L5Wjk7VHPWDxmGnFgjhuhfJNUnpFaVcS|288093871,wallet|transaction|wallet|transaction,|0.192574|0.907333|0.983509
19ouoxaugCU8eXFYE1xuz1HmRTf2JVgkmN,3,transaction,399663395,False,True,4,19ouoxaugCU8eXFYE1xuz1HmRTf2JVgkmN|346091909|1PRmyj1DdefKgEqsFw77zjqDdgY5zxabCd|399663395,wallet|transaction|wallet|transaction,|0.0718069|0.903831|0.987665
19qSUk2YQBpqXZECjEdHU3LXR5CeDCrNVc,3,transaction,3278955,False,True,4,19qSUk2YQBpqXZECjEdHU3LXR5CeDCrNVc|234149919|1N3NaeeDoZXCaArKv4bxmYo1PMjGzv9QHd|3278955,wallet|transaction|wallet|transaction,|0.0183901|0.813391|0.984018
19tD7f6o9whavMSxWUyXJE5ytegyH25tcN,3,transaction,99200944,False,True,4,19tD7f6o9whavMSxWUyXJE5ytegyH25tcN|99676516|19QT9yrazMZw7FWnrkV9bs64wpVwbDPzyS|99200944,wallet|transaction|wallet|transaction,|0.985548|0.911608|0.988191
1A1CZSa4YQHeuaGhCFtEigaRodmTnnpaF,3,transaction,7642403,False,True,4,1A1CZSa4YQHeuaGhCFtEigaRodmTnnpaF|72743120|15W4BnduUfJJmWAVysUxvtDsFonMEvEMkx|7642403,wallet|transaction|wallet|transaction,|0.0220727|0.897699|0.97313
1ABigCQYGYXPGRChRX8JkJxXEfuCDVdeEg,3,transaction,84728970,False,True,4,1ABigCQYGYXPGRChRX8JkJxXEfuCDVdeEg|85005013|1GtJ2khS81coFVZV529zhx6DZX3th1bGTE|84728970,wallet|transaction|wallet|transaction,|0.0107216|0.65485|0.141122
1ACNnGMgcguSiujMV1Uss9W7ujo4Yej4BU,3,transaction,199950633,False,True,4,1ACNnGMgcguSiujMV1Uss9W7ujo4Yej4BU|200471824|12wUyjLfUyCU7MJYx2ZfYXHs5HMDMAt6Yz|199950633,wallet|transaction|wallet|transaction,|-0.00939349|-0.0824094|-0.00953099
1ADwq8aVzCVWHysRwJm887a1EECzPR2mBb,3,transaction,98972882,False,True,4,1ADwq8aVzCVWHysRwJm887a1EECzPR2mBb|98972871|15JHfV2CyPH7s4tdVPNP9ARDMwPmPVPM4c|98972882,wallet|transaction|wallet|transaction,|-0.0068738|0.661063|0.975605
1AJcpoHeymvR1zGqDMFu8SWcEerG5xfg4M,3,transaction,175411114,False,True,4,1AJcpoHeymvR1zGqDMFu8SWcEerG5xfg4M|175758689|18bXZqpPALGN22hLrmPoCXN2iPUm2NM2L2|175411114,wallet|transaction|wallet|transaction,|0.990195|0.911192|0.989594
1ASkefTZYKsR1gYXPZnG4vYCuMdxwnEcyL,3,transaction,99249033,False,True,4,1ASkefTZYKsR1gYXPZnG4vYCuMdxwnEcyL|99249284|1AngP1zxaHapPWUp4s4Bwq9ACR2R7hKXCq|99249033,wallet|transaction|wallet|transaction,|-0.00854264|-0.0855566|-0.00961601
1Ankd48sB4LStxg1caZuUCjQcqMhdLLj6L,3,transaction,189805129,False,True,4,1Ankd48sB4LStxg1caZuUCjQcqMhdLLj6L|189805127|148TMmBdUKUP3ABarNVtLJnXkPaFwzzyxr|189805129,wallet|transaction|wallet|transaction,|0.976908|0.906228|0.956708
1B2mkRV1S1NW3z3iLFzBNBhkHnUi5KiutF,3,transaction,272106011,False,True,4,1B2mkRV1S1NW3z3iLFzBNBhkHnUi5KiutF|272106010|17ueFNsaNfMZcnzvgTBWA1ABEryGVzyqJX|272106011,wallet|transaction|wallet|transaction,|0.729588|0.91072|0.988257
1B5F1oWBLS6u1iNs3rprvGT8PS6s9VQX9m,3,transaction,248887342,False,True,4,1B5F1oWBLS6u1iNs3rprvGT8PS6s9VQX9m|249236463|1LjcN13H2mTBCP16LNFEhfTD44eh8yi5v9|248887342,wallet|transaction|wallet|transaction,|0.854238|0.89166|0.730581
1BMjQqBC2rxyCcM36q9xmkmMh2F3gAntnG,3,transaction,12678093,False,True,4,1BMjQqBC2rxyCcM36q9xmkmMh2F3gAntnG|12678089|14qJ8xbTfqocucVyApNBc2U2Ep1nLBVcFY|12678093,wallet|transaction|wallet|transaction,|-0.00960715|-0.0830033|-0.00927757
1BS2baifcjeBXRBq8Nn1ApsuERxectbr9H,3,transaction,339088477,False,True,4,1BS2baifcjeBXRBq8Nn1ApsuERxectbr9H|339095203|1HUSdQuMDsYuj3SjwwoBR5WM6HcTsY5Wqv|339088477,wallet|transaction|wallet|transaction,|0.975354|0.903262|0.88259
1BnSgXni8RoQ2f87h82DSj2bHW9B9wWj7j,3,transaction,205969019,False,True,4,1BnSgXni8RoQ2f87h82DSj2bHW9B9wWj7j|346376762|1GckreXjEhb2o9PbCQwzso63uwLKTGCbCx|205969019,wallet|transaction|wallet|transaction,|-0.00851044|-0.0863854|-0.00961667
1Bo7FuiVd3qFzks4xqt5MC4xdMnwMgS1wd,3,transaction,160770234,False,True,4,1Bo7FuiVd3qFzks4xqt5MC4xdMnwMgS1wd|232656419|13MtFizs6X3y5kG35MLKFUcf8s2ZGsYW25|160770234,wallet|transaction|wallet|transaction,|-0.00956088|-0.0847926|0.0381623
1C7Y6bp6URUPhVEQT83wno2wTsFYYyfnmW,3,transaction,211118681,False,True,4,1C7Y6bp6URUPhVEQT83wno2wTsFYYyfnmW|210642706|1GAy1qPgHkboWegAezYH5NYGu1QYGkieRY|211118681,wallet|transaction|wallet|transaction,|0.988723|0.909473|0.873764
1CM2TuD18LM8uMHZa2azNEZcsF7Hw57GH7,3,transaction,117102045,False,True,4,1CM2TuD18LM8uMHZa2azNEZcsF7Hw57GH7|85000162|13ToMcDzUACd6aZ6pf4AKRCyCiV7tUtLYA|117102045,wallet|transaction|wallet|transaction,|-0.00956781|-0.0842113|-0.00957308
1CSt6qGLpgc5XcAocUNLj7fhF7BTGkwkk3,3,transaction,72712935,False,True,4,1CSt6qGLpgc5XcAocUNLj7fhF7BTGkwkk3|73220628|16KCU2P5pjjn8oPJA4n5EeLdMFsYNkNcNE|72712935,wallet|transaction|wallet|transaction,|0.294495|0.906657|0.97124
1DHHJdsakHN7tCuLziQqfUHFK5RKpJB6RN,3,transaction,71774451,False,True,4,1DHHJdsakHN7tCuLziQqfUHFK5RKpJB6RN|72012836|1Pqm49Qob5hiY5AtPh4g5icNFQCYe1S4ec|71774451,wallet|transaction|wallet|transaction,|0.123269|0.90022|0.972952
1DSsh1Wf74a2V9JoHhhSZfsX9NVxNvSVih,3,transaction,99675351,False,True,4,1DSsh1Wf74a2V9JoHhhSZfsX9NVxNvSVih|100075057|12q3nKf7EDhdqPPRUhGLbdds9SvpWCDQ5D|99675351,wallet|transaction|wallet|transaction,|0.926932|0.911283|0.988476
1DbJUJXpoufwjCNPqMmRunxwFUDuDwdhQZ,3,transaction,22376572,False,True,4,1DbJUJXpoufwjCNPqMmRunxwFUDuDwdhQZ|51762733|1MVbNgvLoeN77h6aeZptgmJ3v7YHoHCqdV|22376572,wallet|transaction|wallet|transaction,|-0.00959871|-0.0461916|-0.00394325
1ET5nYBfiUqhLtpUoFd1MgpvhWzkRTq1YY,3,transaction,7309494,False,True,4,1ET5nYBfiUqhLtpUoFd1MgpvhWzkRTq1YY|92724844|1DVpQazjy9XBWFmnMaaSrPzm61RRHEV9Z9|7309494,wallet|transaction|wallet|transaction,|0.00966759|0.896246|0.985262
1EfaUk4CzJr36J3Nuw3BRNkHfo7gB8BJTd,3,transaction,91844922,False,True,4,1EfaUk4CzJr36J3Nuw3BRNkHfo7gB8BJTd|91845019|1BE3e8QUkHt4H9PbfsVYAaM88FXJtMT7A2|91844922,wallet|transaction|wallet|transaction,|0.969755|0.908845|0.983364
1EitoeKAUzWZuybhoGbPao8XwbfMTj6w2Z,3,transaction,99675390,False,True,4,1EitoeKAUzWZuybhoGbPao8XwbfMTj6w2Z|100075829|1Cv6trvjmfj8m13assPpgEEY47kQLnBFPd|99675390,wallet|transaction|wallet|transaction,|0.973024|0.908904|0.859791
1Eziyq5LPL5Ra1FiT72TcTPVktwfVGtsfu,3,transaction,70804318,False,True,4,1Eziyq5LPL5Ra1FiT72TcTPVktwfVGtsfu|71450735|17iuZcX7VmkbnQPNhJaoG7jZRZquJ2aKAb|70804318,wallet|transaction|wallet|transaction,|0.947194|0.903898|0.974458
1F89dRDA37hkg3gHZCfom6gShm9SmNbcLF,3,transaction,378064478,False,True,4,1F89dRDA37hkg3gHZCfom6gShm9SmNbcLF|378252179|1L2VxhkG5CYSU9dWLgTVSYHDAUPYM37wbw|378064478,wallet|transaction|wallet|transaction,|0.783668|0.910111|0.989034
1FT5U4KKxMavFJrrFDt6hLWPCvQEtsU3Hp,3,transaction,346099498,False,True,4,1FT5U4KKxMavFJrrFDt6hLWPCvQEtsU3Hp|280526433|1ByqSru5E3Nrwhvsq5tyXHzbHNMsAUuE5W|346099498,wallet|transaction|wallet|transaction,|0.989567|0.911172|-0.00954729
1FU8h6WDyeoMKATLRHNWe4iABWLikuqBL7,3,transaction,372526908,False,True,4,1FU8h6WDyeoMKATLRHNWe4iABWLikuqBL7|312232042|1FAqzSdh28qSs4rQpPcSa8ATYiCawoncVz|372526908,wallet|transaction|wallet|transaction,|0.322241|0.909109|0.978769
1FW2VB4NVmmH6q2MfuCuSxPhp6juXE7f3y,3,transaction,339114911,False,True,4,1FW2VB4NVmmH6q2MfuCuSxPhp6juXE7f3y|5807241|1N9kWJzgfx5oFsQm6oDJvwyhW6xNdKS4Ta|339114911,wallet|transaction|wallet|transaction,|-0.00366171|-0.0621412|0.931666
1Fb3qtb5uPMsy6KhRB7Bvm5QaGirNaHLXJ,3,transaction,113560847,False,True,4,1Fb3qtb5uPMsy6KhRB7Bvm5QaGirNaHLXJ|99190626|16ZffRMvCGw22n1fnx8Nmx5AWKfATrt6C7|113560847,wallet|transaction|wallet|transaction,|-0.00961638|-0.0863817|-0.00961515
1G6zM9DMC2bBLN9SNvaq8osjsEKz5Gbenx,3,transaction,355089532,False,True,4,1G6zM9DMC2bBLN9SNvaq8osjsEKz5Gbenx|355003247|1QGKb31PyP8eta7ZuHiaQdrmbJLdWqiYzK|355089532,wallet|transaction|wallet|transaction,|0.544891|0.90267|0.485881
1GCoJcqC7APvkDmvcj2fDiPP84HQwLTdYo,3,transaction,355294122,False,True,4,1GCoJcqC7APvkDmvcj2fDiPP84HQwLTdYo|355099662|16GwNDM5JJLzVQxcRYKPtexY2Wyjxwc1qP|355294122,wallet|transaction|wallet|transaction,|0.956164|0.911063|0.985261
1GDEhvVbDBaR6Wro6GXve3xp2gDKtDpRQr,3,transaction,336436758,False,True,4,1GDEhvVbDBaR6Wro6GXve3xp2gDKtDpRQr|272518718|17ZHeMc3H7fW23qRC9kYR7NXtTDrCPr4BZ|336436758,wallet|transaction|wallet|transaction,|0.0706467|0.321576|0.0706464
1GScPnyf6ehkBZTr5V33qBd5BynAX9obBz,3,transaction,99284734,False,True,4,1GScPnyf6ehkBZTr5V33qBd5BynAX9obBz|99369455|1HcLBj5z4rhLQ2eou3pVQsNDwYsokUtidr|99284734,wallet|transaction|wallet|transaction,|0.976359|0.911356|0.988705
1GU1B4cjFP6YshJgU4er2HqfHAB5t2K3fb,3,transaction,167647851,False,True,4,1GU1B4cjFP6YshJgU4er2HqfHAB5t2K3fb|79902301|1D9sKALBQN2TTmrcmrJV83kCtviXAHFmxZ|167647851,wallet|transaction|wallet|transaction,|-0.00910718|0.819204|0.970259
1GgNM14LmR6JmJ3T65Wd6hgk9kdK2GU81X,3,transaction,13224031,False,True,4,1GgNM14LmR6JmJ3T65Wd6hgk9kdK2GU81X|12666422|15JnsPYizBRVTTMKCJGwmGbrRAMFbJAJQq|13224031,wallet|transaction|wallet|transaction,|0.06305|0.895457|0.971853
1HLGbik88uLbJGnCoYJF1h5qTFaUV8Aiv6,3,transaction,378096047,False,True,4,1HLGbik88uLbJGnCoYJF1h5qTFaUV8Aiv6|378325428|1Mhqr4VnwoHXkisSFj8xce8o9qhXtvNXNa|378096047,wallet|transaction|wallet|transaction,|0.0174754|-0.0864725|-0.00961682
1HQfXfrtw7zZVq3ouzdDKSeF42xgBgnY5t,3,transaction,238238261,False,True,4,1HQfXfrtw7zZVq3ouzdDKSeF42xgBgnY5t|241554832|1HcjyYtE38Y2oND4JSrV34sB89mh46nM9h|238238261,wallet|transaction|wallet|transaction,|-0.00961336|0.51788|0.989173
1HTkSYKPPmpqUkvE32A9Y9RxPPxe3x2k2P,3,transaction,189858264,False,True,4,1HTkSYKPPmpqUkvE32A9Y9RxPPxe3x2k2P|355006736|18FkgoDde9JUZdtNyyELTuyn1Es2WWWYEZ|189858264,wallet|transaction|wallet|transaction,|0.984718|0.907125|0.985947
1HmoD9inGrSdnNQ8oisqRq67cGF2zxzkdq,3,transaction,200623725,False,True,4,1HmoD9inGrSdnNQ8oisqRq67cGF2zxzkdq|44081248|1H7VLW9mxaUeyvif95e7BkruHguJjgurMs|200623725,wallet|transaction|wallet|transaction,|0.969784|0.91123|0.987101
1J33riwcPtmCVPdtnhh95dM6fiypg4dgDb,3,transaction,71145488,False,True,4,1J33riwcPtmCVPdtnhh95dM6fiypg4dgDb|71762280|19qS7kLg1dXUP8tdmbsQzb7DEYfypmNDQE|71145488,wallet|transaction|wallet|transaction,|0.0890425|0.899071|0.9731
1JDYnj2gSwpSz32wAoTyTv6MuZYVUvmGy6,3,transaction,8960994,False,True,4,1JDYnj2gSwpSz32wAoTyTv6MuZYVUvmGy6|9605827|1KGKmruH7wCELy8MQfwDv3vFm2EhXDGPwm|8960994,wallet|transaction|wallet|transaction,|0.635269|0.912118|0.988052
1JQN4ThctNN2himNjnQ6rvdFhWMrLJkcYH,3,transaction,311861787,False,True,4,1JQN4ThctNN2himNjnQ6rvdFhWMrLJkcYH|266113017|1CajuZVtXZBqaMMvGA3Fvkg9Z2RJpTHp6G|311861787,wallet|transaction|wallet|transaction,|0.989492|0.911316|0.987296
1JQfujkbY8z3jNq4LAMQ5fAhznp73j6TZD,3,transaction,339083961,False,True,4,1JQfujkbY8z3jNq4LAMQ5fAhznp73j6TZD|339103434|1LC1HCSYwM4erBY17XbrpyPSjEt8mXMKMx|339083961,wallet|transaction|wallet|transaction,|0.00415441|0.895263|0.978261
1JXHrzoTzzfXBVjX1Dp1aGvrRjtHfjRimr,3,transaction,316856344,False,True,4,1JXHrzoTzzfXBVjX1Dp1aGvrRjtHfjRimr|126700672|1LbEVNFyw5K1k959iyfDRj9jsnCMjkCnKk|316856344,wallet|transaction|wallet|transaction,|-0.00895239|-0.0288514|-0.00574458
1JYbEg3bRiajmPPghpGh8BKayZafrUwNVz,3,transaction,390076579,False,True,4,1JYbEg3bRiajmPPghpGh8BKayZafrUwNVz|390332178|1DkD4K5sLzXfgTsXGGJgyvR5Mr1F7yzNv6|390076579,wallet|transaction|wallet|transaction,|0.988629|0.90583|0.98512
1JgyupKg1AoJyBoKm6iNpsqKcRXCTarcrL,3,transaction,88056278,False,True,4,1JgyupKg1AoJyBoKm6iNpsqKcRXCTarcrL|179377388|138Lx2G9gN1XZxkztRkZ6ZGMqQo1gQhhKM|88056278,wallet|transaction|wallet|transaction,|-0.00941114|-0.0816224|-0.00954146
1JhyYwqm3hJAKJTaohAbCUe34Nzbx1g4Bz,3,transaction,372723979,False,True,4,1JhyYwqm3hJAKJTaohAbCUe34Nzbx1g4Bz|372825372|1L52zU2sLZJuFhzYnA3Lduki3qxCXokQgy|372723979,wallet|transaction|wallet|transaction,|-0.00336761|-0.0866054|-0.00957987
1JzPqsUEaTHgkRj2qVDkrcXBA3tTnSQdxW,3,transaction,159059397,False,True,4,1JzPqsUEaTHgkRj2qVDkrcXBA3tTnSQdxW|179479390|1Kj4wdndyyoYW8ehuBQQpqmoNoi1MwLRCS|159059397,wallet|transaction|wallet|transaction,|-0.00778104|-0.079884|0.020718
1K1rfuXK5FJjc2aH4g9mPDXHYpsE1ZL8Qo,3,transaction,268777486,False,True,4,1K1rfuXK5FJjc2aH4g9mPDXHYpsE1ZL8Qo|268893786|1HHy767hCsZmE7pFcyXYJk3kq3zWEV96Go|268777486,wallet|transaction|wallet|transaction,|0.983121|0.89708|0.984788
1KVnumTwkzxTruffQn4S47cCNLSsDBr8n,3,transaction,288280822,False,True,4,1KVnumTwkzxTruffQn4S47cCNLSsDBr8n|288449905|13zJ2DoqmYkHkx1pEjd3Xqv6wAH5Xuw4mA|288280822,wallet|transaction|wallet|transaction,|0.973626|0.90392|0.746078
1Kgc4L9MtD3GDsXkWqRbbdTh63pWxsAAzY,3,transaction,355181828,False,True,4,1Kgc4L9MtD3GDsXkWqRbbdTh63pWxsAAzY|355092074|1MfYjossPuAXUvHfZoVXBue5mYH2R5cwsm|355181828,wallet|transaction|wallet|transaction,|-0.0059434|0.599168|-0.00936018
1KjZWsyc3YXVLMkfoJT2kL28vtUTeWqRGp,3,transaction,331564743,False,True,4,1KjZWsyc3YXVLMkfoJT2kL28vtUTeWqRGp|331564747|14T5Pqe62pqP1oQerun8UGfxoXKkQQDKav|331564743,wallet|transaction|wallet|transaction,|0.988016|0.905577|0.244283
1KwKLJTCWUQZwtBhgBQi5cwgnUip7L68z1,3,transaction,401217425,False,True,4,1KwKLJTCWUQZwtBhgBQi5cwgnUip7L68z1|378320266|3QyUSB4eRYePHcvpS6k6YDMBUDGXRSSMPc|401217425,wallet|transaction|wallet|transaction,|0.82625|0.912345|0.990381
1KzzfsytshZkS279B1YuuK3tHTdPVRo98d,3,transaction,209822245,False,True,4,1KzzfsytshZkS279B1YuuK3tHTdPVRo98d|209824604|115MJQAQ4zT3LTw8sH7VbEh5dH7hqCRuvp|209822245,wallet|transaction|wallet|transaction,|0.989676|0.909481|0.988703
1L3QW4S46ofCxBfeNb37q8uSBPv2hZ2y3J,3,transaction,123066617,False,True,4,1L3QW4S46ofCxBfeNb37q8uSBPv2hZ2y3J|199951116|1FoCZUHcoRUQRwYkVawKBg3WcV9iEZnAag|123066617,wallet|transaction|wallet|transaction,|-0.00618319|0.908241|0.98003
1LCePW5Liqg3kuJFgWkVU3NRtsjtjzzbwz,3,transaction,174774267,False,True,4,1LCePW5Liqg3kuJFgWkVU3NRtsjtjzzbwz|175433937|17WZo15h71VJwMTdzbkJsyNEJHymASqheC|174774267,wallet|transaction|wallet|transaction,|0.903659|0.906296|0.931606
1LXKUtNH2L6ALNKy6T1bWSCtQYhexJNViX,3,transaction,81543749,False,True,4,1LXKUtNH2L6ALNKy6T1bWSCtQYhexJNViX|194348508|1EmccN6xqtfRZ6UdtQfe1YE1ecRyLv5jbC|81543749,wallet|transaction|wallet|transaction,|0.479996|0.90628|0.963929
1LZm4gA2kJzKJvKBNmKKmfjwqLY61fen7M,3,transaction,99201090,False,True,4,1LZm4gA2kJzKJvKBNmKKmfjwqLY61fen7M|100075510|1AJhPaYoAU4YaZNvSdMWmPNT6dqSNbmC8y|99201090,wallet|transaction|wallet|transaction,|0.592268|0.908949|0.988306
1Lk5Eax35hRrossE8bW3ZHsecsrtXWu6E7,3,transaction,190014509,False,True,4,1Lk5Eax35hRrossE8bW3ZHsecsrtXWu6E7|190434068|1KJrajDEsMkh7VJtS1xnVaxh38fjVw25k3|190014509,wallet|transaction|wallet|transaction,|0.989904|0.91077|0.99008
1Lmhvx9dwm3NpXXiCNwADWhJ4NNMYmmLAe,3,transaction,105427123,False,True,4,1Lmhvx9dwm3NpXXiCNwADWhJ4NNMYmmLAe|105590319|1PcEvtTPQZZoe6WQvwoB45SvJiu45WYLiB|105427123,wallet|transaction|wallet|transaction,|0.00428103|-0.0866302|-0.00961566
1LxVj9P2maFj6HFEeeNTHjp8GS5vpuDdoN,3,transaction,355006835,False,True,4,1LxVj9P2maFj6HFEeeNTHjp8GS5vpuDdoN|355006827|1KK71iykGJA12F2uEMAPFK8JYuXDnb9qSi|355006835,wallet|transaction|wallet|transaction,|-0.00961221|0.908432|0.97244
1MMbWWaNms5M8jmLuNuAvdpKFDspuWrPGi,3,transaction,72246251,False,True,4,1MMbWWaNms5M8jmLuNuAvdpKFDspuWrPGi|96926549|131yZA7k2uiCEGNpDR61UpmK54KmQZRLXE|72246251,wallet|transaction|wallet|transaction,|-0.00961467|-0.0864505|-0.0096162
1MPfnTCCwNVg9BSLvjA4X3zAboZUCJyxYp,3,transaction,337725330,False,True,4,1MPfnTCCwNVg9BSLvjA4X3zAboZUCJyxYp|382880021|1H5EtCycWr5bpwqZnuE5LdKba5ABwQuW87|337725330,wallet|transaction|wallet|transaction,|0.0400935|0.90883|0.978451
1MTJ3FbQQhkLof4FZRqUDZuwUGYHFvuRxk,3,transaction,294602321,False,True,4,1MTJ3FbQQhkLof4FZRqUDZuwUGYHFvuRxk|85004953|1NgNNa6hFEoFYj9CnpYK4mX3v5GwEK1fiS|294602321,wallet|transaction|wallet|transaction,|0.987612|0.907768|0.975683
1MhLKip2itv4P1y3B1WF5MjsYuSjrERdHw,3,transaction,175754574,False,True,4,1MhLKip2itv4P1y3B1WF5MjsYuSjrERdHw|179001124|1LuvBEFtCTZT1QR1gHoXuaXvHAqF3JyNwZ|175754574,wallet|transaction|wallet|transaction,|0.857126|0.90609|0.927676
1MwGFbYYonWp76M3qfRHsZpM6B9TSkYTWk,3,transaction,309502106,False,True,4,1MwGFbYYonWp76M3qfRHsZpM6B9TSkYTWk|358237573|1EXSExhiHL4R6abyR6ETTaZcb8WrdRDA4b|309502106,wallet|transaction|wallet|transaction,|0.986434|0.910601|0.986314
179084697,2,transaction,179108098,False,True,3,179084697|1FZgsW1679HPgupFUG5twRprVFUuqumAYm|179108098,transaction|wallet|transaction,|0.912102|0.990074
372726753,2,transaction,328197794,False,True,3,372726753|1KotN1EX4nsCzBygcUTecBpHfevKv4UHwM|328197794,transaction|wallet|transaction,|-0.0866377|-0.00961682
299158314,2,transaction,248903223,False,True,3,299158314|12k7kXAo7JjcHTnoPxpYsYQRVDAZaM4Jfq|248903223,transaction|wallet|transaction,|0.904337|0.988424
219543494,2,transaction,155603978,False,True,3,219543494|1ETa4q9o8sCpxsHJCUmupaq9iDCvC7adQf|155603978,transaction|wallet|transaction,|0.903744|0.845863
113UD7kW6Tm6eGUSdx1nxbyJUXDmPgh9YY,2,wallet,3JqYwD8gGDYfkHEAR8EQHvgVdmxzVXPBoS,False,True,3,113UD7kW6Tm6eGUSdx1nxbyJUXDmPgh9YY|105826996|3JqYwD8gGDYfkHEAR8EQHvgVdmxzVXPBoS,wallet|transaction|wallet,|-0.00817143|0.892104
121DWzW6dfYGoMJXRDrHA74t5JPUyrtLCb,2,wallet,33i7FZnUtQaHp9rX6ZRkeHvPoAusDMiG7G,False,True,3,121DWzW6dfYGoMJXRDrHA74t5JPUyrtLCb|84375386|33i7FZnUtQaHp9rX6ZRkeHvPoAusDMiG7G,wallet|transaction|wallet,|0.9762|0.891686
124wkTiD8UieQBmBQmk9Ko3PsvU53d5oLu,2,wallet,37U1BcQvTAfgkSJnFegekjdKJ5SFUAg4Hy,False,True,3,124wkTiD8UieQBmBQmk9Ko3PsvU53d5oLu|332563582|37U1BcQvTAfgkSJnFegekjdKJ5SFUAg4Hy,wallet|transaction|wallet,|-0.0093533|0.896537
125cDvGg4c7ySbfmmrsdTmaRpcg8E7uRZD,2,wallet,32re8L1jQXDPqKwv86hHAi9sv3mWSXvRX6,False,True,3,125cDvGg4c7ySbfmmrsdTmaRpcg8E7uRZD|20219869|32re8L1jQXDPqKwv86hHAi9sv3mWSXvRX6,wallet|transaction|wallet,|0.520665|0.892015
126t2Uo8SoUn7djGxjzbENQQbzsfSiiAXf,2,wallet,1BGbYAkX58ZwdXkAbBhgAbtBj6Veksa2H1,False,True,3,126t2Uo8SoUn7djGxjzbENQQbzsfSiiAXf|70781861|1BGbYAkX58ZwdXkAbBhgAbtBj6Veksa2H1,wallet|transaction|wallet,|0.759163|0.892047
12A6GH9vPBqvTMyLkfFWzEUXwx3xAu92Mt,2,wallet,354nJAzZaw3CGbqNtNEPPh7w9WZvCgxark,False,True,3,12A6GH9vPBqvTMyLkfFWzEUXwx3xAu92Mt|268861287|354nJAzZaw3CGbqNtNEPPh7w9WZvCgxark,wallet|transaction|wallet,|0.982764|0.891645
12CiFhPEPSL4f5S8H9F4msLSLi6fRXjwX8,2,wallet,38ucSTUWX1Brz7BfUwCtGEbTPHAeJXvGab,False,True,3,12CiFhPEPSL4f5S8H9F4msLSLi6fRXjwX8|268883403|38ucSTUWX1Brz7BfUwCtGEbTPHAeJXvGab,wallet|transaction|wallet,|0.987461|0.891623
12EHhxkFooMedrdRJ65BLSwr5i1scvBF1n,2,wallet,3E2UTxF4UWnFEALt7vkw8HjqrADcxdQxVs,False,True,3,12EHhxkFooMedrdRJ65BLSwr5i1scvBF1n|36909940|3E2UTxF4UWnFEALt7vkw8HjqrADcxdQxVs,wallet|transaction|wallet,|0.422056|0.892104
12ELn46LqXT8oFw5mNY4jEdRvJg2y5vucy,2,wallet,34K7QoYcSUZyE5gJfkzZKRih8qnu2n1zL4,False,True,3,12ELn46LqXT8oFw5mNY4jEdRvJg2y5vucy|311608482|34K7QoYcSUZyE5gJfkzZKRih8qnu2n1zL4,wallet|transaction|wallet,|0.986678|0.891606
12J6wagoZ8aF4Eup2VWCGzGBMQfcgEpuoN,2,wallet,1pakSUc3WaV81TZYib2cTjYo6TEyUiMnt,False,True,3,12J6wagoZ8aF4Eup2VWCGzGBMQfcgEpuoN|234166793|1pakSUc3WaV81TZYib2cTjYo6TEyUiMnt,wallet|transaction|wallet,|0.984463|0.891502
12MdsVrFK6nPMKiNMzcy4NS6G9yb9qTsRR,2,wallet,3FBzSuWyFUHez1mzdUDgDUSygV4omCARx1,False,True,3,12MdsVrFK6nPMKiNMzcy4NS6G9yb9qTsRR|16713136|3FBzSuWyFUHez1mzdUDgDUSygV4omCARx1,wallet|transaction|wallet,|0.0454653|0.892144
12NFtZWbH2fQEVhWwTHyzZ4E94zyd7eHGp,2,wallet,37fRSUGZ5CpR1RBg5yQNjmA5S7kkqCQnbn,False,True,3,12NFtZWbH2fQEVhWwTHyzZ4E94zyd7eHGp|355110328|37fRSUGZ5CpR1RBg5yQNjmA5S7kkqCQnbn,wallet|transaction|wallet,|0.978852|0.891725
12RQsZMjE2UWCw2Xy6FC2ZMP9E5edqUCQt,2,wallet,3LLN9weunTA4ucuJZ9bgG65xgAYGURu8bb,False,True,3,12RQsZMjE2UWCw2Xy6FC2ZMP9E5edqUCQt|180219451|3LLN9weunTA4ucuJZ9bgG65xgAYGURu8bb,wallet|transaction|wallet,|-0.00384516|0.894087
12RVhggPA3eakwxqfVWNAFdUZXNmNKyuRq,2,wallet,3EuHoJxzhZjnq1jxSdhdDT1m8CgQxnaRJp,False,True,3,12RVhggPA3eakwxqfVWNAFdUZXNmNKyuRq|151823513|3EuHoJxzhZjnq1jxSdhdDT1m8CgQxnaRJp,wallet|transaction|wallet,|0.981825|0.891655
12U7bTXXgEWHf4RV8tmK3Dkz7biZkGv3xL,2,wallet,3EUAw6AckQpmGAZvvXfmCL5Cqq7Y7iuVQ9,False,True,3,12U7bTXXgEWHf4RV8tmK3Dkz7biZkGv3xL|53784539|3EUAw6AckQpmGAZvvXfmCL5Cqq7Y7iuVQ9,wallet|transaction|wallet,|0.96247|0.891821
12UdfjGWDqt6xsKCjwhe3YabpzHij8anfB,2,wallet,3DVpmDTTpx1ZWSENnECu4AnJoq76DuTTRL,False,True,3,12UdfjGWDqt6xsKCjwhe3YabpzHij8anfB|158349653|3DVpmDTTpx1ZWSENnECu4AnJoq76DuTTRL,wallet|transaction|wallet,|0.465897|0.892154
12WpuvTeCikQyrRGx4VHQtPKghCDA3H5u2,2,wallet,1E8VHSFxgYa54v5TCyjGDSc3xdTyVroQgQ,False,True,3,12WpuvTeCikQyrRGx4VHQtPKghCDA3H5u2|288621678|1E8VHSFxgYa54v5TCyjGDSc3xdTyVroQgQ,wallet|transaction|wallet,|0.984442|0.891702
12XYAxCT8K7whxCbZyd1RcfJVVf8UGgnVP,2,wallet,3FfKvRjCg3Ev3Li5Ly5ybZL2itAn2TCjji,False,True,3,12XYAxCT8K7whxCbZyd1RcfJVVf8UGgnVP|286848744|3FfKvRjCg3Ev3Li5Ly5ybZL2itAn2TCjji,wallet|transaction|wallet,|0.981616|0.891637
12bNPHjSjpFtUQEkahABvfV6Ax2BAhhV49,2,wallet,3BcjbK3E2HgJz4CGmhVrVfwstwx5ne1HXz,False,True,3,12bNPHjSjpFtUQEkahABvfV6Ax2BAhhV49|268867552|3BcjbK3E2HgJz4CGmhVrVfwstwx5ne1HXz,wallet|transaction|wallet,|0.983324|0.891644
12f68DZGgGs8zoQ9VfHKE5htPjNt7kqdns,2,wallet,1NEUmjCD2ua8axUsd6gXGkef4hG8NvP2MP,False,True,3,12f68DZGgGs8zoQ9VfHKE5htPjNt7kqdns|368783589|1NEUmjCD2ua8axUsd6gXGkef4hG8NvP2MP,wallet|transaction|wallet,|0.942996|0.891729
12gxr2cGBGjTc5bzVccaiTeZ1fQvatvixj,2,wallet,3LRVntjrG3WeNKNBjA31GkM3MshSaX7uBo,False,True,3,12gxr2cGBGjTc5bzVccaiTeZ1fQvatvixj|10174843|3LRVntjrG3WeNKNBjA31GkM3MshSaX7uBo,wallet|transaction|wallet,|0.477861|0.892154
12h3U7AHZgzSAa67k1gqWAjCHreLauYpwz,2,wallet,14zrtnkHAqvPoy9wDvY14a8eNgAuYHiWA1,False,True,3,12h3U7AHZgzSAa67k1gqWAjCHreLauYpwz|272088225|14zrtnkHAqvPoy9wDvY14a8eNgAuYHiWA1,wallet|transaction|wallet,|0.987982|0.891592
12h6piHLNNjwnxMpxzBp76qjjrrgqvYCTo,2,wallet,327AGvbE1a4Tt8oXgL814DBCnnqtCJXqTy,False,True,3,12h6piHLNNjwnxMpxzBp76qjjrrgqvYCTo|355505391|327AGvbE1a4Tt8oXgL814DBCnnqtCJXqTy,wallet|transaction|wallet,|0.965035|0.891781
12jvaTJifZparc5znmwvJ8a3tDR6WWmic7,2,wallet,1FHHmHTjx66tLn845hTh6Pkxhim66GrRg7,False,True,3,12jvaTJifZparc5znmwvJ8a3tDR6WWmic7|105860380|1FHHmHTjx66tLn845hTh6Pkxhim66GrRg7,wallet|transaction|wallet,|0.978293|0.891824
12m5fFEzafQBZ1dt14xymUjBafMNUCXvUL,2,wallet,3EWcy1SBK15BRSfT4VKD4NTeoxk6vaubYL,False,True,3,12m5fFEzafQBZ1dt14xymUjBafMNUCXvUL|191598956|3EWcy1SBK15BRSfT4VKD4NTeoxk6vaubYL,wallet|transaction|wallet,|0.97024|0.892406
12mFwCqExS7Qmtt5GS4XpaTeF49UtmcY5F,2,wallet,1FGAyrXFBGcRsYJ5B38QXG9GpuwAihwCX7,False,True,3,12mFwCqExS7Qmtt5GS4XpaTeF49UtmcY5F|372690435|1FGAyrXFBGcRsYJ5B38QXG9GpuwAihwCX7,wallet|transaction|wallet,|0.988515|0.891566
12mqi8Weg7uwgbHUH214mCwrfHmnyiGi2V,2,wallet,3GVkczRPqFnbDiZWuYZGBk3tawfL9ZUeRU,False,True,3,12mqi8Weg7uwgbHUH214mCwrfHmnyiGi2V|372682766|3GVkczRPqFnbDiZWuYZGBk3tawfL9ZUeRU,wallet|transaction|wallet,|0.984473|0.891614
12nhRTVECSfuPibeSCnD5SQ4WLfLgaTX7U,2,wallet,1C6n14vvVenUw4zK1UCU1wLSqA5CohBVKb,False,True,3,12nhRTVECSfuPibeSCnD5SQ4WLfLgaTX7U|322493613|1C6n14vvVenUw4zK1UCU1wLSqA5CohBVKb,wallet|transaction|wallet,|0.988084|0.89158
12qjhAXXR9vBkVZpocxtr77yAsXSAXp3PZ,2,wallet,156RsL92UHS8B7i3B7U1hdPU3Cf51ND9kv,False,True,3,12qjhAXXR9vBkVZpocxtr77yAsXSAXp3PZ|15085796|156RsL92UHS8B7i3B7U1hdPU3Cf51ND9kv,wallet|transaction|wallet,|0.986134|0.891534
12r8dVf71NBf3CSpAcdhfZ3S9DYeyRhWRn,2,wallet,36xSQoXT2hwVLVUJQn2w7oWtj9r1tBdRDS,False,True,3,12r8dVf71NBf3CSpAcdhfZ3S9DYeyRhWRn|99676831|36xSQoXT2hwVLVUJQn2w7oWtj9r1tBdRDS,wallet|transaction|wallet,|0.986695|0.891578
12rEzrcDvdCveLjXxDaFrMadb5iQtBAXHk,2,wallet,3LT7YtppGZuB55EHubikYytHdjBbGvWhuL,False,True,3,12rEzrcDvdCveLjXxDaFrMadb5iQtBAXHk|53782276|3LT7YtppGZuB55EHubikYytHdjBbGvWhuL,wallet|transaction|wallet,|0.896873|0.891897
12sjQctohASpKV8nWHyvB4wxjcjdFc516D,2,wallet,3HyqUfX7m7PNPxqgN3KkajodvFJf1y1DvX,False,True,3,12sjQctohASpKV8nWHyvB4wxjcjdFc516D|312223867|3HyqUfX7m7PNPxqgN3KkajodvFJf1y1DvX,wallet|transaction|wallet,|0.984728|0.891615
12tq7NaYLZKjZmEKehzT92pr7fspeFWtSJ,2,wallet,1BvqnYGMuchyqYc211aZn6SZFDcSamxX2j,False,True,3,12tq7NaYLZKjZmEKehzT92pr7fspeFWtSJ|92748480|1BvqnYGMuchyqYc211aZn6SZFDcSamxX2j,wallet|transaction|wallet,|0.985694|0.891678
12uqXBJdpwySK4yZA5RBoWioJt5sE2CwDd,2,wallet,3J48nQyU4G6qitwTCwe22LPCwHNv57occd,False,True,3,12uqXBJdpwySK4yZA5RBoWioJt5sE2CwDd|268867035|3J48nQyU4G6qitwTCwe22LPCwHNv57occd,wallet|transaction|wallet,|0.984213|0.891638
1345K8cctj3Zf5teUJZG8Lg8WzA5ViC26T,2,wallet,1Lqd4EbSVhmXEgJkEhmZWe9U9ncuaoVS8E,False,True,3,1345K8cctj3Zf5teUJZG8Lg8WzA5ViC26T|28802162|1Lqd4EbSVhmXEgJkEhmZWe9U9ncuaoVS8E,wallet|transaction|wallet,|0.980795|0.891762
134HwgYHxCWW21C7eZCEbZaeu4UR2fZkoZ,2,wallet,3BDNgqHoF4tKjdgi8Yt8S3dQ9SVcLpngHg,False,True,3,134HwgYHxCWW21C7eZCEbZaeu4UR2fZkoZ|288602158|3BDNgqHoF4tKjdgi8Yt8S3dQ9SVcLpngHg,wallet|transaction|wallet,|0.637798|0.892047
134T6xirgyABfmPCNTuhopYsy2WaJN1Mst,2,wallet,1Kra6QWCJBHrcDeLUnJEBfjqyxRNiGv2t3,False,True,3,134T6xirgyABfmPCNTuhopYsy2WaJN1Mst|95676411|1Kra6QWCJBHrcDeLUnJEBfjqyxRNiGv2t3,wallet|transaction|wallet,|0.985036|0.891692
134WLp1zZELK7rUYPScs2kMsmmfMCJVxec,2,wallet,1KFnQbRs43ZNUfwQbZi6m9fzoD6n2qfARr,False,True,3,134WLp1zZELK7rUYPScs2kMsmmfMCJVxec|272430225|1KFnQbRs43ZNUfwQbZi6m9fzoD6n2qfARr,wallet|transaction|wallet,|0.98808|0.891588
134YXML9nCZnz86AbGzsGmSQZNNvEuGB31,2,wallet,1KWED7fkZck8fFzxkFfHKkLoWo9eurzb8R,False,True,3,134YXML9nCZnz86AbGzsGmSQZNNvEuGB31|269459065|1KWED7fkZck8fFzxkFfHKkLoWo9eurzb8R,wallet|transaction|wallet,|0.986733|0.891633
135oSUXCXb848eqHeughAXDT8cTjqrrc99,2,wallet,16NnsE9xJDD8xYeuPb19nruVaToj4PAC1t,False,True,3,135oSUXCXb848eqHeughAXDT8cTjqrrc99|299041249|16NnsE9xJDD8xYeuPb19nruVaToj4PAC1t,wallet|transaction|wallet,|0.980996|0.891666
136vFELaBg11sBHvHD5fCuS9H6ZdeKjG2j,2,wallet,38vbSqnhBzt6eciTmyPiY7i7NSfcHbHGTW,False,True,3,136vFELaBg11sBHvHD5fCuS9H6ZdeKjG2j|355109541|38vbSqnhBzt6eciTmyPiY7i7NSfcHbHGTW,wallet|transaction|wallet,|0.0805321|0.907374
13Bf2nNFDkb77pFP2aG3gi4WNnaDKpMHmS,2,wallet,3CWNv8JurEUrCBTKHWeHYCNRxZvafJYDvk,False,True,3,13Bf2nNFDkb77pFP2aG3gi4WNnaDKpMHmS|84373476|3CWNv8JurEUrCBTKHWeHYCNRxZvafJYDvk,wallet|transaction|wallet,|0.980866|0.891668
13DThMtvDTxzXxCo8gw9iqv8Bv4bnw8Kiu,2,wallet,1AGaZBXxxzTPJcnNgNENk99XJtxKcR1DfS,False,True,3,13DThMtvDTxzXxCo8gw9iqv8Bv4bnw8Kiu|372672184|1AGaZBXxxzTPJcnNgNENk99XJtxKcR1DfS,wallet|transaction|wallet,|0.988556|0.891572
13ELjt94DzHR1zbhx9UrcMpq6RxSJY9u2N,2,wallet,3LYkhZLUdkvLabpRkBUuFmUYQjPPJXiA9N,False,True,3,13ELjt94DzHR1zbhx9UrcMpq6RxSJY9u2N|180533541|3LYkhZLUdkvLabpRkBUuFmUYQjPPJXiA9N,wallet|transaction|wallet,|0.973306|0.891679
13Gw2pFYiqTpSMfVH6dvy1tqfANy8bRZji,2,wallet,1LXT9d8cT4uWhvN7jCin55XrnGceQUdqJK,False,True,3,13Gw2pFYiqTpSMfVH6dvy1tqfANy8bRZji|92595282|1LXT9d8cT4uWhvN7jCin55XrnGceQUdqJK,wallet|transaction|wallet,|0.98504|0.891692
13JgiSiJ3bMSognhNkmC6pud95U2H3asTg,2,wallet,3FfKvRjCg3Ev3Li5Ly5ybZL2itAn2TCjji,False,True,3,13JgiSiJ3bMSognhNkmC6pud95U2H3asTg|286848744|3FfKvRjCg3Ev3Li5Ly5ybZL2itAn2TCjji,wallet|transaction|wallet,|0.981616|0.891637
13Jk6kLeaMBYzwjdQHnYqVTY58G6oasVM5,2,wallet,14Fs5nBjPGBaBWdN4Yb1WTdbUjNciHZ8cB,False,True,3,13Jk6kLeaMBYzwjdQHnYqVTY58G6oasVM5|288617215|14Fs5nBjPGBaBWdN4Yb1WTdbUjNciHZ8cB,wallet|transaction|wallet,|0.985192|0.891689
13JvVZDmJwzrBihU47qApspxxhdsq1FRvG,2,wallet,1PL4ZHs4FQYqxhsVbPhKfdpN2AbtobmVr6,False,True,3,13JvVZDmJwzrBihU47qApspxxhdsq1FRvG|336436976|1PL4ZHs4FQYqxhsVbPhKfdpN2AbtobmVr6,wallet|transaction|wallet,|0.988305|0.89158
13Mo9yuMuAoVLyTwgm5y3nGERhi2waBKhD,2,wallet,1NNF4aaAnNqUknRfwBArA55XafPuZyYWzG,False,True,3,13Mo9yuMuAoVLyTwgm5y3nGERhi2waBKhD|114509390|1NNF4aaAnNqUknRfwBArA55XafPuZyYWzG,wallet|transaction|wallet,|0.979999|0.891764
13Ntho7CZ1oauGpJQdTBu1AJ1Zb9QVVnmn,2,wallet,3BSJ4xjcaV48esbGdymK1E12j3bmBqkxUX,False,True,3,13Ntho7CZ1oauGpJQdTBu1AJ1Zb9QVVnmn|28021032|3BSJ4xjcaV48esbGdymK1E12j3bmBqkxUX,wallet|transaction|wallet,|0.357989|0.892194
13PCEtMLKCfMn2GgzKYvXxRZABCF1yyMhv,2,wallet,3AjyJBNoUfdozUAA9RWx4oqzgxj5j9YigN,False,True,3,13PCEtMLKCfMn2GgzKYvXxRZABCF1yyMhv|92516400|3AjyJBNoUfdozUAA9RWx4oqzgxj5j9YigN,wallet|transaction|wallet,|0.967207|0.891781
13PJ8cjLBxyLmDGuJqYWuvbkAruSsvR2bk,2,wallet,3AgwqkqMbFrqzjNLJ4SpB8hvcoh2fZHUAh,False,True,3,13PJ8cjLBxyLmDGuJqYWuvbkAruSsvR2bk|54803353|3AgwqkqMbFrqzjNLJ4SpB8hvcoh2fZHUAh,wallet|transaction|wallet,|0.264875|0.89215
13PKV7jc3cXMyubj2LEkNL36xrrx9JZgGs,2,wallet,1F17kgbjj2G3hQ6kpU9XZ3hNKt9UkEDBZy,False,True,3,13PKV7jc3cXMyubj2LEkNL36xrrx9JZgGs|362965635|1F17kgbjj2G3hQ6kpU9XZ3hNKt9UkEDBZy,wallet|transaction|wallet,|0.988772|0.89155
13QLJnwJf6qLkTR2eyhshwmE43R14i7iZj,2,wallet,31uhUhpR6mkWJL3QNYxavcAQPHUxFv46aq,False,True,3,13QLJnwJf6qLkTR2eyhshwmE43R14i7iZj|11320206|31uhUhpR6mkWJL3QNYxavcAQPHUxFv46aq,wallet|transaction|wallet,|0.83817|0.892047
13Rd2eLbYhq9gpsNFTtEEDbNPy4FRuewPN,2,wallet,3ChSv3KSMLKPXW4LpW5wjf5i2RyGy8PwHi,False,True,3,13Rd2eLbYhq9gpsNFTtEEDbNPy4FRuewPN|122221510|3ChSv3KSMLKPXW4LpW5wjf5i2RyGy8PwHi,wallet|transaction|wallet,|0.986598|0.891592
13RoJMh7Vks8wYEey2xkQjg3tVFNsXsZZV,2,wallet,3Hy3ry9PeLEUqWfCAJHKPKFw87H1WdCJzW,False,True,3,13RoJMh7Vks8wYEey2xkQjg3tVFNsXsZZV|268856987|3Hy3ry9PeLEUqWfCAJHKPKFw87H1WdCJzW,wallet|transaction|wallet,|0.979689|0.891659
13SfLs8t2GbsCgKsp3jKKib5hBYRjD7nc3,2,wallet,3AvigXeWpSD9rupoo9grBfqn5WJ79v91rM,False,True,3,13SfLs8t2GbsCgKsp3jKKib5hBYRjD7nc3|28808235|3AvigXeWpSD9rupoo9grBfqn5WJ79v91rM,wallet|transaction|wallet,|0.884612|0.891969
13TvQ9Rt1ehhsneSsHDiiJ2XrEE6DxyHpj,2,wallet,1A5oQd6VeCighpmM5nLTRWq8EXKPPriYtd,False,True,3,13TvQ9Rt1ehhsneSsHDiiJ2XrEE6DxyHpj|179028011|1A5oQd6VeCighpmM5nLTRWq8EXKPPriYtd,wallet|transaction|wallet,|0.982404|0.891497
13UfDKU2JFTevjMoj6eyoXqUgv8r7qS8vG,2,wallet,1Aqh1BQQam643YQSRdB46uxa3EViEEEvuL,False,True,3,13UfDKU2JFTevjMoj6eyoXqUgv8r7qS8vG|98975505|1Aqh1BQQam643YQSRdB46uxa3EViEEEvuL,wallet|transaction|wallet,|0.988697|0.891564
13VeF9uDNz5HtWZvvAAX7TBzwMy31SpW6m,2,wallet,3FZK7cfs1iRVW8PT7zofap94HRKr4Tb6br,False,True,3,13VeF9uDNz5HtWZvvAAX7TBzwMy31SpW6m|207150123|3FZK7cfs1iRVW8PT7zofap94HRKr4Tb6br,wallet|transaction|wallet,|0.849338|0.891966
13VzkXPURxj5aZmpMcavouqMFJMrEMxoeA,2,wallet,31iZopYrA7fP9NqdVnSZ6xRzmVfhiS6fuD,False,True,3,13VzkXPURxj5aZmpMcavouqMFJMrEMxoeA|165594204|31iZopYrA7fP9NqdVnSZ6xRzmVfhiS6fuD,wallet|transaction|wallet,|0.985008|0.891638
13W7ypPeSAANDvdDKy6x3hW1Ymqv5YqTfM,2,wallet,3Hbx2v1YH7UMALXeNgrcAyadQFQd19D57G,False,True,3,13W7ypPeSAANDvdDKy6x3hW1Ymqv5YqTfM|313613074|3Hbx2v1YH7UMALXeNgrcAyadQFQd19D57G,wallet|transaction|wallet,|0.97394|0.891665
13Wb1vBXdbF7CimibvbcsArqmyt9CecUEt,2,wallet,12k5vD8uYy4cB72S7N6EvmE3d1eLEHSYpp,False,True,3,13Wb1vBXdbF7CimibvbcsArqmyt9CecUEt|70781785|12k5vD8uYy4cB72S7N6EvmE3d1eLEHSYpp,wallet|transaction|wallet,|0.610434|0.892041
13aWVf2fNYceWUMBZnWCJvGLN6pz8XWv8D,2,wallet,3EJvgztcJzTrtMq1GNTRAV5AL2Cm4FSFsm,False,True,3,13aWVf2fNYceWUMBZnWCJvGLN6pz8XWv8D|85005396|3EJvgztcJzTrtMq1GNTRAV5AL2Cm4FSFsm,wallet|transaction|wallet,|0.164538|0.892595
13dtAaWV3RVJA2DtjvPfi3qfRjhB5HGo8J,2,wallet,3Fzzji5nFaSptmYL8bNsm3KcpYm3qnxqBS,False,True,3,13dtAaWV3RVJA2DtjvPfi3qfRjhB5HGo8J|658042|3Fzzji5nFaSptmYL8bNsm3KcpYm3qnxqBS,wallet|transaction|wallet,|0.415621|0.892407
13e9a4yM6oGJ9TBnmSrvGBBELkf19E8CEp,2,wallet,35GkXyiDEDtnioqKwyCh6hLBSYzDNgwyDd,False,True,3,13e9a4yM6oGJ9TBnmSrvGBBELkf19E8CEp|32293580|35GkXyiDEDtnioqKwyCh6hLBSYzDNgwyDd,wallet|transaction|wallet,|-0.00961656|-0.0865718
13fBrzqGwZ4TPToADrR4pJFyAKmzjj2Kuk,2,wallet,38kMfGZvHMS2GgxmWA2AtEksRKzgXvpJcq,False,True,3,13fBrzqGwZ4TPToADrR4pJFyAKmzjj2Kuk|171324635|38kMfGZvHMS2GgxmWA2AtEksRKzgXvpJcq,wallet|transaction|wallet,|-0.00933853|0.891568
13fDrLd5HszbFo2x9XyyA4B9RwjSESkJSL,2,wallet,1HSmP4M1om4Sp4iLUG4nfYbW2ZGKmqs4yo,False,True,3,13fDrLd5HszbFo2x9XyyA4B9RwjSESkJSL|106001669|1HSmP4M1om4Sp4iLUG4nfYbW2ZGKmqs4yo,wallet|transaction|wallet,|0.977945|0.891812
13hxJDJjMGXGXm5GWNtaHmtrYFkychJYyz,2,wallet,1PZDmCMfvu8z3dTzVbCBKZK61f4EWCCtAp,False,True,3,13hxJDJjMGXGXm5GWNtaHmtrYFkychJYyz|163711912|1PZDmCMfvu8z3dTzVbCBKZK61f4EWCCtAp,wallet|transaction|wallet,|0.980273|0.891662
13iLRr2kvgLQjV5scUComTsNR5o95pDXQy,2,wallet,1G61nH4CjpUHnS3Ra6FdsqVpUEdyk5rRLe,False,True,3,13iLRr2kvgLQjV5scUComTsNR5o95pDXQy|30179360|1G61nH4CjpUHnS3Ra6FdsqVpUEdyk5rRLe,wallet|transaction|wallet,|0.983621|0.891739
13jLZMueuXM5x6MKfT2nUt9pCffsDo7Ydw,2,wallet,367YrEdD3bWF9r34dGE5zoGbGqn6bfXSZF,False,True,3,13jLZMueuXM5x6MKfT2nUt9pCffsDo7Ydw|85005003|367YrEdD3bWF9r34dGE5zoGbGqn6bfXSZF,wallet|transaction|wallet,|0.940295|0.891737
13jbU1M8ZCyzrVYDokZkqrD9D42tbXgfkJ,2,wallet,3JCNfkGzxrygtZpzu1gA9to1fsFG1ghTag,False,True,3,13jbU1M8ZCyzrVYDokZkqrD9D42tbXgfkJ|92107945|3JCNfkGzxrygtZpzu1gA9to1fsFG1ghTag,wallet|transaction|wallet,|0.963487|0.8918
13jmHuv9exM1NTJpYKfJhq6RLoKbTKQXMW,2,wallet,3Fzzji5nFaSptmYL8bNsm3KcpYm3qnxqBS,False,True,3,13jmHuv9exM1NTJpYKfJhq6RLoKbTKQXMW|658042|3Fzzji5nFaSptmYL8bNsm3KcpYm3qnxqBS,wallet|transaction|wallet,|0.415621|0.892407
13k4mJ8TopNEiq9oU9PwKc5Av27DtMu7DM,2,wallet,14p7rnu6LkJgE2hMHaWH5W1UHc8BHrAPAX,False,True,3,13k4mJ8TopNEiq9oU9PwKc5Av27DtMu7DM|269561973|14p7rnu6LkJgE2hMHaWH5W1UHc8BHrAPAX,wallet|transaction|wallet,|0.987454|0.891602
13mNQEazD6yMbLyKvoeS6ViUndXxPEfUu9,2,wallet,3AgwqkqMbFrqzjNLJ4SpB8hvcoh2fZHUAh,False,True,3,13mNQEazD6yMbLyKvoeS6ViUndXxPEfUu9|54803353|3AgwqkqMbFrqzjNLJ4SpB8hvcoh2fZHUAh,wallet|transaction|wallet,|0.264875|0.89215
13moibcQyBaSJKTuomYe25877ZCXfoq5wV,2,wallet,38EYLMdPwKuVSQjYJqcAepoopyb5wGbM91,False,True,3,13moibcQyBaSJKTuomYe25877ZCXfoq5wV|97457576|38EYLMdPwKuVSQjYJqcAepoopyb5wGbM91,wallet|transaction|wallet,|0.981562|0.891648
13nQyYDQJWKrtYSgT9xJgAyw8mjZgLhwyx,2,wallet,1Gch5PEkGASLr2dTc8dxudemry6JVofgi7,False,True,3,13nQyYDQJWKrtYSgT9xJgAyw8mjZgLhwyx|99676504|1Gch5PEkGASLr2dTc8dxudemry6JVofgi7,wallet|transaction|wallet,|0.988806|0.891558
13nqKUgJz5Ya7vvCaEqKri4JTwzBdvAkgb,2,wallet,1Ga1KPvEVGcPDMJFcJeDE1P8xYCNjkzsJA,False,True,3,13nqKUgJz5Ya7vvCaEqKri4JTwzBdvAkgb|308075880|1Ga1KPvEVGcPDMJFcJeDE1P8xYCNjkzsJA,wallet|transaction|wallet,|0.988612|0.891566
13oxPxDyosVC89BTqoezURRYjNmqfyLad4,2,wallet,3J48nQyU4G6qitwTCwe22LPCwHNv57occd,False,True,3,13oxPxDyosVC89BTqoezURRYjNmqfyLad4|268867035|3J48nQyU4G6qitwTCwe22LPCwHNv57occd,wallet|transaction|wallet,|0.984213|0.891638
13pdSX4fZEE6JjG3ScHaCtm86BC81HwQsx,2,wallet,17wJk7DM4gzLLv115Gv1xtbA4pcgAMNY7f,False,True,3,13pdSX4fZEE6JjG3ScHaCtm86BC81HwQsx|248889354|17wJk7DM4gzLLv115Gv1xtbA4pcgAMNY7f,wallet|transaction|wallet,|0.98879|0.891546
13rLnA6RGwRuTvkwLMHqHd9KeD11Ay4d1V,2,wallet,1Nqwfa6TrWEs3Xi1NmZNRKPsHvo1F7RsHQ,False,True,3,13rLnA6RGwRuTvkwLMHqHd9KeD11Ay4d1V|372688009|1Nqwfa6TrWEs3Xi1NmZNRKPsHvo1F7RsHQ,wallet|transaction|wallet,|0.988521|0.891567
13rMCvQCqemL662UpCTUye5DGpFd3xkP9q,2,wallet,1Q9qrxvpbPgDCbJuxQXPVQrRG4pN6zD8W1,False,True,3,13rMCvQCqemL662UpCTUye5DGpFd3xkP9q|372690570|1Q9qrxvpbPgDCbJuxQXPVQrRG4pN6zD8W1,wallet|transaction|wallet,|0.988631|0.891566
13sUDtNdkdZ9yDrjzsjsbB7YvdeUmpad4s,2,wallet,3Fr1H62NuXsEXFcvi9GTmfhKVvA2ec5cf7,False,True,3,13sUDtNdkdZ9yDrjzsjsbB7YvdeUmpad4s|130377008|3Fr1H62NuXsEXFcvi9GTmfhKVvA2ec5cf7,wallet|transaction|wallet,|0.97795|0.891667
13trBMdWruprvWHdnjuUKRgbpaJNzvCcNF,2,wallet,37eLhmL47dJEnKQdfyqUn4RzcD2r75X8zB,False,True,3,13trBMdWruprvWHdnjuUKRgbpaJNzvCcNF|30165216|37eLhmL47dJEnKQdfyqUn4RzcD2r75X8zB,wallet|transaction|wallet,|0.673871|0.892125
13uLRvvnHAffXN3w9GJyMRTpyW3BDKWnaT,2,wallet,1GEFpVA3UuXmXfEZNTs6L5kzCFHPHo4v6P,False,True,3,13uLRvvnHAffXN3w9GJyMRTpyW3BDKWnaT|390045476|1GEFpVA3UuXmXfEZNTs6L5kzCFHPHo4v6P,wallet|transaction|wallet,|0.988691|0.891536
13uWS2mUm5GbybQnjPrUp9HaTDdwCnEx33,2,wallet,15fSfdSNBrZhHDCDyu5iHAshXnxtPp3mBd,False,True,3,13uWS2mUm5GbybQnjPrUp9HaTDdwCnEx33|100075806|15fSfdSNBrZhHDCDyu5iHAshXnxtPp3mBd,wallet|transaction|wallet,|0.98861|0.891558
13v7j2FdoJo5hHvSnf3BqPYwV35FkockN2,2,wallet,3BLyNUTMmg4kJUM1geHqgGpiUHKPjCKTdy,False,True,3,13v7j2FdoJo5hHvSnf3BqPYwV35FkockN2|332330444|3BLyNUTMmg4kJUM1geHqgGpiUHKPjCKTdy,wallet|transaction|wallet,|0.985714|0.891604
13vYdngnDCUNAcu7PtJdbKwzAdy9Ls4VD1,2,wallet,1ETGQ1uBThN9ZCFRBpYV2U6QkmXJbwzWcJ,False,True,3,13vYdngnDCUNAcu7PtJdbKwzAdy9Ls4VD1|335858227|1ETGQ1uBThN9ZCFRBpYV2U6QkmXJbwzWcJ,wallet|transaction|wallet,|0.988473|0.891583
13w24MKsYhBwysjqtnzg5sc3wVwanz2Ypm,2,wallet,35PVtsUn94Ho8J1uitwPJ5tpiNUZjF5ebT,False,True,3,13w24MKsYhBwysjqtnzg5sc3wVwanz2Ypm|43840946|35PVtsUn94Ho8J1uitwPJ5tpiNUZjF5ebT,wallet|transaction|wallet,|0.201566|0.892209
13wNmsdwcUT5D9zhcA1fFYfgA5oUpM4Zw6,2,wallet,3DJi5YziqGMx2KTxiSsAxUDqq2SmQNq3zY,False,True,3,13wNmsdwcUT5D9zhcA1fFYfgA5oUpM4Zw6|22204803|3DJi5YziqGMx2KTxiSsAxUDqq2SmQNq3zY,wallet|transaction|wallet,|0.746171|0.892143
13wtHzS3xQfLY11MGKadfL3pnDWiGAqU6H,2,wallet,354nJAzZaw3CGbqNtNEPPh7w9WZvCgxark,False,True,3,13wtHzS3xQfLY11MGKadfL3pnDWiGAqU6H|268861287|354nJAzZaw3CGbqNtNEPPh7w9WZvCgxark,wallet|transaction|wallet,|0.982764|0.891645
141feopWQWgcdiCML128zyNw9uKCrtsn3C,2,wallet,3BLyNUTMmg4kJUM1geHqgGpiUHKPjCKTdy,False,True,3,141feopWQWgcdiCML128zyNw9uKCrtsn3C|332330444|3BLyNUTMmg4kJUM1geHqgGpiUHKPjCKTdy,wallet|transaction|wallet,|0.985714|0.891604
143ZVypVgvoomQqQ8pGTHTCho3ojG4WaC3,2,wallet,32gJCwLPhK2Vn2pCGeuCU4uhdWyRgHaPqz,False,True,3,143ZVypVgvoomQqQ8pGTHTCho3ojG4WaC3|72046294|32gJCwLPhK2Vn2pCGeuCU4uhdWyRgHaPqz,wallet|transaction|wallet,|0.337084|0.891761
143wjL39Zx2ENMnjQkFtE7dp33cvuJQVE5,2,wallet,35KurQjk7Asa4go4tGMdS9f3PnkixjFx5v,False,True,3,143wjL39Zx2ENMnjQkFtE7dp33cvuJQVE5|247774814|35KurQjk7Asa4go4tGMdS9f3PnkixjFx5v,wallet|transaction|wallet,|0.920977|0.891918
145dvAkRnpejWf2hdgH1LBbspN9ZeBHGst,2,wallet,37CTBd1xdiztjcokAWQn44NLwVzXfwdH4M,False,True,3,145dvAkRnpejWf2hdgH1LBbspN9ZeBHGst|33843382|37CTBd1xdiztjcokAWQn44NLwVzXfwdH4M,wallet|transaction|wallet,|0.270705|0.892263
14A45agMAvsLwKuL7VCp63PFEE7RkBvsFT,2,wallet,1HrTsNpwdAUJYQUrbYcT3dPCRnKTaaZ3ap,False,True,3,14A45agMAvsLwKuL7VCp63PFEE7RkBvsFT|97009610|1HrTsNpwdAUJYQUrbYcT3dPCRnKTaaZ3ap,wallet|transaction|wallet,|0.973258|0.891838
14BMwudyCf9sbgzzVsLDfKEYAbmWAfKuyk,2,wallet,3JZXwKuGCr5pJcCAgjqqrcRKkBSqQS6Ncg,False,True,3,14BMwudyCf9sbgzzVsLDfKEYAbmWAfKuyk|46862458|3JZXwKuGCr5pJcCAgjqqrcRKkBSqQS6Ncg,wallet|transaction|wallet,|0.821078|0.892044
14BnZZWz9JnX5TeR4vPjcFvge6u6v2UJQ7,2,wallet,3NGEaUcni4jrk8v2JNLpEFUxrtQ1ogh8fT,False,True,3,14BnZZWz9JnX5TeR4vPjcFvge6u6v2UJQ7|268860742|3NGEaUcni4jrk8v2JNLpEFUxrtQ1ogh8fT,wallet|transaction|wallet,|-0.00780501|0.887783
14C3nas8FP7q8vozF1WVQHR5e3zR8DMCJP,2,wallet,333NdhjJ83DroS26YcrjRP2GfU71nE23Ma,False,True,3,14C3nas8FP7q8vozF1WVQHR5e3zR8DMCJP|179193468|333NdhjJ83DroS26YcrjRP2GfU71nE23Ma,wallet|transaction|wallet,|0.00489219|0.893409
14D2pPnYSHccrgMyS66v328CY4244Bu7uK,2,wallet,38X4LyzPrZ4RwXgFMfb6f8gS4eWWdyhRUQ,False,True,3,14D2pPnYSHccrgMyS66v328CY4244Bu7uK|272096174|38X4LyzPrZ4RwXgFMfb6f8gS4eWWdyhRUQ,wallet|transaction|wallet,|0.946449|0.891731
14DNSdavaUf8qysjfpKFehMXj2nj1dmctL,2,wallet,18zE7XrZ8svofn2Rg1QM32JNUV2PBwi4Vy,False,True,3,14DNSdavaUf8qysjfpKFehMXj2nj1dmctL|92631357|18zE7XrZ8svofn2Rg1QM32JNUV2PBwi4Vy,wallet|transaction|wallet,|0.98484|0.891692
14F2Jo3wmPSCg4hCV2CfgJ42P5LYebyg6F,2,wallet,3M3Wp24aJ5KSsB6ToKTVRx4f6L5CACwrGH,False,True,3,14F2Jo3wmPSCg4hCV2CfgJ42P5LYebyg6F|372682840|3M3Wp24aJ5KSsB6ToKTVRx4f6L5CACwrGH,wallet|transaction|wallet,|0.985326|0.891608
14FLkudvztaUJzCatbPJi3WLigZLcYvs5H,2,wallet,3MMCb1DofhUKEpf4aGGs4rDj9QJs1HCrEJ,False,True,3,14FLkudvztaUJzCatbPJi3WLigZLcYvs5H|105436390|3MMCb1DofhUKEpf4aGGs4rDj9QJs1HCrEJ,wallet|transaction|wallet,|-0.00961682|0.892858
14Gvvz8kYM5edxBV1Qyym7WhpMaka4whn5,2,wallet,367YrEdD3bWF9r34dGE5zoGbGqn6bfXSZF,False,True,3,14Gvvz8kYM5edxBV1Qyym7WhpMaka4whn5|85005003|367YrEdD3bWF9r34dGE5zoGbGqn6bfXSZF,wallet|transaction|wallet,|0.940295|0.891737
14HvJYCc9R5bnRyn1dknWYwowSGfFqkxWg,2,wallet,39mSFHL1f1Hj2Fg8L46r6e14xBUud6rB8K,False,True,3,14HvJYCc9R5bnRyn1dknWYwowSGfFqkxWg|332563581|39mSFHL1f1Hj2Fg8L46r6e14xBUud6rB8K,wallet|transaction|wallet,|0.987419|0.891605
14KDiUsnRZ3ymPonMwpHLB4WryUYVAZjgF,2,wallet,3CYQR53n8CxDRZMNtkt1AGo8mCByMxuCXq,False,True,3,14KDiUsnRZ3ymPonMwpHLB4WryUYVAZjgF|268856573|3CYQR53n8CxDRZMNtkt1AGo8mCByMxuCXq,wallet|transaction|wallet,|0.982111|0.891648
14LUkqfnHn7QK6THosmTjhymMPGA4nZ5Uq,2,wallet,1gfXxPddiWeY2R2or7DS8Gp5sCk19fjAU,False,True,3,14LUkqfnHn7QK6THosmTjhymMPGA4nZ5Uq|269105344|1gfXxPddiWeY2R2or7DS8Gp5sCk19fjAU,wallet|transaction|wallet,|0.988285|0.891594
14SWuu6KRrDvNEp5AxnBm3g6f8QS1FaZJG,2,wallet,15B7kFQ5nGS9X9hv63Pcz9RRSz9AUpi6br,False,True,3,14SWuu6KRrDvNEp5AxnBm3g6f8QS1FaZJG|269584820|15B7kFQ5nGS9X9hv63Pcz9RRSz9AUpi6br,wallet|transaction|wallet,|0.987784|0.8916
14WKSHZdqqBmewn8nK8okXYkeK3eZu4cDg,2,wallet,13rD6M1EKjqyGJRqHtjX2YnDGyqFaYLj86,False,True,3,14WKSHZdqqBmewn8nK8okXYkeK3eZu4cDg|234181138|13rD6M1EKjqyGJRqHtjX2YnDGyqFaYLj86,wallet|transaction|wallet,|0.984042|0.891502
14XegGUCfzJ5GBrcDMmAWwzECQQFRM6nnt,2,wallet,37yqJKYK71LVJB6JzwS8dcdPeC5yyzPvkZ,False,True,3,14XegGUCfzJ5GBrcDMmAWwzECQQFRM6nnt|199956136|37yqJKYK71LVJB6JzwS8dcdPeC5yyzPvkZ,wallet|transaction|wallet,|0.0154323|0.892514
14Z7URhz2LfjGhRrrWJ4FJ3fJkW6y2B8Ji,2,wallet,3FDjStiviqr5TX9CcsH19eBTatavfFBV9R,False,True,3,14Z7URhz2LfjGhRrrWJ4FJ3fJkW6y2B8Ji|84372992|3FDjStiviqr5TX9CcsH19eBTatavfFBV9R,wallet|transaction|wallet,|0.98379|0.891646
14cqgCTzFCkqCvuAtYVRLouafL2rWfmH8x,2,wallet,37vy4kn1eMvtmUJ4LX4ihPqY1ZsqYcom2X,False,True,3,14cqgCTzFCkqCvuAtYVRLouafL2rWfmH8x|268849739|37vy4kn1eMvtmUJ4LX4ihPqY1ZsqYcom2X,wallet|transaction|wallet,|0.983374|0.891639
14fBp5tzRjo85FEKPvnESrSq8GYvQvmGmb,2,wallet,38EYLMdPwKuVSQjYJqcAepoopyb5wGbM91,False,True,3,14fBp5tzRjo85FEKPvnESrSq8GYvQvmGmb|97457576|38EYLMdPwKuVSQjYJqcAepoopyb5wGbM91,wallet|transaction|wallet,|0.981562|0.891648
14fGeTASTGoe8K9YNBQqig9CQzqRCmUWsY,2,wallet,33rs1k75sfsrEtzd3VzBpLzJJ4XGBByh9g,False,True,3,14fGeTASTGoe8K9YNBQqig9CQzqRCmUWsY|46490456|33rs1k75sfsrEtzd3VzBpLzJJ4XGBByh9g,wallet|transaction|wallet,|-0.00887239|0.892382
14jKgsQDDSgkojTUrgoSgpcJqZf6bQyvMA,2,wallet,3GVkczRPqFnbDiZWuYZGBk3tawfL9ZUeRU,False,True,3,14jKgsQDDSgkojTUrgoSgpcJqZf6bQyvMA|372682766|3GVkczRPqFnbDiZWuYZGBk3tawfL9ZUeRU,wallet|transaction|wallet,|0.984473|0.891614
14korkmAU46dguJQxeUko2ZPNYBZFN4UeH,2,wallet,3LT7YtppGZuB55EHubikYytHdjBbGvWhuL,False,True,3,14korkmAU46dguJQxeUko2ZPNYBZFN4UeH|53782276|3LT7YtppGZuB55EHubikYytHdjBbGvWhuL,wallet|transaction|wallet,|0.896873|0.891897
14n2xUHDgV1A3UJfh6D57CXgJKrusMQnRt,2,wallet,38iUqLcg3ask7kc59Th4jYm1RTJmjq9VND,False,True,3,14n2xUHDgV1A3UJfh6D57CXgJKrusMQnRt|285935806|38iUqLcg3ask7kc59Th4jYm1RTJmjq9VND,wallet|transaction|wallet,|-0.00961682|-0.0866377
14nNWt7dQ8PtSAxRLpTzdJiJ4gPuXDsBdi,2,wallet,3Gt3DqohjE3YUnZ58u4BoQRTxwoBtTZSGC,False,True,3,14nNWt7dQ8PtSAxRLpTzdJiJ4gPuXDsBdi|116442078|3Gt3DqohjE3YUnZ58u4BoQRTxwoBtTZSGC,wallet|transaction|wallet,|0.760428|0.892028
14qiedTYtne9hTwyFEf2UQKLwEAdPPfpXh,2,wallet,32c559vEPj1q8mjhnYok3qD5G33NJR49ok,False,True,3,14qiedTYtne9hTwyFEf2UQKLwEAdPPfpXh|272501089|32c559vEPj1q8mjhnYok3qD5G33NJR49ok,wallet|transaction|wallet,|0.00630325|0.891566
14rWrJkP1QFDer5LDHPRe2b5GYNCuo4VVP,2,wallet,3K1UvCA5gDJd2r3MAwHKntYo4vKUSZbhe8,False,True,3,14rWrJkP1QFDer5LDHPRe2b5GYNCuo4VVP|85004958|3K1UvCA5gDJd2r3MAwHKntYo4vKUSZbhe8,wallet|transaction|wallet,|-0.00946884|-0.0494776
14tg1SRvtNnh2bzKeHVd4hn6TeoLsq4NVb,2,wallet,1MRYrjPEDV2MMfYYwYuL1uEYB8SC7jgkG7,False,True,3,14tg1SRvtNnh2bzKeHVd4hn6TeoLsq4NVb|30179358|1MRYrjPEDV2MMfYYwYuL1uEYB8SC7jgkG7,wallet|transaction|wallet,|0.983263|0.891739
14vfPuBFF9EhMPfJ7Y4U7SthQNPwkyDuv4,2,wallet,38Gf6RxEkKrSC39unVixEALu3tUTitWQyv,False,True,3,14vfPuBFF9EhMPfJ7Y4U7SthQNPwkyDuv4|269134288|38Gf6RxEkKrSC39unVixEALu3tUTitWQyv,wallet|transaction|wallet,|-0.00960159|0.891584
14wn6vb7jQ4s6BFnAFVYmk5CCGmPXqXynT,2,wallet,3HpLMNiZiVDENKTvUzADfwKdk2AZbpB59T,False,True,3,14wn6vb7jQ4s6BFnAFVYmk5CCGmPXqXynT|84354631|3HpLMNiZiVDENKTvUzADfwKdk2AZbpB59T,wallet|transaction|wallet,|0.979601|0.891689
14xrgmKo8aRTWSx67SMbDXC7j1V37r9UVt,2,wallet,3MLQ7vy59DBF7zf8rcFiJPWddABL7RFg8g,False,True,3,14xrgmKo8aRTWSx67SMbDXC7j1V37r9UVt|312228916|3MLQ7vy59DBF7zf8rcFiJPWddABL7RFg8g,wallet|transaction|wallet,|0.983724|0.891617
14ySZQsK7ww2rVcPv4GTG4qXArFNgukfDZ,2,wallet,3LRVntjrG3WeNKNBjA31GkM3MshSaX7uBo,False,True,3,14ySZQsK7ww2rVcPv4GTG4qXArFNgukfDZ|10174843|3LRVntjrG3WeNKNBjA31GkM3MshSaX7uBo,wallet|transaction|wallet,|0.477861|0.892154
151XjgdPXrq7q1Hka2xgKEnsUnEqcrGW6p,2,wallet,1FP5MzNddgvi2HYYsPceAcupR2cT9zdSHq,False,True,3,151XjgdPXrq7q1Hka2xgKEnsUnEqcrGW6p|54700839|1FP5MzNddgvi2HYYsPceAcupR2cT9zdSHq,wallet|transaction|wallet,|0.73608|0.89185
152g9b3faLLZHw7oZrw1WrnLFUi5S4hKd9,2,wallet,34JK3n7cnMCqaK8wQdNtFikdgjJoMVHTRp,False,True,3,152g9b3faLLZHw7oZrw1WrnLFUi5S4hKd9|332328678|34JK3n7cnMCqaK8wQdNtFikdgjJoMVHTRp,wallet|transaction|wallet,|0.0186113|0.895687
156KnmJAR8zoNFur76PLNMWEHCGeiq8sec,2,wallet,31iZopYrA7fP9NqdVnSZ6xRzmVfhiS6fuD,False,True,3,156KnmJAR8zoNFur76PLNMWEHCGeiq8sec|165594204|31iZopYrA7fP9NqdVnSZ6xRzmVfhiS6fuD,wallet|transaction|wallet,|0.985008|0.891638
156SzJF2fSE8YZUjLSRWRWjhGDXzmPX7HX,2,wallet,36cyUSRqGziUDgKb69d9VsSehTyFKUhcHt,False,True,3,156SzJF2fSE8YZUjLSRWRWjhGDXzmPX7HX|99675806|36cyUSRqGziUDgKb69d9VsSehTyFKUhcHt,wallet|transaction|wallet,|-0.00961682|-0.0866377
158W92YqUUwW54RAyVHNB9koaVkJ1TTCmi,2,wallet,16ECuRD6zkYStkwMwhDarbrUgFwbhCsNk7,False,True,3,158W92YqUUwW54RAyVHNB9koaVkJ1TTCmi|305080357|16ECuRD6zkYStkwMwhDarbrUgFwbhCsNk7,wallet|transaction|wallet,|0.987696|0.891571
15AHFVdj9nJyxuZNSh2nDAkxPompNoDZeb,2,wallet,1KeijKhKkgmhpvbxAWy2L8ZRDdjZLJWe1Q,False,True,3,15AHFVdj9nJyxuZNSh2nDAkxPompNoDZeb|9796280|1KeijKhKkgmhpvbxAWy2L8ZRDdjZLJWe1Q,wallet|transaction|wallet,|-0.00836548|0.892469
15CwCzUbEwu75vbGCPF991QYGaU6jcmH8C,2,wallet,3CuS6iwLFPtCWLAzZzLBQbmXuyySEXKgyB,False,True,3,15CwCzUbEwu75vbGCPF991QYGaU6jcmH8C|249970724|3CuS6iwLFPtCWLAzZzLBQbmXuyySEXKgyB,wallet|transaction|wallet,|0.842399|0.891926
15FMAQBCxynQadYeX3isG4em77zxMvrcgA,2,wallet,3NeBmKtVT2kSp5KJgvWeWDCTA8YAniCXGv,False,True,3,15FMAQBCxynQadYeX3isG4em77zxMvrcgA|84375106|3NeBmKtVT2kSp5KJgvWeWDCTA8YAniCXGv,wallet|transaction|wallet,|0.978009|0.891679
15HY6EBvRDaHP3WtfquyRrVYsYt4nNAgxK,2,wallet,3LaRQoAg2cshSSGM2FMRbhxemN6MQ1bYf6,False,True,3,15HY6EBvRDaHP3WtfquyRrVYsYt4nNAgxK|219204636|3LaRQoAg2cshSSGM2FMRbhxemN6MQ1bYf6,wallet|transaction|wallet,|-0.00961613|0.891865
15Javmn5ANijQTBf5rTfkaW49jaeRPumoK,2,wallet,34K7QoYcSUZyE5gJfkzZKRih8qnu2n1zL4,False,True,3,15Javmn5ANijQTBf5rTfkaW49jaeRPumoK|311608482|34K7QoYcSUZyE5gJfkzZKRih8qnu2n1zL4,wallet|transaction|wallet,|0.986678|0.891606
15M8cfg6ut8g3ELSesCgLK1bB9QR6yeBiV,2,wallet,3B8ciXmRUt8mS5kPKe9GibnhEG8hs2GXsq,False,True,3,15M8cfg6ut8g3ELSesCgLK1bB9QR6yeBiV|268861802|3B8ciXmRUt8mS5kPKe9GibnhEG8hs2GXsq,wallet|transaction|wallet,|0.97791|0.89166
15NUbEbq3vtnhb9DvLH3CZiTKWM8yra7zv,2,wallet,3NqG377BBhtpqfmAWt4E3nAomhbvHRoqqD,False,True,3,15NUbEbq3vtnhb9DvLH3CZiTKWM8yra7zv|288365473|3NqG377BBhtpqfmAWt4E3nAomhbvHRoqqD,wallet|transaction|wallet,|0.312163|0.89252
15NUyxpaD3NtccY551nn25qog7i3HNWLPF,2,wallet,1Atr2GT9BEiurnyhPNnodk9Gnn8MQhVxrb,False,True,3,15NUyxpaD3NtccY551nn25qog7i3HNWLPF|331539586|1Atr2GT9BEiurnyhPNnodk9Gnn8MQhVxrb,wallet|transaction|wallet,|0.988612|0.891574
15RThMZwaUvYUBUZaezujBfzuxcjfASYPB,2,wallet,34iAa1QVsMGPauZi4RzgHSJWjjWezUh3Z3,False,True,3,15RThMZwaUvYUBUZaezujBfzuxcjfASYPB|312091759|34iAa1QVsMGPauZi4RzgHSJWjjWezUh3Z3,wallet|transaction|wallet,|0.986289|0.891615
15TWsFFHuq2HPVjkmQEpWE9CHbNZr3ZSNk,2,wallet,31iZopYrA7fP9NqdVnSZ6xRzmVfhiS6fuD,False,True,3,15TWsFFHuq2HPVjkmQEpWE9CHbNZr3ZSNk|165594204|31iZopYrA7fP9NqdVnSZ6xRzmVfhiS6fuD,wallet|transaction|wallet,|0.985008|0.891638
15TiDjTFrBNDVjDY4cQN888tR5sGQ8T599,2,wallet,15dMVEYMzvSFRReTZDThcSM7JXGLj5xwHb,False,True,3,15TiDjTFrBNDVjDY4cQN888tR5sGQ8T599|390383718|15dMVEYMzvSFRReTZDThcSM7JXGLj5xwHb,wallet|transaction|wallet,|-0.00961682|-0.0866374
15Up4Mqap1LVGiSgwqHW9wZYUTpGD2HVBK,2,wallet,1GaCKGEVxJRbCsQZS7r9L3wHUJr9c6u9Bv,False,True,3,15Up4Mqap1LVGiSgwqHW9wZYUTpGD2HVBK|272481944|1GaCKGEVxJRbCsQZS7r9L3wHUJr9c6u9Bv,wallet|transaction|wallet,|0.98794|0.891591
15XnFwwXn5hFSoDtuRDQiEzqi8ZV4ruyM5,2,wallet,3ADRctaMtznbrjae9kUWUyKSEg7e5GmpiY,False,True,3,15XnFwwXn5hFSoDtuRDQiEzqi8ZV4ruyM5|100074714|3ADRctaMtznbrjae9kUWUyKSEg7e5GmpiY,wallet|transaction|wallet,|0.986829|0.891577
15XqFYZNP9aBdumeGnH5GQzk7sydTuQroz,2,wallet,36R7qiChQvX2Jc38U2k9LNXzVbZFd2NPtt,False,True,3,15XqFYZNP9aBdumeGnH5GQzk7sydTuQroz|100075391|36R7qiChQvX2Jc38U2k9LNXzVbZFd2NPtt,wallet|transaction|wallet,|0.106118|0.89228
15XryLQoUZaR8faF629rYjg9thHVRF3RRJ,2,wallet,3QdpY1oVe5BPSy9w4B1qRnZVKRWTD4EXVh,False,True,3,15XryLQoUZaR8faF629rYjg9thHVRF3RRJ|10864015|3QdpY1oVe5BPSy9w4B1qRnZVKRWTD4EXVh,wallet|transaction|wallet,|0.93277|0.891766
15ZnXriJiezVyjhKyFWB1ZQX6Ho5h1fkXB,2,wallet,14HgMvgccdgwCzKno3UTVaTFWxvvAxwqBc,False,True,3,15ZnXriJiezVyjhKyFWB1ZQX6Ho5h1fkXB|119149506|14HgMvgccdgwCzKno3UTVaTFWxvvAxwqBc,wallet|transaction|wallet,|-0.00961682|0.891562
15dtKtxmyANac1uuspy7vnJhFC9HZdHzpV,2,wallet,1GLYM5EjTWMzQJKMggmTNf92nmZ9ShtxA1,False,True,3,15dtKtxmyANac1uuspy7vnJhFC9HZdHzpV|105881091|1GLYM5EjTWMzQJKMggmTNf92nmZ9ShtxA1,wallet|transaction|wallet,|0.974976|0.89183
15dvPHV86hstLfo3WmQuF9CW4tuusxFCKu,2,wallet,36XCkQ8GcAU3FkbcJJt5C86CqqHKcA1XGu,False,True,3,15dvPHV86hstLfo3WmQuF9CW4tuusxFCKu|156195659|36XCkQ8GcAU3FkbcJJt5C86CqqHKcA1XGu,wallet|transaction|wallet,|0.983999|0.891638
15fEjetaRTXEZZK1PPG3iYZhFzRy3MV47U,2,wallet,3JDKhmXneN7H7bF9XsGg88y3P8afD7hV5k,False,True,3,15fEjetaRTXEZZK1PPG3iYZhFzRy3MV47U|16812328|3JDKhmXneN7H7bF9XsGg88y3P8afD7hV5k,wallet|transaction|wallet,|0.228607|0.893135
15g2ZDL8nG9ZiPLxGm4wMy1gumcVHJTfRj,2,wallet,38vbSqnhBzt6eciTmyPiY7i7NSfcHbHGTW,False,True,3,15g2ZDL8nG9ZiPLxGm4wMy1gumcVHJTfRj|355109541|38vbSqnhBzt6eciTmyPiY7i7NSfcHbHGTW,wallet|transaction|wallet,|0.0805321|0.907374
15gC5hn2xAWenJLugcjRpEkdYPjHjNnQgh,2,wallet,1BafUwjBjhxDkyEkpbexyQ18VpxUsXHqVR,False,True,3,15gC5hn2xAWenJLugcjRpEkdYPjHjNnQgh|191247960|1BafUwjBjhxDkyEkpbexyQ18VpxUsXHqVR,wallet|transaction|wallet,|0.879652|0.891484
15gLXAmh6o9UnrEb6mCZ5XMGhSM1EDD2jJ,2,wallet,33rs1k75sfsrEtzd3VzBpLzJJ4XGBByh9g,False,True,3,15gLXAmh6o9UnrEb6mCZ5XMGhSM1EDD2jJ|46490456|33rs1k75sfsrEtzd3VzBpLzJJ4XGBByh9g,wallet|transaction|wallet,|-0.00887239|0.892382
15kRWVagxpKLdwYtGAsfbN82z5rp6EAePE,2,wallet,3NVzXgRYdqLgP6DPR1WiQ8G2t1mnHMzwWK,False,True,3,15kRWVagxpKLdwYtGAsfbN82z5rp6EAePE|105603035|3NVzXgRYdqLgP6DPR1WiQ8G2t1mnHMzwWK,wallet|transaction|wallet,|0.802048|0.891997
15kbfCvgBDWGS3aRNbxTesPFcpbA2KVa3N,2,wallet,38iUqLcg3ask7kc59Th4jYm1RTJmjq9VND,False,True,3,15kbfCvgBDWGS3aRNbxTesPFcpbA2KVa3N|285935806|38iUqLcg3ask7kc59Th4jYm1RTJmjq9VND,wallet|transaction|wallet,|-0.00961682|-0.0866377
15mCsrnUkDdwAWuVGdN9BvisgsEVHfvYdQ,2,wallet,19RmGmMwSW6LfEi8MsJoWxvBkgEVHruDdM,False,True,3,15mCsrnUkDdwAWuVGdN9BvisgsEVHfvYdQ|95601913|19RmGmMwSW6LfEi8MsJoWxvBkgEVHruDdM,wallet|transaction|wallet,|0.984334|0.891708
15oqhucSfDh6tHShikGxoeNjDbg12GqsDF,2,wallet,1AKKK5kV6QEeX53hQj8UjzhNH4YerKGLeR,False,True,3,15oqhucSfDh6tHShikGxoeNjDbg12GqsDF|92621783|1AKKK5kV6QEeX53hQj8UjzhNH4YerKGLeR,wallet|transaction|wallet,|0.985064|0.891692
15sD5fZQDXsktA3wxUoDqwtjCpb69qDHfo,2,wallet,38vbSqnhBzt6eciTmyPiY7i7NSfcHbHGTW,False,True,3,15sD5fZQDXsktA3wxUoDqwtjCpb69qDHfo|355109541|38vbSqnhBzt6eciTmyPiY7i7NSfcHbHGTW,wallet|transaction|wallet,|0.0805321|0.907374
15xLLnHWtHF36nLpwoHekdo4jBhXbjVTuu,2,wallet,3GJJG3QfCQNWdM6eTgDHHgTWLB1C7DLscq,False,True,3,15xLLnHWtHF36nLpwoHekdo4jBhXbjVTuu|215597095|3GJJG3QfCQNWdM6eTgDHHgTWLB1C7DLscq,wallet|transaction|wallet,|-0.00961682|-0.0866377
15ycsC7UpvfSU4VttmNZjKi2yHQ49Qf15Q,2,wallet,18WTrBqYfHZhJMnQPxajgXHCZZeajocwgz,False,True,3,15ycsC7UpvfSU4VttmNZjKi2yHQ49Qf15Q|113844937|18WTrBqYfHZhJMnQPxajgXHCZZeajocwgz,wallet|transaction|wallet,|0.98863|0.891561
15ymh2rm9QBHsRoitKUtSwKfWC4kYFMG1s,2,wallet,1HUPom2XCx8VKZEPGYgirmLSiYSxQhut9R,False,True,3,15ymh2rm9QBHsRoitKUtSwKfWC4kYFMG1s|99677329|1HUPom2XCx8VKZEPGYgirmLSiYSxQhut9R,wallet|transaction|wallet,|0.98875|0.891562
15zVt1RHEqY7mab2uEY9zzcvhgLy8bnGem,2,wallet,1NVBEsMQ1f7vssDw49aHNbiX2UugKGhxeJ,False,True,3,15zVt1RHEqY7mab2uEY9zzcvhgLy8bnGem|269034952|1NVBEsMQ1f7vssDw49aHNbiX2UugKGhxeJ,wallet|transaction|wallet,|0.987325|0.891617
15zziB545BcQEfsTWVpGpcr1hPj6G2GsEZ,2,wallet,1Kkh3pPHSKzjKqamg5tSXkzaAHbueCtyXW,False,True,3,15zziB545BcQEfsTWVpGpcr1hPj6G2GsEZ|331497168|1Kkh3pPHSKzjKqamg5tSXkzaAHbueCtyXW,wallet|transaction|wallet,|0.988345|0.891574
165ec86X7CoLpuTBD48shJC4iUb31ePwdM,2,wallet,1Y9Yx28wHJ9eLY9aR5QzYH5JPtDjgWUfT,False,True,3,165ec86X7CoLpuTBD48shJC4iUb31ePwdM|378060826|1Y9Yx28wHJ9eLY9aR5QzYH5JPtDjgWUfT,wallet|transaction|wallet,|0.986185|0.891579
166JEnKwzACd9czWjezQxWvfcMVKkckpHe,2,wallet,3MFgnzT5jgzABC67f73Zb5DL8dJfLCerYu,False,True,3,166JEnKwzACd9czWjezQxWvfcMVKkckpHe|268865654|3MFgnzT5jgzABC67f73Zb5DL8dJfLCerYu,wallet|transaction|wallet,|0.983072|0.891633
16B5vBKbuu9wCYbQMzRE8tCoUMkWUpYAwy,2,wallet,38xLJAkgCqX7GF5gJWQzJ4VvVdYdZMbkio,False,True,3,16B5vBKbuu9wCYbQMzRE8tCoUMkWUpYAwy|50405501|38xLJAkgCqX7GF5gJWQzJ4VvVdYdZMbkio,wallet|transaction|wallet,|-0.00911325|0.892126
16BGv2aadHyZYbdnUd89RgpnVyfYJKuKgo,2,wallet,3BZwsuFaejXa87mg3yfMkdUpZ3GZtxkLue,False,True,3,16BGv2aadHyZYbdnUd89RgpnVyfYJKuKgo|32754708|3BZwsuFaejXa87mg3yfMkdUpZ3GZtxkLue,wallet|transaction|wallet,|0.940312|0.891759
16BvqYBiA7jc6pGou3wcZNLUWw2e9AQz3N,2,wallet,3Gt3DqohjE3YUnZ58u4BoQRTxwoBtTZSGC,False,True,3,16BvqYBiA7jc6pGou3wcZNLUWw2e9AQz3N|116442078|3Gt3DqohjE3YUnZ58u4BoQRTxwoBtTZSGC,wallet|transaction|wallet,|0.760428|0.892028
16Dt2AsozzUrVApehZtFUYatiG2LTnrMtj,2,wallet,15ZyESkcDq7BWqZC3c817erc464yYQhPD5,False,True,3,16Dt2AsozzUrVApehZtFUYatiG2LTnrMtj|73023827|15ZyESkcDq7BWqZC3c817erc464yYQhPD5,wallet|transaction|wallet,|-0.00950322|0.891985
16JkzxJt6donL7HgSip1N3Qe7sWPyPuUei,2,wallet,14dFNzhXT5CENxCUthUHXzBqXuG9ReZT7x,False,True,3,16JkzxJt6donL7HgSip1N3Qe7sWPyPuUei|266111977|14dFNzhXT5CENxCUthUHXzBqXuG9ReZT7x,wallet|transaction|wallet,|0.941604|0.891692
16KDz1hdNf3WWC3sZzhxc3cbJDuyHuQkvV,2,wallet,3AgwqkqMbFrqzjNLJ4SpB8hvcoh2fZHUAh,False,True,3,16KDz1hdNf3WWC3sZzhxc3cbJDuyHuQkvV|54803353|3AgwqkqMbFrqzjNLJ4SpB8hvcoh2fZHUAh,wallet|transaction|wallet,|0.264875|0.89215
16M66BF9MyzfzKDgaRe3nHhjw2tHb29q9M,2,wallet,3NKoVdvU3uKZLX5jLerqhMw3PsnEFqvy6W,False,True,3,16M66BF9MyzfzKDgaRe3nHhjw2tHb29q9M|15629510|3NKoVdvU3uKZLX5jLerqhMw3PsnEFqvy6W,wallet|transaction|wallet,|0.0566163|0.892573
16MsDB4hEJGabYmqkWbNoSSz9V2VRtHLyZ,2,wallet,1L9pd8iebANDk8Ypmn3cqDamFxjgUmjis9,False,True,3,16MsDB4hEJGabYmqkWbNoSSz9V2VRtHLyZ|51018430|1L9pd8iebANDk8Ypmn3cqDamFxjgUmjis9,wallet|transaction|wallet,|0.987843|0.89157
16PXkAiXnbVzR8pykGPaicQ5N11j6aGwKk,2,wallet,1Hpd9GRm47nSHCj6QxxWNHuTQ2EEmtJMjp,False,True,3,16PXkAiXnbVzR8pykGPaicQ5N11j6aGwKk|148784265|1Hpd9GRm47nSHCj6QxxWNHuTQ2EEmtJMjp,wallet|transaction|wallet,|0.970067|0.891821
16QXzShAHuS8ycdW5Z19aKAWst1HY2VhCQ,2,wallet,3FWnLwy8tUGTrNhP1jCgsSq8wnKkWSWRCr,False,True,3,16QXzShAHuS8ycdW5Z19aKAWst1HY2VhCQ|70047035|3FWnLwy8tUGTrNhP1jCgsSq8wnKkWSWRCr,wallet|transaction|wallet,|0.68819|0.892106
16SopwFbeuQzn1jdXD2x7ukXqLRvgeskYD,2,wallet,1Mbeeo8riHQJhG4BzUcitto2epk8je3AGe,False,True,3,16SopwFbeuQzn1jdXD2x7ukXqLRvgeskYD|234488147|1Mbeeo8riHQJhG4BzUcitto2epk8je3AGe,wallet|transaction|wallet,|-0.00946916|-0.0828726
16VPXQWup54MCCHucJRt2xDpGuuN1EHZme,2,wallet,3JqGMKyqRgkNh7hcXCj8TAqLV7TvDq7crY,False,True,3,16VPXQWup54MCCHucJRt2xDpGuuN1EHZme|54705516|3JqGMKyqRgkNh7hcXCj8TAqLV7TvDq7crY,wallet|transaction|wallet,|-0.00961309|0.892129
16WUfFamZ5QgeRXWjGJQUseVAdynKzCRVR,2,wallet,37eLhmL47dJEnKQdfyqUn4RzcD2r75X8zB,False,True,3,16WUfFamZ5QgeRXWjGJQUseVAdynKzCRVR|30165216|37eLhmL47dJEnKQdfyqUn4RzcD2r75X8zB,wallet|transaction|wallet,|0.673871|0.892125
16Wf5njeJHKAQgF6CSwV8KsHGXADc4TBZw,2,wallet,3EuHoJxzhZjnq1jxSdhdDT1m8CgQxnaRJp,False,True,3,16Wf5njeJHKAQgF6CSwV8KsHGXADc4TBZw|151823513|3EuHoJxzhZjnq1jxSdhdDT1m8CgQxnaRJp,wallet|transaction|wallet,|0.981825|0.891655
16Za6ctHz7gG1m2fQYJ3cCmtkGkqj5XBup,2,wallet,14JjdXj8CXcvh2GHc8XWhESPkW2mdFGqpn,False,True,3,16Za6ctHz7gG1m2fQYJ3cCmtkGkqj5XBup|190005878|14JjdXj8CXcvh2GHc8XWhESPkW2mdFGqpn,wallet|transaction|wallet,|0.675182|0.910679
16dfSaTjKbaQc1wveKRJcaLoZ6sJA1H3or,2,wallet,3NeBmKtVT2kSp5KJgvWeWDCTA8YAniCXGv,False,True,3,16dfSaTjKbaQc1wveKRJcaLoZ6sJA1H3or|84375106|3NeBmKtVT2kSp5KJgvWeWDCTA8YAniCXGv,wallet|transaction|wallet,|0.978009|0.891679
16ePrYmo4j68cEFoV4sHRodqqp9ScNkQMT,2,wallet,3LLN9weunTA4ucuJZ9bgG65xgAYGURu8bb,False,True,3,16ePrYmo4j68cEFoV4sHRodqqp9ScNkQMT|180219451|3LLN9weunTA4ucuJZ9bgG65xgAYGURu8bb,wallet|transaction|wallet,|-0.00384516|0.894087
16eWqgH1K9yUYKduhsMn9SMYWr94CEkYDn,2,wallet,1FfzsHYGvkX8C3bovYDS8pHDZMR5RwrWGG,False,True,3,16eWqgH1K9yUYKduhsMn9SMYWr94CEkYDn|355110282|1FfzsHYGvkX8C3bovYDS8pHDZMR5RwrWGG,wallet|transaction|wallet,|0.985881|0.909799
16iHKz2wpPwmpYLZ3AfbnivG4t8Fvh9dTr,2,wallet,19D3t131tDiyKZs2LAKKDyhnPWpN6Yfy4i,False,True,3,16iHKz2wpPwmpYLZ3AfbnivG4t8Fvh9dTr|176536466|19D3t131tDiyKZs2LAKKDyhnPWpN6Yfy4i,wallet|transaction|wallet,|0.984379|0.891693
16j5NhoUhMefDnaznJSQHYHG6PxMkAJbnb,2,wallet,3Ld1n8njR8EdmwGAEF37WopLwcJt2ZQGoh,False,True,3,16j5NhoUhMefDnaznJSQHYHG6PxMkAJbnb|26229388|3Ld1n8njR8EdmwGAEF37WopLwcJt2ZQGoh,wallet|transaction|wallet,|0.000760417|0.892483
16jVSBKJH6bX7gy679cCeCqNU2u3kTgLbU,2,wallet,3P4qvdk6uzJrUA1BnBputVyWHTHbezBKnK,False,True,3,16jVSBKJH6bX7gy679cCeCqNU2u3kTgLbU|176127022|3P4qvdk6uzJrUA1BnBputVyWHTHbezBKnK,wallet|transaction|wallet,|0.985803|0.891612
16k5FutyE9k2QznndpUWAaa2GztNGH9EqG,2,wallet,3MFgnzT5jgzABC67f73Zb5DL8dJfLCerYu,False,True,3,16k5FutyE9k2QznndpUWAaa2GztNGH9EqG|268865654|3MFgnzT5jgzABC67f73Zb5DL8dJfLCerYu,wallet|transaction|wallet,|0.983072|0.891633
16nkjf3j4e2X2Z2rSs9Bp5ZNfdbPCoS64R,2,wallet,16UfHzxYmeM3A3ThD5zZM9X7mFHpTArkQM,False,True,3,16nkjf3j4e2X2Z2rSs9Bp5ZNfdbPCoS64R|372687760|16UfHzxYmeM3A3ThD5zZM9X7mFHpTArkQM,wallet|transaction|wallet,|0.988613|0.891567
16nnERq4nhjUWJaEmpRjLwGL3gg6VLTHBP,2,wallet,35GkXyiDEDtnioqKwyCh6hLBSYzDNgwyDd,False,True,3,16nnERq4nhjUWJaEmpRjLwGL3gg6VLTHBP|73747118|35GkXyiDEDtnioqKwyCh6hLBSYzDNgwyDd,wallet|transaction|wallet,|-0.00961657|-0.0865718
16rkthP97SsnbXmqvEjMBjPrnM3K7FTGzb,2,wallet,3CLfMmui9QbRijsd1DcRt2d1xEXLvUkPeX,False,True,3,16rkthP97SsnbXmqvEjMBjPrnM3K7FTGzb|31409359|3CLfMmui9QbRijsd1DcRt2d1xEXLvUkPeX,wallet|transaction|wallet,|0.0584344|0.892483
16shRdrgSCDnjA6j5Z6VELkDrWfWH4uVdf,2,wallet,38xLJAkgCqX7GF5gJWQzJ4VvVdYdZMbkio,False,True,3,16shRdrgSCDnjA6j5Z6VELkDrWfWH4uVdf|50405501|38xLJAkgCqX7GF5gJWQzJ4VvVdYdZMbkio,wallet|transaction|wallet,|-0.00911325|0.892126
16z8Jt7HP9pGJX7WSf3AJVAGcArzjG9KJK,2,wallet,3Q7n3jeNoBrTFftMmoa31SWGjgNDjpnoqf,False,True,3,16z8Jt7HP9pGJX7WSf3AJVAGcArzjG9KJK|54798281|3Q7n3jeNoBrTFftMmoa31SWGjgNDjpnoqf,wallet|transaction|wallet,|0.618578|0.892023
16zCFjP3tzPRTVg4uN9emXAtZpYecfHiND,2,wallet,34iAa1QVsMGPauZi4RzgHSJWjjWezUh3Z3,False,True,3,16zCFjP3tzPRTVg4uN9emXAtZpYecfHiND|312091759|34iAa1QVsMGPauZi4RzgHSJWjjWezUh3Z3,wallet|transaction|wallet,|0.986289|0.891615
171Fr28uhga72xyRSZ7SbEuJvj4Bar2b3f,2,wallet,3FZK7cfs1iRVW8PT7zofap94HRKr4Tb6br,False,True,3,171Fr28uhga72xyRSZ7SbEuJvj4Bar2b3f|207150123|3FZK7cfs1iRVW8PT7zofap94HRKr4Tb6br,wallet|transaction|wallet,|0.849338|0.891966
172q8bv8kGyHfqTYMQfqTUUY4srodYsna,2,wallet,37CTBd1xdiztjcokAWQn44NLwVzXfwdH4M,False,True,3,172q8bv8kGyHfqTYMQfqTUUY4srodYsna|33843382|37CTBd1xdiztjcokAWQn44NLwVzXfwdH4M,wallet|transaction|wallet,|0.270705|0.892263
173XUz3fmXV7G48vDM6s8UfepDT52bAHKp,2,wallet,1EZdTCzhvHPD9nJvMhA6bwSGBP7yGCv4nf,False,True,3,173XUz3fmXV7G48vDM6s8UfepDT52bAHKp|96298000|1EZdTCzhvHPD9nJvMhA6bwSGBP7yGCv4nf,wallet|transaction|wallet,|-0.00961625|0.891782
173nBhuxZ7HvsNZwx4BJv1HN3XtcxeHQmW,2,wallet,3DDeXJHT1r6ZsrdhePjoqSpS38g6umcudk,False,True,3,173nBhuxZ7HvsNZwx4BJv1HN3XtcxeHQmW|52295340|3DDeXJHT1r6ZsrdhePjoqSpS38g6umcudk,wallet|transaction|wallet,|0.9002|0.891986
17476UdHQugw9BbsVeURGhtVRGZuptJFF6,2,wallet,3Jrqg2nmhPqEqHjJ3gTmcoVKx2V5qnMySw,False,True,3,17476UdHQugw9BbsVeURGhtVRGZuptJFF6|141940697|3Jrqg2nmhPqEqHjJ3gTmcoVKx2V5qnMySw,wallet|transaction|wallet,|-0.00961682|0.891667
1749JCseTY8ihzChYcRdnUL8hto1Aquyi9,2,wallet,1Mbeeo8riHQJhG4BzUcitto2epk8je3AGe,False,True,3,1749JCseTY8ihzChYcRdnUL8hto1Aquyi9|268964943|1Mbeeo8riHQJhG4BzUcitto2epk8je3AGe,wallet|transaction|wallet,|-0.00951091|-0.0828726
175a2tJ1dMNVkQyz8DXEK7raJBQdRDPwFC,2,wallet,3Hy3ry9PeLEUqWfCAJHKPKFw87H1WdCJzW,False,True,3,175a2tJ1dMNVkQyz8DXEK7raJBQdRDPwFC|268856987|3Hy3ry9PeLEUqWfCAJHKPKFw87H1WdCJzW,wallet|transaction|wallet,|0.979689|0.891659
177tn2ibvpxYqJufPNuZuGoB5SThPDc1z,2,wallet,1EFbYDVC6Exw5RNwUxdH558j3fT8sdZyKk,False,True,3,177tn2ibvpxYqJufPNuZuGoB5SThPDc1z|248888577|1EFbYDVC6Exw5RNwUxdH558j3fT8sdZyKk,wallet|transaction|wallet,|0.988928|0.891549
178boHbuM2cmYwsDUn6mPbnzc2RYah15nW,2,wallet,1Q4oGNAaeEcM6UpantSE6xxxiuj8pZTDu6,False,True,3,178boHbuM2cmYwsDUn6mPbnzc2RYah15nW|65263113|1Q4oGNAaeEcM6UpantSE6xxxiuj8pZTDu6,wallet|transaction|wallet,|0.825584|0.891715
179Yy9135STLZY3yHzcYTRrgMEh6dW5cbc,2,wallet,3FWnLwy8tUGTrNhP1jCgsSq8wnKkWSWRCr,False,True,3,179Yy9135STLZY3yHzcYTRrgMEh6dW5cbc|70047035|3FWnLwy8tUGTrNhP1jCgsSq8wnKkWSWRCr,wallet|transaction|wallet,|0.68819|0.892106
17A4W5L1eFqtCsUMcrrGWbyG8HZgh11Q3n,2,wallet,38xLJAkgCqX7GF5gJWQzJ4VvVdYdZMbkio,False,True,3,17A4W5L1eFqtCsUMcrrGWbyG8HZgh11Q3n|50405501|38xLJAkgCqX7GF5gJWQzJ4VvVdYdZMbkio,wallet|transaction|wallet,|-0.00911325|0.892126
17AF2eZG6G1FUor77J6hgvww1ind8WGLze,2,wallet,1KK9bqcaNd4kocVZtgZnrxKa51hVK7yhdh,False,True,3,17AF2eZG6G1FUor77J6hgvww1ind8WGLze|268916245|1KK9bqcaNd4kocVZtgZnrxKa51hVK7yhdh,wallet|transaction|wallet,|0.987881|0.891597
17Cj2cC895nXTYPeNZTippwMS9Ep4FCXTH,2,wallet,16tVXsrGnZ41AtSeitjf2JxBsRnFp4tJwg,False,True,3,17Cj2cC895nXTYPeNZTippwMS9Ep4FCXTH|105990534|16tVXsrGnZ41AtSeitjf2JxBsRnFp4tJwg,wallet|transaction|wallet,|0.987468|0.891668
17EVB3ax3YDyFWNExbMUc1rpKhzuLU9fn7,2,wallet,36K81v78bowmpwACuWFzCWWoiJJJfjnSmE,False,True,3,17EVB3ax3YDyFWNExbMUc1rpKhzuLU9fn7|312221897|36K81v78bowmpwACuWFzCWWoiJJJfjnSmE,wallet|transaction|wallet,|0.955776|0.891694
17GEHLcmzYkf1SamSzWU671BJCY8gWiwv,2,wallet,3CXr8guRrcA8g9z9rqck87e7nv49KkKMKy,False,True,3,17GEHLcmzYkf1SamSzWU671BJCY8gWiwv|1061125|3CXr8guRrcA8g9z9rqck87e7nv49KkKMKy,wallet|transaction|wallet,|0.585662|0.892872
17J3gKjz9HuzHhL2WAY6usgVQ2M49evdQ5,2,wallet,3Dg8M73bmUwST46rJDrFD3cqx1EU16isDL,False,True,3,17J3gKjz9HuzHhL2WAY6usgVQ2M49evdQ5|372683044|3Dg8M73bmUwST46rJDrFD3cqx1EU16isDL,wallet|transaction|wallet,|0.985313|0.891609
17LaLUbodUfDhcjRWw94UnRieU5nXXzmKN,2,wallet,3PeK3kfXJEFihTSYM3svfAzTWHvoxidL4M,False,True,3,17LaLUbodUfDhcjRWw94UnRieU5nXXzmKN|165065715|3PeK3kfXJEFihTSYM3svfAzTWHvoxidL4M,wallet|transaction|wallet,|-0.00961682|0.891565
17MRSHbjbJFMe1DQEPvFDQfau9UJbDBex5,2,wallet,1QGXSA1q3EY5wDkUaxttPQ8A5p2upM79zA,False,True,3,17MRSHbjbJFMe1DQEPvFDQfau9UJbDBex5|339057200|1QGXSA1q3EY5wDkUaxttPQ8A5p2upM79zA,wallet|transaction|wallet,|0.986959|0.891511
17MrmTtxYKLKVaHRmN2HrfdyPUKzoxgoAH,2,wallet,1E3JNa5kApdE7u2PXoy5iarRxJg86UnSMZ,False,True,3,17MrmTtxYKLKVaHRmN2HrfdyPUKzoxgoAH|331612533|1E3JNa5kApdE7u2PXoy5iarRxJg86UnSMZ,wallet|transaction|wallet,|0.98854|0.891574
17N8nQ9uhLa4pCGTjExDfTjhSWUurAVVbN,2,wallet,333NdhjJ83DroS26YcrjRP2GfU71nE23Ma,False,True,3,17N8nQ9uhLa4pCGTjExDfTjhSWUurAVVbN|179193468|333NdhjJ83DroS26YcrjRP2GfU71nE23Ma,wallet|transaction|wallet,|0.00489219|0.893409
17NJi3uHkUQh14UJotyvRghdNwjGrujrty,2,wallet,183ovys1yCLeG5JZLR4LVJbvNumZH5HWPY,False,True,3,17NJi3uHkUQh14UJotyvRghdNwjGrujrty|355110890|183ovys1yCLeG5JZLR4LVJbvNumZH5HWPY,wallet|transaction|wallet,|0.986094|0.891665
17PAa5ZXaGS4E8WDSgrowe9abNQ4RJNVnP,2,wallet,1PF1ub5oY6hcha7151mW5NWMGMgNgdg9Bt,False,True,3,17PAa5ZXaGS4E8WDSgrowe9abNQ4RJNVnP|92607818|1PF1ub5oY6hcha7151mW5NWMGMgNgdg9Bt,wallet|transaction|wallet,|0.985035|0.891692
17PM71HYkWteFPnp8wYmkWgPVj4Zzi5B5b,2,wallet,38X4LyzPrZ4RwXgFMfb6f8gS4eWWdyhRUQ,False,True,3,17PM71HYkWteFPnp8wYmkWgPVj4Zzi5B5b|272096174|38X4LyzPrZ4RwXgFMfb6f8gS4eWWdyhRUQ,wallet|transaction|wallet,|0.946449|0.891731
17QWxAj8ZuQaTqF4of2s2TZUVWibUu42Cf,2,wallet,3JDKhmXneN7H7bF9XsGg88y3P8afD7hV5k,False,True,3,17QWxAj8ZuQaTqF4of2s2TZUVWibUu42Cf|92107631|3JDKhmXneN7H7bF9XsGg88y3P8afD7hV5k,wallet|transaction|wallet,|0.405869|0.893135
17XRi2o5P9K45vYgPj3UaEhE2VKxukyujt,2,wallet,1DFW2FUfwDHeSR9hv8vUMv131pnXGReuB,False,True,3,17XRi2o5P9K45vYgPj3UaEhE2VKxukyujt|97009383|1DFW2FUfwDHeSR9hv8vUMv131pnXGReuB,wallet|transaction|wallet,|0.977668|0.89181
17XYfF5XBShrZncyDkcrE24Drqdxw4HZuM,2,wallet,174keH2SA717UUVaAjQHUn4jR4WLTs2bAP,False,True,3,17XYfF5XBShrZncyDkcrE24Drqdxw4HZuM|368814314|174keH2SA717UUVaAjQHUn4jR4WLTs2bAP,wallet|transaction|wallet,|0.98846|0.891572
17XrMXtT6oH3FVAs1aWbmkPx52S6oAeDJd,2,wallet,3FfKvRjCg3Ev3Li5Ly5ybZL2itAn2TCjji,False,True,3,17XrMXtT6oH3FVAs1aWbmkPx52S6oAeDJd|286848744|3FfKvRjCg3Ev3Li5Ly5ybZL2itAn2TCjji,wallet|transaction|wallet,|0.981616|0.891637
17Ywe1viFpgPGdPnUcsksSJ716ZpCmqMze,2,wallet,3B8ciXmRUt8mS5kPKe9GibnhEG8hs2GXsq,False,True,3,17Ywe1viFpgPGdPnUcsksSJ716ZpCmqMze|268861802|3B8ciXmRUt8mS5kPKe9GibnhEG8hs2GXsq,wallet|transaction|wallet,|0.97791|0.89166
17baN4j7EGH5mhcZeS8us8Lc3hf1XsCHAQ,2,wallet,1LZTCHzD714aXhUUELaWeRbyEfgSeYMZgs,False,True,3,17baN4j7EGH5mhcZeS8us8Lc3hf1XsCHAQ|355110276|1LZTCHzD714aXhUUELaWeRbyEfgSeYMZgs,wallet|transaction|wallet,|0.986606|0.891656
17frFF3JnMWsMzh53PWwsvo4GHuTWStomg,2,wallet,3Dg8M73bmUwST46rJDrFD3cqx1EU16isDL,False,True,3,17frFF3JnMWsMzh53PWwsvo4GHuTWStomg|372683044|3Dg8M73bmUwST46rJDrFD3cqx1EU16isDL,wallet|transaction|wallet,|0.985313|0.891609
17jKdYSeZvcx1G9eX8pBsebeE99XcdPD6,2,wallet,3MLQ7vy59DBF7zf8rcFiJPWddABL7RFg8g,False,True,3,17jKdYSeZvcx1G9eX8pBsebeE99XcdPD6|312228916|3MLQ7vy59DBF7zf8rcFiJPWddABL7RFg8g,wallet|transaction|wallet,|0.983724|0.891617
17kwCE68hcrb3nwYH7QBUYRGs9Zu9Xxdva,2,wallet,3LyqmQP8hTTdLvMg4n6Z3GNEUQ9HKkQ5MH,False,True,3,17kwCE68hcrb3nwYH7QBUYRGs9Zu9Xxdva|268864369|3LyqmQP8hTTdLvMg4n6Z3GNEUQ9HKkQ5MH,wallet|transaction|wallet,|0.984007|0.891644
17mpUu126YjqKQa2U8NpjQVoUPDRphzCKx,2,wallet,38f6Jufz4adD3CQ3FuQmiXNzRMtXEdyfuc,False,True,3,17mpUu126YjqKQa2U8NpjQVoUPDRphzCKx|100075809|38f6Jufz4adD3CQ3FuQmiXNzRMtXEdyfuc,wallet|transaction|wallet,|0.0270335|0.894086
17mtt18Kh3k3CgrzzND9vEsDj3TKEMCLy4,2,wallet,35GkXyiDEDtnioqKwyCh6hLBSYzDNgwyDd,False,True,3,17mtt18Kh3k3CgrzzND9vEsDj3TKEMCLy4|73747118|35GkXyiDEDtnioqKwyCh6hLBSYzDNgwyDd,wallet|transaction|wallet,|-0.00961657|-0.0865718
17oKqQikF56BgSk9iRe6cbUAh6oAhnbzE7,2,wallet,3H6BZBboPZPw1MGCP25mKxTYVZPCvXzWee,False,True,3,17oKqQikF56BgSk9iRe6cbUAh6oAhnbzE7|99676600|3H6BZBboPZPw1MGCP25mKxTYVZPCvXzWee,wallet|transaction|wallet,|0.986499|0.891587
17pztZW7y6iKmvaVEQda6J4cUiAZZGbfAq,2,wallet,3A6JRz4aaf2bMKJrcBkBLxHe9QmWKZEjzu,False,True,3,17pztZW7y6iKmvaVEQda6J4cUiAZZGbfAq|321252663|3A6JRz4aaf2bMKJrcBkBLxHe9QmWKZEjzu,wallet|transaction|wallet,|0.983669|0.891622
17q6JwnYgsyXEYRXi4dZx47JhDEVzrPdaS,2,wallet,1KDftwJyWxTEMr7nCzzU2aDxr88nc643ev,False,True,3,17q6JwnYgsyXEYRXi4dZx47JhDEVzrPdaS|99676153|1KDftwJyWxTEMr7nCzzU2aDxr88nc643ev,wallet|transaction|wallet,|0.988525|0.891558
17t8fm1ZnrfcL58mhD5vkhQs4m226sKbQW,2,wallet,1Lim2Sw8BG9LsBkQkhZMEFixBdk5jPnFjF,False,True,3,17t8fm1ZnrfcL58mhD5vkhQs4m226sKbQW|378232302|1Lim2Sw8BG9LsBkQkhZMEFixBdk5jPnFjF,wallet|transaction|wallet,|0.987778|0.891621
17tRkZH3C2FmbCWGqsJLc1zy4jzm6x7JRg,2,wallet,19Eksj9LqyeQHEg25SFCSCufnwgtVyRajE,False,True,3,17tRkZH3C2FmbCWGqsJLc1zy4jzm6x7JRg|372684851|19Eksj9LqyeQHEg25SFCSCufnwgtVyRajE,wallet|transaction|wallet,|0.63735|0.844469
17tUu1tGp8okTL12BDDb12p2jzQJjCmhC3,2,wallet,1ELRC7eRxcESge5i7Nx7nyZZwQDY6Snk2H,False,True,3,17tUu1tGp8okTL12BDDb12p2jzQJjCmhC3|13114107|1ELRC7eRxcESge5i7Nx7nyZZwQDY6Snk2H,wallet|transaction|wallet,|0.975469|0.891534
17ufDb9gh1V7YpVmxHQy8D2MBNeFXe56L5,2,wallet,173o6k1HoC3YTCKV5i3rW9fq6fhHHzZLHz,False,True,3,17ufDb9gh1V7YpVmxHQy8D2MBNeFXe56L5|331228202|173o6k1HoC3YTCKV5i3rW9fq6fhHHzZLHz,wallet|transaction|wallet,|0.980597|0.891607
17v9w4hEifwhzUVTr2zscJn8Jjse4woWf9,2,wallet,3J48nQyU4G6qitwTCwe22LPCwHNv57occd,False,True,3,17v9w4hEifwhzUVTr2zscJn8Jjse4woWf9|268867035|3J48nQyU4G6qitwTCwe22LPCwHNv57occd,wallet|transaction|wallet,|0.984213|0.891638
17vqfc46U12fo2jToeEQ4qbN6AbSkNjKfy,2,wallet,36JStU7kDAh8xbarfkVjGxaDMsYV7iU29z,False,True,3,17vqfc46U12fo2jToeEQ4qbN6AbSkNjKfy|139102978|36JStU7kDAh8xbarfkVjGxaDMsYV7iU29z,wallet|transaction|wallet,|0.63762|0.893475
17wt5FfSnR9HpsRhad9Tm937W68K4Fa2WX,2,wallet,3AgwqkqMbFrqzjNLJ4SpB8hvcoh2fZHUAh,False,True,3,17wt5FfSnR9HpsRhad9Tm937W68K4Fa2WX|54803353|3AgwqkqMbFrqzjNLJ4SpB8hvcoh2fZHUAh,wallet|transaction|wallet,|0.264875|0.89215
17yWG2hY5cgG3N2mCBmkrvBNem9trPbWn4,2,wallet,1MDCyGRhfAjASagGV97HbdvgtYxhp2p81W,False,True,3,17yWG2hY5cgG3N2mCBmkrvBNem9trPbWn4|208915908|1MDCyGRhfAjASagGV97HbdvgtYxhp2p81W,wallet|transaction|wallet,|0.988799|0.891562
17yvrDuYiQkWxofwocJziVkju6dsgHq868,2,wallet,3656kvgPgpLC55LrL2gmPesZjcmxcAmgCL,False,True,3,17yvrDuYiQkWxofwocJziVkju6dsgHq868|21189498|3656kvgPgpLC55LrL2gmPesZjcmxcAmgCL,wallet|transaction|wallet,|0.911707|0.891928
17zeUsRJY71MGikdvxTJF7Z31YBCxsDQbA,2,wallet,1bsSNnB7XjgAxPziBqzvaQVmPfzqTckQc,False,True,3,17zeUsRJY71MGikdvxTJF7Z31YBCxsDQbA|288470582|1bsSNnB7XjgAxPziBqzvaQVmPfzqTckQc,wallet|transaction|wallet,|0.984633|0.891714
17zowQjhSrcX9y2gojS52LCg7QsS1iA7wY,2,wallet,3C1qmr1wk7sRK7q9z1pyRZbjaMoqYBaS8p,False,True,3,17zowQjhSrcX9y2gojS52LCg7QsS1iA7wY|155316665|3C1qmr1wk7sRK7q9z1pyRZbjaMoqYBaS8p,wallet|transaction|wallet,|-0.00280979|0.894084
182VafmyMHgTEfj1PhJUQEhifsFd7pRKEZ,2,wallet,19ShJe47goU2YQuPrEMJVh3gzn81NgGYPo,False,True,3,182VafmyMHgTEfj1PhJUQEhifsFd7pRKEZ|54809336|19ShJe47goU2YQuPrEMJVh3gzn81NgGYPo,wallet|transaction|wallet,|0.966951|0.891752
186rkxxfDK4fp5SN46YrRetSoLCJHHBZdM,2,wallet,3A7w9AByxG29h46ktdx7Rd1DmjvRhZYD8b,False,True,3,186rkxxfDK4fp5SN46YrRetSoLCJHHBZdM|75067966|3A7w9AByxG29h46ktdx7Rd1DmjvRhZYD8b,wallet|transaction|wallet,|0.983935|0.891637
186ruave9TN5xEZTP2tLGbNc37g2cQsj4W,2,wallet,14rmLkC6Bej7FkQQ8wP98zsJer1YDKPw85,False,True,3,186ruave9TN5xEZTP2tLGbNc37g2cQsj4W|238247335|14rmLkC6Bej7FkQQ8wP98zsJer1YDKPw85,wallet|transaction|wallet,|0.98871|0.891525
188TVRXDfLYJM7qn5z8o5QUqEMu6hePjPV,2,wallet,3EHYjUtJZrwxRkduDoJRVyfWJBvHfUTUdf,False,True,3,188TVRXDfLYJM7qn5z8o5QUqEMu6hePjPV|268866997|3EHYjUtJZrwxRkduDoJRVyfWJBvHfUTUdf,wallet|transaction|wallet,|0.983202|0.891644
188q8C9S7qxJwARzeKc5e1ZNPiEaipEfjJ,2,wallet,3GT3okpdMpfykcTA6FqbK6PqGSi8Zvt8di,False,True,3,188q8C9S7qxJwARzeKc5e1ZNPiEaipEfjJ|54771400|3GT3okpdMpfykcTA6FqbK6PqGSi8Zvt8di,wallet|transaction|wallet,|0.954849|0.891841
18APouAVF3M5axHBMCSDAvyXP2eGF76HQC,2,wallet,38mTPpcMGdrHUqSM56ZDidaDZzvNs6LPoC,False,True,3,18APouAVF3M5axHBMCSDAvyXP2eGF76HQC|85005017|38mTPpcMGdrHUqSM56ZDidaDZzvNs6LPoC,wallet|transaction|wallet,|0.984177|0.891651
18GsUmBCkVJ7vS5Etp7F4KkC1GvNtMty78,2,wallet,1G5cTpFygcqCd8169TWeBsqwL8MZ1MsMR3,False,True,3,18GsUmBCkVJ7vS5Etp7F4KkC1GvNtMty78|161535084|1G5cTpFygcqCd8169TWeBsqwL8MZ1MsMR3,wallet|transaction|wallet,|0.976503|0.89181
18H2NS8ngY6iDSJnKkG2qmMhkZUTUk1G3L,2,wallet,37yNFX6gTNWmAPqX14wWCp36sqyuEXdNTn,False,True,3,18H2NS8ngY6iDSJnKkG2qmMhkZUTUk1G3L|3641234|37yNFX6gTNWmAPqX14wWCp36sqyuEXdNTn,wallet|transaction|wallet,|-0.00923035|0.902933
18H5BXvuc9Cbn38EJgzFR4wCc63za95gVw,2,wallet,3A6JRz4aaf2bMKJrcBkBLxHe9QmWKZEjzu,False,True,3,18H5BXvuc9Cbn38EJgzFR4wCc63za95gVw|321252663|3A6JRz4aaf2bMKJrcBkBLxHe9QmWKZEjzu,wallet|transaction|wallet,|0.983669|0.891622
18HwjsZ6KTgTboKv2dwkivRrjSPLZEPsqy,2,wallet,3AWRvLqxiuF1jwwGQw878p8b3KDdMYdicc,False,True,3,18HwjsZ6KTgTboKv2dwkivRrjSPLZEPsqy|99676003|3AWRvLqxiuF1jwwGQw878p8b3KDdMYdicc,wallet|transaction|wallet,|0.986535|0.891575
18NmhXfS1dFn8w9ZdzPb7yd4EUy9TncAGZ,2,wallet,1KYEZwHGAMe191dZEQKfg98phZ6iXmWfg5,False,True,3,18NmhXfS1dFn8w9ZdzPb7yd4EUy9TncAGZ|98429569|1KYEZwHGAMe191dZEQKfg98phZ6iXmWfg5,wallet|transaction|wallet,|-0.00961682|0.891532
18QWu3xvx9TiNZQXKwLbFxno21x5AknfAt,2,wallet,3MpNYBkoJB9GNhbWnAbneaxrbWVXvG7swj,False,True,3,18QWu3xvx9TiNZQXKwLbFxno21x5AknfAt|43105608|3MpNYBkoJB9GNhbWnAbneaxrbWVXvG7swj,wallet|transaction|wallet,|0.820105|0.892043
18RD8uAqu8EUuZqkwkVFEXnV1L4s3jTPHi,2,wallet,3NUXMwZ7oUkW9RPNm161pNsnXHLEAQj1Am,False,True,3,18RD8uAqu8EUuZqkwkVFEXnV1L4s3jTPHi|52898234|3NUXMwZ7oUkW9RPNm161pNsnXHLEAQj1Am,wallet|transaction|wallet,|0.921912|0.891957
18RDZp7KuZsf6YZut7aVj18W9kTxDrGEgN,2,wallet,3656kvgPgpLC55LrL2gmPesZjcmxcAmgCL,False,True,3,18RDZp7KuZsf6YZut7aVj18W9kTxDrGEgN|21189498|3656kvgPgpLC55LrL2gmPesZjcmxcAmgCL,wallet|transaction|wallet,|0.911707|0.891928
18RyhXj3oeYAHQEE8gmMm1C4154YMj5RSa,2,wallet,38xVRmZzgkrHzhSGfAneNyer8dp48HsfCM,False,True,3,18RyhXj3oeYAHQEE8gmMm1C4154YMj5RSa|288471753|38xVRmZzgkrHzhSGfAneNyer8dp48HsfCM,wallet|transaction|wallet,|0.904895|0.892273
18SjLkW6SitT1MNoxnPDT8PhME3veDfd5N,2,wallet,3JBX7uBCCMjMBAk37PSjBYSwowRLyGGjEi,False,True,3,18SjLkW6SitT1MNoxnPDT8PhME3veDfd5N|99676710|3JBX7uBCCMjMBAk37PSjBYSwowRLyGGjEi,wallet|transaction|wallet,|0.987389|0.891573
18UnaA7JQonyVWWDTTjGuq5finVwfVQ8SP,2,wallet,1CaTe8t7T2gHhoYGLTwLmahgMeyv1FSece,False,True,3,18UnaA7JQonyVWWDTTjGuq5finVwfVQ8SP|30179404|1CaTe8t7T2gHhoYGLTwLmahgMeyv1FSece,wallet|transaction|wallet,|0.983274|0.891738
18V8TsX7vrfxNizPh3R9ZEjfJn9toXJn4K,2,wallet,38mTPpcMGdrHUqSM56ZDidaDZzvNs6LPoC,False,True,3,18V8TsX7vrfxNizPh3R9ZEjfJn9toXJn4K|85005017|38mTPpcMGdrHUqSM56ZDidaDZzvNs6LPoC,wallet|transaction|wallet,|0.984177|0.891651
18VseARNK1JTrWV1sB5P3vhQSaxsbZp5HM,2,wallet,38Gf6RxEkKrSC39unVixEALu3tUTitWQyv,False,True,3,18VseARNK1JTrWV1sB5P3vhQSaxsbZp5HM|269134288|38Gf6RxEkKrSC39unVixEALu3tUTitWQyv,wallet|transaction|wallet,|-0.00960159|0.891584
18X7ZvjM6zxFzSCzA8DT1EUhwaY5K2xQyq,2,wallet,1MadbNbjPZ7ACQu2nz3GFB6uD8tSTzDCc3,False,True,3,18X7ZvjM6zxFzSCzA8DT1EUhwaY5K2xQyq|7867126|1MadbNbjPZ7ACQu2nz3GFB6uD8tSTzDCc3,wallet|transaction|wallet,|-0.00951866|0.892697
18b8nA5uhbNti13rnVRprL8qoDngTT3dCq,2,wallet,182hENiJ77gkxhvZU1g8ZGmn8LaACTPxaL,False,True,3,18b8nA5uhbNti13rnVRprL8qoDngTT3dCq|92532810|182hENiJ77gkxhvZU1g8ZGmn8LaACTPxaL,wallet|transaction|wallet,|0.985051|0.891692
18cTir7GcVZLzNmrzpYR2e2rMfUwbnjMPW,2,wallet,3MFgnzT5jgzABC67f73Zb5DL8dJfLCerYu,False,True,3,18cTir7GcVZLzNmrzpYR2e2rMfUwbnjMPW|268865654|3MFgnzT5jgzABC67f73Zb5DL8dJfLCerYu,wallet|transaction|wallet,|0.983072|0.891633
18cjPUBLoDh4uzZrvcY3uFzo1iKFh6rhML,2,wallet,1B9Je8HxbLevUUFMVLtp28oPESXBpFAQfk,False,True,3,18cjPUBLoDh4uzZrvcY3uFzo1iKFh6rhML|99677165|1B9Je8HxbLevUUFMVLtp28oPESXBpFAQfk,wallet|transaction|wallet,|0.988638|0.891558
18dQ4s3d5gxyfxDQ6SZ6gpZ2f9jhqDSFF6,2,wallet,3Ejv9Jyd1SroaqAXJTp7StCjHB8navGmXX,False,True,3,18dQ4s3d5gxyfxDQ6SZ6gpZ2f9jhqDSFF6|197467212|3Ejv9Jyd1SroaqAXJTp7StCjHB8navGmXX,wallet|transaction|wallet,|-0.00961681|-0.0866377
18fVmoXu9ZEJDBrz3MjM5pAVRXdmkYPJzj,2,wallet,38EYLMdPwKuVSQjYJqcAepoopyb5wGbM91,False,True,3,18fVmoXu9ZEJDBrz3MjM5pAVRXdmkYPJzj|97457576|38EYLMdPwKuVSQjYJqcAepoopyb5wGbM91,wallet|transaction|wallet,|0.981562|0.891648
18ipzJpW1oW55tD4YPkmJU2RcpnVvU6zYL,2,wallet,3LYkhZLUdkvLabpRkBUuFmUYQjPPJXiA9N,False,True,3,18ipzJpW1oW55tD4YPkmJU2RcpnVvU6zYL|180533541|3LYkhZLUdkvLabpRkBUuFmUYQjPPJXiA9N,wallet|transaction|wallet,|0.973306|0.891679
18jVDdcGSzAjhwsGyWYaS4LVzx4hTsRMeY,2,wallet,3Ad3HDr3fK2VBbJE1uLLXTttgm2txUaTLb,False,True,3,18jVDdcGSzAjhwsGyWYaS4LVzx4hTsRMeY|10174186|3Ad3HDr3fK2VBbJE1uLLXTttgm2txUaTLb,wallet|transaction|wallet,|0.882844|0.892004
18jYQC2pWkxfo695k4ZbZv1nzoxqut8AnH,2,wallet,3CYQR53n8CxDRZMNtkt1AGo8mCByMxuCXq,False,True,3,18jYQC2pWkxfo695k4ZbZv1nzoxqut8AnH|268856573|3CYQR53n8CxDRZMNtkt1AGo8mCByMxuCXq,wallet|transaction|wallet,|0.982111|0.891648
18kFXUEFFmJVWto9BRrWfri5QU7wJQXWNb,2,wallet,31uhUhpR6mkWJL3QNYxavcAQPHUxFv46aq,False,True,3,18kFXUEFFmJVWto9BRrWfri5QU7wJQXWNb|11320206|31uhUhpR6mkWJL3QNYxavcAQPHUxFv46aq,wallet|transaction|wallet,|0.83817|0.892047
18oRjLipGtMX94Y1H7QC2CHzQ8KagjUk2F,2,wallet,18yekCdkoEe3AZhYBu2gNt2xA9v13hWZzc,False,True,3,18oRjLipGtMX94Y1H7QC2CHzQ8KagjUk2F|157264112|18yekCdkoEe3AZhYBu2gNt2xA9v13hWZzc,wallet|transaction|wallet,|0.986962|0.891627
18qDQ2CeLfNzJSNjR738WLQfxN6E8sE6L8,2,wallet,3DgQeRTUkbqxRUdsAKDzUFTN2oH3h3Jc3C,False,True,3,18qDQ2CeLfNzJSNjR738WLQfxN6E8sE6L8|269459070|3DgQeRTUkbqxRUdsAKDzUFTN2oH3h3Jc3C,wallet|transaction|wallet,|-0.00961682|0.891609
18uieCYizT2zrg1zgivdrgUnUc4Y5EPUJZ,2,wallet,37yNFX6gTNWmAPqX14wWCp36sqyuEXdNTn,False,True,3,18uieCYizT2zrg1zgivdrgUnUc4Y5EPUJZ|3641234|37yNFX6gTNWmAPqX14wWCp36sqyuEXdNTn,wallet|transaction|wallet,|-0.00923035|0.902933
18uz8B3MHV6HpUCLBL1wYo2DfcMoBBo6zG,2,wallet,1BiJ3aiFXGBw6CAR8Y2udGj5Hutb5UCVxL,False,True,3,18uz8B3MHV6HpUCLBL1wYo2DfcMoBBo6zG|248887402|1BiJ3aiFXGBw6CAR8Y2udGj5Hutb5UCVxL,wallet|transaction|wallet,|0.984675|0.891585
18vn2iZWgPX1qWrbKXato7VxUFHNvtu2Eg,2,wallet,1M9MfQ2vyiYQbPJsww5FwJn46WU4K7dCSD,False,True,3,18vn2iZWgPX1qWrbKXato7VxUFHNvtu2Eg|186108514|1M9MfQ2vyiYQbPJsww5FwJn46WU4K7dCSD,wallet|transaction|wallet,|0.986424|0.891668
18vztPfkPCVsGqfuQrsjhTyN5HdVqoYuLU,2,wallet,32b53Lq7oxvaRYNCtBWS5Qjr5DY71CbQe7,False,True,3,18vztPfkPCVsGqfuQrsjhTyN5HdVqoYuLU|10174881|32b53Lq7oxvaRYNCtBWS5Qjr5DY71CbQe7,wallet|transaction|wallet,|0.695916|0.892112
191tAAapWjwFcwxHAHHknUyFfcri9GdGX1,2,wallet,1AvePXwiVZL83a6uDVkrV19E6GKKdV5frh,False,True,3,191tAAapWjwFcwxHAHHknUyFfcri9GdGX1|50466764|1AvePXwiVZL83a6uDVkrV19E6GKKdV5frh,wallet|transaction|wallet,|0.327805|0.892165
194RQ6KtrNYW3gg3ogjaFMU43UHGZY5443,2,wallet,1AHpy7EHE4LuvSAAxoZstCCoXTB8tu2Cxk,False,True,3,194RQ6KtrNYW3gg3ogjaFMU43UHGZY5443|152610799|1AHpy7EHE4LuvSAAxoZstCCoXTB8tu2Cxk,wallet|transaction|wallet,|0.987507|0.891644
195qRoksLUVhwtQgLi9HCiv4A8j448okhi,2,wallet,1Lwnwj1qgvWrtArbTYxbXXMn3aed9FTQ7d,False,True,3,195qRoksLUVhwtQgLi9HCiv4A8j448okhi|214136652|1Lwnwj1qgvWrtArbTYxbXXMn3aed9FTQ7d,wallet|transaction|wallet,|0.988202|0.8916
198y2kcP8ZpH1CZy7CdMTdVkP1bMGaTdbE,2,wallet,3FMxEmNfDycwELFCkkYezWth5uhKfQo7s8,False,True,3,198y2kcP8ZpH1CZy7CdMTdVkP1bMGaTdbE|9259519|3FMxEmNfDycwELFCkkYezWth5uhKfQo7s8,wallet|transaction|wallet,|0.714639|0.891955
199bqTUxZrsKDNQgzdLc4DsMHPJFgt2z6e,2,wallet,35PVtsUn94Ho8J1uitwPJ5tpiNUZjF5ebT,False,True,3,199bqTUxZrsKDNQgzdLc4DsMHPJFgt2z6e|43840946|35PVtsUn94Ho8J1uitwPJ5tpiNUZjF5ebT,wallet|transaction|wallet,|0.201566|0.892209
19EAaWSoaWRDiZauoVVeBPKJhtBGPb65P8,2,wallet,38Jt9Bb2sUX9zCKqAzbEborD3N1LiL6JKJ,False,True,3,19EAaWSoaWRDiZauoVVeBPKJhtBGPb65P8|74699742|38Jt9Bb2sUX9zCKqAzbEborD3N1LiL6JKJ,wallet|transaction|wallet,|0.702588|0.892089
19EDfydRhWT5g29in9zsNV3UQ8A2gkHQ3w,2,wallet,36KjeQHUrDsFkFkWjUesTo8J8LPwc839aQ,False,True,3,19EDfydRhWT5g29in9zsNV3UQ8A2gkHQ3w|130377005|36KjeQHUrDsFkFkWjUesTo8J8LPwc839aQ,wallet|transaction|wallet,|0.980972|0.891638
19JjfZ9Um4KPesUMz8oQYKWoCRhuB6cEKm,2,wallet,31iZopYrA7fP9NqdVnSZ6xRzmVfhiS6fuD,False,True,3,19JjfZ9Um4KPesUMz8oQYKWoCRhuB6cEKm|165594204|31iZopYrA7fP9NqdVnSZ6xRzmVfhiS6fuD,wallet|transaction|wallet,|0.985008|0.891638
19L1NpgikXQCv2gvAkTcjUmfpZCJYZw7E1,2,wallet,33qEhyXtaY6DDHXGHWJF5AojRDNXi9ecao,False,True,3,19L1NpgikXQCv2gvAkTcjUmfpZCJYZw7E1|99932170|33qEhyXtaY6DDHXGHWJF5AojRDNXi9ecao,wallet|transaction|wallet,|0.986253|0.891564
19M9u625mqzaRdBwPLcrr9U8fEkmiGedqc,2,wallet,3GhtjDLFhevCZmParfC2yrimZ5wsUBKbJG,False,True,3,19M9u625mqzaRdBwPLcrr9U8fEkmiGedqc|84334516|3GhtjDLFhevCZmParfC2yrimZ5wsUBKbJG,wallet|transaction|wallet,|0.952916|0.891788
19NYaooEZaXdQtKrCfHQobr2HhddpuAU7n,2,wallet,1J3Smm5WYimCuGD71fJG8nuN4fdvGDQdy7,False,True,3,19NYaooEZaXdQtKrCfHQobr2HhddpuAU7n|269587293|1J3Smm5WYimCuGD71fJG8nuN4fdvGDQdy7,wallet|transaction|wallet,|0.987734|0.891599
19NsqhAw2bqCCTQJt2zT46uyzP3fjniVCi,2,wallet,39M5wWQ1rk3F7zrodaJ9r1RpikZM2Q3k1L,False,True,3,19NsqhAw2bqCCTQJt2zT46uyzP3fjniVCi|204054358|39M5wWQ1rk3F7zrodaJ9r1RpikZM2Q3k1L,wallet|transaction|wallet,|0.659035|0.892061
19PoNLoYzkDmFkg2Kj6qmyZQTpgmgeGPDp,2,wallet,1Lg3kXnpK5dQkXauX8FxiEcttKUQApmbjw,False,True,3,19PoNLoYzkDmFkg2Kj6qmyZQTpgmgeGPDp|339057170|1Lg3kXnpK5dQkXauX8FxiEcttKUQApmbjw,wallet|transaction|wallet,|0.988909|0.891522
19PpZGcmnxmSSqy2E6CnDCrbxEqqQnFq8T,2,wallet,3A77j7eCZAWRucGYa3E8wAbcdcs7Xhbf7b,False,True,3,19PpZGcmnxmSSqy2E6CnDCrbxEqqQnFq8T|23344692|3A77j7eCZAWRucGYa3E8wAbcdcs7Xhbf7b,wallet|transaction|wallet,|0.93382|0.891961
19WAscwHmhCW557yHsdtGR4ySySYfduiWs,2,wallet,3K7WqtUiNyHErmNCnjn1c1RNqWEeF2VKAr,False,True,3,19WAscwHmhCW557yHsdtGR4ySySYfduiWs|61988163|3K7WqtUiNyHErmNCnjn1c1RNqWEeF2VKAr,wallet|transaction|wallet,|0.897652|0.891955
19YYhajoivhaB2QbTxykKx8w4Em2oNeUoj,2,wallet,3CuS6iwLFPtCWLAzZzLBQbmXuyySEXKgyB,False,True,3,19YYhajoivhaB2QbTxykKx8w4Em2oNeUoj|249970724|3CuS6iwLFPtCWLAzZzLBQbmXuyySEXKgyB,wallet|transaction|wallet,|0.842399|0.891926
19ZmzvkHn1atACaisixBS5pch5tRjXRpqp,2,wallet,33i7FZnUtQaHp9rX6ZRkeHvPoAusDMiG7G,False,True,3,19ZmzvkHn1atACaisixBS5pch5tRjXRpqp|84375386|33i7FZnUtQaHp9rX6ZRkeHvPoAusDMiG7G,wallet|transaction|wallet,|0.9762|0.891686
19cc9dE3m3r3Y7YiCFA2qjYCYCDZpeJq88,2,wallet,3BDNgqHoF4tKjdgi8Yt8S3dQ9SVcLpngHg,False,True,3,19cc9dE3m3r3Y7YiCFA2qjYCYCDZpeJq88|288602158|3BDNgqHoF4tKjdgi8Yt8S3dQ9SVcLpngHg,wallet|transaction|wallet,|0.637798|0.892047
19dD3ooPn6vnAVu6Qgg8pGSA1QEL4Ue2kQ,2,wallet,32b53Lq7oxvaRYNCtBWS5Qjr5DY71CbQe7,False,True,3,19dD3ooPn6vnAVu6Qgg8pGSA1QEL4Ue2kQ|10174881|32b53Lq7oxvaRYNCtBWS5Qjr5DY71CbQe7,wallet|transaction|wallet,|0.695916|0.892112
19fkVbHcvoTpChNcSfLh9SKgUW73Ut4X5Y,2,wallet,3FZK7cfs1iRVW8PT7zofap94HRKr4Tb6br,False,True,3,19fkVbHcvoTpChNcSfLh9SKgUW73Ut4X5Y|207150123|3FZK7cfs1iRVW8PT7zofap94HRKr4Tb6br,wallet|transaction|wallet,|0.849338|0.891966
19jFzmUHbfA8e4RvWy36o5dG7As1BRDAhi,2,wallet,3JHv4H3k8f73ERGX3ux5oJG3srDBhhMKhB,False,True,3,19jFzmUHbfA8e4RvWy36o5dG7As1BRDAhi|25563902|3JHv4H3k8f73ERGX3ux5oJG3srDBhhMKhB,wallet|transaction|wallet,|0.616928|0.891947
19jm3XvrkgUujFsebAQP3rEoTbQuxwwi2p,2,wallet,16wnVeNANLFSfD6ZXJnSTrwrzffjZXb1B9,False,True,3,19jm3XvrkgUujFsebAQP3rEoTbQuxwwi2p|99676520|16wnVeNANLFSfD6ZXJnSTrwrzffjZXb1B9,wallet|transaction|wallet,|0.988551|0.891564
19tAwQzDeRfev8qS46uTEDJMsiFopRfHJE,2,wallet,3APUu6Y2HZM5aDTsJy7Y7Fxs1ecc8YNUjB,False,True,3,19tAwQzDeRfev8qS46uTEDJMsiFopRfHJE|331566935|3APUu6Y2HZM5aDTsJy7Y7Fxs1ecc8YNUjB,wallet|transaction|wallet,|0.987748|0.891594
19vAiYatot8wRfKsmBVqMyv57DvuPHgNGW,2,wallet,3Hbx2v1YH7UMALXeNgrcAyadQFQd19D57G,False,True,3,19vAiYatot8wRfKsmBVqMyv57DvuPHgNGW|313613074|3Hbx2v1YH7UMALXeNgrcAyadQFQd19D57G,wallet|transaction|wallet,|0.97394|0.891665
19wbNFk6XsUwQYzYLb3NLeutSB7rP7LpAY,2,wallet,15iZ9WU4jTkmr95Hc3Zbavr6SaL3FKpumv,False,True,3,19wbNFk6XsUwQYzYLb3NLeutSB7rP7LpAY|372695283|15iZ9WU4jTkmr95Hc3Zbavr6SaL3FKpumv,wallet|transaction|wallet,|0.988525|0.891571
1A25uinGtsmon3oWBiwGKvGFjG1WrRXQtf,2,wallet,32r9FFx6C4JTrazjtA8YY7GcidDyHyuvpk,False,True,3,1A25uinGtsmon3oWBiwGKvGFjG1WrRXQtf|92108374|32r9FFx6C4JTrazjtA8YY7GcidDyHyuvpk,wallet|transaction|wallet,|0.960317|0.891819
1A2PhcW2ikS8jtoBkNpo4y3bMwQqSrGrRt,2,wallet,3BetHakUx6Q6Gej5Bh4RrUf4xMpQQx33M8,False,True,3,1A2PhcW2ikS8jtoBkNpo4y3bMwQqSrGrRt|277372525|3BetHakUx6Q6Gej5Bh4RrUf4xMpQQx33M8,wallet|transaction|wallet,|-0.00961682|0.891717
1A3iTtz8QxzYsCpqUWRNhZWGQmsjx4FMF7,2,wallet,3M3Wp24aJ5KSsB6ToKTVRx4f6L5CACwrGH,False,True,3,1A3iTtz8QxzYsCpqUWRNhZWGQmsjx4FMF7|372682840|3M3Wp24aJ5KSsB6ToKTVRx4f6L5CACwrGH,wallet|transaction|wallet,|0.985326|0.891608
1A57YXLWQ5k6qfSykymNy5SDdMRzfqKXf1,2,wallet,3MLQ7vy59DBF7zf8rcFiJPWddABL7RFg8g,False,True,3,1A57YXLWQ5k6qfSykymNy5SDdMRzfqKXf1|312228916|3MLQ7vy59DBF7zf8rcFiJPWddABL7RFg8g,wallet|transaction|wallet,|0.983724|0.891617
1A62esfxUJdKG7NpZDzHr7zqjDJEjMwsHg,2,wallet,39HSySuqMBCmZi7scW8MaGsFdL6wimcvww,False,True,3,1A62esfxUJdKG7NpZDzHr7zqjDJEjMwsHg|174790146|39HSySuqMBCmZi7scW8MaGsFdL6wimcvww,wallet|transaction|wallet,|-0.00847266|0.895402
1A7oVGzsXa3rmbbLALtgM9cSWV23K9iwKX,2,wallet,1KJbKr1kah13PD9J1Vtd1DZYLhfb6AFkyx,False,True,3,1A7oVGzsXa3rmbbLALtgM9cSWV23K9iwKX|334612261|1KJbKr1kah13PD9J1Vtd1DZYLhfb6AFkyx,wallet|transaction|wallet,|0.98822|0.89158
1A7wiAv22f5RUfDc4BkXcw2Fxc19xZAiGT,2,wallet,1B9pRcHonNqU9i7t1w16CNLaeRKpNqybiJ,False,True,3,1A7wiAv22f5RUfDc4BkXcw2Fxc19xZAiGT|183242487|1B9pRcHonNqU9i7t1w16CNLaeRKpNqybiJ,wallet|transaction|wallet,|0.985265|0.891619
1A9Jf6BybobfzqN1ffgiWEz1QNnPdFsQS2,2,wallet,1NEogPJMYE7hybZUH2gNiqq1dDcR7rQ1YS,False,True,3,1A9Jf6BybobfzqN1ffgiWEz1QNnPdFsQS2|99677488|1NEogPJMYE7hybZUH2gNiqq1dDcR7rQ1YS,wallet|transaction|wallet,|0.988499|0.891561
1AAmHswpMMpeRQ6NtWL3eT9EGwHkTCoKGn,2,wallet,1Fs8G3G2wNAwVQasYUYhS9BexR9iiUNTJB,False,True,3,1AAmHswpMMpeRQ6NtWL3eT9EGwHkTCoKGn|331611467|1Fs8G3G2wNAwVQasYUYhS9BexR9iiUNTJB,wallet|transaction|wallet,|0.98843|0.891574
1ABDVpvZGwbHm9dmvwVAr1zRRWuGZVAYNx,2,wallet,1LtU8QE86HSs6voaFN4YKYfv8YapLSZdBk,False,True,3,1ABDVpvZGwbHm9dmvwVAr1zRRWuGZVAYNx|268911484|1LtU8QE86HSs6voaFN4YKYfv8YapLSZdBk,wallet|transaction|wallet,|0.987952|0.891596
1ABg7HLx3viW4sjj3ViCUkxr6HqQ5qJT4P,2,wallet,1E5QHGsqgrFaMwQEkmwnUWV3fuJvEFvC31,False,True,3,1ABg7HLx3viW4sjj3ViCUkxr6HqQ5qJT4P|12661072|1E5QHGsqgrFaMwQEkmwnUWV3fuJvEFvC31,wallet|transaction|wallet,|-0.000284404|0.892763
1AEAGhm5tBQnfrHPV7WLrLENbyj1pFDdhR,2,wallet,1DUtnMjwarcE4YvQUecKkPdKbHMoF4iTc1,False,True,3,1AEAGhm5tBQnfrHPV7WLrLENbyj1pFDdhR|26532670|1DUtnMjwarcE4YvQUecKkPdKbHMoF4iTc1,wallet|transaction|wallet,|0.0246829|0.892508
1AHwzByyxQT3Dm5NkEN4bY8NZEMeQtnDbz,2,wallet,3MEbqyNoUEddy8AvytRWKYJgnZ1y8d5uy1,False,True,3,1AHwzByyxQT3Dm5NkEN4bY8NZEMeQtnDbz|339057158|3MEbqyNoUEddy8AvytRWKYJgnZ1y8d5uy1,wallet|transaction|wallet,|0.98845|0.891519
1AJ7Y92Q54Yh2ySBcq8tpHxrLoit4bDEmp,2,wallet,3Dg8M73bmUwST46rJDrFD3cqx1EU16isDL,False,True,3,1AJ7Y92Q54Yh2ySBcq8tpHxrLoit4bDEmp|372683044|3Dg8M73bmUwST46rJDrFD3cqx1EU16isDL,wallet|transaction|wallet,|0.985313|0.891609
1ALwQZkdnh7qwJWsmLiFQufXqYKbAy8FMj,2,wallet,3FqvEGJho61zE8hAeRi8sbNS9dcE7Fhg83,False,True,3,1ALwQZkdnh7qwJWsmLiFQufXqYKbAy8FMj|71359357|3FqvEGJho61zE8hAeRi8sbNS9dcE7Fhg83,wallet|transaction|wallet,|0.918121|0.891971
1ANwMSWEkHbsW25nVLmUdwZVK4ZxhQKHb5,2,wallet,36K81v78bowmpwACuWFzCWWoiJJJfjnSmE,False,True,3,1ANwMSWEkHbsW25nVLmUdwZVK4ZxhQKHb5|312221897|36K81v78bowmpwACuWFzCWWoiJJJfjnSmE,wallet|transaction|wallet,|0.955776|0.891694
1APMyySxba6yKBCxvWXZnQFdHdwiXVi8af,2,wallet,38kMfGZvHMS2GgxmWA2AtEksRKzgXvpJcq,False,True,3,1APMyySxba6yKBCxvWXZnQFdHdwiXVi8af|171324635|38kMfGZvHMS2GgxmWA2AtEksRKzgXvpJcq,wallet|transaction|wallet,|-0.00933853|0.891568
1AUyYrRx8XDozSbHy3C9zsw4dNh1cHTcPJ,2,wallet,3K3q91GQLDZqJnhwUNF38xEJ15ZeCLPZhB,False,True,3,1AUyYrRx8XDozSbHy3C9zsw4dNh1cHTcPJ|84195141|3K3q91GQLDZqJnhwUNF38xEJ15ZeCLPZhB,wallet|transaction|wallet,|0.828211|0.892024
1AVQKoVwELD9cKeFsR8V17RVzR7XQgYSz6,2,wallet,3Hf2SPivZnJzhqZNJHuAS7pU8DFj46thaG,False,True,3,1AVQKoVwELD9cKeFsR8V17RVzR7XQgYSz6|74815310|3Hf2SPivZnJzhqZNJHuAS7pU8DFj46thaG,wallet|transaction|wallet,|-0.000829554|0.892289
1AVijumYdsnPX8Reo7jqZ1q8r6XK2KUwHs,2,wallet,3FZK7cfs1iRVW8PT7zofap94HRKr4Tb6br,False,True,3,1AVijumYdsnPX8Reo7jqZ1q8r6XK2KUwHs|207150123|3FZK7cfs1iRVW8PT7zofap94HRKr4Tb6br,wallet|transaction|wallet,|0.849338|0.891966
1AZn5b7ANQtyER1EKbUVR8EeTy2kgrBY8X,2,wallet,1FsN1eGpjSU4vief6zpo9eoRJu8Yr99kku,False,True,3,1AZn5b7ANQtyER1EKbUVR8EeTy2kgrBY8X|320558688|1FsN1eGpjSU4vief6zpo9eoRJu8Yr99kku,wallet|transaction|wallet,|0.838887|0.891791
1AbWfzcNWkWercip3tnhd7zoQ54Fa5dXDB,2,wallet,1D6yk9W5HfhUB1JnVWdfsvQCa36yZcQUY8,False,True,3,1AbWfzcNWkWercip3tnhd7zoQ54Fa5dXDB|84328724|1D6yk9W5HfhUB1JnVWdfsvQCa36yZcQUY8,wallet|transaction|wallet,|0.987383|0.891619
1AgcsQXbSVH2ckKQEyZXjLsBMxdqvcU4WZ,2,wallet,3HzpcCdB8A3gF7YPgK7oV1ZBU6bXAUEtjk,False,True,3,1AgcsQXbSVH2ckKQEyZXjLsBMxdqvcU4WZ|100075816|3HzpcCdB8A3gF7YPgK7oV1ZBU6bXAUEtjk,wallet|transaction|wallet,|0.986471|0.89157
1AggCdjQa19kKWSAC67BwX5TeRt1P8LSAu,2,wallet,3NVzXgRYdqLgP6DPR1WiQ8G2t1mnHMzwWK,False,True,3,1AggCdjQa19kKWSAC67BwX5TeRt1P8LSAu|105603035|3NVzXgRYdqLgP6DPR1WiQ8G2t1mnHMzwWK,wallet|transaction|wallet,|0.802048|0.891997
1Anvp8UfG8LYPTEsNuvo3ARa48EMoYS5Yh,2,wallet,1DqYzJv3u26ooYgXRuxBeZdj9SSWaaUueA,False,True,3,1Anvp8UfG8LYPTEsNuvo3ARa48EMoYS5Yh|272125155|1DqYzJv3u26ooYgXRuxBeZdj9SSWaaUueA,wallet|transaction|wallet,|0.988267|0.891579
1AqCQ1QNi1sQT85sPnLuUSi4vKWhn3n5eH,2,wallet,3G5rhEd3cZBsWbv4wyzqMjkJG1vUsKmWPm,False,True,3,1AqCQ1QNi1sQT85sPnLuUSi4vKWhn3n5eH|85005009|3G5rhEd3cZBsWbv4wyzqMjkJG1vUsKmWPm,wallet|transaction|wallet,|0.984901|0.891667
1AqyCDYatN2hxnmYJGugbgftPerJ9xkNEr,2,wallet,1LoR48uDFQ3MZVX7DZz9eQfyjvYSx8MSiu,False,True,3,1AqyCDYatN2hxnmYJGugbgftPerJ9xkNEr|291271105|1LoR48uDFQ3MZVX7DZz9eQfyjvYSx8MSiu,wallet|transaction|wallet,|0.97225|0.891613
1Atvv6rpK6L1S2RvdMBKcD2qT4rir9bTWY,2,wallet,1AR8z3GkQSSY5n2jECS6cKF5gc16wZzNeH,False,True,3,1Atvv6rpK6L1S2RvdMBKcD2qT4rir9bTWY|268981796|1AR8z3GkQSSY5n2jECS6cKF5gc16wZzNeH,wallet|transaction|wallet,|0.987848|0.891596
1AvTkdCqH4HU2JXJB2XjBHn5b2jMWJuzem,2,wallet,39q3XCCSGUoJfzrcLRRVqECx82Q8BfGNL3,False,True,3,1AvTkdCqH4HU2JXJB2XjBHn5b2jMWJuzem|100075232|39q3XCCSGUoJfzrcLRRVqECx82Q8BfGNL3,wallet|transaction|wallet,|0.987381|0.891573
1Ax4RLGnNhPcKiNPdTbrR8vFUXgDarqLev,2,wallet,18iDoAtnVkLe4G8638LnCt6nTfssqy6E5r,False,True,3,1Ax4RLGnNhPcKiNPdTbrR8vFUXgDarqLev|85004979|18iDoAtnVkLe4G8638LnCt6nTfssqy6E5r,wallet|transaction|wallet,|0.987583|0.891616
1AyDEfUkrFofAw1vv3SYP4FLj2qJ2Hjt8V,2,wallet,36cyUSRqGziUDgKb69d9VsSehTyFKUhcHt,False,True,3,1AyDEfUkrFofAw1vv3SYP4FLj2qJ2Hjt8V|99675806|36cyUSRqGziUDgKb69d9VsSehTyFKUhcHt,wallet|transaction|wallet,|-0.00961682|-0.0866377
1AzHUucgxDXgE117Jmy9XDvCWoRHdrgPTK,2,wallet,3Hbx2v1YH7UMALXeNgrcAyadQFQd19D57G,False,True,3,1AzHUucgxDXgE117Jmy9XDvCWoRHdrgPTK|313613074|3Hbx2v1YH7UMALXeNgrcAyadQFQd19D57G,wallet|transaction|wallet,|0.97394|0.891665
1B2n2KNLhrMLGmdo5hDsPs2saxTGRVwuHb,2,wallet,16nJv2Z4fysytUEm4YT9FhyFKST4Yu8mWk,False,True,3,1B2n2KNLhrMLGmdo5hDsPs2saxTGRVwuHb|269576078|16nJv2Z4fysytUEm4YT9FhyFKST4Yu8mWk,wallet|transaction|wallet,|0.987887|0.8916
1B7Xk16meGnzvXgGuZdnvV69PU7TrRgi8R,2,wallet,3Q7n3jeNoBrTFftMmoa31SWGjgNDjpnoqf,False,True,3,1B7Xk16meGnzvXgGuZdnvV69PU7TrRgi8R|54798281|3Q7n3jeNoBrTFftMmoa31SWGjgNDjpnoqf,wallet|transaction|wallet,|0.618578|0.892023
1BBDYHZX7Dg3p82hVDLrZpm4sXP9qHwngY,2,wallet,32b53Lq7oxvaRYNCtBWS5Qjr5DY71CbQe7,False,True,3,1BBDYHZX7Dg3p82hVDLrZpm4sXP9qHwngY|10174881|32b53Lq7oxvaRYNCtBWS5Qjr5DY71CbQe7,wallet|transaction|wallet,|0.695916|0.892112
1BDRf8caLLmGJghmfdbz4WXhPrwLLoTorp,2,wallet,12yus3i538kEVjXereEMHcKpRSYRKkvoAM,False,True,3,1BDRf8caLLmGJghmfdbz4WXhPrwLLoTorp|163654973|12yus3i538kEVjXereEMHcKpRSYRKkvoAM,wallet|transaction|wallet,|0.974683|0.891675
1BDiuDvqNnVaok6TyQMVgG2KMsVe6r6e38,2,wallet,1FWUUsTZ7bLHQ5CwpS1swzvYxqTUXMVwE4,False,True,3,1BDiuDvqNnVaok6TyQMVgG2KMsVe6r6e38|363311380|1FWUUsTZ7bLHQ5CwpS1swzvYxqTUXMVwE4,wallet|transaction|wallet,|0.988878|0.891552
1BESnGhEGSEqGYBzQkzN4Pyig3yWv4NXM5,2,wallet,3Ad3HDr3fK2VBbJE1uLLXTttgm2txUaTLb,False,True,3,1BESnGhEGSEqGYBzQkzN4Pyig3yWv4NXM5|10174186|3Ad3HDr3fK2VBbJE1uLLXTttgm2txUaTLb,wallet|transaction|wallet,|0.882844|0.892004
1BFS2WDiykufUH2BWRQXV5yJLUvpBUHtq5,2,wallet,1MTbAvaj4RSDGAEmzQNR16SPjki9JEsTuS,False,True,3,1BFS2WDiykufUH2BWRQXV5yJLUvpBUHtq5|269103134|1MTbAvaj4RSDGAEmzQNR16SPjki9JEsTuS,wallet|transaction|wallet,|0.988283|0.891594
1BHCEHjsQWhKapa76BRTCzCXWkqkc9s5cJ,2,wallet,3JVyn4mR5v3hQhZeVuLa9XDLFBoxMJJ8nT,False,True,3,1BHCEHjsQWhKapa76BRTCzCXWkqkc9s5cJ|46847242|3JVyn4mR5v3hQhZeVuLa9XDLFBoxMJJ8nT,wallet|transaction|wallet,|0.939749|0.891912
1BHXtf8r9KXbcNiPSFGB2K7qY4iv9QDEEs,2,wallet,3NeBmKtVT2kSp5KJgvWeWDCTA8YAniCXGv,False,True,3,1BHXtf8r9KXbcNiPSFGB2K7qY4iv9QDEEs|84375106|3NeBmKtVT2kSp5KJgvWeWDCTA8YAniCXGv,wallet|transaction|wallet,|0.978009|0.891679
1BHwiP8ih6PWbV8mcoTAgnzocVVFCzbFBa,2,wallet,1Ae7mQbzMwRoAmSHzeGZzexYdzdv3wknYj,False,True,3,1BHwiP8ih6PWbV8mcoTAgnzocVVFCzbFBa|174763973|1Ae7mQbzMwRoAmSHzeGZzexYdzdv3wknYj,wallet|transaction|wallet,|0.974745|0.891494
1BK2hcTHQ5vjhYCQK2Wh3r5n3mnWnJzkg3,2,wallet,3HSyBtR7sX1KbnPeGs3TLDTC8qWC7YpXKx,False,True,3,1BK2hcTHQ5vjhYCQK2Wh3r5n3mnWnJzkg3|268868308|3HSyBtR7sX1KbnPeGs3TLDTC8qWC7YpXKx,wallet|transaction|wallet,|0.983026|0.891638
1BKZFEHbb7kShbczAq4JV4nRVwWTxmN69D,2,wallet,3MMCb1DofhUKEpf4aGGs4rDj9QJs1HCrEJ,False,True,3,1BKZFEHbb7kShbczAq4JV4nRVwWTxmN69D|105436390|3MMCb1DofhUKEpf4aGGs4rDj9QJs1HCrEJ,wallet|transaction|wallet,|-0.00961682|0.892858
1BKkheysB9bjRG7S8U9PSHwVzZSsgdxeK4,2,wallet,3M3Wp24aJ5KSsB6ToKTVRx4f6L5CACwrGH,False,True,3,1BKkheysB9bjRG7S8U9PSHwVzZSsgdxeK4|372682840|3M3Wp24aJ5KSsB6ToKTVRx4f6L5CACwrGH,wallet|transaction|wallet,|0.985326|0.891608
1BKntmEEppSFfJmQa7YXYgbPDxftuJiFcw,2,wallet,3Fr1H62NuXsEXFcvi9GTmfhKVvA2ec5cf7,False,True,3,1BKntmEEppSFfJmQa7YXYgbPDxftuJiFcw|130377008|3Fr1H62NuXsEXFcvi9GTmfhKVvA2ec5cf7,wallet|transaction|wallet,|0.97795|0.891667
1BP88EJrMLJ716LfMkJknRnVQib522eHrV,2,wallet,14etBfvXLY57JsfFhQu8rnmxZYXNc8JQcn,False,True,3,1BP88EJrMLJ716LfMkJknRnVQib522eHrV|269109520|14etBfvXLY57JsfFhQu8rnmxZYXNc8JQcn,wallet|transaction|wallet,|0.987941|0.891593
1BPJBmkNB29cNYRxv187qTw3Ur7uFKetHd,2,wallet,142baMDa4B8yWtdsJ6mD9F8ysUVfBLTZvD,False,True,3,1BPJBmkNB29cNYRxv187qTw3Ur7uFKetHd|372884386|142baMDa4B8yWtdsJ6mD9F8ysUVfBLTZvD,wallet|transaction|wallet,|0.988666|0.891559
1BRJBxTRjTSNUAXYmPAb9jTnwzrV9JFrb,2,wallet,1LhJTrSYVuQehv5Mfj2KZr8yw2u31pNT1h,False,True,3,1BRJBxTRjTSNUAXYmPAb9jTnwzrV9JFrb|269533128|1LhJTrSYVuQehv5Mfj2KZr8yw2u31pNT1h,wallet|transaction|wallet,|0.987994|0.8916
1BSmS2wNaPqqi7tZZwjoRSZA5D8gZRQM6E,2,wallet,13xW3BkHQuwHCrusKzJTEDRUohQnUZfPA7,False,True,3,1BSmS2wNaPqqi7tZZwjoRSZA5D8gZRQM6E|94110640|13xW3BkHQuwHCrusKzJTEDRUohQnUZfPA7,wallet|transaction|wallet,|0.989152|0.891533
1BSrgSVrFdz9k7fJoLrzHm1NynKxtYPtpE,2,wallet,37fRSUGZ5CpR1RBg5yQNjmA5S7kkqCQnbn,False,True,3,1BSrgSVrFdz9k7fJoLrzHm1NynKxtYPtpE|355110328|37fRSUGZ5CpR1RBg5yQNjmA5S7kkqCQnbn,wallet|transaction|wallet,|0.978852|0.891725
1BWqn3FR1mEi76yXwPoK2qwy54Ug9yNxwB,2,wallet,1CTGiL4MumFqaP7TkxEffVJCe33SQMN5vm,False,True,3,1BWqn3FR1mEi76yXwPoK2qwy54Ug9yNxwB|268939658|1CTGiL4MumFqaP7TkxEffVJCe33SQMN5vm,wallet|transaction|wallet,|0.98803|0.891599
1BYAd8KHu2uymJ34muhuUbHB3gWJLr2Sc3,2,wallet,3GhtjDLFhevCZmParfC2yrimZ5wsUBKbJG,False,True,3,1BYAd8KHu2uymJ34muhuUbHB3gWJLr2Sc3|84334516|3GhtjDLFhevCZmParfC2yrimZ5wsUBKbJG,wallet|transaction|wallet,|0.952916|0.891788
1BaTRCtx3WPStM6j3dWBw8e6KEa1EkRpJN,2,wallet,32re8L1jQXDPqKwv86hHAi9sv3mWSXvRX6,False,True,3,1BaTRCtx3WPStM6j3dWBw8e6KEa1EkRpJN|20219869|32re8L1jQXDPqKwv86hHAi9sv3mWSXvRX6,wallet|transaction|wallet,|0.520665|0.892015
1BebPD71iM6BVyibAq3FJ5DXFA3YZZyBhA,2,wallet,1MMKSmKzx9oKwm8V5xRVk3cCMqWnMGVB4q,False,True,3,1BebPD71iM6BVyibAq3FJ5DXFA3YZZyBhA|100075377|1MMKSmKzx9oKwm8V5xRVk3cCMqWnMGVB4q,wallet|transaction|wallet,|0.988532|0.891565
1BgfXTGDFFsJKkjsGvXfcnLY4FvSpWiB7F,2,wallet,3GVkczRPqFnbDiZWuYZGBk3tawfL9ZUeRU,False,True,3,1BgfXTGDFFsJKkjsGvXfcnLY4FvSpWiB7F|372682766|3GVkczRPqFnbDiZWuYZGBk3tawfL9ZUeRU,wallet|transaction|wallet,|0.984473|0.891614
1Bhu1CWnxWUAdjpH5kqsqMrFFyHfRmTUzX,2,wallet,35yn9bLLfd5CyiDbWeHhnxs3gv8xis2V2S,False,True,3,1Bhu1CWnxWUAdjpH5kqsqMrFFyHfRmTUzX|7154509|35yn9bLLfd5CyiDbWeHhnxs3gv8xis2V2S,wallet|transaction|wallet,|0.0520844|0.893418
1BhvK9skUACT2fa8FwhCftHbNyQVeq8W5q,2,wallet,34gBuya6FPwX18kZgxw7FZ6WqpDc9y3h5A,False,True,3,1BhvK9skUACT2fa8FwhCftHbNyQVeq8W5q|100785151|34gBuya6FPwX18kZgxw7FZ6WqpDc9y3h5A,wallet|transaction|wallet,|0.986305|0.89162
1BjcsfVtrrJS2rK4ENnk18JZJmQRxZrpjR,2,wallet,3C5ikpsF9uAfRi5B1oYqAWmPzfjVYVJ6Jh,False,True,3,1BjcsfVtrrJS2rK4ENnk18JZJmQRxZrpjR|99677409|3C5ikpsF9uAfRi5B1oYqAWmPzfjVYVJ6Jh,wallet|transaction|wallet,|-0.00961682|0.891563
1Bqt2xqTR8oLv2QhkMHLBvGnCVZuDmhPDg,2,wallet,39M5wWQ1rk3F7zrodaJ9r1RpikZM2Q3k1L,False,True,3,1Bqt2xqTR8oLv2QhkMHLBvGnCVZuDmhPDg|204054358|39M5wWQ1rk3F7zrodaJ9r1RpikZM2Q3k1L,wallet|transaction|wallet,|0.659035|0.892061
1BrhgWDLpQsCJAD2HXSTQVEddWaVfS6zjK,2,wallet,14prM7KkQcWPivHMexLHQKZBuFfVEA4vFp,False,True,3,1BrhgWDLpQsCJAD2HXSTQVEddWaVfS6zjK|339095160|14prM7KkQcWPivHMexLHQKZBuFfVEA4vFp,wallet|transaction|wallet,|0.969362|0.891501
1Bs2JUQ8Qfra3UmHHPg5aUTgYgSAHqxQbU,2,wallet,1Gu51m6ghnKjgsx4x7atP8hxU3QD5DcYR7,False,True,3,1Bs2JUQ8Qfra3UmHHPg5aUTgYgSAHqxQbU|276947541|1Gu51m6ghnKjgsx4x7atP8hxU3QD5DcYR7,wallet|transaction|wallet,|0.987754|0.891598
1Bs3AyRHQGxErktf8CcENn4NTj83cWE3ja,2,wallet,3L4yNgaRj8XXwEM9yAh7ey4ntAgaVwgkNL,False,True,3,1Bs3AyRHQGxErktf8CcENn4NTj83cWE3ja|272100307|3L4yNgaRj8XXwEM9yAh7ey4ntAgaVwgkNL,wallet|transaction|wallet,|0.985146|0.891642
1BtXe3B4q2bQhFFLMU9Sm1sugHgeSQtMuZ,2,wallet,3MFgnzT5jgzABC67f73Zb5DL8dJfLCerYu,False,True,3,1BtXe3B4q2bQhFFLMU9Sm1sugHgeSQtMuZ|268865654|3MFgnzT5jgzABC67f73Zb5DL8dJfLCerYu,wallet|transaction|wallet,|0.983072|0.891633
1BuX7aP2xGuPCeBkdNtNF36Gm8TabqWmq5,2,wallet,1LbHETkHwxyvcXHrwFWd715KqYbWzCAHQC,False,True,3,1BuX7aP2xGuPCeBkdNtNF36Gm8TabqWmq5|331497162|1LbHETkHwxyvcXHrwFWd715KqYbWzCAHQC,wallet|transaction|wallet,|0.988509|0.891576
1BufbaafG4tZgBhMGkWePsMsyD91sVFxQN,2,wallet,32r9FFx6C4JTrazjtA8YY7GcidDyHyuvpk,False,True,3,1BufbaafG4tZgBhMGkWePsMsyD91sVFxQN|92108374|32r9FFx6C4JTrazjtA8YY7GcidDyHyuvpk,wallet|transaction|wallet,|0.960317|0.891819
1Bui6rYpNE2HxhThmeo4pXEueXM5obmpyu,2,wallet,1MM27v8bBjhn3Aai9L4uLq8mLSCNtsR7Vp,False,True,3,1Bui6rYpNE2HxhThmeo4pXEueXM5obmpyu|243780891|1MM27v8bBjhn3Aai9L4uLq8mLSCNtsR7Vp,wallet|transaction|wallet,|0.989054|0.891533
1BvEuVTvZeMHcaV4VhmwqEW3vCXXfy2j78,2,wallet,34UQR1ekK3xM4LQQLpw85usgnqGSLsgC6P,False,True,3,1BvEuVTvZeMHcaV4VhmwqEW3vCXXfy2j78|36965025|34UQR1ekK3xM4LQQLpw85usgnqGSLsgC6P,wallet|transaction|wallet,|0.825503|0.892028
1C19nAjBrYAsYeXdeHfKMtrd6Jtx6FjZu6,2,wallet,3BcjbK3E2HgJz4CGmhVrVfwstwx5ne1HXz,False,True,3,1C19nAjBrYAsYeXdeHfKMtrd6Jtx6FjZu6|268867552|3BcjbK3E2HgJz4CGmhVrVfwstwx5ne1HXz,wallet|transaction|wallet,|0.983324|0.891644
1C2eTKBegFAYRmizmqJPCAm5nuSp1kPRLQ,2,wallet,3AQiJsiG938auFMaXJR6MP9WktbNp86MS7,False,True,3,1C2eTKBegFAYRmizmqJPCAm5nuSp1kPRLQ|158931152|3AQiJsiG938auFMaXJR6MP9WktbNp86MS7,wallet|transaction|wallet,|0.984261|0.891627
1C3LmxSHgKdhodo9CzYqbcKhZcRFesMe81,2,wallet,3PeK3kfXJEFihTSYM3svfAzTWHvoxidL4M,False,True,3,1C3LmxSHgKdhodo9CzYqbcKhZcRFesMe81|165065715|3PeK3kfXJEFihTSYM3svfAzTWHvoxidL4M,wallet|transaction|wallet,|-0.00961682|0.891565
1C9UPvZRpHRtWQdoZybWsWXVfpAMgy7hLJ,2,wallet,3LYkhZLUdkvLabpRkBUuFmUYQjPPJXiA9N,False,True,3,1C9UPvZRpHRtWQdoZybWsWXVfpAMgy7hLJ|180533541|3LYkhZLUdkvLabpRkBUuFmUYQjPPJXiA9N,wallet|transaction|wallet,|0.973306|0.891679
1CEEZ7fbjvRRf4xVzr6apvdTuQurE4rNKq,2,wallet,1EeJpCkZWcrZ5nujQgvvvoFFh1BXGMLdjW,False,True,3,1CEEZ7fbjvRRf4xVzr6apvdTuQurE4rNKq|288594853|1EeJpCkZWcrZ5nujQgvvvoFFh1BXGMLdjW,wallet|transaction|wallet,|0.984239|0.891718
1CEtFtqUGn7DibQGDFjcvUBhNa5sxmcmzz,2,wallet,1NZJeRrGtPRtCJuGwDmhUpvLeqoQKLmduL,False,True,3,1CEtFtqUGn7DibQGDFjcvUBhNa5sxmcmzz|92599729|1NZJeRrGtPRtCJuGwDmhUpvLeqoQKLmduL,wallet|transaction|wallet,|0.985061|0.891692
1CGXHyT5dKETKnE98MQf3xCBUVqrQC7S9D,2,wallet,3B8ciXmRUt8mS5kPKe9GibnhEG8hs2GXsq,False,True,3,1CGXHyT5dKETKnE98MQf3xCBUVqrQC7S9D|268861802|3B8ciXmRUt8mS5kPKe9GibnhEG8hs2GXsq,wallet|transaction|wallet,|0.97791|0.89166
1CGh4xex2bkeJTbuBHCkyD1fuD9JsSsvvf,2,wallet,33vXEjSv1NWqDXCJyNNJ4K7ydxF5Twnxti,False,True,3,1CGh4xex2bkeJTbuBHCkyD1fuD9JsSsvvf|23377758|33vXEjSv1NWqDXCJyNNJ4K7ydxF5Twnxti,wallet|transaction|wallet,|0.544935|0.892108
1CGvVZEiWVPnQrVH5xZD4xVwbCBkADxo86,2,wallet,165fSUpk8pw6ySM13mJkbMBjA4uT4vQYRF,False,True,3,1CGvVZEiWVPnQrVH5xZD4xVwbCBkADxo86|28202941|165fSUpk8pw6ySM13mJkbMBjA4uT4vQYRF,wallet|transaction|wallet,|0.98424|0.891718
1CJybHYqzQXUVmi1qNY256PBcM7XbhxKdW,2,wallet,13afVuyJcvDhdgK4yN6zWedErNTSYskjfX,False,True,3,1CJybHYqzQXUVmi1qNY256PBcM7XbhxKdW|177939569|13afVuyJcvDhdgK4yN6zWedErNTSYskjfX,wallet|transaction|wallet,|0.980233|0.904296
1CL8vnASCjhv26tJ52bhu2P4tpfUvqwMx6,2,wallet,1oNnTR7dA8jRDpwmtXg64Q2NeoJm2z65Y,False,True,3,1CL8vnASCjhv26tJ52bhu2P4tpfUvqwMx6|15006053|1oNnTR7dA8jRDpwmtXg64Q2NeoJm2z65Y,wallet|transaction|wallet,|0.862367|0.891848
1CQBsgNNqo4Z93DhUADC1v8vP1fdRsmwZR,2,wallet,3Ld1n8njR8EdmwGAEF37WopLwcJt2ZQGoh,False,True,3,1CQBsgNNqo4Z93DhUADC1v8vP1fdRsmwZR|26229388|3Ld1n8njR8EdmwGAEF37WopLwcJt2ZQGoh,wallet|transaction|wallet,|0.000760417|0.892483
1CQzu2pP7pCDdCPHED28mVY8ZgTBSjUutA,2,wallet,34RjVG2iTbqpCnDomYYQi58wFUaM8eSN58,False,True,3,1CQzu2pP7pCDdCPHED28mVY8ZgTBSjUutA|85004968|34RjVG2iTbqpCnDomYYQi58wFUaM8eSN58,wallet|transaction|wallet,|0.969539|0.891688
1CT8vdjV4VcmKHwGXBLjbTJU5A7WBuBhVp,2,wallet,3HRmgDX1ZT3kESUiRtnHMGFM1rUHotvkyZ,False,True,3,1CT8vdjV4VcmKHwGXBLjbTJU5A7WBuBhVp|145992719|3HRmgDX1ZT3kESUiRtnHMGFM1rUHotvkyZ,wallet|transaction|wallet,|0.976022|0.891734
1CTiGAkNARoZYajt5xESKN25HxBmhXNQVE,2,wallet,3PeK3kfXJEFihTSYM3svfAzTWHvoxidL4M,False,True,3,1CTiGAkNARoZYajt5xESKN25HxBmhXNQVE|165065715|3PeK3kfXJEFihTSYM3svfAzTWHvoxidL4M,wallet|transaction|wallet,|-0.00961682|0.891565
1CUT1eS3k79dqtzo4QjUscvaBjkYfJonnz,2,wallet,34Saadiknn36T24gzzT5H3AdJ2DaGAEoms,False,True,3,1CUT1eS3k79dqtzo4QjUscvaBjkYfJonnz|355110975|34Saadiknn36T24gzzT5H3AdJ2DaGAEoms,wallet|transaction|wallet,|-0.00961575|0.891659
1CWzYbHpu13cqFwo2pFH52xt2uQy1kdcrc,2,wallet,37yNFX6gTNWmAPqX14wWCp36sqyuEXdNTn,False,True,3,1CWzYbHpu13cqFwo2pFH52xt2uQy1kdcrc|3641234|37yNFX6gTNWmAPqX14wWCp36sqyuEXdNTn,wallet|transaction|wallet,|-0.00923035|0.902933
1CXvgCReP29rsTSchy3HmXxC4J2aptWjbW,2,wallet,1GjpYppQJkgK5C4GNFoN79189MQJC488C3,False,True,3,1CXvgCReP29rsTSchy3HmXxC4J2aptWjbW|30179861|1GjpYppQJkgK5C4GNFoN79189MQJC488C3,wallet|transaction|wallet,|0.981485|0.89175
1CZXpKdHdJkeojC8sQLoAAa1PFBaCk3SKM,2,wallet,36ykJjn5hamKQWjcbKVtApSjrsRBZBBL2A,False,True,3,1CZXpKdHdJkeojC8sQLoAAa1PFBaCk3SKM|55508593|36ykJjn5hamKQWjcbKVtApSjrsRBZBBL2A,wallet|transaction|wallet,|-0.00954824|-0.0865304
1CaZPJWVc5Y9ntimdJUG8DvMSZi58X3r6J,2,wallet,16cUN4JGRa2x2i2SmiFNsiVQsVSRx5LBwn,False,True,3,1CaZPJWVc5Y9ntimdJUG8DvMSZi58X3r6J|100074896|16cUN4JGRa2x2i2SmiFNsiVQsVSRx5LBwn,wallet|transaction|wallet,|0.988781|0.891564
1CiRfgo3vaCCPBPPtXJFPk2e4oPATTNg1v,2,wallet,19cjUwuZcMvwpoN6Z32ono6H6NxUpuT5tg,False,True,3,1CiRfgo3vaCCPBPPtXJFPk2e4oPATTNg1v|96578321|19cjUwuZcMvwpoN6Z32ono6H6NxUpuT5tg,wallet|transaction|wallet,|0.972979|0.891838
1CqCFUnMZa8XYQ7n56L8oyVPAtzNEMH39G,2,wallet,1EJhBABAHtdDF2wCsTbGKAC3vUnKuUqCTD,False,True,3,1CqCFUnMZa8XYQ7n56L8oyVPAtzNEMH39G|372696706|1EJhBABAHtdDF2wCsTbGKAC3vUnKuUqCTD,wallet|transaction|wallet,|0.988869|0.891561
1CqeSrL7xQyCLsXosdJr74nA1YPehZrYmN,2,wallet,12JuAnroQFQYcqBic4ksqqgLEvWgtz5htX,False,True,3,1CqeSrL7xQyCLsXosdJr74nA1YPehZrYmN|269584838|12JuAnroQFQYcqBic4ksqqgLEvWgtz5htX,wallet|transaction|wallet,|0.988037|0.891599
1CrvrLTaGYof3v3L5UjkH8GpfeA4kM5iGy,2,wallet,3Qe33iDwqJrzFFfwiyiwSwEGCjwyf14sm4,False,True,3,1CrvrLTaGYof3v3L5UjkH8GpfeA4kM5iGy|312108743|3Qe33iDwqJrzFFfwiyiwSwEGCjwyf14sm4,wallet|transaction|wallet,|0.978899|0.891648
1CuS2LJpJJB3rw7R45D2ZRZpF1VsWhxaUm,2,wallet,3Dg8M73bmUwST46rJDrFD3cqx1EU16isDL,False,True,3,1CuS2LJpJJB3rw7R45D2ZRZpF1VsWhxaUm|372683044|3Dg8M73bmUwST46rJDrFD3cqx1EU16isDL,wallet|transaction|wallet,|0.985313|0.891609
1CuqubCb1USMYc3M5Eh54RhnM23tW5mvKE,2,wallet,3JDKhmXneN7H7bF9XsGg88y3P8afD7hV5k,False,True,3,1CuqubCb1USMYc3M5Eh54RhnM23tW5mvKE|54767813|3JDKhmXneN7H7bF9XsGg88y3P8afD7hV5k,wallet|transaction|wallet,|0.485507|0.893135
1Cxo3NSXay2ix57jPQBiKEovy9p6GryJFd,2,wallet,1MheRW53oTQmi8u2bvhT8TYMSwXvzu87RM,False,True,3,1Cxo3NSXay2ix57jPQBiKEovy9p6GryJFd|272117579|1MheRW53oTQmi8u2bvhT8TYMSwXvzu87RM,wallet|transaction|wallet,|-0.00190251|-0.0235746
1Cz5ZyR9zzLxGKjV4sYBduw5E4tGiP6ARJ,2,wallet,17ZnfRv8tdo4tfkMbbHLQiXntgkTUSjWTi,False,True,3,1Cz5ZyR9zzLxGKjV4sYBduw5E4tGiP6ARJ|30179457|17ZnfRv8tdo4tfkMbbHLQiXntgkTUSjWTi,wallet|transaction|wallet,|0.978167|0.891775
1Cz6xyMqXjpVKWQB8XNDLyoKJnFwM52xLw,2,wallet,1DGThuQ6XqQ385W5NFEPc1kdb8YPoZrqnJ,False,True,3,1Cz6xyMqXjpVKWQB8XNDLyoKJnFwM52xLw|99175889|1DGThuQ6XqQ385W5NFEPc1kdb8YPoZrqnJ,wallet|transaction|wallet,|0.988387|0.891571
1D1GFwsstXPp9RQiA2axNAJVRFdNvG3G6e,2,wallet,1AvjzxAFnLJDEsYNi9jXVvQz2RwWLiTpKj,False,True,3,1D1GFwsstXPp9RQiA2axNAJVRFdNvG3G6e|368757024|1AvjzxAFnLJDEsYNi9jXVvQz2RwWLiTpKj,wallet|transaction|wallet,|0.988526|0.891573
1D1GKA7mWyKyAaNKPZUWVfQx18EQQvEeL9,2,wallet,3QQVwiJmB8me7apwnzMuLosdRXU2mooAgB,False,True,3,1D1GKA7mWyKyAaNKPZUWVfQx18EQQvEeL9|288367102|3QQVwiJmB8me7apwnzMuLosdRXU2mooAgB,wallet|transaction|wallet,|0.973073|0.891796
1D4KQj3eQRS3zypgZY4M97bqhWvcdZgFE4,2,wallet,37vy4kn1eMvtmUJ4LX4ihPqY1ZsqYcom2X,False,True,3,1D4KQj3eQRS3zypgZY4M97bqhWvcdZgFE4|268849739|37vy4kn1eMvtmUJ4LX4ihPqY1ZsqYcom2X,wallet|transaction|wallet,|0.983374|0.891639
1D4QYTp4kVnQoQ8jNDzwqFiJBcHysK4ScV,2,wallet,3AXRsxKrCYSDMqHWsvKguikFD2PJXGPi9s,False,True,3,1D4QYTp4kVnQoQ8jNDzwqFiJBcHysK4ScV|84374815|3AXRsxKrCYSDMqHWsvKguikFD2PJXGPi9s,wallet|transaction|wallet,|0.979994|0.89167
1D4est3WyyZKWj1X2oZwAtiZBAoC61nQ56,2,wallet,3Mzy52xeU5nB68JyeAAYp4CUfu8Urb7aRk,False,True,3,1D4est3WyyZKWj1X2oZwAtiZBAoC61nQ56|175116342|3Mzy52xeU5nB68JyeAAYp4CUfu8Urb7aRk,wallet|transaction|wallet,|0.951577|0.891497
1D4rDJd4rVhf745gJYtP2QDdm75A7mkJZF,2,wallet,3JKWfvPgGP9cqRUzoexPXUox7EDrwo27P3,False,True,3,1D4rDJd4rVhf745gJYtP2QDdm75A7mkJZF|99676847|3JKWfvPgGP9cqRUzoexPXUox7EDrwo27P3,wallet|transaction|wallet,|0.987092|0.891584
1D8TbddCtt5C1rs8pnfLtVeYMc5eKTEJ8g,2,wallet,38xVRmZzgkrHzhSGfAneNyer8dp48HsfCM,False,True,3,1D8TbddCtt5C1rs8pnfLtVeYMc5eKTEJ8g|288471753|38xVRmZzgkrHzhSGfAneNyer8dp48HsfCM,wallet|transaction|wallet,|0.904895|0.892273
1DCMVoybDHetxJJSW1ZW5qaTE1HN3z396b,2,wallet,37GutTuXqimRv3VGKn27TFykMP3cencvHi,False,True,3,1DCMVoybDHetxJJSW1ZW5qaTE1HN3z396b|198982902|37GutTuXqimRv3VGKn27TFykMP3cencvHi,wallet|transaction|wallet,|0.026713|0.893176
1DG9CMgeoPKnatDkpxdW8ok3pTKx1Eqk13,2,wallet,12BRiG2j2Wt2JAmdY6TfVyBGZ9oGfMAuaD,False,True,3,1DG9CMgeoPKnatDkpxdW8ok3pTKx1Eqk13|96928354|12BRiG2j2Wt2JAmdY6TfVyBGZ9oGfMAuaD,wallet|transaction|wallet,|0.949031|0.891896
1DHcJjecWDupUb47bQXddFPZPUAwfVQn2K,2,wallet,38aTSQtgyrnSZz5a8EAu9zhRNfWC5Z9DsL,False,True,3,1DHcJjecWDupUb47bQXddFPZPUAwfVQn2K|199938132|38aTSQtgyrnSZz5a8EAu9zhRNfWC5Z9DsL,wallet|transaction|wallet,|0.300096|0.892242
1DJ4hmg138FegR9ArRCgnWC7Tw167NCWPA,2,wallet,36gaepNQtPSWo3HhzrDpuNM1U1he8NqzRS,False,True,3,1DJ4hmg138FegR9ArRCgnWC7Tw167NCWPA|53783490|36gaepNQtPSWo3HhzrDpuNM1U1he8NqzRS,wallet|transaction|wallet,|0.961696|0.891823
1DLBMrNPinECaCMBXz27Re8sCTRkPnu4np,2,wallet,3HpLMNiZiVDENKTvUzADfwKdk2AZbpB59T,False,True,3,1DLBMrNPinECaCMBXz27Re8sCTRkPnu4np|84354631|3HpLMNiZiVDENKTvUzADfwKdk2AZbpB59T,wallet|transaction|wallet,|0.979601|0.891689
1DMFfYxFkSL9mNVpXYnRuqrPNj7nCbphro,2,wallet,37GG8q1Jgx5MCGW6YZpXE6NHhekxJi97L1,False,True,3,1DMFfYxFkSL9mNVpXYnRuqrPNj7nCbphro|311254062|37GG8q1Jgx5MCGW6YZpXE6NHhekxJi97L1,wallet|transaction|wallet,|0.576915|0.891655
1DQTomnzhGVAjy7zL1KM93VfW1ModpWGGY,2,wallet,31uhUhpR6mkWJL3QNYxavcAQPHUxFv46aq,False,True,3,1DQTomnzhGVAjy7zL1KM93VfW1ModpWGGY|11320206|31uhUhpR6mkWJL3QNYxavcAQPHUxFv46aq,wallet|transaction|wallet,|0.83817|0.892047
1DQhujDv2ruseDj8z4mjiYYpvXrD6EBJiB,2,wallet,15LZ2G4U9jxbeqTYoF2EoNoJsSKmU8J9o7,False,True,3,1DQhujDv2ruseDj8z4mjiYYpvXrD6EBJiB|246043602|15LZ2G4U9jxbeqTYoF2EoNoJsSKmU8J9o7,wallet|transaction|wallet,|0.987585|0.89164
1DQsb7Dw2MdGtiYQ7wkfWcGxJZxtDqZi78,2,wallet,3Ad3HDr3fK2VBbJE1uLLXTttgm2txUaTLb,False,True,3,1DQsb7Dw2MdGtiYQ7wkfWcGxJZxtDqZi78|10174186|3Ad3HDr3fK2VBbJE1uLLXTttgm2txUaTLb,wallet|transaction|wallet,|0.882844|0.892004
1DSSPY8SRjcF4UfaS92hnYff1wcxhZ18oZ,2,wallet,1JENymRc89THW9KMinnJM6Te7Tmayzks61,False,True,3,1DSSPY8SRjcF4UfaS92hnYff1wcxhZ18oZ|339095199|1JENymRc89THW9KMinnJM6Te7Tmayzks61,wallet|transaction|wallet,|0.989096|0.891522
1DSda4aWVokNsqQjLvb3UqmJm7FkpwAfuw,2,wallet,3DWEuJdRuVJsRbrTFtt4h8GYXeBYRkFrc2,False,True,3,1DSda4aWVokNsqQjLvb3UqmJm7FkpwAfuw|355110526|3DWEuJdRuVJsRbrTFtt4h8GYXeBYRkFrc2,wallet|transaction|wallet,|-0.0026592|0.893701
1DT8SP3fZVcL3snMGaqttGuHzP4khPfw84,2,wallet,1Hf9dVeWob1cm8Ey7uXefNAJsNUxmjVjet,False,True,3,1DT8SP3fZVcL3snMGaqttGuHzP4khPfw84|100045364|1Hf9dVeWob1cm8Ey7uXefNAJsNUxmjVjet,wallet|transaction|wallet,|0.988529|0.891564
1DV7WFPSw6pUmCE4Gi4vQiuafshTY8RAJu,2,wallet,3BhPkcjjh13QwpzCUFP4PMoWkCtbNdo1a2,False,True,3,1DV7WFPSw6pUmCE4Gi4vQiuafshTY8RAJu|30179327|3BhPkcjjh13QwpzCUFP4PMoWkCtbNdo1a2,wallet|transaction|wallet,|0.93934|0.891868
1DWgS22gL6FgpAskV7oWhtaseCqZbi5X4Z,2,wallet,3JZXwKuGCr5pJcCAgjqqrcRKkBSqQS6Ncg,False,True,3,1DWgS22gL6FgpAskV7oWhtaseCqZbi5X4Z|46862458|3JZXwKuGCr5pJcCAgjqqrcRKkBSqQS6Ncg,wallet|transaction|wallet,|0.821078|0.892044
1DXCmkj6i8664uamVzDBFksNUmJn1iRXUw,2,wallet,3LT7YtppGZuB55EHubikYytHdjBbGvWhuL,False,True,3,1DXCmkj6i8664uamVzDBFksNUmJn1iRXUw|53782276|3LT7YtppGZuB55EHubikYytHdjBbGvWhuL,wallet|transaction|wallet,|0.896873|0.891897
1DXNM8crL8apXBbdsdo8DmVTRr6nxG8fBm,2,wallet,3JKWfvPgGP9cqRUzoexPXUox7EDrwo27P3,False,True,3,1DXNM8crL8apXBbdsdo8DmVTRr6nxG8fBm|99676847|3JKWfvPgGP9cqRUzoexPXUox7EDrwo27P3,wallet|transaction|wallet,|0.987092|0.891584
1Dab3aoqoSovjjSuYtDrUnpyyxCZ5dTVex,2,wallet,38n1quikEj2XbqX3xUJfBNkK8k4Wp3dNYs,False,True,3,1Dab3aoqoSovjjSuYtDrUnpyyxCZ5dTVex|92736300|38n1quikEj2XbqX3xUJfBNkK8k4Wp3dNYs,wallet|transaction|wallet,|0.965254|0.891791
1DdBkiQDKyH8G8yWmei798c7HiTddb2y92,2,wallet,3EbsSuH5gtbdctYw7Bd7mGxE7DGP4QHq4k,False,True,3,1DdBkiQDKyH8G8yWmei798c7HiTddb2y92|268855050|3EbsSuH5gtbdctYw7Bd7mGxE7DGP4QHq4k,wallet|transaction|wallet,|0.978569|0.891658
1DeCKSzVWV3t7mecxhfmWpdEJzuBWXJHQM,2,wallet,13qPa63gGEr2M5yAFmZYAYw7Ju3cT5TBJV,False,True,3,1DeCKSzVWV3t7mecxhfmWpdEJzuBWXJHQM|355110973|13qPa63gGEr2M5yAFmZYAYw7Ju3cT5TBJV,wallet|transaction|wallet,|0.985309|0.891679
1Deu8SS8jTcDV8gPDTYYoeUy7UHm9HkYXB,2,wallet,19fpnWuT3JrnsfR5P1Cdru5KLEKZxeB4q9,False,True,3,1Deu8SS8jTcDV8gPDTYYoeUy7UHm9HkYXB|268800574|19fpnWuT3JrnsfR5P1Cdru5KLEKZxeB4q9,wallet|transaction|wallet,|0.988037|0.891599
1DfQCCRFHZQsnqQoSDbPieAiGRp3bLqUfx,2,wallet,3Fr1H62NuXsEXFcvi9GTmfhKVvA2ec5cf7,False,True,3,1DfQCCRFHZQsnqQoSDbPieAiGRp3bLqUfx|130377008|3Fr1H62NuXsEXFcvi9GTmfhKVvA2ec5cf7,wallet|transaction|wallet,|0.97795|0.891667
1DfncZQJR3Qrzff7x9CEPKoEuxynrVXPMo,2,wallet,1GAuUCKjRvtoGEdWDKXJybt3BTRbFZHdVA,False,True,3,1DfncZQJR3Qrzff7x9CEPKoEuxynrVXPMo|98979346|1GAuUCKjRvtoGEdWDKXJybt3BTRbFZHdVA,wallet|transaction|wallet,|0.988822|0.891564
1DgGVRTzUUiBn98r3gv22Q1zhmZMSJvibk,2,wallet,37eLhmL47dJEnKQdfyqUn4RzcD2r75X8zB,False,True,3,1DgGVRTzUUiBn98r3gv22Q1zhmZMSJvibk|30165216|37eLhmL47dJEnKQdfyqUn4RzcD2r75X8zB,wallet|transaction|wallet,|0.673871|0.892125
1DgQPUGZg67rzoQGeEQqMJESGc4whf6hEm,2,wallet,3HyqUfX7m7PNPxqgN3KkajodvFJf1y1DvX,False,True,3,1DgQPUGZg67rzoQGeEQqMJESGc4whf6hEm|312223867|3HyqUfX7m7PNPxqgN3KkajodvFJf1y1DvX,wallet|transaction|wallet,|0.984728|0.891615
1DgudzUm8imK8Z4Dbc9QD6LwoGScVoX8Sc,2,wallet,3DgQeRTUkbqxRUdsAKDzUFTN2oH3h3Jc3C,False,True,3,1DgudzUm8imK8Z4Dbc9QD6LwoGScVoX8Sc|269459070|3DgQeRTUkbqxRUdsAKDzUFTN2oH3h3Jc3C,wallet|transaction|wallet,|-0.00961682|0.891609
1DhQ8rXjSGp4Qns9Su4iyLxCpkUkX5knb,2,wallet,3656kvgPgpLC55LrL2gmPesZjcmxcAmgCL,False,True,3,1DhQ8rXjSGp4Qns9Su4iyLxCpkUkX5knb|21189498|3656kvgPgpLC55LrL2gmPesZjcmxcAmgCL,wallet|transaction|wallet,|0.911707|0.891928
1DhXA7uuXVSrkeS6eb75mLimCj19EhNMnf,2,wallet,3Lkpae7zPAmoQ22ZNqFTv4WruChi5BZH3J,False,True,3,1DhXA7uuXVSrkeS6eb75mLimCj19EhNMnf|96648747|3Lkpae7zPAmoQ22ZNqFTv4WruChi5BZH3J,wallet|transaction|wallet,|0.972954|0.891842
1Dj46q6SxqzBLTZg2fAgiy6yJrQEcLi9FZ,2,wallet,1C7YnCQZ4bx14zo7LHndhyRTSQoP47yaJ9,False,True,3,1Dj46q6SxqzBLTZg2fAgiy6yJrQEcLi9FZ|130897299|1C7YnCQZ4bx14zo7LHndhyRTSQoP47yaJ9,wallet|transaction|wallet,|0.988271|0.891573
1Dk8os4Z7dmVfzy99rmrb5zzgFboaRNTQS,2,wallet,3A6JRz4aaf2bMKJrcBkBLxHe9QmWKZEjzu,False,True,3,1Dk8os4Z7dmVfzy99rmrb5zzgFboaRNTQS|321252663|3A6JRz4aaf2bMKJrcBkBLxHe9QmWKZEjzu,wallet|transaction|wallet,|0.983669|0.891622
1Dm3FUp8gmxbXMn7smbV6Ar34c5HtDamPT,2,wallet,34niHcf4Nb1qFZMVEn81CVhv2T6ACncL6h,False,True,3,1Dm3FUp8gmxbXMn7smbV6Ar34c5HtDamPT|99675596|34niHcf4Nb1qFZMVEn81CVhv2T6ACncL6h,wallet|transaction|wallet,|0.987416|0.891581
1DpQqPWMk61ArUgAmoNkFjQoJDN46Kcsjr,2,wallet,33qEhyXtaY6DDHXGHWJF5AojRDNXi9ecao,False,True,3,1DpQqPWMk61ArUgAmoNkFjQoJDN46Kcsjr|99932170|33qEhyXtaY6DDHXGHWJF5AojRDNXi9ecao,wallet|transaction|wallet,|0.986253|0.891564
1Dt5E7nKWunyaovqixUCCQs6YyADqsLcSh,2,wallet,14RrfD4chY4QwygbqjUN5LHrbq14fweSxJ,False,True,3,1Dt5E7nKWunyaovqixUCCQs6YyADqsLcSh|104640764|14RrfD4chY4QwygbqjUN5LHrbq14fweSxJ,wallet|transaction|wallet,|0.0880595|0.891653
1E2cyuBHLk7wAvfzScL1cRFgGuwZkA1Edv,2,wallet,3Ju12M8GcNmCdGgsi4EZwF1nAtn4PznfXp,False,True,3,1E2cyuBHLk7wAvfzScL1cRFgGuwZkA1Edv|308021481|3Ju12M8GcNmCdGgsi4EZwF1nAtn4PznfXp,wallet|transaction|wallet,|0.988506|0.89158
1E2k3neyxWUTmLUfqsEgBbq6oLrkFwP9v5,2,wallet,1K66oKohvLSdfpST1tvpkjwds3cK6K6Tb8,False,True,3,1E2k3neyxWUTmLUfqsEgBbq6oLrkFwP9v5|30179371|1K66oKohvLSdfpST1tvpkjwds3cK6K6Tb8,wallet|transaction|wallet,|0.983562|0.891739
1E2w7wbGg3VfPp1fNYKZjPSVbfrqtAHFAj,2,wallet,13N1e5WdY6pB49carmWXbtoNx56pxmepaj,False,True,3,1E2w7wbGg3VfPp1fNYKZjPSVbfrqtAHFAj|116253609|13N1e5WdY6pB49carmWXbtoNx56pxmepaj,wallet|transaction|wallet,|0.987677|0.891608
1E3oNGqzpxsKeVxgwpe6x5fqWdmRW5YMu1,2,wallet,1D7ahoGnBq1Dty6ce3p5h3oMueKCdrtn3U,False,True,3,1E3oNGqzpxsKeVxgwpe6x5fqWdmRW5YMu1|84331383|1D7ahoGnBq1Dty6ce3p5h3oMueKCdrtn3U,wallet|transaction|wallet,|0.987335|0.891619
1EAj7rcr4FxquwGy7Kd1qrAaX7TsSD38gT,2,wallet,1JpfyERT377LdP19kJ5Cfz5j1X7Yd4AwdL,False,True,3,1EAj7rcr4FxquwGy7Kd1qrAaX7TsSD38gT|213090522|1JpfyERT377LdP19kJ5Cfz5j1X7Yd4AwdL,wallet|transaction|wallet,|0.953024|0.891764
1EAoChb2t6uo2oeqz14T4icsVvoFsKWFhY,2,wallet,3JKWfvPgGP9cqRUzoexPXUox7EDrwo27P3,False,True,3,1EAoChb2t6uo2oeqz14T4icsVvoFsKWFhY|99676847|3JKWfvPgGP9cqRUzoexPXUox7EDrwo27P3,wallet|transaction|wallet,|0.987092|0.891584
1EBqp37EQ4A3x1n87RtiY486iJpNSV7TBh,2,wallet,37yqJKYK71LVJB6JzwS8dcdPeC5yyzPvkZ,False,True,3,1EBqp37EQ4A3x1n87RtiY486iJpNSV7TBh|199956136|37yqJKYK71LVJB6JzwS8dcdPeC5yyzPvkZ,wallet|transaction|wallet,|0.0154323|0.892514
1ECfjBmjp3DV4wazcxteToVYuguQTjGVWB,2,wallet,19XBPgWQkgjq3qsM19D9qfaLRs4bFi767t,False,True,3,1ECfjBmjp3DV4wazcxteToVYuguQTjGVWB|92784692|19XBPgWQkgjq3qsM19D9qfaLRs4bFi767t,wallet|transaction|wallet,|0.984835|0.891692
1EDNHmXqUX3GXpiA6TaEyNZ7hgJkFuNkqf,2,wallet,3LLN9weunTA4ucuJZ9bgG65xgAYGURu8bb,False,True,3,1EDNHmXqUX3GXpiA6TaEyNZ7hgJkFuNkqf|180219451|3LLN9weunTA4ucuJZ9bgG65xgAYGURu8bb,wallet|transaction|wallet,|-0.00384516|0.894087
1EEwTW1AARKukdTS28mXBLRb9nP9xhLNyp,2,wallet,1JjZA7RXQu1Xgk6RJTXjm6uWrJnUqQdmeY,False,True,3,1EEwTW1AARKukdTS28mXBLRb9nP9xhLNyp|234166497|1JjZA7RXQu1Xgk6RJTXjm6uWrJnUqQdmeY,wallet|transaction|wallet,|0.982335|0.891499
1EGLx1soZTibT7Gho5YNafx4DEN1SBQFeK,2,wallet,1E8XarMZUBRkB1AnGScBtDizH34Sf992E1,False,True,3,1EGLx1soZTibT7Gho5YNafx4DEN1SBQFeK|355110329|1E8XarMZUBRkB1AnGScBtDizH34Sf992E1,wallet|transaction|wallet,|0.985624|0.891671
1EM2Z5ZZR2Wts8bNHgnmn6yUeradHz4Yt6,2,wallet,3EQH4Lm7uQMrSCiUE5ZgRreif1RNnRRY2v,False,True,3,1EM2Z5ZZR2Wts8bNHgnmn6yUeradHz4Yt6|84742093|3EQH4Lm7uQMrSCiUE5ZgRreif1RNnRRY2v,wallet|transaction|wallet,|0.980743|0.89167
1EMYzKTiRKXXBrxxgMcw1F6MbEGq6wmPp6,2,wallet,3HFoJainYN6hrZr3cX1w39WTdLVqpN8Pfu,False,True,3,1EMYzKTiRKXXBrxxgMcw1F6MbEGq6wmPp6|355092717|3HFoJainYN6hrZr3cX1w39WTdLVqpN8Pfu,wallet|transaction|wallet,|0.969439|0.89176
1EV3ExWCK8XnXqk7Unns5t8UFoVNDiBaCq,2,wallet,3HrocemPRUUWdanxnDKPTgcZpxrZzbR3ue,False,True,3,1EV3ExWCK8XnXqk7Unns5t8UFoVNDiBaCq|331536652|3HrocemPRUUWdanxnDKPTgcZpxrZzbR3ue,wallet|transaction|wallet,|0.987521|0.891596
1EX2H8gP7P9qSDc9waCHFcG5QsDjy3DTMd,2,wallet,1CvZ8CA8jrPVzZ216BAx3q9tt7eWaDhM8b,False,True,3,1EX2H8gP7P9qSDc9waCHFcG5QsDjy3DTMd|208930302|1CvZ8CA8jrPVzZ216BAx3q9tt7eWaDhM8b,wallet|transaction|wallet,|0.988642|0.891557
1EavwgNxN7RQkW1yNZz9SfXj6sQXaV91aD,2,wallet,1BfRNp8yTKsxwKsCvE6bUjJ92RDiPXvkfq,False,True,3,1EavwgNxN7RQkW1yNZz9SfXj6sQXaV91aD|376207744|1BfRNp8yTKsxwKsCvE6bUjJ92RDiPXvkfq,wallet|transaction|wallet,|0.985674|0.891675
1EbsZdCeuQ8chs62hDn1iZrbAM1DbHLbap,2,wallet,1FdasHzRoDqb5BkJggxeGSFuBWnjKbcGaA,False,True,3,1EbsZdCeuQ8chs62hDn1iZrbAM1DbHLbap|97009620|1FdasHzRoDqb5BkJggxeGSFuBWnjKbcGaA,wallet|transaction|wallet,|0.972627|0.891843
1EcbRghDnxuxjMyqz1eppWbpH97f2pSpFa,2,wallet,31iZopYrA7fP9NqdVnSZ6xRzmVfhiS6fuD,False,True,3,1EcbRghDnxuxjMyqz1eppWbpH97f2pSpFa|165594204|31iZopYrA7fP9NqdVnSZ6xRzmVfhiS6fuD,wallet|transaction|wallet,|0.985008|0.891638
1EddB8QQuYStiXC1vxKreSKNiMsBsZ9EzS,2,wallet,3M3Wp24aJ5KSsB6ToKTVRx4f6L5CACwrGH,False,True,3,1EddB8QQuYStiXC1vxKreSKNiMsBsZ9EzS|372682840|3M3Wp24aJ5KSsB6ToKTVRx4f6L5CACwrGH,wallet|transaction|wallet,|0.985326|0.891608
1EhoSBYgBUFf5xgM6HMqGYGUgCpKfKVN1c,2,wallet,35fNF5Uwbsoa5ABPCUvKZNyuAV7S9sJTou,False,True,3,1EhoSBYgBUFf5xgM6HMqGYGUgCpKfKVN1c|237370504|35fNF5Uwbsoa5ABPCUvKZNyuAV7S9sJTou,wallet|transaction|wallet,|0.849758|0.893351
1EjqGRwnMTgkPJT6DGpR4G6fo9N81mE1M1,2,wallet,1Q9M6WmqLAB2YXAB2ufgVYcUdXEWW6Pm9t,False,True,3,1EjqGRwnMTgkPJT6DGpR4G6fo9N81mE1M1|355962407|1Q9M6WmqLAB2YXAB2ufgVYcUdXEWW6Pm9t,wallet|transaction|wallet,|0.985996|0.891659
1Eo65vStapTAcA4FR1E2NHS7pzLzob12s1,2,wallet,3BDNgqHoF4tKjdgi8Yt8S3dQ9SVcLpngHg,False,True,3,1Eo65vStapTAcA4FR1E2NHS7pzLzob12s1|288602158|3BDNgqHoF4tKjdgi8Yt8S3dQ9SVcLpngHg,wallet|transaction|wallet,|0.637798|0.892047
1EpC9eBqX5N7S7JvsAKsQRqeYkYZ6HHxZV,2,wallet,35eQVKi6KJt6ojJrfhog6BKHcpQWPqmDMX,False,True,3,1EpC9eBqX5N7S7JvsAKsQRqeYkYZ6HHxZV|7877502|35eQVKi6KJt6ojJrfhog6BKHcpQWPqmDMX,wallet|transaction|wallet,|0.0891369|0.892487
1EpN67u4zRM75cvjgvt2bnTpiyW89zNjix,2,wallet,35eQVKi6KJt6ojJrfhog6BKHcpQWPqmDMX,False,True,3,1EpN67u4zRM75cvjgvt2bnTpiyW89zNjix|7877502|35eQVKi6KJt6ojJrfhog6BKHcpQWPqmDMX,wallet|transaction|wallet,|0.0891369|0.892487
1Erx6c6w1guJMY91651p17qnR5K4ZGVMfC,2,wallet,3JdH915hUuu39oTPjMFnmjjGY1BCrk5EU1,False,True,3,1Erx6c6w1guJMY91651p17qnR5K4ZGVMfC|85005412|3JdH915hUuu39oTPjMFnmjjGY1BCrk5EU1,wallet|transaction|wallet,|0.987191|0.891622
1EshNsC478YF1enBn1wkUD5P6LGvfGgFMN,2,wallet,1EctfqZtHqkENQ84skkgU7R5eMDJ9AK2gm,False,True,3,1EshNsC478YF1enBn1wkUD5P6LGvfGgFMN|92560136|1EctfqZtHqkENQ84skkgU7R5eMDJ9AK2gm,wallet|transaction|wallet,|0.984573|0.891692
1EuZfNetnytRJQqyBkjdqtcUYKPyPgBMWN,2,wallet,3PeK3kfXJEFihTSYM3svfAzTWHvoxidL4M,False,True,3,1EuZfNetnytRJQqyBkjdqtcUYKPyPgBMWN|165065715|3PeK3kfXJEFihTSYM3svfAzTWHvoxidL4M,wallet|transaction|wallet,|-0.00961682|0.891565
1Eup3sFV5XMckk3WYwu5qFk6a1Y7fxffHJ,2,wallet,1JBHhCZLJHZpYtKu63Fjc73AnevR2Fc3sM,False,True,3,1Eup3sFV5XMckk3WYwu5qFk6a1Y7fxffHJ|50306363|1JBHhCZLJHZpYtKu63Fjc73AnevR2Fc3sM,wallet|transaction|wallet,|0.965859|0.891906
1Ey3dhcHabdCiV9S2EmH6RH8SvmwDsyKRP,2,wallet,38xVRmZzgkrHzhSGfAneNyer8dp48HsfCM,False,True,3,1Ey3dhcHabdCiV9S2EmH6RH8SvmwDsyKRP|288471753|38xVRmZzgkrHzhSGfAneNyer8dp48HsfCM,wallet|transaction|wallet,|0.904895|0.892273
1EySn6oG9Exe3898uEuQxqqaoRsjSmzgKS,2,wallet,1B1wpKHCVSdgss6t2HngjjToTFv5PyVpcD,False,True,3,1EySn6oG9Exe3898uEuQxqqaoRsjSmzgKS|84355177|1B1wpKHCVSdgss6t2HngjjToTFv5PyVpcD,wallet|transaction|wallet,|0.98799|0.891615
1F1nFWW1x7Rk3FL8VQBMgfFD6z3v9SkNmc,2,wallet,3A6JRz4aaf2bMKJrcBkBLxHe9QmWKZEjzu,False,True,3,1F1nFWW1x7Rk3FL8VQBMgfFD6z3v9SkNmc|321252663|3A6JRz4aaf2bMKJrcBkBLxHe9QmWKZEjzu,wallet|transaction|wallet,|0.983669|0.891622
1F6SAPGftES3ZxuDhgcZEGQsYzhN1GoAJb,2,wallet,3Qe33iDwqJrzFFfwiyiwSwEGCjwyf14sm4,False,True,3,1F6SAPGftES3ZxuDhgcZEGQsYzhN1GoAJb|312108743|3Qe33iDwqJrzFFfwiyiwSwEGCjwyf14sm4,wallet|transaction|wallet,|0.978899|0.891648
1F9u134txG3PzmA8ygiAatEmD9YmCo2K4d,2,wallet,1NQig4v6mJSJWNq4vEgeP6WJQMxSrbbFr4,False,True,3,1F9u134txG3PzmA8ygiAatEmD9YmCo2K4d|272481965|1NQig4v6mJSJWNq4vEgeP6WJQMxSrbbFr4,wallet|transaction|wallet,|0.98778|0.891603
1FALyYWev9DVj1r9SZLz4VdAwC5dzuB3AC,2,wallet,3DHwSm3Q5Z3PHHVKWE43FiUKo9ijo6LrUe,False,True,3,1FALyYWev9DVj1r9SZLz4VdAwC5dzuB3AC|54767680|3DHwSm3Q5Z3PHHVKWE43FiUKo9ijo6LrUe,wallet|transaction|wallet,|0.822598|0.891912
1FAMczJMS2Eh81HhENkh7t5Wpwwf642F5U,2,wallet,144ZFfucFXteQzEC245xmEQn9ijKfkd53d,False,True,3,1FAMczJMS2Eh81HhENkh7t5Wpwwf642F5U|65356275|144ZFfucFXteQzEC245xmEQn9ijKfkd53d,wallet|transaction|wallet,|0.984088|0.891725
1FAmU3RyV4fM9CKcaZ29bMF5GpLW55MuMM,2,wallet,3CWNv8JurEUrCBTKHWeHYCNRxZvafJYDvk,False,True,3,1FAmU3RyV4fM9CKcaZ29bMF5GpLW55MuMM|84373476|3CWNv8JurEUrCBTKHWeHYCNRxZvafJYDvk,wallet|transaction|wallet,|0.980866|0.891668
1FBoYi7uF6G9vpU3KvQBmqjTgPWRfqhtph,2,wallet,1GzzkPUG94WHXgPkdCUpEsKyG95GAh6wqW,False,True,3,1FBoYi7uF6G9vpU3KvQBmqjTgPWRfqhtph|105447996|1GzzkPUG94WHXgPkdCUpEsKyG95GAh6wqW,wallet|transaction|wallet,|0.980662|0.891786
1FDLxxzC8roiGQzCk42sAN22a585GYhqfU,2,wallet,3DgQeRTUkbqxRUdsAKDzUFTN2oH3h3Jc3C,False,True,3,1FDLxxzC8roiGQzCk42sAN22a585GYhqfU|269459070|3DgQeRTUkbqxRUdsAKDzUFTN2oH3h3Jc3C,wallet|transaction|wallet,|-0.00961682|0.891609
1FEp6Zx3tkk3rgshKCV3AbhyQifGfFpTP8,2,wallet,354nJAzZaw3CGbqNtNEPPh7w9WZvCgxark,False,True,3,1FEp6Zx3tkk3rgshKCV3AbhyQifGfFpTP8|268861287|354nJAzZaw3CGbqNtNEPPh7w9WZvCgxark,wallet|transaction|wallet,|0.982764|0.891645
1FEup2ixsz2g79muyiyzgMSAqa9WU5xx55,2,wallet,37vy4kn1eMvtmUJ4LX4ihPqY1ZsqYcom2X,False,True,3,1FEup2ixsz2g79muyiyzgMSAqa9WU5xx55|268849739|37vy4kn1eMvtmUJ4LX4ihPqY1ZsqYcom2X,wallet|transaction|wallet,|0.983374|0.891639
1FFziVrp4VXddMwPniuANrLu7NddiPXPxP,2,wallet,13xyyTymEp91gQr9iQ3AfTJX5LYe1LCxFK,False,True,3,1FFziVrp4VXddMwPniuANrLu7NddiPXPxP|30179369|13xyyTymEp91gQr9iQ3AfTJX5LYe1LCxFK,wallet|transaction|wallet,|0.983268|0.891739
1FJqNKxwjoQnmdGqx6Fjd5r7pxNQYXuCZR,2,wallet,3JF6gzYu4amnWNWyysA4DioEeUz2Z4Xx1R,False,True,3,1FJqNKxwjoQnmdGqx6Fjd5r7pxNQYXuCZR|29623995|3JF6gzYu4amnWNWyysA4DioEeUz2Z4Xx1R,wallet|transaction|wallet,|0.981305|0.891769
1FLktbDyHuqGk62MaKJ1b6NK5hah3VRGYb,2,wallet,1JsF35yFwJ51CgQ5jzLagaBpe7QxBjdib6,False,True,3,1FLktbDyHuqGk62MaKJ1b6NK5hah3VRGYb|97009619|1JsF35yFwJ51CgQ5jzLagaBpe7QxBjdib6,wallet|transaction|wallet,|0.975961|0.891819
1FPMsFMyZjVb8s5toDBgZMcWp5LtMa4T2L,2,wallet,3EJvgztcJzTrtMq1GNTRAV5AL2Cm4FSFsm,False,True,3,1FPMsFMyZjVb8s5toDBgZMcWp5LtMa4T2L|85005396|3EJvgztcJzTrtMq1GNTRAV5AL2Cm4FSFsm,wallet|transaction|wallet,|0.164538|0.892595
1FPWf5PzYU2jWbwmuDHSpAUQxSsbfBdqWh,2,wallet,3C5ikpsF9uAfRi5B1oYqAWmPzfjVYVJ6Jh,False,True,3,1FPWf5PzYU2jWbwmuDHSpAUQxSsbfBdqWh|99677409|3C5ikpsF9uAfRi5B1oYqAWmPzfjVYVJ6Jh,wallet|transaction|wallet,|-0.00961682|0.891563
1FQNug1fwM9qW4yVsg4qhVCKjirT5xSKNh,2,wallet,3M3Wp24aJ5KSsB6ToKTVRx4f6L5CACwrGH,False,True,3,1FQNug1fwM9qW4yVsg4qhVCKjirT5xSKNh|372682840|3M3Wp24aJ5KSsB6ToKTVRx4f6L5CACwrGH,wallet|transaction|wallet,|0.985326|0.891608
1FSXSnf99qy5XtNhY8FY2ktmuonik8wHj6,2,wallet,3QdpY1oVe5BPSy9w4B1qRnZVKRWTD4EXVh,False,True,3,1FSXSnf99qy5XtNhY8FY2ktmuonik8wHj6|10864015|3QdpY1oVe5BPSy9w4B1qRnZVKRWTD4EXVh,wallet|transaction|wallet,|0.93277|0.891766
1FSjyV4qSdVxBM2vbjpaMSYuG1TRubwMj6,2,wallet,3LhajNYZBP6fYYBGbEeZduS4mxgKh3bmjQ,False,True,3,1FSjyV4qSdVxBM2vbjpaMSYuG1TRubwMj6|99675953|3LhajNYZBP6fYYBGbEeZduS4mxgKh3bmjQ,wallet|transaction|wallet,|0.987729|0.891565
1FTsC3T1oRap35nhRYAkvpwsFvH3e9LuHE,2,wallet,17VjaGj9BbKVW1qVyXjN9n4W7N6NQ9vBAC,False,True,3,1FTsC3T1oRap35nhRYAkvpwsFvH3e9LuHE|95601893|17VjaGj9BbKVW1qVyXjN9n4W7N6NQ9vBAC,wallet|transaction|wallet,|0.984027|0.891708
1FUEt8itNJ9eYsYpHC3FkTnF8xsGpbgX52,2,wallet,3DUe52yBXSGUmiusVQdeuQdKQmHjWXwcW7,False,True,3,1FUEt8itNJ9eYsYpHC3FkTnF8xsGpbgX52|26560265|3DUe52yBXSGUmiusVQdeuQdKQmHjWXwcW7,wallet|transaction|wallet,|0.00140958|0.892071
1FWhNKV8Ae3Jo6praBuE5CeYNUiSyNmEKA,2,wallet,3CYQR53n8CxDRZMNtkt1AGo8mCByMxuCXq,False,True,3,1FWhNKV8Ae3Jo6praBuE5CeYNUiSyNmEKA|268856573|3CYQR53n8CxDRZMNtkt1AGo8mCByMxuCXq,wallet|transaction|wallet,|0.982111|0.891648
1FYFTYHjhbd5f87UwfiTGvk2sHxpYh9iuC,2,wallet,16jA3UFPf8YvD3skeXdogWEDccp6ioADdr,False,True,3,1FYFTYHjhbd5f87UwfiTGvk2sHxpYh9iuC|170582752|16jA3UFPf8YvD3skeXdogWEDccp6ioADdr,wallet|transaction|wallet,|0.987926|0.891596
1Fa9KqUqxuAgcdwYTgpUZ5Rf6ZPPEWkxn7,2,wallet,3B1DRBWttfucFz8j7vUe791m3J3pBFTK3N,False,True,3,1Fa9KqUqxuAgcdwYTgpUZ5Rf6ZPPEWkxn7|14112275|3B1DRBWttfucFz8j7vUe791m3J3pBFTK3N,wallet|transaction|wallet,|-0.00958722|0.892875
1FasbCxU9KVQhtmHzShUs2QVcqHDM95z9g,2,wallet,1GHsHZUDVAKyuKXdgeuDZUJFf9kW44Bib4,False,True,3,1FasbCxU9KVQhtmHzShUs2QVcqHDM95z9g|12776876|1GHsHZUDVAKyuKXdgeuDZUJFf9kW44Bib4,wallet|transaction|wallet,|-0.00858274|0.89309
1Fcn1a4Xw3uoeU2kk2WRGwKoWJ9BA63eJj,2,wallet,1PTYsMiJKqZssSoy7m6nifTjNb4V8sdgw6,False,True,3,1Fcn1a4Xw3uoeU2kk2WRGwKoWJ9BA63eJj|195422283|1PTYsMiJKqZssSoy7m6nifTjNb4V8sdgw6,wallet|transaction|wallet,|0.966956|0.8919
1FdF7QM9vU5YSXdxjSMJNqBUzWHmp8o6B6,2,wallet,1KcJtaJzvftrBPRscQhWCHGGG5rmkudnL8,False,True,3,1FdF7QM9vU5YSXdxjSMJNqBUzWHmp8o6B6|208930299|1KcJtaJzvftrBPRscQhWCHGGG5rmkudnL8,wallet|transaction|wallet,|0.988804|0.891556
1Fh9RtEDWHPG2QL1G3WFadukW5VgP4dfYP,2,wallet,3Hf2SPivZnJzhqZNJHuAS7pU8DFj46thaG,False,True,3,1Fh9RtEDWHPG2QL1G3WFadukW5VgP4dfYP|74815310|3Hf2SPivZnJzhqZNJHuAS7pU8DFj46thaG,wallet|transaction|wallet,|-0.000829554|0.892289
1FigfkiEwCWTtqg17Vh3tmxsQuPfmVUMxE,2,wallet,13cBZt2p6UGe7yvUFg7KDHpsDbJjLT89qk,False,True,3,1FigfkiEwCWTtqg17Vh3tmxsQuPfmVUMxE|268969043|13cBZt2p6UGe7yvUFg7KDHpsDbJjLT89qk,wallet|transaction|wallet,|0.987895|0.891596
1FirRGh1rw5LsAukjFQgeo9A7JBvDc9q1d,2,wallet,16EQy1bDF2NyawvnXAiXjnSHHDbZn2DiDx,False,True,3,1FirRGh1rw5LsAukjFQgeo9A7JBvDc9q1d|195422169|16EQy1bDF2NyawvnXAiXjnSHHDbZn2DiDx,wallet|transaction|wallet,|0.969788|0.891891
1FmuoxTvvbf9vYX8KXQ8tYpotSmxfpHSxv,2,wallet,38xVRmZzgkrHzhSGfAneNyer8dp48HsfCM,False,True,3,1FmuoxTvvbf9vYX8KXQ8tYpotSmxfpHSxv|288471753|38xVRmZzgkrHzhSGfAneNyer8dp48HsfCM,wallet|transaction|wallet,|0.904895|0.892273
1Fpv8p2fFMpNvGSnXW6KmykCVmzvbRqAQG,2,wallet,164k4PHuAYjrdtEszhLfWd16F1yhtyv6Hi,False,True,3,1Fpv8p2fFMpNvGSnXW6KmykCVmzvbRqAQG|105879142|164k4PHuAYjrdtEszhLfWd16F1yhtyv6Hi,wallet|transaction|wallet,|0.978062|0.891814
1FqPQdkQwExgSXDdg5SGJRcwFpVWfUdefC,2,wallet,16b7bjrBf2Pe3VCQ7267UNNxj79gP5e7Zq,False,True,3,1FqPQdkQwExgSXDdg5SGJRcwFpVWfUdefC|69769534|16b7bjrBf2Pe3VCQ7267UNNxj79gP5e7Zq,wallet|transaction|wallet,|0.985172|0.89172
1FsByBreT6gm2UjzU9c4LfuW62bbvPZnGT,2,wallet,38cSdnbKWx3jjMciRRhXbyibwQdfRf2fVj,False,True,3,1FsByBreT6gm2UjzU9c4LfuW62bbvPZnGT|175117301|38cSdnbKWx3jjMciRRhXbyibwQdfRf2fVj,wallet|transaction|wallet,|0.95683|0.891495
1FvQK3p1rGoPwb22rUZmqbLjRoDqBYX5yT,2,wallet,3Bpbev1NCGA2yJBao8yVzNYFe7boER3b4F,False,True,3,1FvQK3p1rGoPwb22rUZmqbLjRoDqBYX5yT|332329138|3Bpbev1NCGA2yJBao8yVzNYFe7boER3b4F,wallet|transaction|wallet,|0.98612|0.891606
1FwYNJseyYKxDH8ippeL9dLPQqN4WJrdcY,2,wallet,37CTBd1xdiztjcokAWQn44NLwVzXfwdH4M,False,True,3,1FwYNJseyYKxDH8ippeL9dLPQqN4WJrdcY|33843382|37CTBd1xdiztjcokAWQn44NLwVzXfwdH4M,wallet|transaction|wallet,|0.270705|0.892263
1FzfRNPPF5UY6YRVVbPuwUaVhy3mcgLbVo,2,wallet,1JcWawH8dUg7wBg2EskWu89X1C53pLqvKX,False,True,3,1FzfRNPPF5UY6YRVVbPuwUaVhy3mcgLbVo|72630297|1JcWawH8dUg7wBg2EskWu89X1C53pLqvKX,wallet|transaction|wallet,|0.94963|0.891972
1G1ns6ZDgdSmvyWJc15cTbXxTxXKYR2EU3,2,wallet,15YsnRjKPVQv4X5E2kUBUw2DcxV948Q9pT,False,True,3,1G1ns6ZDgdSmvyWJc15cTbXxTxXKYR2EU3|331610689|15YsnRjKPVQv4X5E2kUBUw2DcxV948Q9pT,wallet|transaction|wallet,|0.988628|0.891576
1G8kLqobttQXQtMvNeM594JdrdMXvcva5Q,2,wallet,3Hf2SPivZnJzhqZNJHuAS7pU8DFj46thaG,False,True,3,1G8kLqobttQXQtMvNeM594JdrdMXvcva5Q|74815310|3Hf2SPivZnJzhqZNJHuAS7pU8DFj46thaG,wallet|transaction|wallet,|-0.000829554|0.892289
1G8yPabEjtMrzZRyfFDJcsP4tWEWd9Vmt1,2,wallet,3McM6pZhEuHj7zeMV4Hrk4Na4NxQGsJpbH,False,True,3,1G8yPabEjtMrzZRyfFDJcsP4tWEWd9Vmt1|99942296|3McM6pZhEuHj7zeMV4Hrk4Na4NxQGsJpbH,wallet|transaction|wallet,|0.976331|0.909672
1GD9qAxPBMYmMLrhr2XBgtjrkcAtaKzcQ3,2,wallet,3MFgnzT5jgzABC67f73Zb5DL8dJfLCerYu,False,True,3,1GD9qAxPBMYmMLrhr2XBgtjrkcAtaKzcQ3|268865654|3MFgnzT5jgzABC67f73Zb5DL8dJfLCerYu,wallet|transaction|wallet,|0.983072|0.891633
1GEMgfKsmrf4EZc1joF65xYzfNCCmBUUak,2,wallet,1HmNvWvYYjN4RccEyaYq3bL23g8NU5fHoZ,False,True,3,1GEMgfKsmrf4EZc1joF65xYzfNCCmBUUak|154828129|1HmNvWvYYjN4RccEyaYq3bL23g8NU5fHoZ,wallet|transaction|wallet,|0.988043|0.891588
1GHXEhzaPyDDo8MUVqvjxxfQ6xDj25N9TW,2,wallet,3CYQR53n8CxDRZMNtkt1AGo8mCByMxuCXq,False,True,3,1GHXEhzaPyDDo8MUVqvjxxfQ6xDj25N9TW|268856573|3CYQR53n8CxDRZMNtkt1AGo8mCByMxuCXq,wallet|transaction|wallet,|0.982111|0.891648
1GJKfrVSwiR1T5iZ759Q9NhK1YXzL8Dz1y,2,wallet,33zfgTVEPBSjFLQggZV8UbXBS59ydy66iM,False,True,3,1GJKfrVSwiR1T5iZ759Q9NhK1YXzL8Dz1y|84375307|33zfgTVEPBSjFLQggZV8UbXBS59ydy66iM,wallet|transaction|wallet,|0.982502|0.891666
1GK6y5Ts68goQjPrUC48aCbsx3ATEyzucw,2,wallet,1F9k9RjHK6Gsfsoz27EA5YpQYo9ASakZXz,False,True,3,1GK6y5Ts68goQjPrUC48aCbsx3ATEyzucw|269535654|1F9k9RjHK6Gsfsoz27EA5YpQYo9ASakZXz,wallet|transaction|wallet,|0.988039|0.891599
1GLfsnRnaPGwGAQwWwdqctJz35sA21gNjq,2,wallet,3AXRsxKrCYSDMqHWsvKguikFD2PJXGPi9s,False,True,3,1GLfsnRnaPGwGAQwWwdqctJz35sA21gNjq|84374815|3AXRsxKrCYSDMqHWsvKguikFD2PJXGPi9s,wallet|transaction|wallet,|0.979994|0.89167
1GN3GVTc7KfaN1agwurVHoJbnmo81ybwAC,2,wallet,1HeGJeDHMYwANTmrpghQXPQWTtvb5Ewj5r,False,True,3,1GN3GVTc7KfaN1agwurVHoJbnmo81ybwAC|268803403|1HeGJeDHMYwANTmrpghQXPQWTtvb5Ewj5r,wallet|transaction|wallet,|0.987998|0.891599
1GNyM1XUsr7YjMR6wPWVC79aWr8vaDwPzn,2,wallet,327AGvbE1a4Tt8oXgL814DBCnnqtCJXqTy,False,True,3,1GNyM1XUsr7YjMR6wPWVC79aWr8vaDwPzn|355505391|327AGvbE1a4Tt8oXgL814DBCnnqtCJXqTy,wallet|transaction|wallet,|0.965035|0.891781
1GTENyCT63cPKzESt2b4Pg1AMKvpNMDPrV,2,wallet,15WKW1Y4mqFnx9Nn3gnmg2rin2VNmMFBvE,False,True,3,1GTENyCT63cPKzESt2b4Pg1AMKvpNMDPrV|84334491|15WKW1Y4mqFnx9Nn3gnmg2rin2VNmMFBvE,wallet|transaction|wallet,|0.987318|0.891619
1GTVNZofQXFXjUhhFdRFwhFabtdRUJBhjK,2,wallet,1EUSmn8DdJiUCCYBh5wghFsLHqzooaQzFd,False,True,3,1GTVNZofQXFXjUhhFdRFwhFabtdRUJBhjK|28717433|1EUSmn8DdJiUCCYBh5wghFsLHqzooaQzFd,wallet|transaction|wallet,|0.981657|0.891669
1GW5C464c726jG3HzYBirpKbGpHWLtEQ2p,2,wallet,3DWEuJdRuVJsRbrTFtt4h8GYXeBYRkFrc2,False,True,3,1GW5C464c726jG3HzYBirpKbGpHWLtEQ2p|355110526|3DWEuJdRuVJsRbrTFtt4h8GYXeBYRkFrc2,wallet|transaction|wallet,|-0.0026592|0.893701
1GXkbHWUS2W45VR79ztynguDV3b5PZCcXd,2,wallet,3CKzy45kiKpV1X3RaHRTwqx1oS54DCH7AR,False,True,3,1GXkbHWUS2W45VR79ztynguDV3b5PZCcXd|92727250|3CKzy45kiKpV1X3RaHRTwqx1oS54DCH7AR,wallet|transaction|wallet,|0.959961|0.891782
1Gay4Z6kUcJ8waMVzbmGCXDXyNtaBzc9r2,2,wallet,1JBZSh5KyUV9a2v66TeV2eVaGjhqNiuvHE,False,True,3,1Gay4Z6kUcJ8waMVzbmGCXDXyNtaBzc9r2|55801561|1JBZSh5KyUV9a2v66TeV2eVaGjhqNiuvHE,wallet|transaction|wallet,|-0.00896185|0.891736
1GeZLc2CxDWKPEwV7iACNkBRcMtqB16UHD,2,wallet,1PAY8LScygmUKkp9kq2keHFzqviGazf7T6,False,True,3,1GeZLc2CxDWKPEwV7iACNkBRcMtqB16UHD|105432250|1PAY8LScygmUKkp9kq2keHFzqviGazf7T6,wallet|transaction|wallet,|0.977404|0.891817
1GfUF5ePLp98FYF8LZ6VdMpsJUr41Hc7kB,2,wallet,3FfKvRjCg3Ev3Li5Ly5ybZL2itAn2TCjji,False,True,3,1GfUF5ePLp98FYF8LZ6VdMpsJUr41Hc7kB|286848744|3FfKvRjCg3Ev3Li5Ly5ybZL2itAn2TCjji,wallet|transaction|wallet,|0.981616|0.891637
1GgM2yygXXQ5iAWyCbgkUiVWnbWH2xx1Fq,2,wallet,1Q8YhgGgC7Movu8HgBH2gQEAE7bZWWLGot,False,True,3,1GgM2yygXXQ5iAWyCbgkUiVWnbWH2xx1Fq|9565016|1Q8YhgGgC7Movu8HgBH2gQEAE7bZWWLGot,wallet|transaction|wallet,|0.740338|0.891813
1GgYtchLhG9df4uWL1czP9xBSieWaaGZeJ,2,wallet,3H5wiHACzDnBMRE63dRGhN8oDzQ5fVZUW8,False,True,3,1GgYtchLhG9df4uWL1czP9xBSieWaaGZeJ|32998848|3H5wiHACzDnBMRE63dRGhN8oDzQ5fVZUW8,wallet|transaction|wallet,|-0.00961682|0.892014
1GhN8YynyZsjehXTo7eXm8TVPTMTUVFgQ1,2,wallet,3A6JRz4aaf2bMKJrcBkBLxHe9QmWKZEjzu,False,True,3,1GhN8YynyZsjehXTo7eXm8TVPTMTUVFgQ1|321252663|3A6JRz4aaf2bMKJrcBkBLxHe9QmWKZEjzu,wallet|transaction|wallet,|0.983669|0.891622
1Gi8mFLU9i5n1nynsnkduBCwxo59jeMJbU,2,wallet,12myLZM16peDfb9CodmBnBTpV7jmDxU994,False,True,3,1Gi8mFLU9i5n1nynsnkduBCwxo59jeMJbU|269103984|12myLZM16peDfb9CodmBnBTpV7jmDxU994,wallet|transaction|wallet,|0.98817|0.891594
1GigAjvg6nFGRyMpL2EXUUYnEos3tgrnqy,2,wallet,3Ka7eTbdbMes5zT3ZYAJmLYmJKKqik9Tb8,False,True,3,1GigAjvg6nFGRyMpL2EXUUYnEos3tgrnqy|74217339|3Ka7eTbdbMes5zT3ZYAJmLYmJKKqik9Tb8,wallet|transaction|wallet,|0.121902|0.892198
1GjURFRn9EwCMUuYEt2uKnH9Jj3UcFdY5m,2,wallet,38n1quikEj2XbqX3xUJfBNkK8k4Wp3dNYs,False,True,3,1GjURFRn9EwCMUuYEt2uKnH9Jj3UcFdY5m|92736300|38n1quikEj2XbqX3xUJfBNkK8k4Wp3dNYs,wallet|transaction|wallet,|0.965254|0.891791
1GnJxdDh5D9LffAUJtUWqFfA2kniuWVuvj,2,wallet,38kMfGZvHMS2GgxmWA2AtEksRKzgXvpJcq,False,True,3,1GnJxdDh5D9LffAUJtUWqFfA2kniuWVuvj|171324635|38kMfGZvHMS2GgxmWA2AtEksRKzgXvpJcq,wallet|transaction|wallet,|-0.00933853|0.891568
1GoN1j1BcB8JWoLifTbVvwNjSzxFiqToii,2,wallet,1HusCSVGaqaCPcn81fnD8SEDKpAKCjecdd,False,True,3,1GoN1j1BcB8JWoLifTbVvwNjSzxFiqToii|99676904|1HusCSVGaqaCPcn81fnD8SEDKpAKCjecdd,wallet|transaction|wallet,|0.988765|0.891564
1Goi1Gf4sMczxjUbD6FczPeFgJqXtSb1Ep,2,wallet,3FGBJuzdemVyUsFHgufrwpDtwKLn9MQrMC,False,True,3,1Goi1Gf4sMczxjUbD6FczPeFgJqXtSb1Ep|378282537|3FGBJuzdemVyUsFHgufrwpDtwKLn9MQrMC,wallet|transaction|wallet,|0.988952|0.891532
1GorT8vTi45H1wZJRzvQF56c1A51RYqz1q,2,wallet,38xVRmZzgkrHzhSGfAneNyer8dp48HsfCM,False,True,3,1GorT8vTi45H1wZJRzvQF56c1A51RYqz1q|355102403|38xVRmZzgkrHzhSGfAneNyer8dp48HsfCM,wallet|transaction|wallet,|0.72716|0.892273
1GpdkXHCUd37WofUxjfgQuv3yiHwBPtb5f,2,wallet,39JX8i5399diyzXaP1oSBq2bVuZW7ZyKYL,False,True,3,1GpdkXHCUd37WofUxjfgQuv3yiHwBPtb5f|272175846|39JX8i5399diyzXaP1oSBq2bVuZW7ZyKYL,wallet|transaction|wallet,|0.985613|0.891625
1GrRLT3mLY3SXmtDyrpaj1QU7oqwMUyKfL,2,wallet,12PWhRytnBWeiiAqkqMmCBSP9o9LNHRvnE,False,True,3,1GrRLT3mLY3SXmtDyrpaj1QU7oqwMUyKfL|54837248|12PWhRytnBWeiiAqkqMmCBSP9o9LNHRvnE,wallet|transaction|wallet,|0.982548|0.89173
1GvW1ZVkgch7KuiqhHEAk5V8oTp5AvzCc1,2,wallet,3HkPJGQgaYnKYiAKsDHr6r2jMVDtZEHN6m,False,True,3,1GvW1ZVkgch7KuiqhHEAk5V8oTp5AvzCc1|72897869|3HkPJGQgaYnKYiAKsDHr6r2jMVDtZEHN6m,wallet|transaction|wallet,|0.686466|0.892055
1GvqzQ3n4p1n4bHDi6i5wFyQKAa1cGioW7,2,wallet,1FezJ3QiCbgKj4bBLUkyHqBVZmHAehuTy4,False,True,3,1GvqzQ3n4p1n4bHDi6i5wFyQKAa1cGioW7|269103150|1FezJ3QiCbgKj4bBLUkyHqBVZmHAehuTy4,wallet|transaction|wallet,|0.988284|0.891594
1Gw5TznAmFA3GzkdEZNyoEPY5KQKY8TSoB,2,wallet,39GiYKFDVet8muRVCCXZiedfpCbiwXXvfH,False,True,3,1Gw5TznAmFA3GzkdEZNyoEPY5KQKY8TSoB|331577360|39GiYKFDVet8muRVCCXZiedfpCbiwXXvfH,wallet|transaction|wallet,|0.987118|0.891601
1GwNamFAE2DZCHUXWrqCgGB4mM46ynEpSS,2,wallet,3PeK3kfXJEFihTSYM3svfAzTWHvoxidL4M,False,True,3,1GwNamFAE2DZCHUXWrqCgGB4mM46ynEpSS|165065715|3PeK3kfXJEFihTSYM3svfAzTWHvoxidL4M,wallet|transaction|wallet,|-0.00961682|0.891565
1GyM9sZcJUFA9kujfku6MQKvPxSx3JGSwW,2,wallet,34RjVG2iTbqpCnDomYYQi58wFUaM8eSN58,False,True,3,1GyM9sZcJUFA9kujfku6MQKvPxSx3JGSwW|85004968|34RjVG2iTbqpCnDomYYQi58wFUaM8eSN58,wallet|transaction|wallet,|0.969539|0.891688
1H1gzfVMdwQ2w8MAYBQjY5ufZQpZU6h2LZ,2,wallet,1MLEcy4LrheHGdPtbsKtarhPnW27rZZ8Bm,False,True,3,1H1gzfVMdwQ2w8MAYBQjY5ufZQpZU6h2LZ|94371032|1MLEcy4LrheHGdPtbsKtarhPnW27rZZ8Bm,wallet|transaction|wallet,|0.923587|0.89149
1H1xUrVEekKvf6DY7nrtp5KxDd2pnzdaVX,2,wallet,3CGWmprZb5HAoVLNtCpwAhMzXuigP4maMF,False,True,3,1H1xUrVEekKvf6DY7nrtp5KxDd2pnzdaVX|29132574|3CGWmprZb5HAoVLNtCpwAhMzXuigP4maMF,wallet|transaction|wallet,|0.969192|0.891813
1H3WsRKurHaJJpS4N8G1oDwKwL9YQ9obqi,2,wallet,3KCfXLrTiuiDfMW8CFuwGdZmosqeDcoBbB,False,True,3,1H3WsRKurHaJJpS4N8G1oDwKwL9YQ9obqi|272115163|3KCfXLrTiuiDfMW8CFuwGdZmosqeDcoBbB,wallet|transaction|wallet,|0.987565|0.891601
1H6ypkJ1aXhecEgwM8rcb9GZjuBY4GSuWJ,2,wallet,14tNuPzkjGwpFRN2oNBZDKXa4VBE1CrZwc,False,True,3,1H6ypkJ1aXhecEgwM8rcb9GZjuBY4GSuWJ|14063348|14tNuPzkjGwpFRN2oNBZDKXa4VBE1CrZwc,wallet|transaction|wallet,|0.739133|0.891858
1H8LGXv7UKSUm2MYP5qAPQnuUKu8CzAbLE,2,wallet,12DQb6j3vecpsRjNCNJBAeuEBGUW5Mdf54,False,True,3,1H8LGXv7UKSUm2MYP5qAPQnuUKu8CzAbLE|9787027|12DQb6j3vecpsRjNCNJBAeuEBGUW5Mdf54,wallet|transaction|wallet,|-0.00945192|0.892736
1H8crEqqNhinoRgcEzUm9mDDWUzf9vciiG,2,wallet,36XCkQ8GcAU3FkbcJJt5C86CqqHKcA1XGu,False,True,3,1H8crEqqNhinoRgcEzUm9mDDWUzf9vciiG|156195659|36XCkQ8GcAU3FkbcJJt5C86CqqHKcA1XGu,wallet|transaction|wallet,|0.983999|0.891638
1H91gmioi3ug8dA2ZJsyrbH4Dp1WNWSTrN,2,wallet,34gBuya6FPwX18kZgxw7FZ6WqpDc9y3h5A,False,True,3,1H91gmioi3ug8dA2ZJsyrbH4Dp1WNWSTrN|100785151|34gBuya6FPwX18kZgxw7FZ6WqpDc9y3h5A,wallet|transaction|wallet,|0.986305|0.89162
1HCx3xX3Ut7v6GjMEyjj7tivTnStWA4qRV,2,wallet,335FwFN25mqT9SvZywWe89qf4EZbPxMKy1,False,True,3,1HCx3xX3Ut7v6GjMEyjj7tivTnStWA4qRV|32168716|335FwFN25mqT9SvZywWe89qf4EZbPxMKy1,wallet|transaction|wallet,|0.00527146|0.891762
1HG7gdWk6G1Zr5zLSjhSPzf2bRC6TyxkZE,2,wallet,3J4coHTjHjZYpvHKjUb5nKMiww2hfgjavQ,False,True,3,1HG7gdWk6G1Zr5zLSjhSPzf2bRC6TyxkZE|21701127|3J4coHTjHjZYpvHKjUb5nKMiww2hfgjavQ,wallet|transaction|wallet,|0.879184|0.891965
1HHLjNToQJwUzFWzWh4ArWzaNdE7bB3E5B,2,wallet,3K3RAXk4kb5G99ogdBEUraEGPSv84u7Fd4,False,True,3,1HHLjNToQJwUzFWzWh4ArWzaNdE7bB3E5B|215598240|3K3RAXk4kb5G99ogdBEUraEGPSv84u7Fd4,wallet|transaction|wallet,|0.894165|0.892376
1HHRGJ52hfaXLjLMB6DhS8fRiLYrN4nfbc,2,wallet,34JK3n7cnMCqaK8wQdNtFikdgjJoMVHTRp,False,True,3,1HHRGJ52hfaXLjLMB6DhS8fRiLYrN4nfbc|332328678|34JK3n7cnMCqaK8wQdNtFikdgjJoMVHTRp,wallet|transaction|wallet,|0.0186113|0.895687
1HKMNhhxdZVT8TuqPt1JzqoadF4N9hu5L6,2,wallet,3JqGMKyqRgkNh7hcXCj8TAqLV7TvDq7crY,False,True,3,1HKMNhhxdZVT8TuqPt1JzqoadF4N9hu5L6|54705516|3JqGMKyqRgkNh7hcXCj8TAqLV7TvDq7crY,wallet|transaction|wallet,|-0.00961309|0.892129
1HNLxbJvJSJ2KEveGeW8SNxcyErHna8HVv,2,wallet,34Uawv8jZkHU1yJyVajSkD5QCassxaQ3K6,False,True,3,1HNLxbJvJSJ2KEveGeW8SNxcyErHna8HVv|26547856|34Uawv8jZkHU1yJyVajSkD5QCassxaQ3K6,wallet|transaction|wallet,|0.97618|0.8918
1HPRtUDkrkmWqNbLjS7P3pcx9t7ymTe57V,2,wallet,13GHRaovmKYQtPbckpnFhtPUbTLjzcwUkf,False,True,3,1HPRtUDkrkmWqNbLjS7P3pcx9t7ymTe57V|339058403|13GHRaovmKYQtPbckpnFhtPUbTLjzcwUkf,wallet|transaction|wallet,|0.987423|0.891511
1HQrToTrGztTybQALWBxdiBGEQs1VLQJSW,2,wallet,1GxjZbMuy9JphVjCgY5tbxbnLGRHa3cmAJ,False,True,3,1HQrToTrGztTybQALWBxdiBGEQs1VLQJSW|85004986|1GxjZbMuy9JphVjCgY5tbxbnLGRHa3cmAJ,wallet|transaction|wallet,|0.987038|0.891639
1HRTJvohJfEnmEw7TpH7RZwoECw5eqZDmf,2,wallet,3LRVntjrG3WeNKNBjA31GkM3MshSaX7uBo,False,True,3,1HRTJvohJfEnmEw7TpH7RZwoECw5eqZDmf|10174843|3LRVntjrG3WeNKNBjA31GkM3MshSaX7uBo,wallet|transaction|wallet,|0.477861|0.892154
1HTrkiQsa7bXK6DBCat5MXGzguZDz6PGGR,2,wallet,3NqG377BBhtpqfmAWt4E3nAomhbvHRoqqD,False,True,3,1HTrkiQsa7bXK6DBCat5MXGzguZDz6PGGR|288365473|3NqG377BBhtpqfmAWt4E3nAomhbvHRoqqD,wallet|transaction|wallet,|0.312163|0.89252
1HUfF5vtMaQGVvNHob2bVBFTZ4BeHQHC2X,2,wallet,3Foo6vYbmdQz2rgzWiMNWQpXDtA3snp3XN,False,True,3,1HUfF5vtMaQGVvNHob2bVBFTZ4BeHQHC2X|331496930|3Foo6vYbmdQz2rgzWiMNWQpXDtA3snp3XN,wallet|transaction|wallet,|0.962671|0.89198
1HXx98CgxHuYV5Ss7cJwMrZ3dBvJjjmSUZ,2,wallet,1GthNjA2WtnpTxyDhjSUqeDvuPQ4RzzkCJ,False,True,3,1HXx98CgxHuYV5Ss7cJwMrZ3dBvJjjmSUZ|85005014|1GthNjA2WtnpTxyDhjSUqeDvuPQ4RzzkCJ,wallet|transaction|wallet,|0.987231|0.891619
1HYBbz3KZLCimD7SLra9UeA5TqwkPXm5zX,2,wallet,1NfZw6pByscewGgsRjY8r7MaSgvX3yksZp,False,True,3,1HYBbz3KZLCimD7SLra9UeA5TqwkPXm5zX|84321251|1NfZw6pByscewGgsRjY8r7MaSgvX3yksZp,wallet|transaction|wallet,|0.987603|0.891619
1HdGNQBhK2RLZahDVvyQeXXPVoCkRfk7jb,2,wallet,3CGWmprZb5HAoVLNtCpwAhMzXuigP4maMF,False,True,3,1HdGNQBhK2RLZahDVvyQeXXPVoCkRfk7jb|29132574|3CGWmprZb5HAoVLNtCpwAhMzXuigP4maMF,wallet|transaction|wallet,|0.969192|0.891813
1HdU2dK3ed5Frk6wKQSiGRt5MUjayytsDA,2,wallet,3A6JRz4aaf2bMKJrcBkBLxHe9QmWKZEjzu,False,True,3,1HdU2dK3ed5Frk6wKQSiGRt5MUjayytsDA|321252663|3A6JRz4aaf2bMKJrcBkBLxHe9QmWKZEjzu,wallet|transaction|wallet,|0.983669|0.891622
1Hf6VoZ4sEb4Ghg7ymRRTfMqhU8PPFpcPA,2,wallet,1LWtYBde4L6kNqQozP84vNjGmriG2wA9Ly,False,True,3,1Hf6VoZ4sEb4Ghg7ymRRTfMqhU8PPFpcPA|298720673|1LWtYBde4L6kNqQozP84vNjGmriG2wA9Ly,wallet|transaction|wallet,|0.324501|0.89199
1Hg2jxoQ3UjLGqHDnJUbg3NrX7g9zdYiy5,2,wallet,1Jn95GnmCREqMLPCkAQGb7wrqfEXC1BrXq,False,True,3,1Hg2jxoQ3UjLGqHDnJUbg3NrX7g9zdYiy5|269235423|1Jn95GnmCREqMLPCkAQGb7wrqfEXC1BrXq,wallet|transaction|wallet,|0.988382|0.891587
1Hgc7mpsZhWhcugd1scZAouewJCNy9kuzj,2,wallet,3E2UTxF4UWnFEALt7vkw8HjqrADcxdQxVs,False,True,3,1Hgc7mpsZhWhcugd1scZAouewJCNy9kuzj|36909940|3E2UTxF4UWnFEALt7vkw8HjqrADcxdQxVs,wallet|transaction|wallet,|0.422056|0.892104
1Hi1Nrpr3RU5VNAVGGgDaKan83MpxjW7mf,2,wallet,3Bpbev1NCGA2yJBao8yVzNYFe7boER3b4F,False,True,3,1Hi1Nrpr3RU5VNAVGGgDaKan83MpxjW7mf|332329138|3Bpbev1NCGA2yJBao8yVzNYFe7boER3b4F,wallet|transaction|wallet,|0.98612|0.891606
1HkPZgKWa2UGfFPdTdjg863uuaQb5pNHwL,2,wallet,1JBJUQBTenTmrbHGPsPem1doB4sM8YHFZR,False,True,3,1HkPZgKWa2UGfFPdTdjg863uuaQb5pNHwL|194011547|1JBJUQBTenTmrbHGPsPem1doB4sM8YHFZR,wallet|transaction|wallet,|0.973906|0.891873
1HnukDfom7xENHs1UhE2ekfbrYp3n8DqZf,2,wallet,1GoivCApbLDVui86c5dpm7mSv1HY8ciwwB,False,True,3,1HnukDfom7xENHs1UhE2ekfbrYp3n8DqZf|92628688|1GoivCApbLDVui86c5dpm7mSv1HY8ciwwB,wallet|transaction|wallet,|0.984742|0.891692
1Ho6LFvnAk2X7g3bE1fu6QFzer7iTncEB6,2,wallet,38mc2Y3NsKHbAxwFXeandNSnwBXnjDnHj3,False,True,3,1Ho6LFvnAk2X7g3bE1fu6QFzer7iTncEB6|86143479|38mc2Y3NsKHbAxwFXeandNSnwBXnjDnHj3,wallet|transaction|wallet,|0.812035|0.892033
1Hqy6vCcpThHuHvNsFM86Tqg4zUJiZuhgV,2,wallet,3Lta3AzDmJzT42t2xt87kERao6DBQQDcuZ,False,True,3,1Hqy6vCcpThHuHvNsFM86Tqg4zUJiZuhgV|105588432|3Lta3AzDmJzT42t2xt87kERao6DBQQDcuZ,wallet|transaction|wallet,|0.944708|0.891908
1HrVadBipcfHqpKFAoJUvusAFh4VBJmjmq,2,wallet,38G6dS3Vc8LCMsiJW6Ur3A6i99vcrpdztL,False,True,3,1HrVadBipcfHqpKFAoJUvusAFh4VBJmjmq|105889570|38G6dS3Vc8LCMsiJW6Ur3A6i99vcrpdztL,wallet|transaction|wallet,|-0.000339516|0.892025
1Hs2633aTSKycuuaXsa5LLYYcBGeqW7k9d,2,wallet,3G5rhEd3cZBsWbv4wyzqMjkJG1vUsKmWPm,False,True,3,1Hs2633aTSKycuuaXsa5LLYYcBGeqW7k9d|85005009|3G5rhEd3cZBsWbv4wyzqMjkJG1vUsKmWPm,wallet|transaction|wallet,|0.984901|0.891667
1Hsb3THwNED2auaqvBwXqBceGA5XPYMdgu,2,wallet,3LRVntjrG3WeNKNBjA31GkM3MshSaX7uBo,False,True,3,1Hsb3THwNED2auaqvBwXqBceGA5XPYMdgu|10174843|3LRVntjrG3WeNKNBjA31GkM3MshSaX7uBo,wallet|transaction|wallet,|0.477861|0.892154
1Ht86srvAgQRRNYWTqoV5j1Zg8Qh6CumV8,2,wallet,1FP5MzNddgvi2HYYsPceAcupR2cT9zdSHq,False,True,3,1Ht86srvAgQRRNYWTqoV5j1Zg8Qh6CumV8|55735705|1FP5MzNddgvi2HYYsPceAcupR2cT9zdSHq,wallet|transaction|wallet,|0.793564|0.89185
1Hvc76Gy6ypDxWrFcsSJSshxmFMuzZz9Zh,2,wallet,38X4LyzPrZ4RwXgFMfb6f8gS4eWWdyhRUQ,False,True,3,1Hvc76Gy6ypDxWrFcsSJSshxmFMuzZz9Zh|272096174|38X4LyzPrZ4RwXgFMfb6f8gS4eWWdyhRUQ,wallet|transaction|wallet,|0.946449|0.891731
1Hw7y1Bntk3kc5FYUjWbbLDccHtceAQtTk,2,wallet,1K3HgKBxgpVaHLsSpchVVvQCMZs1nw4fPw,False,True,3,1Hw7y1Bntk3kc5FYUjWbbLDccHtceAQtTk|190053764|1K3HgKBxgpVaHLsSpchVVvQCMZs1nw4fPw,wallet|transaction|wallet,|0.478255|0.891797
1Hw9ReB2WmgkLaW1SiLWdXnEBFUgjMRHpu,2,wallet,12bEcq2NTVuJyt2VKnkvXHcCbRPS2aGadB,False,True,3,1Hw9ReB2WmgkLaW1SiLWdXnEBFUgjMRHpu|288593575|12bEcq2NTVuJyt2VKnkvXHcCbRPS2aGadB,wallet|transaction|wallet,|0.98332|0.891718
1HwEDAFREJaEY5V8inLTC5NQL2Vi6Seaeh,2,wallet,3C3FDMhq999oXwyK5fqp3Z6UNAiwMhC7Rn,False,True,3,1HwEDAFREJaEY5V8inLTC5NQL2Vi6Seaeh|29454726|3C3FDMhq999oXwyK5fqp3Z6UNAiwMhC7Rn,wallet|transaction|wallet,|0.0206829|0.892343
1HxdXeCepjteiTJRKoN5wgRHgHwu7XW3Z,2,wallet,36taLk9ZsYfr6Pt2MuKh5rkj69fuLtmXzn,False,True,3,1HxdXeCepjteiTJRKoN5wgRHgHwu7XW3Z|288470586|36taLk9ZsYfr6Pt2MuKh5rkj69fuLtmXzn,wallet|transaction|wallet,|0.0273666|0.893941
1HzXq32kujAqJTdZvVWXgtwxT3YRnmDZJ9,2,wallet,34LAm2uHLdPFn6SBupKWVLrbYPYyRMtcFk,False,True,3,1HzXq32kujAqJTdZvVWXgtwxT3YRnmDZJ9|272124913|34LAm2uHLdPFn6SBupKWVLrbYPYyRMtcFk,wallet|transaction|wallet,|0.987885|0.891587
1J17cxHSxZGGDKthmRbqGMmV3kmXJKQneZ,2,wallet,35KurQjk7Asa4go4tGMdS9f3PnkixjFx5v,False,True,3,1J17cxHSxZGGDKthmRbqGMmV3kmXJKQneZ|247774814|35KurQjk7Asa4go4tGMdS9f3PnkixjFx5v,wallet|transaction|wallet,|0.920977|0.891918
1J63FGhqbC8PxHjEnePRWjmJKrr7VGtr3J,2,wallet,324rXHYR9SqmnaVQdwKBJHdgBG6Gsg83Ew,False,True,3,1J63FGhqbC8PxHjEnePRWjmJKrr7VGtr3J|16729638|324rXHYR9SqmnaVQdwKBJHdgBG6Gsg83Ew,wallet|transaction|wallet,|0.226217|0.892428
1J7DwXCNZnhJn1HGmdP2ogQcGjqzFRzEz4,2,wallet,3Ph3KCPor7V29UUEuyTMBZU339wQFBeqVt,False,True,3,1J7DwXCNZnhJn1HGmdP2ogQcGjqzFRzEz4|15689800|3Ph3KCPor7V29UUEuyTMBZU339wQFBeqVt,wallet|transaction|wallet,|-0.00961682|0.891778
1J87a8pTvt26H9V4nRGDV2yMZQZKJJ87n2,2,wallet,1CNip7Z7shjERZ7K845TdgDMtfq65oNfmb,False,True,3,1J87a8pTvt26H9V4nRGDV2yMZQZKJJ87n2|154119083|1CNip7Z7shjERZ7K845TdgDMtfq65oNfmb,wallet|transaction|wallet,|0.324874|0.892033
1JCRM3o11HL8nMYoryXsPJMGattUpVuEtm,2,wallet,3CXr8guRrcA8g9z9rqck87e7nv49KkKMKy,False,True,3,1JCRM3o11HL8nMYoryXsPJMGattUpVuEtm|1061125|3CXr8guRrcA8g9z9rqck87e7nv49KkKMKy,wallet|transaction|wallet,|0.585662|0.892872
1JCvUNvDknKrWAYKrNDzwpAzk8w9zrCKn5,2,wallet,17ZddYm2WLxVpE4sJ8MX1tN4ZsUbBjidps,False,True,3,1JCvUNvDknKrWAYKrNDzwpAzk8w9zrCKn5|30179325|17ZddYm2WLxVpE4sJ8MX1tN4ZsUbBjidps,wallet|transaction|wallet,|0.982866|0.891738
1JFsAabKxaic25zMPQQHh8g3w8FeadMceY,2,wallet,1JbdmFQ1Ay4WHnGPdGq8K1yTdGLvzhem7r,False,True,3,1JFsAabKxaic25zMPQQHh8g3w8FeadMceY|100075666|1JbdmFQ1Ay4WHnGPdGq8K1yTdGLvzhem7r,wallet|transaction|wallet,|0.988422|0.891564
1JLScAzTrra9oZtc4WeJCB8iBmrpCrHGyv,2,wallet,38mTPpcMGdrHUqSM56ZDidaDZzvNs6LPoC,False,True,3,1JLScAzTrra9oZtc4WeJCB8iBmrpCrHGyv|85005017|38mTPpcMGdrHUqSM56ZDidaDZzvNs6LPoC,wallet|transaction|wallet,|0.984177|0.891651
1JMRTXKPw84S6XfYyiTgapYZSjmUyKeXpn,2,wallet,1QBHzsZSRLf1qrpxYpwTugxVD3663yeMXM,False,True,3,1JMRTXKPw84S6XfYyiTgapYZSjmUyKeXpn|30179448|1QBHzsZSRLf1qrpxYpwTugxVD3663yeMXM,wallet|transaction|wallet,|0.982862|0.891739
1JQAcChp1XPCHW4Qf5WvKPVM5vADTG39HV,2,wallet,333NdhjJ83DroS26YcrjRP2GfU71nE23Ma,False,True,3,1JQAcChp1XPCHW4Qf5WvKPVM5vADTG39HV|179193468|333NdhjJ83DroS26YcrjRP2GfU71nE23Ma,wallet|transaction|wallet,|0.00489219|0.893409
1JRTqsjz6wcCM5WC8nztNNuxYivqrvJLsh,2,wallet,1PFTCySm1M1cWspz5EMUJz8BfC9TtTFJkW,False,True,3,1JRTqsjz6wcCM5WC8nztNNuxYivqrvJLsh|199939493|1PFTCySm1M1cWspz5EMUJz8BfC9TtTFJkW,wallet|transaction|wallet,|0.981612|0.891763
1JS24WQoCMPvscAw7fp5gwJgrq2wyxDTL,2,wallet,1QEYacH6uRFsq6GFSvYfVaK8vzg5FzCEAs,False,True,3,1JS24WQoCMPvscAw7fp5gwJgrq2wyxDTL|243780853|1QEYacH6uRFsq6GFSvYfVaK8vzg5FzCEAs,wallet|transaction|wallet,|0.988897|0.891533
1JSF7nwRksTkmWHR7J5JEReyeaMX8YXFDY,2,wallet,177phvdYJKRMYYjXcXLvxUjJ4UWAs7QKyX,False,True,3,1JSF7nwRksTkmWHR7J5JEReyeaMX8YXFDY|268819379|177phvdYJKRMYYjXcXLvxUjJ4UWAs7QKyX,wallet|transaction|wallet,|0.987795|0.8916
1JUGGE3M9DSXJkAzZRb9cKoCemdZtqh8WL,2,wallet,1NL8ag76hUxkUxQDThezdw1Cy7jQ72WmN9,False,True,3,1JUGGE3M9DSXJkAzZRb9cKoCemdZtqh8WL|57056468|1NL8ag76hUxkUxQDThezdw1Cy7jQ72WmN9,wallet|transaction|wallet,|0.151136|0.892168
1JUtUpMu16tE83ANXMVQKHpAbmBch7xxQo,2,wallet,39ujFjLaVmZjHPDPqtJkPdEV3yGqdsUMKD,False,True,3,1JUtUpMu16tE83ANXMVQKHpAbmBch7xxQo|99676405|39ujFjLaVmZjHPDPqtJkPdEV3yGqdsUMKD,wallet|transaction|wallet,|0.283751|0.894574
1JXNd9soXTEziusmghQ1qcZ2YHmX2KUd3J,2,wallet,3MLQ7vy59DBF7zf8rcFiJPWddABL7RFg8g,False,True,3,1JXNd9soXTEziusmghQ1qcZ2YHmX2KUd3J|312228916|3MLQ7vy59DBF7zf8rcFiJPWddABL7RFg8g,wallet|transaction|wallet,|0.983724|0.891617
1JYWEioQN2UEqD15LGYHysuBKgtaofUBz,2,wallet,3FYeoyDA5CqRxUsnWE1unLLZSKFuCspJHU,False,True,3,1JYWEioQN2UEqD15LGYHysuBKgtaofUBz|355009904|3FYeoyDA5CqRxUsnWE1unLLZSKFuCspJHU,wallet|transaction|wallet,|0.979695|0.891728
1JeNoyWMpBUUCygy1vJS1HYE7QbVrjAz8r,2,wallet,1P6DBF5gimSGfxdkpdzSN3tGNkFJFHbw2e,False,True,3,1JeNoyWMpBUUCygy1vJS1HYE7QbVrjAz8r|269006934|1P6DBF5gimSGfxdkpdzSN3tGNkFJFHbw2e,wallet|transaction|wallet,|0.986326|0.905943
1Jf3YMfBJMX4qakMpeEvVht4WVHJfgwuCs,2,wallet,339m3ckZZyYpCseTxCyZzM9SekgXARLmQ6,False,True,3,1Jf3YMfBJMX4qakMpeEvVht4WVHJfgwuCs|272501598|339m3ckZZyYpCseTxCyZzM9SekgXARLmQ6,wallet|transaction|wallet,|0.986596|0.891611
1Jg2CV3VaXMa6y8p5BJ2vFcw8e1arJWtQ1,2,wallet,1E6VdpXWTXjrbtVrMvjx4MUvhQTtVg74eM,False,True,3,1Jg2CV3VaXMa6y8p5BJ2vFcw8e1arJWtQ1|100075056|1E6VdpXWTXjrbtVrMvjx4MUvhQTtVg74eM,wallet|transaction|wallet,|0.987954|0.908027
1Jhup3PUxjyaxgMdA1TDgUQk13dnCJSPZb,2,wallet,1FD1kosBC3f1kvcGHRubQ5RUXK3LGFyfFT,False,True,3,1Jhup3PUxjyaxgMdA1TDgUQk13dnCJSPZb|268805558|1FD1kosBC3f1kvcGHRubQ5RUXK3LGFyfFT,wallet|transaction|wallet,|0.987785|0.891601
1JjBxfD4Dxh4BfcZo9ZqnhVzpiyYb9RLmx,2,wallet,1NxhMey3TgEr6queHbNxoxEhzhr9DHWA9x,False,True,3,1JjBxfD4Dxh4BfcZo9ZqnhVzpiyYb9RLmx|355111003|1NxhMey3TgEr6queHbNxoxEhzhr9DHWA9x,wallet|transaction|wallet,|0.985627|0.891671
1JjoDCyUchLVJkaFxYYBztQNtx4hnFf6uG,2,wallet,1Ft2YCXjcHfdespi33PqznDe7BwQpqBNNd,False,True,3,1JjoDCyUchLVJkaFxYYBztQNtx4hnFf6uG|331612443|1Ft2YCXjcHfdespi33PqznDe7BwQpqBNNd,wallet|transaction|wallet,|0.988348|0.891574
1Jm4xGwTyDatYgB6jGfPTSYrq2KjWXqLCP,2,wallet,39JX8i5399diyzXaP1oSBq2bVuZW7ZyKYL,False,True,3,1Jm4xGwTyDatYgB6jGfPTSYrq2KjWXqLCP|272175846|39JX8i5399diyzXaP1oSBq2bVuZW7ZyKYL,wallet|transaction|wallet,|0.985613|0.891625
1JnBBHa2N1kXHnd72Ukr3wNRVfbptAhQ2N,2,wallet,18CdaZ5V9cqTdaPHLPer7yKusewBzGJ1LA,False,True,3,1JnBBHa2N1kXHnd72Ukr3wNRVfbptAhQ2N|378066641|18CdaZ5V9cqTdaPHLPer7yKusewBzGJ1LA,wallet|transaction|wallet,|0.988903|0.89154
1JndmiNgmTMp8F9uz5Mg6iqv5YJRKLGCJJ,2,wallet,36RAtSFnQTgNbRfeJH3kowpJtDgxVdyE5P,False,True,3,1JndmiNgmTMp8F9uz5Mg6iqv5YJRKLGCJJ|85004975|36RAtSFnQTgNbRfeJH3kowpJtDgxVdyE5P,wallet|transaction|wallet,|0.965141|0.891716
1JqHtiDHSUxqUMRvjCqVx2rtdjy1gqfsNS,2,wallet,1JqxTVMJPoB5brjbekjX3sqVBagz6PM928,False,True,3,1JqHtiDHSUxqUMRvjCqVx2rtdjy1gqfsNS|272494830|1JqxTVMJPoB5brjbekjX3sqVBagz6PM928,wallet|transaction|wallet,|0.988063|0.891589
1JtoJGdwi1agP3TFeL5JnVkTs8C1KY7KYu,2,wallet,37vy4kn1eMvtmUJ4LX4ihPqY1ZsqYcom2X,False,True,3,1JtoJGdwi1agP3TFeL5JnVkTs8C1KY7KYu|268849739|37vy4kn1eMvtmUJ4LX4ihPqY1ZsqYcom2X,wallet|transaction|wallet,|0.983374|0.891639
1Jykszpp2f7brc8mBBgZKH5iTVSAUt5Mnw,2,wallet,38iUqLcg3ask7kc59Th4jYm1RTJmjq9VND,False,True,3,1Jykszpp2f7brc8mBBgZKH5iTVSAUt5Mnw|285935806|38iUqLcg3ask7kc59Th4jYm1RTJmjq9VND,wallet|transaction|wallet,|-0.00961682|-0.0866377
1K11CEkKtzWGotJiUhZ3Xu7pGgextrfpME,2,wallet,1A4Gncot85PAbpew8qdPFrLYvhvCoSpiVF,False,True,3,1K11CEkKtzWGotJiUhZ3Xu7pGgextrfpME|86934066|1A4Gncot85PAbpew8qdPFrLYvhvCoSpiVF,wallet|transaction|wallet,|0.987809|0.891601
1K1Svm5ZAU4XiXHdDZwy2Cxbn6FsQ2npV2,2,wallet,34UQR1ekK3xM4LQQLpw85usgnqGSLsgC6P,False,True,3,1K1Svm5ZAU4XiXHdDZwy2Cxbn6FsQ2npV2|36965025|34UQR1ekK3xM4LQQLpw85usgnqGSLsgC6P,wallet|transaction|wallet,|0.825503|0.892028
1K2JYcmxHVhvNJdXXZqHHtM941Xz6m6EcE,2,wallet,3JNSdDX94ab882HsyokFFW1T1SNeu2GT4v,False,True,3,1K2JYcmxHVhvNJdXXZqHHtM941Xz6m6EcE|205633185|3JNSdDX94ab882HsyokFFW1T1SNeu2GT4v,wallet|transaction|wallet,|0.727503|0.892406
1K3QXCtqD3mQCB3xk6Myy5e5MdnWQ7zHbt,2,wallet,3AZikDQDERVMeidx8i6sfcPmPdWSFLYgq8,False,True,3,1K3QXCtqD3mQCB3xk6Myy5e5MdnWQ7zHbt|100075242|3AZikDQDERVMeidx8i6sfcPmPdWSFLYgq8,wallet|transaction|wallet,|0.988437|0.891568
1K3iK5DjeEzseBRiPnGpK15Nm2MMdi3MVe,2,wallet,333NdhjJ83DroS26YcrjRP2GfU71nE23Ma,False,True,3,1K3iK5DjeEzseBRiPnGpK15Nm2MMdi3MVe|179193468|333NdhjJ83DroS26YcrjRP2GfU71nE23Ma,wallet|transaction|wallet,|0.00489219|0.893409
1K7XKM3KGbNrPEPeHqYXTQMVMDJgsEfCjF,2,wallet,38iUqLcg3ask7kc59Th4jYm1RTJmjq9VND,False,True,3,1K7XKM3KGbNrPEPeHqYXTQMVMDJgsEfCjF|285935806|38iUqLcg3ask7kc59Th4jYm1RTJmjq9VND,wallet|transaction|wallet,|-0.00961682|-0.0866377
1K9NwGYFuL5tukdkUPSfvuC94vvMrF2dC6,2,wallet,3JHv4H3k8f73ERGX3ux5oJG3srDBhhMKhB,False,True,3,1K9NwGYFuL5tukdkUPSfvuC94vvMrF2dC6|25563902|3JHv4H3k8f73ERGX3ux5oJG3srDBhhMKhB,wallet|transaction|wallet,|0.616928|0.891947
1KHLzzvLKeggDGxJAsonKkbbMNfLVTPzMg,2,wallet,3718rTWDj8Btf89atJZeZh9HHVskbCbt2E,False,True,3,1KHLzzvLKeggDGxJAsonKkbbMNfLVTPzMg|157638198|3718rTWDj8Btf89atJZeZh9HHVskbCbt2E,wallet|transaction|wallet,|0.901508|0.892001
1KNfVd1hzxUsrhVXtvxWUS8ME6wrdEq1Ce,2,wallet,3Hbx2v1YH7UMALXeNgrcAyadQFQd19D57G,False,True,3,1KNfVd1hzxUsrhVXtvxWUS8ME6wrdEq1Ce|313613074|3Hbx2v1YH7UMALXeNgrcAyadQFQd19D57G,wallet|transaction|wallet,|0.97394|0.891665
1KPeAtNTaJLCwFkrdAjo6JETUBz4SsG5sK,2,wallet,354nJAzZaw3CGbqNtNEPPh7w9WZvCgxark,False,True,3,1KPeAtNTaJLCwFkrdAjo6JETUBz4SsG5sK|268861287|354nJAzZaw3CGbqNtNEPPh7w9WZvCgxark,wallet|transaction|wallet,|0.982764|0.891645
1KQZqCkbHgXD2V3CtUSqaeyRMNz6pW8HWd,2,wallet,32b53Lq7oxvaRYNCtBWS5Qjr5DY71CbQe7,False,True,3,1KQZqCkbHgXD2V3CtUSqaeyRMNz6pW8HWd|10174881|32b53Lq7oxvaRYNCtBWS5Qjr5DY71CbQe7,wallet|transaction|wallet,|0.695916|0.892112
1KRSaQ6zYkpHQ77iAJmbZ7E28ef6nZh3hu,2,wallet,3JMq398rmxdcKA1w7euF2PHz826csEZNTE,False,True,3,1KRSaQ6zYkpHQ77iAJmbZ7E28ef6nZh3hu|69439512|3JMq398rmxdcKA1w7euF2PHz826csEZNTE,wallet|transaction|wallet,|0.980762|0.891657
1KTEGmBYLgMo4tYcHy3fMvCFFmmSFcabY2,2,wallet,36cPsqbZDQ6Lcf4G1g639RwwMGdoj3guMk,False,True,3,1KTEGmBYLgMo4tYcHy3fMvCFFmmSFcabY2|92108353|36cPsqbZDQ6Lcf4G1g639RwwMGdoj3guMk,wallet|transaction|wallet,|0.972303|0.891806
1KUc1KApU1c47iRxXirWeJ48814mr5Gjim,2,wallet,31uhUhpR6mkWJL3QNYxavcAQPHUxFv46aq,False,True,3,1KUc1KApU1c47iRxXirWeJ48814mr5Gjim|11320206|31uhUhpR6mkWJL3QNYxavcAQPHUxFv46aq,wallet|transaction|wallet,|0.83817|0.892047
1KUcoGYuz2W1TEWypH5Cv6yYCmYBJ6VG5q,2,wallet,3BwV7AoyFk5z3DzNC5UWkpdcFSQJhh6Bj4,False,True,3,1KUcoGYuz2W1TEWypH5Cv6yYCmYBJ6VG5q|99932520|3BwV7AoyFk5z3DzNC5UWkpdcFSQJhh6Bj4,wallet|transaction|wallet,|0.985884|0.891581
1KWuCT3C79Up5fWALKZy4zptAZvaR2SQg4,2,wallet,1Gjt3wkSsP9svuQTg92vgxXfqeDuvjFJuv,False,True,3,1KWuCT3C79Up5fWALKZy4zptAZvaR2SQg4|238506100|1Gjt3wkSsP9svuQTg92vgxXfqeDuvjFJuv,wallet|transaction|wallet,|0.814044|0.8918
1KYJqRKJEoczrCrbwEqsiAtJPhNR1E8mJh,2,wallet,3KtVfL1AEaswd9nmBJvDNPaD5f24dXbS3W,False,True,3,1KYJqRKJEoczrCrbwEqsiAtJPhNR1E8mJh|84372506|3KtVfL1AEaswd9nmBJvDNPaD5f24dXbS3W,wallet|transaction|wallet,|0.98012|0.891667
1Kb3emT8GHnwyBMirdKQqVAmLYXqftNXzP,2,wallet,36KjeQHUrDsFkFkWjUesTo8J8LPwc839aQ,False,True,3,1Kb3emT8GHnwyBMirdKQqVAmLYXqftNXzP|130377005|36KjeQHUrDsFkFkWjUesTo8J8LPwc839aQ,wallet|transaction|wallet,|0.980972|0.891638
1Kc9zfY9GnpU27gFpS5rXFPQkyWirLz67e,2,wallet,1BBeyUXK9rXtH6k75KomSUem6wjRcgBhRw,False,True,3,1Kc9zfY9GnpU27gFpS5rXFPQkyWirLz67e|167790063|1BBeyUXK9rXtH6k75KomSUem6wjRcgBhRw,wallet|transaction|wallet,|0.980897|0.903992
1KfUphuuQAqKhpJU3qQrdJ5hJJQKrsFNBg,2,wallet,35k7uBbWca1m3Hc97L4vtPBaD2p2779Ese,False,True,3,1KfUphuuQAqKhpJU3qQrdJ5hJJQKrsFNBg|331577177|35k7uBbWca1m3Hc97L4vtPBaD2p2779Ese,wallet|transaction|wallet,|0.987026|0.891603
1KfYbeki5YtJpdu6da57h8SGk8QAsihqiz,2,wallet,3HkPJGQgaYnKYiAKsDHr6r2jMVDtZEHN6m,False,True,3,1KfYbeki5YtJpdu6da57h8SGk8QAsihqiz|72897869|3HkPJGQgaYnKYiAKsDHr6r2jMVDtZEHN6m,wallet|transaction|wallet,|0.686466|0.892055
1KhMmhhRB5hPS9fFMsgrr5mFmzZeuycET9,2,wallet,3Hbx2v1YH7UMALXeNgrcAyadQFQd19D57G,False,True,3,1KhMmhhRB5hPS9fFMsgrr5mFmzZeuycET9|313613074|3Hbx2v1YH7UMALXeNgrcAyadQFQd19D57G,wallet|transaction|wallet,|0.97394|0.891665
1KiLzLU1AyP62i9ApdZatfoda1TR5BZJf5,2,wallet,1PY4hyLrBYai2YzmsTNzPSSYEda76Q2ym1,False,True,3,1KiLzLU1AyP62i9ApdZatfoda1TR5BZJf5|84512590|1PY4hyLrBYai2YzmsTNzPSSYEda76Q2ym1,wallet|transaction|wallet,|0.98795|0.891608
1KjrqiJcQiDHzSPhX3an4BD4pVcHbcbAjK,2,wallet,1HD5Mz5EutsTF2bBKQiZPd4Ho5BWJvgsDM,False,True,3,1KjrqiJcQiDHzSPhX3an4BD4pVcHbcbAjK|30179334|1HD5Mz5EutsTF2bBKQiZPd4Ho5BWJvgsDM,wallet|transaction|wallet,|0.982817|0.891739
1Ko1ktxYRqwJNXzDcRKLq1BPUmwgBNjoNL,2,wallet,38Jt9Bb2sUX9zCKqAzbEborD3N1LiL6JKJ,False,True,3,1Ko1ktxYRqwJNXzDcRKLq1BPUmwgBNjoNL|74699742|38Jt9Bb2sUX9zCKqAzbEborD3N1LiL6JKJ,wallet|transaction|wallet,|0.702588|0.892089
1Kp9bSWQFSkopuc2fcpZMnwzGj4kRotaGQ,2,wallet,35PVtsUn94Ho8J1uitwPJ5tpiNUZjF5ebT,False,True,3,1Kp9bSWQFSkopuc2fcpZMnwzGj4kRotaGQ|43840946|35PVtsUn94Ho8J1uitwPJ5tpiNUZjF5ebT,wallet|transaction|wallet,|0.201566|0.892209
1KqtBNpjJdk9QzyqyfPaXdiGg93mewmnzL,2,wallet,37GG8q1Jgx5MCGW6YZpXE6NHhekxJi97L1,False,True,3,1KqtBNpjJdk9QzyqyfPaXdiGg93mewmnzL|311254062|37GG8q1Jgx5MCGW6YZpXE6NHhekxJi97L1,wallet|transaction|wallet,|0.576915|0.891655
1KtJwR52ZAvK476XBFR4157r1nyXBMBPjn,2,wallet,36taLk9ZsYfr6Pt2MuKh5rkj69fuLtmXzn,False,True,3,1KtJwR52ZAvK476XBFR4157r1nyXBMBPjn|288470586|36taLk9ZsYfr6Pt2MuKh5rkj69fuLtmXzn,wallet|transaction|wallet,|0.0273666|0.893941
1KwCyk24jvWJT7oo9p9ktHGAY9wZwRMdQs,2,wallet,3Bpbev1NCGA2yJBao8yVzNYFe7boER3b4F,False,True,3,1KwCyk24jvWJT7oo9p9ktHGAY9wZwRMdQs|332329138|3Bpbev1NCGA2yJBao8yVzNYFe7boER3b4F,wallet|transaction|wallet,|0.98612|0.891606
1KyArW7niDSmtf83FTS9kuJkFgJv5pjccU,2,wallet,19ZHWgV84PPZNqE9aeEMX9qtsRVokmH4Ez,False,True,3,1KyArW7niDSmtf83FTS9kuJkFgJv5pjccU|331557594|19ZHWgV84PPZNqE9aeEMX9qtsRVokmH4Ez,wallet|transaction|wallet,|0.988352|0.891584
1KzQ64A2bTctnyNk3rNSeM5Bi9oCEjsymJ,2,wallet,3L9fvHSsVdrFHGPqkWUDkX78rgKGQM8zuD,False,True,3,1KzQ64A2bTctnyNk3rNSeM5Bi9oCEjsymJ|99675752|3L9fvHSsVdrFHGPqkWUDkX78rgKGQM8zuD,wallet|transaction|wallet,|0.987206|0.891569
1KzjtzRvU3DmXdNEdpoj3kty6jJ1zf8mP8,2,wallet,1Fx3vHZgKHNtUCgaXDnqjFdUijngFRSKg5,False,True,3,1KzjtzRvU3DmXdNEdpoj3kty6jJ1zf8mP8|269034451|1Fx3vHZgKHNtUCgaXDnqjFdUijngFRSKg5,wallet|transaction|wallet,|0.987914|0.891596
1L36UULwYA9w3Y27Bheo6odd6TEjgamZEG,2,wallet,38MCUze3wwMhpmif4jpDZzx2pWEhyKEBxq,False,True,3,1L36UULwYA9w3Y27Bheo6odd6TEjgamZEG|85004955|38MCUze3wwMhpmif4jpDZzx2pWEhyKEBxq,wallet|transaction|wallet,|0.987513|0.891631
1L3ooFenQcav86FFf7SbKPiuc2QMuBjMCX,2,wallet,3Mjnwh7GAttswV4XEv7rUJMpitcj3FZtPE,False,True,3,1L3ooFenQcav86FFf7SbKPiuc2QMuBjMCX|252180915|3Mjnwh7GAttswV4XEv7rUJMpitcj3FZtPE,wallet|transaction|wallet,|0.983634|0.891638
1L46bfijxtNjpMghHYqbAR9EUfToGU5v9k,2,wallet,39q3XCCSGUoJfzrcLRRVqECx82Q8BfGNL3,False,True,3,1L46bfijxtNjpMghHYqbAR9EUfToGU5v9k|100075232|39q3XCCSGUoJfzrcLRRVqECx82Q8BfGNL3,wallet|transaction|wallet,|0.987381|0.891573
1LAKGmsMTqiMF8wBzWtfZZ56bQDrK7JbXg,2,wallet,1DmLqma94mrqFDfhJGVm6beCTTkVJEs4y6,False,True,3,1LAKGmsMTqiMF8wBzWtfZZ56bQDrK7JbXg|241492896|1DmLqma94mrqFDfhJGVm6beCTTkVJEs4y6,wallet|transaction|wallet,|0.988594|0.891531
1LCwwzZXRFDuX2wbJFtEsrk9dJgT6jDqAm,2,wallet,3PVahv4ePdEcXJbzehbtM6gyskguQy5i5q,False,True,3,1LCwwzZXRFDuX2wbJFtEsrk9dJgT6jDqAm|25244255|3PVahv4ePdEcXJbzehbtM6gyskguQy5i5q,wallet|transaction|wallet,|0.505244|0.892177
1LDtKBCxF1vNuNKHv1j4MsUq7Jja8Q6DWt,2,wallet,1CxRK1oZRnsJJ8CcLFDcv6soZt2m4aiYCZ,False,True,3,1LDtKBCxF1vNuNKHv1j4MsUq7Jja8Q6DWt|100075801|1CxRK1oZRnsJJ8CcLFDcv6soZt2m4aiYCZ,wallet|transaction|wallet,|-0.00933757|-0.0813273
1LEWzzLGXB7ZFCCwYGbRowgbXVYvwXgX1D,2,wallet,35fNF5Uwbsoa5ABPCUvKZNyuAV7S9sJTou,False,True,3,1LEWzzLGXB7ZFCCwYGbRowgbXVYvwXgX1D|307765134|35fNF5Uwbsoa5ABPCUvKZNyuAV7S9sJTou,wallet|transaction|wallet,|0.935472|0.893351
1LF8WVoSEMiWYd4AfrTDWRiENau7E22yQw,2,wallet,3C3FDMhq999oXwyK5fqp3Z6UNAiwMhC7Rn,False,True,3,1LF8WVoSEMiWYd4AfrTDWRiENau7E22yQw|29454726|3C3FDMhq999oXwyK5fqp3Z6UNAiwMhC7Rn,wallet|transaction|wallet,|0.0206829|0.892343
1LGBArncE3LGP5oS3YBTnVrT33ZPL67Bmb,2,wallet,3KAPMmreuckZkW4kdWvJpVJUShw9JWWmii,False,True,3,1LGBArncE3LGP5oS3YBTnVrT33ZPL67Bmb|112290319|3KAPMmreuckZkW4kdWvJpVJUShw9JWWmii,wallet|transaction|wallet,|0.678624|0.892065
1LHmBwvxWYG5uKAKTfqfTNX7nSrReZGxxP,2,wallet,1Mfe7rEz1cBfZxJUqmgWzuNbUqGeSgr1Ne,False,True,3,1LHmBwvxWYG5uKAKTfqfTNX7nSrReZGxxP|83421767|1Mfe7rEz1cBfZxJUqmgWzuNbUqGeSgr1Ne,wallet|transaction|wallet,|0.16246|0.780223
1LKrZ9aTjBywRdP3ajvQ67fFE7wghwadNn,2,wallet,3CuS6iwLFPtCWLAzZzLBQbmXuyySEXKgyB,False,True,3,1LKrZ9aTjBywRdP3ajvQ67fFE7wghwadNn|249970724|3CuS6iwLFPtCWLAzZzLBQbmXuyySEXKgyB,wallet|transaction|wallet,|0.842399|0.891926
1LQfEZQPvxcBbakEr4DSPMqwTC9QEcDPoT,2,wallet,1DuAF5t4RSxDfZEcee8heF8oTdrNJGzniJ,False,True,3,1LQfEZQPvxcBbakEr4DSPMqwTC9QEcDPoT|100075247|1DuAF5t4RSxDfZEcee8heF8oTdrNJGzniJ,wallet|transaction|wallet,|0.988782|0.891564
1LRHPJxuaCNdY3fvchdKwNEQRsZ643JsCA,2,wallet,1NWxqYcdmtAfmF2EGRYPEABgTWB6Az6tiB,False,True,3,1LRHPJxuaCNdY3fvchdKwNEQRsZ643JsCA|376243446|1NWxqYcdmtAfmF2EGRYPEABgTWB6Az6tiB,wallet|transaction|wallet,|0.985735|0.891672
1LTp5tVupDoV2Phdz9XCnDArMy4Rs9mnLr,2,wallet,14YTsx7pg1F1SZGTwPWFg9LSvuhWgTjwe4,False,True,3,1LTp5tVupDoV2Phdz9XCnDArMy4Rs9mnLr|336437280|14YTsx7pg1F1SZGTwPWFg9LSvuhWgTjwe4,wallet|transaction|wallet,|0.988224|0.89158
1LVpL1Sw6RL85JPhaxbDDb6ud4ZTm6wRKq,2,wallet,33Hb2pECEjCmC73REUggAyt1zt7PGjDtFi,False,True,3,1LVpL1Sw6RL85JPhaxbDDb6ud4ZTm6wRKq|220597601|33Hb2pECEjCmC73REUggAyt1zt7PGjDtFi,wallet|transaction|wallet,|0.981939|0.891646
1LXbeK1MFUhMV4jydiQNnZKwR3KU6vc8i7,2,wallet,1PZw3yz7Yy3J5rrXGKgeDhGG8yA6tw3H7N,False,True,3,1LXbeK1MFUhMV4jydiQNnZKwR3KU6vc8i7|98290396|1PZw3yz7Yy3J5rrXGKgeDhGG8yA6tw3H7N,wallet|transaction|wallet,|0.985908|0.891665
1LYkux6J86Mdq89EkZvK9Cc7XQyjKim7iW,2,wallet,18CdaZ5V9cqTdaPHLPer7yKusewBzGJ1LA,False,True,3,1LYkux6J86Mdq89EkZvK9Cc7XQyjKim7iW|378066641|18CdaZ5V9cqTdaPHLPer7yKusewBzGJ1LA,wallet|transaction|wallet,|0.988903|0.89154
1LYxRBv6exkzmDjjEF3hXiswkYR9dwvzs1,2,wallet,3QjQitHTdJvcF79kXLSMaCRKKpx48QVBxa,False,True,3,1LYxRBv6exkzmDjjEF3hXiswkYR9dwvzs1|30061075|3QjQitHTdJvcF79kXLSMaCRKKpx48QVBxa,wallet|transaction|wallet,|0.936481|0.891871
1LawscHAHpUeJEVq48qCdbbwNcBbDbVsH5,2,wallet,36xSQoXT2hwVLVUJQn2w7oWtj9r1tBdRDS,False,True,3,1LawscHAHpUeJEVq48qCdbbwNcBbDbVsH5|99676831|36xSQoXT2hwVLVUJQn2w7oWtj9r1tBdRDS,wallet|transaction|wallet,|0.986695|0.891578
1Ld5RdTgdwnjiDJSbXxuu3iaTCJ5nDyQTN,2,wallet,34UQR1ekK3xM4LQQLpw85usgnqGSLsgC6P,False,True,3,1Ld5RdTgdwnjiDJSbXxuu3iaTCJ5nDyQTN|36965025|34UQR1ekK3xM4LQQLpw85usgnqGSLsgC6P,wallet|transaction|wallet,|0.825503|0.892028
1LdGMGq8MBF7FRcoN5fR19bTzGuNKZMcCM,2,wallet,13wuf7ZjaHidnpBnkTJBfALcdzbNVzZZqK,False,True,3,1LdGMGq8MBF7FRcoN5fR19bTzGuNKZMcCM|372690438|13wuf7ZjaHidnpBnkTJBfALcdzbNVzZZqK,wallet|transaction|wallet,|0.988455|0.891571
1LduwhcSkz4eEFnwagnKWykcbHJc7p69KU,2,wallet,1J6kEzqEABgTT5fvGfWV4tPuKVCn4V2Srk,False,True,3,1LduwhcSkz4eEFnwagnKWykcbHJc7p69KU|294375726|1J6kEzqEABgTT5fvGfWV4tPuKVCn4V2Srk,wallet|transaction|wallet,|0.985171|0.891634
1LeP692TPSeuwdRQuCmSjTgHyJDC43nAxt,2,wallet,17grfHa9v9caG71TxeoSemrCfLELX6gncP,False,True,3,1LeP692TPSeuwdRQuCmSjTgHyJDC43nAxt|269235429|17grfHa9v9caG71TxeoSemrCfLELX6gncP,wallet|transaction|wallet,|0.98827|0.891587
1LgaiM89zJVxAiSWMqmRoQq3JZ6ugMRJMf,2,wallet,3EBNioHugZXDR9Hjd1e3fgdUz7gAmM9sXg,False,True,3,1LgaiM89zJVxAiSWMqmRoQq3JZ6ugMRJMf|155114148|3EBNioHugZXDR9Hjd1e3fgdUz7gAmM9sXg,wallet|transaction|wallet,|-0.00961682|0.891573
1LjQWdyM4Ra4NosgDqS9HjzMCXmDRMgmDj,2,wallet,1WiQozgNrkpHjejD1tYrJwXWnYjtVdonA,False,True,3,1LjQWdyM4Ra4NosgDqS9HjzMCXmDRMgmDj|255226747|1WiQozgNrkpHjejD1tYrJwXWnYjtVdonA,wallet|transaction|wallet,|-0.00961682|-0.0866377
1LmmgoELJX9MR8Szvkob6HiAudmp4JakjX,2,wallet,37N9B8HocZ2HzDhjNJ8RNayMG2U4cYHxQZ,False,True,3,1LmmgoELJX9MR8Szvkob6HiAudmp4JakjX|272100663|37N9B8HocZ2HzDhjNJ8RNayMG2U4cYHxQZ,wallet|transaction|wallet,|0.985716|0.891622
1LnKufcCuVB6GbVSovmDbybzRpJ3yboxkd,2,wallet,198iVsQaPn8Famm3ydayKUstVb4fMFZiWE,False,True,3,1LnKufcCuVB6GbVSovmDbybzRpJ3yboxkd|269103156|198iVsQaPn8Famm3ydayKUstVb4fMFZiWE,wallet|transaction|wallet,|0.987956|0.891594
1LniiCrig2YdT91BzuEgaBA59FzPxUqV2A,2,wallet,1GXyrzRPMZitzRe76VZmDbUv6coiopdccK,False,True,3,1LniiCrig2YdT91BzuEgaBA59FzPxUqV2A|30179843|1GXyrzRPMZitzRe76VZmDbUv6coiopdccK,wallet|transaction|wallet,|0.982294|0.89175
1LpmYVSgts4ijQd5DTeVNqjQRSqH1zUMhS,2,wallet,1EdcxLTY1Ne3jQk5iyLtxTHWHZccAemPM8,False,True,3,1LpmYVSgts4ijQd5DTeVNqjQRSqH1zUMhS|194172820|1EdcxLTY1Ne3jQk5iyLtxTHWHZccAemPM8,wallet|transaction|wallet,|0.983253|0.904083
1LujS2t1bed7XVqvEvJXDXm2G5cPEKLUoG,2,wallet,15FByhxNwzYTzXneVB1NKSarTMfZULcepn,False,True,3,1LujS2t1bed7XVqvEvJXDXm2G5cPEKLUoG|372690430|15FByhxNwzYTzXneVB1NKSarTMfZULcepn,wallet|transaction|wallet,|0.988417|0.891566
1LvdMZJ1aS39NfVwd7ZECRSyV8cWQb4Vvh,2,wallet,1DuPHnjyAVzEXNmPFEVM7xWYeijqzEdd41,False,True,3,1LvdMZJ1aS39NfVwd7ZECRSyV8cWQb4Vvh|218079798|1DuPHnjyAVzEXNmPFEVM7xWYeijqzEdd41,wallet|transaction|wallet,|0.986996|0.89151
1Lvtgk1sxen4ssGhNqHtmynP8r4pTsVrBb,2,wallet,33vXEjSv1NWqDXCJyNNJ4K7ydxF5Twnxti,False,True,3,1Lvtgk1sxen4ssGhNqHtmynP8r4pTsVrBb|23377758|33vXEjSv1NWqDXCJyNNJ4K7ydxF5Twnxti,wallet|transaction|wallet,|0.544935|0.892108
1LwV1voDFzVuAsrTiPp9bRYJjsrCM6aWJr,2,wallet,1CePSPfYPMuR9UYsjKELg3EtLQrTWEhqyj,False,True,3,1LwV1voDFzVuAsrTiPp9bRYJjsrCM6aWJr|71482482|1CePSPfYPMuR9UYsjKELg3EtLQrTWEhqyj,wallet|transaction|wallet,|-0.00922989|-0.0796838
1LxfkgoTYKJZWjUdtxvhf8ZtbG3515eQzc,2,wallet,37U1BcQvTAfgkSJnFegekjdKJ5SFUAg4Hy,False,True,3,1LxfkgoTYKJZWjUdtxvhf8ZtbG3515eQzc|332563582|37U1BcQvTAfgkSJnFegekjdKJ5SFUAg4Hy,wallet|transaction|wallet,|-0.0093533|0.896537
1LxjAhbzjQskt4pUQyMMt8ZBy6XeEJy5ep,2,wallet,1EJeVMD5APgmRbaXkjktgMfXbzetgJWjMs,False,True,3,1LxjAhbzjQskt4pUQyMMt8ZBy6XeEJy5ep|175165963|1EJeVMD5APgmRbaXkjktgMfXbzetgJWjMs,wallet|transaction|wallet,|0.98626|0.891662
1M2kxJ6ANeQPjMjMwot484TuU7JR9TwwGB,2,wallet,3LRVntjrG3WeNKNBjA31GkM3MshSaX7uBo,False,True,3,1M2kxJ6ANeQPjMjMwot484TuU7JR9TwwGB|10174843|3LRVntjrG3WeNKNBjA31GkM3MshSaX7uBo,wallet|transaction|wallet,|0.477861|0.892154
1M3RgXxNEJj9UnpreYTEP4nmgjkbgAGRzP,2,wallet,3HSyBtR7sX1KbnPeGs3TLDTC8qWC7YpXKx,False,True,3,1M3RgXxNEJj9UnpreYTEP4nmgjkbgAGRzP|268868308|3HSyBtR7sX1KbnPeGs3TLDTC8qWC7YpXKx,wallet|transaction|wallet,|0.983026|0.891638
1M9LeiYxQwD1F4zCRo18ZyMJHbZFNJBoFC,2,wallet,1EGemf3GWvTeFCceSidBb6rqimNiL1Ln5c,False,True,3,1M9LeiYxQwD1F4zCRo18ZyMJHbZFNJBoFC|95556764|1EGemf3GWvTeFCceSidBb6rqimNiL1Ln5c,wallet|transaction|wallet,|0.983962|0.891717
1MANkm8fKy4N5TU93qYVzvrn7wpRjg4cxN,2,wallet,36BFrtDzMofR9UHaC1SCyPrvZrCnDpZULq,False,True,3,1MANkm8fKy4N5TU93qYVzvrn7wpRjg4cxN|27949058|36BFrtDzMofR9UHaC1SCyPrvZrCnDpZULq,wallet|transaction|wallet,|-0.00961682|-0.0866377
1MB6Mf8EbuF4gSJTGe6C8qM5gxmQYDsSkx,2,wallet,14AMHQcf7dEub79ZqaaagYD3p5QofV1gvG,False,True,3,1MB6Mf8EbuF4gSJTGe6C8qM5gxmQYDsSkx|85004965|14AMHQcf7dEub79ZqaaagYD3p5QofV1gvG,wallet|transaction|wallet,|0.987409|0.891616
1MCXGUW8VLJbf9rWC7PpojJCzwuMD4KMPL,2,wallet,1MheRW53oTQmi8u2bvhT8TYMSwXvzu87RM,False,True,3,1MCXGUW8VLJbf9rWC7PpojJCzwuMD4KMPL|269088781|1MheRW53oTQmi8u2bvhT8TYMSwXvzu87RM,wallet|transaction|wallet,|-0.00190331|-0.0235746
1MGfqFxPtCZ6ARsPJz1jhbuZ78jXQGnzo3,2,wallet,1PxpMjXsoHaiQq8yQn6ajqA36Mc2yGP4f3,False,True,3,1MGfqFxPtCZ6ARsPJz1jhbuZ78jXQGnzo3|355110982|1PxpMjXsoHaiQq8yQn6ajqA36Mc2yGP4f3,wallet|transaction|wallet,|0.985927|0.891665
1MJtWFyprbTwZspxtduYeawEVXsgNYFpvt,2,wallet,3JMq398rmxdcKA1w7euF2PHz826csEZNTE,False,True,3,1MJtWFyprbTwZspxtduYeawEVXsgNYFpvt|69439512|3JMq398rmxdcKA1w7euF2PHz826csEZNTE,wallet|transaction|wallet,|0.980762|0.891657
1MK1vs9SPtTSYr7NXAAaRvMmeyVDFmeKVg,2,wallet,3JNSdDX94ab882HsyokFFW1T1SNeu2GT4v,False,True,3,1MK1vs9SPtTSYr7NXAAaRvMmeyVDFmeKVg|205633185|3JNSdDX94ab882HsyokFFW1T1SNeu2GT4v,wallet|transaction|wallet,|0.727503|0.892406
1MMzpaMDXG7Tbdaa8ExGBTWpi8yrXq31n3,2,wallet,354HZoR9wdQoaMjMFs3Mzh5GJ7foVv6Eb3,False,True,3,1MMzpaMDXG7Tbdaa8ExGBTWpi8yrXq31n3|158310646|354HZoR9wdQoaMjMFs3Mzh5GJ7foVv6Eb3,wallet|transaction|wallet,|0.849555|0.891984
1MNUjD8fEQVVaWTRTUeDUsvuv6e2YHGkui,2,wallet,3JCNfkGzxrygtZpzu1gA9to1fsFG1ghTag,False,True,3,1MNUjD8fEQVVaWTRTUeDUsvuv6e2YHGkui|92107945|3JCNfkGzxrygtZpzu1gA9to1fsFG1ghTag,wallet|transaction|wallet,|0.963487|0.8918
1MSDJf2ENpMPdrxhSrNmHcVV8XESr7toDP,2,wallet,37N9B8HocZ2HzDhjNJ8RNayMG2U4cYHxQZ,False,True,3,1MSDJf2ENpMPdrxhSrNmHcVV8XESr7toDP|272100663|37N9B8HocZ2HzDhjNJ8RNayMG2U4cYHxQZ,wallet|transaction|wallet,|0.985716|0.891622
1MXxyxPNAQZJVnV5Bb8NhCKNZcruqF6N9X,2,wallet,3EWcy1SBK15BRSfT4VKD4NTeoxk6vaubYL,False,True,3,1MXxyxPNAQZJVnV5Bb8NhCKNZcruqF6N9X|104321475|3EWcy1SBK15BRSfT4VKD4NTeoxk6vaubYL,wallet|transaction|wallet,|0.347052|0.892406
1MZrPZn8TUoSEC5sFofviXBUqtffZrXHoa,2,wallet,1K14cwNxqfAKNNJM78d5rtW6XSFUDftZUe,False,True,3,1MZrPZn8TUoSEC5sFofviXBUqtffZrXHoa|10773179|1K14cwNxqfAKNNJM78d5rtW6XSFUDftZUe,wallet|transaction|wallet,|0.895896|0.891798
1Md5mFf9TDPkZtsocnC5PVQRaqYtoHVLMM,2,wallet,34iAa1QVsMGPauZi4RzgHSJWjjWezUh3Z3,False,True,3,1Md5mFf9TDPkZtsocnC5PVQRaqYtoHVLMM|312091759|34iAa1QVsMGPauZi4RzgHSJWjjWezUh3Z3,wallet|transaction|wallet,|0.986289|0.891615
1MdKDR818Vnq2w4w5FrvczHSiLnjBCnvZ7,2,wallet,1Mbeeo8riHQJhG4BzUcitto2epk8je3AGe,False,True,3,1MdKDR818Vnq2w4w5FrvczHSiLnjBCnvZ7|268982686|1Mbeeo8riHQJhG4BzUcitto2epk8je3AGe,wallet|transaction|wallet,|-0.00957195|-0.0828726
1Mh5CGfrrEVrtnm257wpQJMzwXLRCoDLfU,2,wallet,182vwg7PxxyBiiwhj9o1yLDeSMQdBhMweo,False,True,3,1Mh5CGfrrEVrtnm257wpQJMzwXLRCoDLfU|269576166|182vwg7PxxyBiiwhj9o1yLDeSMQdBhMweo,wallet|transaction|wallet,|0.987777|0.8916
1Mhq2r96soeUVLR2WcunimH7m4nLF5Vnsv,2,wallet,3LRVntjrG3WeNKNBjA31GkM3MshSaX7uBo,False,True,3,1Mhq2r96soeUVLR2WcunimH7m4nLF5Vnsv|10174843|3LRVntjrG3WeNKNBjA31GkM3MshSaX7uBo,wallet|transaction|wallet,|0.477861|0.892154
1MkaX8kdqWUCnMdhWfRjSkgZkEg1kteQK8,2,wallet,1Dsk7iDRcp5H5QnuLAXrTXfc6Pvq53D6WJ,False,True,3,1MkaX8kdqWUCnMdhWfRjSkgZkEg1kteQK8|246038424|1Dsk7iDRcp5H5QnuLAXrTXfc6Pvq53D6WJ,wallet|transaction|wallet,|0.986894|0.891627
1MoSbTRxG2xd932666GZPkRBosc1knSvyv,2,wallet,3FMxEmNfDycwELFCkkYezWth5uhKfQo7s8,False,True,3,1MoSbTRxG2xd932666GZPkRBosc1knSvyv|9259519|3FMxEmNfDycwELFCkkYezWth5uhKfQo7s8,wallet|transaction|wallet,|0.714639|0.891955
1MpQWohM7o7UeGSSKcNeMX45HdmQM2tNpW,2,wallet,1AkPS83F4MusheHQ7a92Geh59E5VNCZsMD,False,True,3,1MpQWohM7o7UeGSSKcNeMX45HdmQM2tNpW|84785014|1AkPS83F4MusheHQ7a92Geh59E5VNCZsMD,wallet|transaction|wallet,|0.987823|0.891606
1MqPjmY3ZSEiN8xCPvamfSiTGZZJPc6sw9,2,wallet,1B9Ec2mvrLXbQ1ZSK499CssdyGsu174viU,False,True,3,1MqPjmY3ZSEiN8xCPvamfSiTGZZJPc6sw9|2842440|1B9Ec2mvrLXbQ1ZSK499CssdyGsu174viU,wallet|transaction|wallet,|0.0146065|0.892628
1MqrDEv5uZtjYvPEz52nmKvPSmVNVDpDj2,2,wallet,3PeK3kfXJEFihTSYM3svfAzTWHvoxidL4M,False,True,3,1MqrDEv5uZtjYvPEz52nmKvPSmVNVDpDj2|165065715|3PeK3kfXJEFihTSYM3svfAzTWHvoxidL4M,wallet|transaction|wallet,|-0.00961682|0.891565
1MubwDm7wsu7nH7zjDZFYrRV7e4S2LX1rY,2,wallet,3EbsSuH5gtbdctYw7Bd7mGxE7DGP4QHq4k,False,True,3,1MubwDm7wsu7nH7zjDZFYrRV7e4S2LX1rY|268855050|3EbsSuH5gtbdctYw7Bd7mGxE7DGP4QHq4k,wallet|transaction|wallet,|0.978569|0.891658
1MvZWv2UwHMqsg3AuiRHf3RDMx6xt6JM6v,2,wallet,3PNqebMDzpk5bRq4n6LBuboKSVazsFseac,False,True,3,1MvZWv2UwHMqsg3AuiRHf3RDMx6xt6JM6v|2595204|3PNqebMDzpk5bRq4n6LBuboKSVazsFseac,wallet|transaction|wallet,|0.900514|0.891963
1MywAyUMLD9CcJhmrcin7owV4RGGusgsDi,2,wallet,1R5LhENdp5u3Y9NBqMvLRCehrZ8UKNdn7,False,True,3,1MywAyUMLD9CcJhmrcin7owV4RGGusgsDi|355012161|1R5LhENdp5u3Y9NBqMvLRCehrZ8UKNdn7,wallet|transaction|wallet,|0.985872|0.891665
1N42NsZFoebNc4PCh4QcqAWriopURt66cy,2,wallet,36eWvVNoDNrJk4SuKGYKUHjpLBkTKHC7Vs,False,True,3,1N42NsZFoebNc4PCh4QcqAWriopURt66cy|99677328|36eWvVNoDNrJk4SuKGYKUHjpLBkTKHC7Vs,wallet|transaction|wallet,|-0.00926884|0.891576
12tqvAAymbxeE3ouUEhyJK9u1QA7ZyW4N5,1,transaction,35131819,False,True,2,12tqvAAymbxeE3ouUEhyJK9u1QA7ZyW4N5|35131819,wallet|transaction,|-0.00888837
14Tu1AC8ZMg51dy1jGXtqkpr2EkZpsuKZk,1,transaction,114406954,False,True,2,14Tu1AC8ZMg51dy1jGXtqkpr2EkZpsuKZk|114406954,wallet|transaction,|0.487526
15vZmv9G6nGWpo7nF27NM6M9tPshqDxnyD,1,transaction,85004982,False,True,2,15vZmv9G6nGWpo7nF27NM6M9tPshqDxnyD|85004982,wallet|transaction,|-0.00961605
194GQBPLaCoSpY2UKx9i293iZjAbuuNMKT,1,transaction,157863901,False,True,2,194GQBPLaCoSpY2UKx9i293iZjAbuuNMKT|157863901,wallet|transaction,|0.763438
1BBLwrZpbAvYX5HZbwxVFGMQL9vVQrMpxk,1,transaction,272175865,False,True,2,1BBLwrZpbAvYX5HZbwxVFGMQL9vVQrMpxk|272175865,wallet|transaction,|-0.00961604
1BJFp1xvmi1Mf9LaoYizxgXZTtsYg6kVYP,1,transaction,94047430,False,True,2,1BJFp1xvmi1Mf9LaoYizxgXZTtsYg6kVYP|94047430,wallet|transaction,|0.977604
1BPRNmt3R5Snh7t69sgr1fMJMsVKuDfdYe,1,transaction,110935079,False,True,2,1BPRNmt3R5Snh7t69sgr1fMJMsVKuDfdYe|110935079,wallet|transaction,|-0.00947413
1BsJqx5rZa49TDVMV96YJk154HdxD8kwEe,1,transaction,110935079,False,True,2,1BsJqx5rZa49TDVMV96YJk154HdxD8kwEe|110935079,wallet|transaction,|-0.00947413
1CaGv1ZGh96MQVdGcUCJdHWreTmDYvFmQD,1,transaction,110935079,False,True,2,1CaGv1ZGh96MQVdGcUCJdHWreTmDYvFmQD|110935079,wallet|transaction,|-0.00947413
1DqEMHjHfQxhcHeKSHeRG34JuTctSjfUo7,1,transaction,84491406,False,True,2,1DqEMHjHfQxhcHeKSHeRG34JuTctSjfUo7|84491406,wallet|transaction,|0.837636
1DtXu2JhdfxUQuZF8y3CmQ4xnhmzBtpzqg,1,transaction,209086584,False,True,2,1DtXu2JhdfxUQuZF8y3CmQ4xnhmzBtpzqg|209086584,wallet|transaction,|0.22284
1Ebeoz8NkGUnFu6wWavg3tEUD5tokUVvZB,1,transaction,99675942,False,True,2,1Ebeoz8NkGUnFu6wWavg3tEUD5tokUVvZB|99675942,wallet|transaction,|-0.0075824
1H91HHDt3bEgv3zHk1GqXYnkANJfjHLSZC,1,transaction,91482801,False,True,2,1H91HHDt3bEgv3zHk1GqXYnkANJfjHLSZC|91482801,wallet|transaction,|0.978338
1K3HrqBsoamR8RvNq7x4bNgbpd7m5VH4iJ,1,transaction,372683531,False,True,2,1K3HrqBsoamR8RvNq7x4bNgbpd7m5VH4iJ|372683531,wallet|transaction,|-0.00961604
1K9kJQWzVFeLN7aDD2iU71w7QuugwMaz57,1,transaction,85004982,False,True,2,1K9kJQWzVFeLN7aDD2iU71w7QuugwMaz57|85004982,wallet|transaction,|-0.00961605
1MtY7TqeaTsPb1ZWBgZDNotCun6uBwegwq,1,transaction,110935079,False,True,2,1MtY7TqeaTsPb1ZWBgZDNotCun6uBwegwq|110935079,wallet|transaction,|-0.00947413
15qbrVBbrky2JKdxiVu7KwUf2qkQ1P9g2C,11,wallet,13kDy7NYmGCA82AaWntBDgBiPqgz8Nrjwg,True,False,12,15qbrVBbrky2JKdxiVu7KwUf2qkQ1P9g2C|115723397|115529485|3QjdWZ2LMfDGY7rKyKN249Pu8QHGjVnGZb|40722900|17A16QmavnUfCW11DAApiJxp7ARnxN5pGX|293925926|14i2FEoaSPfKB66sfMdtNyYDcSDQ3MfnYY|294303111|1J2qkV34FBYoHaVrQEtGUxGp8JAJRHnubZ|228446106|13kDy7NYmGCA82AaWntBDgBiPqgz8Nrjwg,wallet|transaction|transaction|wallet|transaction|wallet|transaction|wallet|transaction|wallet|transaction|wallet,|-0.00961682|-0.0169155|-0.0866377|-0.00961682|-0.0866377|-0.00961682|0.801935|0.478363|0.792345|0.987745|0.891629
12JwisCuhoFf9dx9FiLdiAhcCLyE7vuKix,9,wallet,13kDy7NYmGCA82AaWntBDgBiPqgz8Nrjwg,True,False,10,12JwisCuhoFf9dx9FiLdiAhcCLyE7vuKix|149158779|95850377|17A16QmavnUfCW11DAApiJxp7ARnxN5pGX|293925926|14i2FEoaSPfKB66sfMdtNyYDcSDQ3MfnYY|294303111|1J2qkV34FBYoHaVrQEtGUxGp8JAJRHnubZ|228446106|13kDy7NYmGCA82AaWntBDgBiPqgz8Nrjwg,wallet|transaction|transaction|wallet|transaction|wallet|transaction|wallet|transaction|wallet,|-0.00772069|-0.0169155|-0.0866377|-0.00961682|0.801935|0.478363|0.792345|0.987745|0.891629
1MHPHetzS4n9uXobs47VYarePHGByPpkUG,4,wallet,1KHPtLWcyu165LcHnqjsAYVkZkWinYbfN5,True,False,5,1MHPHetzS4n9uXobs47VYarePHGByPpkUG|133053738|1PyNuHybybvtmJp21X7axTFPUyshgyHTPp|339057175|1KHPtLWcyu165LcHnqjsAYVkZkWinYbfN5,wallet|transaction|wallet|transaction|wallet,|0.990123|0.911439|0.989137|0.891522
231573972,3,wallet,1FFk4boNzbxzBb24SHDSmTRX3o522ZnMi5,True,False,4,231573972|1K6D4gpYGNfJENsR87bbAtpBkxCxaorPK1|232629023|1FFk4boNzbxzBb24SHDSmTRX3o522ZnMi5,transaction|wallet|transaction|wallet,|0.912474|0.989354|0.89158
106325406,3,wallet,1AZEjrTjQejL2mL7NGiP2zV1xjfS13eU2E,True,False,4,106325406|1EMwkbKiKuUkjdsNq2mBJs6pSMSQwHpnnA|105434883|1AZEjrTjQejL2mL7NGiP2zV1xjfS13eU2E,transaction|wallet|transaction|wallet,|0.908582|0.978865|0.89181
115912650,10,transaction,69366429,False,False,11,115912650|1KKQGUXu2edNTwU9NBUdKd85LLLS2RYmq9|40813849|3H4MTUV4NF7ETpMQ7WT5FTKGLqEpXmQK5e|39430318|13GjSxyBND3WZRrRaMxnTE9vkEAaVwML6v|56532737|1621rTueJE265WhmncE99fjbZWJRF8nfvd|64346631|17omfwLyDbSL5mKDX2cD3p16aVzYfrmRz6|69366429,transaction|wallet|transaction|wallet|transaction|wallet|transaction|wallet|transaction|wallet|transaction,|0.711182|0.104634|-0.086633|-0.0096168|-0.0866377|-0.00961682|-0.0866354|-0.00961682|0.908262|0.98304
15PpRJbm6uhPerSLA6qsZUKJJ3XQuMRsgR,9,transaction,69366429,False,False,10,15PpRJbm6uhPerSLA6qsZUKJJ3XQuMRsgR|40813849|3H4MTUV4NF7ETpMQ7WT5FTKGLqEpXmQK5e|39430318|13GjSxyBND3WZRrRaMxnTE9vkEAaVwML6v|56532737|1621rTueJE265WhmncE99fjbZWJRF8nfvd|64346631|17omfwLyDbSL5mKDX2cD3p16aVzYfrmRz6|69366429,wallet|transaction|wallet|transaction|wallet|transaction|wallet|transaction|wallet|transaction,|0.104634|-0.086633|-0.0096168|-0.0866377|-0.00961682|-0.0866354|-0.00961682|0.908262|0.98304
1HcTSadko639v2oH9utQZw4fASWC9GhZUJ,7,transaction,175754499,False,False,8,1HcTSadko639v2oH9utQZw4fASWC9GhZUJ|179036893|1NPsuQdsUckqwMmmAYDhYiUDRPvFczYhbm|190947676|1XYffvN9SzQMi9EEL9pJByeZQiVAxb523|179369359|177CxS4KTwSmusbZsuvMkhX9pNgu7oM3yC|175754499,wallet|transaction|wallet|transaction|wallet|transaction|wallet|transaction,|-0.00850454|0.898163|0.05692|-0.0824891|0.00569571|0.903663|0.975069
1GAx9vk9UhA51qs3ZPEEju5PWUM62oyT7e,6,wallet,18zFZR13Vn1vXFM9y4wJLCWPu2qQvEZiD,False,False,7,1GAx9vk9UhA51qs3ZPEEju5PWUM62oyT7e|294490436|1Jm3RJgwZU2yiYB8NQAHEdswXpNhfQedcJ|294376159|17eVypNeX782JBjn8tJi2KdHqsj1B5MAK4|294329505|18zFZR13Vn1vXFM9y4wJLCWPu2qQvEZiD,wallet|transaction|wallet|transaction|wallet|transaction|wallet,|0.99019|0.908527|0.674107|0.911292|0.984723|0.891647
43321921,5,transaction,42624355,False,False,6,43321921|42960789|1Ak8dtRLebgn5DF9HYyGigHAUcxxvLX261|42961173|1LYA7MurtUKph4iZdof1uH1zSvGiSX93uX|42624355,transaction|transaction|wallet|transaction|wallet|transaction,|0.273309|0.768863|0.0991131|0.909718|0.979509
97390680,5,wallet,17eXYsrSy5uUdvdj4jZVADPiJUvX9xfkCa,False,False,6,97390680|1MB6hVn8pHypAgHKxFtjbSjHzhEetko9Wk|96939140|1G2CN5nYwQmErVmXmwMAbpFdg6dpYkwjvL|41428160|17eXYsrSy5uUdvdj4jZVADPiJUvX9xfkCa,transaction|wallet|transaction|wallet|transaction|wallet,|0.91146|0.990313|0.865957|0.022934|0.892627
81008326,4,transaction,81818343,False,False,5,81008326|1CzQnbsw6UEWpZti874Au4TXzUXyXyKXCB|234175980|1hpKoAt7V6x2yoUJvvzCVs3rq7hXRJ4Rp|81818343,transaction|wallet|transaction|wallet|transaction,|-0.0856479|-0.00740725|-0.0809269|0.0118657
339054253,3,wallet,1LnDn1S4xPRJvk88oEieXUTW3V2WMWEWRq,False,False,4,339054253|1552PeoErQPRpoNYA355ejYogiCKKRPc1i|339054259|1LnDn1S4xPRJvk88oEieXUTW3V2WMWEWRq,transaction|wallet|transaction|wallet,|0.899941|0.987752|0.891565
244652747,3,wallet,1Gjt3wkSsP9svuQTg92vgxXfqeDuvjFJuv,False,False,4,244652747|1LaVk4ebW7uwqRYoYxJM2JpjmAzYszi8tp|238506100|1Gjt3wkSsP9svuQTg92vgxXfqeDuvjFJuv,transaction|wallet|transaction|wallet,|0.911218|0.814044|0.8918
298856050,3,wallet,12TcESVmMNrTjYZCDzfaHTj2bBD7gW1Z9Q,False,False,4,298856050|15KLfU3TrYHCC7Ct9T2QL7XLFmcu9HUzbU|243239880|12TcESVmMNrTjYZCDzfaHTj2bBD7gW1Z9Q,transaction|wallet|transaction|wallet,|0.896465|0.606324|0.891893
47667791,3,wallet,1K8oh9sZmzoNpBDacecQ4mCXxwvXS2hEHy,False,False,4,47667791|13G7iFbqVQVZbEPxjAzouhQiBGbe8PLJFe|4732368|1K8oh9sZmzoNpBDacecQ4mCXxwvXS2hEHy,transaction|wallet|transaction|wallet,|0.91136|0.0396531|0.892256
13rZRaxhupw2otjGpd1Wf1i4Kyyz3VjUyp,3,transaction,12660505,False,False,4,13rZRaxhupw2otjGpd1Wf1i4Kyyz3VjUyp|12660521|1Awzq5BX6KvtsoyHijHwk83JSoMRBzUUcw|12660505,wallet|transaction|wallet|transaction,|0.0817943|0.872406|0.910087
17eSgy5TzX4QQE2qseJ7nME98k52EZi59S,3,transaction,115278581,False,False,4,17eSgy5TzX4QQE2qseJ7nME98k52EZi59S|57342969|1FuK3sLMvfDh4fAF3LA3uGZ9Bj4XAaMKhq|115278581,wallet|transaction|wallet|transaction,|0.609274|0.300938|0.142149
1AKVLuEqE5Xw95cFZUYuS2NxLsp5uDjnM8,3,transaction,94047163,False,False,4,1AKVLuEqE5Xw95cFZUYuS2NxLsp5uDjnM8|94325826|94609074|94047163,wallet|transaction|transaction|transaction,|0.86872|-0.0169154|0.0464672
1DzmjtnSy7gc6HZcvPu1CgXwEoRSEp8MdK,3,transaction,94047163,False,False,4,1DzmjtnSy7gc6HZcvPu1CgXwEoRSEp8MdK|94325826|94609074|94047163,wallet|transaction|transaction|transaction,|0.86872|-0.0169154|0.0464672
1EWnUTyBhxUWd7S4aU5dAtbUpfqQascRGn,3,transaction,94047163,False,False,4,1EWnUTyBhxUWd7S4aU5dAtbUpfqQascRGn|94325826|94609074|94047163,wallet|transaction|transaction|transaction,|0.86872|-0.0169154|0.0464672
1GbK5sA6jRw689Jpzym66p6stXoL3DNSWc,3,transaction,355201009,False,False,4,1GbK5sA6jRw689Jpzym66p6stXoL3DNSWc|355094137|1EobCCz8VAKmk4RhBMa5QMsWx2STbntLZ2|355201009,wallet|transaction|wallet|transaction,|0.0197926|0.902318|0.983754
234569755,2,transaction,234392192,False,False,3,234569755|1KxFQph4sxhmSHkdr3HZf2F2WHaUBnCcMe|234392192,transaction|wallet|transaction,|0.895695|0.934525
114658610,2,transaction,332928,False,False,3,114658610|15XdT3tHKAtQQMs1e2HH9yGFr4nZYPcj1B|332928,transaction|wallet|transaction,|0.905742|0.979236
12BE6UHMCRP4NLYxQkzTTFkh5EY7XtEArj,2,wallet,3DVpmDTTpx1ZWSENnECu4AnJoq76DuTTRL,False,False,3,12BE6UHMCRP4NLYxQkzTTFkh5EY7XtEArj|158349653|3DVpmDTTpx1ZWSENnECu4AnJoq76DuTTRL,wallet|transaction|wallet,|0.465897|0.892154
12kGVsN3efV1TKsZs8d2Y7y9vjGBC3vZXw,2,wallet,39uMGY3R5HNFBu2c6f7VM2svE1SxjzYcEt,False,False,3,12kGVsN3efV1TKsZs8d2Y7y9vjGBC3vZXw|53784210|39uMGY3R5HNFBu2c6f7VM2svE1SxjzYcEt,wallet|transaction|wallet,|0.869957|0.892364
14SyKayVWq4DCKxPAKqWGdgP3nDypAqrfM,2,wallet,3LaRQoAg2cshSSGM2FMRbhxemN6MQ1bYf6,False,False,3,14SyKayVWq4DCKxPAKqWGdgP3nDypAqrfM|219204636|3LaRQoAg2cshSSGM2FMRbhxemN6MQ1bYf6,wallet|transaction|wallet,|-0.00961613|0.891865
15RGUsSaa6JbngariJffNnrbYqMcQm6bpi,2,wallet,1xsrz8oFaYceM5kaiwroDtyoGsN1jchHJ,False,False,3,15RGUsSaa6JbngariJffNnrbYqMcQm6bpi|94186440|1xsrz8oFaYceM5kaiwroDtyoGsN1jchHJ,wallet|transaction|wallet,|0.979517|0.891491
16HePFWw3UY9dCtxGU6WfcebJ1ngLWxHU1,2,wallet,3CLfMmui9QbRijsd1DcRt2d1xEXLvUkPeX,False,False,3,16HePFWw3UY9dCtxGU6WfcebJ1ngLWxHU1|31409359|3CLfMmui9QbRijsd1DcRt2d1xEXLvUkPeX,wallet|transaction|wallet,|0.0584344|0.892483
19D3wZkVBCctJj9BZgvaEgoWQ9G9Lfjyo4,2,wallet,1xsrz8oFaYceM5kaiwroDtyoGsN1jchHJ,False,False,3,19D3wZkVBCctJj9BZgvaEgoWQ9G9Lfjyo4|94186440|1xsrz8oFaYceM5kaiwroDtyoGsN1jchHJ,wallet|transaction|wallet,|0.979517|0.891491
1AD9PvrEkpt4Nh4jj3VoWF1xsQYnHLJibq,2,wallet,3FxGAQVvRXu2WgoLbs8VaRaWoscfyeteWf,False,False,3,1AD9PvrEkpt4Nh4jj3VoWF1xsQYnHLJibq|18864639|3FxGAQVvRXu2WgoLbs8VaRaWoscfyeteWf,wallet|transaction|wallet,|-0.00961682|0.89232
1BedhdUzabByte1b6qzTrQjeYAoakdsdYq,2,wallet,3LaRQoAg2cshSSGM2FMRbhxemN6MQ1bYf6,False,False,3,1BedhdUzabByte1b6qzTrQjeYAoakdsdYq|219204636|3LaRQoAg2cshSSGM2FMRbhxemN6MQ1bYf6,wallet|transaction|wallet,|-0.00961613|0.891865
1C4CqWfeocdSf421Vi1Nw6M2XmgYegLP98,2,wallet,3KJELigsv67MS6UBUHmZfBirdJYrzHaQLx,False,False,3,1C4CqWfeocdSf421Vi1Nw6M2XmgYegLP98|12780033|3KJELigsv67MS6UBUHmZfBirdJYrzHaQLx,wallet|transaction|wallet,|0.915323|0.891954
1Dq2wC22hVEUrpHzQUYRC2ebw6phCtqP1i,2,wallet,1xsrz8oFaYceM5kaiwroDtyoGsN1jchHJ,False,False,3,1Dq2wC22hVEUrpHzQUYRC2ebw6phCtqP1i|94186440|1xsrz8oFaYceM5kaiwroDtyoGsN1jchHJ,wallet|transaction|wallet,|0.979517|0.891491
1G1zKTAFVgCYZ7i1kAfDDNMwHpSSqvz1dg,2,wallet,3CXr8guRrcA8g9z9rqck87e7nv49KkKMKy,False,False,3,1G1zKTAFVgCYZ7i1kAfDDNMwHpSSqvz1dg|105994274|3CXr8guRrcA8g9z9rqck87e7nv49KkKMKy,wallet|transaction|wallet,|0.00616826|0.892872
1GqWok1kwqpJpW1pKbQW6gKrGVWbFxMwf1,2,wallet,1xsrz8oFaYceM5kaiwroDtyoGsN1jchHJ,False,False,3,1GqWok1kwqpJpW1pKbQW6gKrGVWbFxMwf1|94186440|1xsrz8oFaYceM5kaiwroDtyoGsN1jchHJ,wallet|transaction|wallet,|0.979517|0.891491
1HSKustqT9Twis93QhAN8qfDGsg5cPcFpF,2,wallet,3GtZw2MzjPqFDWeU5hnD5Bv4BcM2myTFUM,False,False,3,1HSKustqT9Twis93QhAN8qfDGsg5cPcFpF|27534410|3GtZw2MzjPqFDWeU5hnD5Bv4BcM2myTFUM,wallet|transaction|wallet,|-0.00957037|-0.0733766
1JQw4R26APbo44bfNLUKu7eX4ghFiDR6to,2,wallet,335FwFN25mqT9SvZywWe89qf4EZbPxMKy1,False,False,3,1JQw4R26APbo44bfNLUKu7eX4ghFiDR6to|32168716|335FwFN25mqT9SvZywWe89qf4EZbPxMKy1,wallet|transaction|wallet,|0.00527146|0.891762
1KZoFyMAKbp2VAkZJMVvSMLyL7ttbmEsgz,2,wallet,1PjoRHujmoCE5xhZsFBoWBynUkoXmqFXNV,False,False,3,1KZoFyMAKbp2VAkZJMVvSMLyL7ttbmEsgz|372687988|1PjoRHujmoCE5xhZsFBoWBynUkoXmqFXNV,wallet|transaction|wallet,|0.988522|0.891567
1LATgfgTo8wB17QTZ4AxtS7mqS2uNnsf9g,2,wallet,35GkXyiDEDtnioqKwyCh6hLBSYzDNgwyDd,False,False,3,1LATgfgTo8wB17QTZ4AxtS7mqS2uNnsf9g|73747118|35GkXyiDEDtnioqKwyCh6hLBSYzDNgwyDd,wallet|transaction|wallet,|-0.00961657|-0.0865718
1MsoHkWEBc8TfjrxC6WC4EnNxj2Mi1hZL,2,wallet,3Ejv9Jyd1SroaqAXJTp7StCjHB8navGmXX,False,False,3,1MsoHkWEBc8TfjrxC6WC4EnNxj2Mi1hZL|197467212|3Ejv9Jyd1SroaqAXJTp7StCjHB8navGmXX,wallet|transaction|wallet,|-0.00961681|-0.0866377
339057239,1,wallet,18Cr25Z23ERsMHUWQp6XLuGKDGit7ZHz6n,False,False,2,339057239|18Cr25Z23ERsMHUWQp6XLuGKDGit7ZHz6n,transaction|wallet,|0.891579
344453848,1,wallet,1BST7WP6ojsa4n6VsmoxKqWd5pBrs6deES,False,False,2,344453848|1BST7WP6ojsa4n6VsmoxKqWd5pBrs6deES,transaction|wallet,|0.891529
378138278,1,wallet,149pVxPXYiVhyFR9k87NBGsdGii8NrZDWK,False,False,2,378138278|149pVxPXYiVhyFR9k87NBGsdGii8NrZDWK,transaction|wallet,|0.891596
209705074,1,wallet,1F4RJrhdfF75L72r5KMtBKgHYSaAjGu5sU,False,False,2,209705074|1F4RJrhdfF75L72r5KMtBKgHYSaAjGu5sU,transaction|wallet,|0.89159
99285423,1,wallet,1NHwoXZ2821UVBFRbBimBch79Cw2Xq3DBu,False,False,2,99285423|1NHwoXZ2821UVBFRbBimBch79Cw2Xq3DBu,transaction|wallet,|0.891563
99676840,1,wallet,3QsFdui7zum167svpBQcSt3seWj2BN17kc,False,False,2,99676840|3QsFdui7zum167svpBQcSt3seWj2BN17kc,transaction|wallet,|0.891574
312446688,1,wallet,16zJ6YUQ89d5rfGx4TFTnNtCMvXvgU6hGj,False,False,2,312446688|16zJ6YUQ89d5rfGx4TFTnNtCMvXvgU6hGj,transaction|wallet,|0.891611
320681014,1,wallet,17abRir1aEmnTL28Wsn7tnc8gHzNK74gXv,False,False,2,320681014|17abRir1aEmnTL28Wsn7tnc8gHzNK74gXv,transaction|wallet,|0.904833
328782551,1,wallet,132Unx7rttPLVRZuiENUPCq6ds5R9qjnek,False,False,2,328782551|132Unx7rttPLVRZuiENUPCq6ds5R9qjnek,transaction|wallet,|0.891607
277807628,1,wallet,1Gg7LCh72zZ6NHYirRVQca2WueWDo6v6XJ,False,False,2,277807628|1Gg7LCh72zZ6NHYirRVQca2WueWDo6v6XJ,transaction|wallet,|0.891588
165594204,1,wallet,31iZopYrA7fP9NqdVnSZ6xRzmVfhiS6fuD,False,False,2,165594204|31iZopYrA7fP9NqdVnSZ6xRzmVfhiS6fuD,transaction|wallet,|0.891638
85005009,1,wallet,3G5rhEd3cZBsWbv4wyzqMjkJG1vUsKmWPm,False,False,2,85005009|3G5rhEd3cZBsWbv4wyzqMjkJG1vUsKmWPm,transaction|wallet,|0.891667
256878010,1,wallet,137BPkTUCvrrXhHa3iBta3HFMqQVnHwxMH,False,False,2,256878010|137BPkTUCvrrXhHa3iBta3HFMqQVnHwxMH,transaction|wallet,|0.891647
96367839,1,wallet,1GseU3NFJNxcmijAsiUUAkL7QVVUNVYQSd,False,False,2,96367839|1GseU3NFJNxcmijAsiUUAkL7QVVUNVYQSd,transaction|wallet,|0.891707
194010390,1,wallet,16S7BvCR68nNAUzKWcSgeHq24nfoxVge9H,False,False,2,194010390|16S7BvCR68nNAUzKWcSgeHq24nfoxVge9H,transaction|wallet,|0.891879
13ZGEE3mQoPi9gowU44oqDHc2gFZKt4Gtq,1,transaction,84371034,False,False,2,13ZGEE3mQoPi9gowU44oqDHc2gFZKt4Gtq|84371034,wallet|transaction,|0.0269505
13uKUVWtTf4oQptqzmaPf5LyBGxrNrPyvj,1,transaction,15356540,False,False,2,13uKUVWtTf4oQptqzmaPf5LyBGxrNrPyvj|15356540,wallet|transaction,|0.988884
147oNJPSAgFZCt69sapwxkrzpezQDyPCHb,1,transaction,28902538,False,False,2,147oNJPSAgFZCt69sapwxkrzpezQDyPCHb|28902538,wallet|transaction,|0.949884
15RTKVNJSThgZCeDqpXTwUBb44WGXprQn2,1,transaction,106352563,False,False,2,15RTKVNJSThgZCeDqpXTwUBb44WGXprQn2|106352563,wallet|transaction,|-0.00958626
161fjp5dbNEguuyYzHUqNHQrxaRYsAkvNn,1,transaction,28916430,False,False,2,161fjp5dbNEguuyYzHUqNHQrxaRYsAkvNn|28916430,wallet|transaction,|0.201864
16mWWsh8LZySLKErmE5mQE4PgJsNj5bVnd,1,transaction,97081919,False,False,2,16mWWsh8LZySLKErmE5mQE4PgJsNj5bVnd|97081919,wallet|transaction,|-0.00961682
17R6DK3B9XXPXwabL5JM62jWqXXey324Hp,1,transaction,31859229,False,False,2,17R6DK3B9XXPXwabL5JM62jWqXXey324Hp|31859229,wallet|transaction,|0.978076
17vSWSRo74qRmY5iFcwriXvKGcyxmwY5C1,1,transaction,218032639,False,False,2,17vSWSRo74qRmY5iFcwriXvKGcyxmwY5C1|218032639,wallet|transaction,|0.00157704
18uDYVonwHYeMayv9yVbuVvi7BqDnk7VHN,1,transaction,115029580,False,False,2,18uDYVonwHYeMayv9yVbuVvi7BqDnk7VHN|115029580,wallet|transaction,|0.979192
19VNiSpuNayMUkaNcwvkeBdaifDKVugTTS,1,transaction,106366575,False,False,2,19VNiSpuNayMUkaNcwvkeBdaifDKVugTTS|106366575,wallet|transaction,|-0.00961524
19dmG5Md4xNfbsQnzoNe5v1xyyfb2gMVAp,1,transaction,390144838,False,False,2,19dmG5Md4xNfbsQnzoNe5v1xyyfb2gMVAp|390144838,wallet|transaction,|0.987615
1A5h4jPbMMwf334gaQ13ZwjTC6CCWyoU2o,1,transaction,229292092,False,False,2,1A5h4jPbMMwf334gaQ13ZwjTC6CCWyoU2o|229292092,wallet|transaction,|0.985824
1ASXkJTCmg9pQnr6tkp2Xi6scH4GWHZvDd,1,transaction,63276814,False,False,2,1ASXkJTCmg9pQnr6tkp2Xi6scH4GWHZvDd|63276814,wallet|transaction,|0.96253
1AnRxLKFMaMvnE4GwyzJLoTifRFgdhgEPZ,1,transaction,298700929,False,False,2,1AnRxLKFMaMvnE4GwyzJLoTifRFgdhgEPZ|298700929,wallet|transaction,|0.986049
1BZjtJviPsdqQNHRbXr7izjYgha5cnpybH,1,transaction,94186348,False,False,2,1BZjtJviPsdqQNHRbXr7izjYgha5cnpybH|94186348,wallet|transaction,|0.979255
1Bk9Sv9BrLPiSWf6bNRm67bXHKTwiaNn3A,1,transaction,199944363,False,False,2,1Bk9Sv9BrLPiSWf6bNRm67bXHKTwiaNn3A|199944363,wallet|transaction,|-0.00961426
1BvjQz79d7VjNJo9r4JfFCdpjw96Bi7HZY,1,transaction,241518934,False,False,2,1BvjQz79d7VjNJo9r4JfFCdpjw96Bi7HZY|241518934,wallet|transaction,|0.970551
1CEGQBCqpwUKPBb7uDRvGZ3aZPm3Gx5CVS,1,transaction,92734991,False,False,2,1CEGQBCqpwUKPBb7uDRvGZ3aZPm3Gx5CVS|92734991,wallet|transaction,|-0.00961537
1CSSM4AwEUKaPiNaUXQTTFW3iVGTjzevQs,1,transaction,149161130,False,False,2,1CSSM4AwEUKaPiNaUXQTTFW3iVGTjzevQs|149161130,wallet|transaction,|0.969872
1DFnB1USAPJHko9fj2bBAGbvv59528RVT9,1,transaction,241488952,False,False,2,1DFnB1USAPJHko9fj2bBAGbvv59528RVT9|241488952,wallet|transaction,|0.988514
1DNJ93Qd76uWcpQgmU27VMWKT1Ti93diXG,1,transaction,72014021,False,False,2,1DNJ93Qd76uWcpQgmU27VMWKT1Ti93diXG|72014021,wallet|transaction,|0.848255
1DaTDDbjJV5nBJRDojUb2bYGYAtzYNzbqn,1,transaction,115122271,False,False,2,1DaTDDbjJV5nBJRDojUb2bYGYAtzYNzbqn|115122271,wallet|transaction,|0.980467
1EQPM6n5BMjzLKDt4NWP3ChS8cGQmRMzZZ,1,transaction,54704834,False,False,2,1EQPM6n5BMjzLKDt4NWP3ChS8cGQmRMzZZ|54704834,wallet|transaction,|0.968927
1EbBpWCpdtv7A7zd6XddosCuVyEdBKcN9A,1,transaction,380661716,False,False,2,1EbBpWCpdtv7A7zd6XddosCuVyEdBKcN9A|380661716,wallet|transaction,|0.987797
1FQ8bGYRazg6Q68Rit8ACy7jWH6RdsjPad,1,transaction,114595526,False,False,2,1FQ8bGYRazg6Q68Rit8ACy7jWH6RdsjPad|114595526,wallet|transaction,|0.982205
1FX8K3Ru2LfMk918aLaWG5U45VxjhgkMuA,1,transaction,298700280,False,False,2,1FX8K3Ru2LfMk918aLaWG5U45VxjhgkMuA|298700280,wallet|transaction,|0.986593
1G2LHXTuRVTkeZBKKLireDJT5S8t12j5sx,1,transaction,353862896,False,False,2,1G2LHXTuRVTkeZBKKLireDJT5S8t12j5sx|353862896,wallet|transaction,|-0.00961682
1G98cBvEGwp8hYCPkx9Y6nxHC5PtTkgcMc,1,transaction,92071081,False,False,2,1G98cBvEGwp8hYCPkx9Y6nxHC5PtTkgcMc|92071081,wallet|transaction,|0.984313
1GCXwW1nGMoP4Shr2KDhDRJ6o2SUHnULLo,1,transaction,96261185,False,False,2,1GCXwW1nGMoP4Shr2KDhDRJ6o2SUHnULLo|96261185,wallet|transaction,|0.971775
1GJmKeMrDbduTGsrmfHjbcm7ELxg64J3Nf,1,transaction,106414252,False,False,2,1GJmKeMrDbduTGsrmfHjbcm7ELxg64J3Nf|106414252,wallet|transaction,|-0.0096157
1GtJoPHi6FF8oevihZaVN2DipM4MUxMu67,1,transaction,248919007,False,False,2,1GtJoPHi6FF8oevihZaVN2DipM4MUxMu67|248919007,wallet|transaction,|0.98692
1Hr9rrSf4hkmPFhdwEc6bpuyKag9WA5U6U,1,transaction,376243597,False,False,2,1Hr9rrSf4hkmPFhdwEc6bpuyKag9WA5U6U|376243597,wallet|transaction,|0.167192
1Hww2zgUgjpykTUso9jmAHEQLN9JyCrdJ2,1,transaction,179069348,False,False,2,1Hww2zgUgjpykTUso9jmAHEQLN9JyCrdJ2|179069348,wallet|transaction,|0.87721
1J1PCA1PsP7MWEynJuLL3mAGcKKbhnTe6u,1,transaction,355009231,False,False,2,1J1PCA1PsP7MWEynJuLL3mAGcKKbhnTe6u|355009231,wallet|transaction,|0.982185
1J2myiYG1r2GXJk6HGFsHNzwh18BNs9w14,1,transaction,179069341,False,False,2,1J2myiYG1r2GXJk6HGFsHNzwh18BNs9w14|179069341,wallet|transaction,|0.98103
1J97wgDhC1QW1Py4knWNi55W2KxvkvV5QG,1,transaction,355102396,False,False,2,1J97wgDhC1QW1Py4knWNi55W2KxvkvV5QG|355102396,wallet|transaction,|-0.00961682
1JxxjZVVPHTVSaamE6hCBumYw7mJPw84YE,1,transaction,96545938,False,False,2,1JxxjZVVPHTVSaamE6hCBumYw7mJPw84YE|96545938,wallet|transaction,|0.985649
1JyZ95VQ7yPCDJNMEGuY3prEZmMAALukL8,1,transaction,248889566,False,False,2,1JyZ95VQ7yPCDJNMEGuY3prEZmMAALukL8|248889566,wallet|transaction,|0.988874
1K73pGETs6aNcxCh2DAtLqLQw2iweBQWdo,1,transaction,28913542,False,False,2,1K73pGETs6aNcxCh2DAtLqLQw2iweBQWdo|28913542,wallet|transaction,|0.87311
1KAG9JiYxBSwypPVAHUdp2uzRJmwgEMERT,1,transaction,382992997,False,False,2,1KAG9JiYxBSwypPVAHUdp2uzRJmwgEMERT|382992997,wallet|transaction,|0.343841
1KTyijZkxBK6PTs31vKDWbizs2MU4eghBW,1,transaction,381890390,False,False,2,1KTyijZkxBK6PTs31vKDWbizs2MU4eghBW|381890390,wallet|transaction,|0.885165
1L6Pe1AZZsuvEaDN6CrsRF8d7uJbXzAviz,1,transaction,386075342,False,False,2,1L6Pe1AZZsuvEaDN6CrsRF8d7uJbXzAviz|386075342,wallet|transaction,|0.985998
1M572mSHT5wH8B2L6tPqn7WujNxUbB5yVi,1,transaction,209722183,False,False,2,1M572mSHT5wH8B2L6tPqn7WujNxUbB5yVi|209722183,wallet|transaction,|0.988779
96545938,0,transaction,96545938,False,False,1,96545938,transaction,
189985165,0,transaction,189985165,False,False,1,189985165,transaction,
190857303,0,transaction,190857303,False,False,1,190857303,transaction,
175061027,0,transaction,175061027,False,False,1,175061027,transaction,
175754499,0,transaction,175754499,False,False,1,175754499,transaction,
179084428,0,transaction,179084428,False,False,1,179084428,transaction,
42960555,0,transaction,42960555,False,False,1,42960555,transaction,
339101876,0,transaction,339101876,False,False,1,339101876,transaction,
15843411,0,transaction,15843411,False,False,1,15843411,transaction,
15852067,0,transaction,15852067,False,False,1,15852067,transaction,
19472391,0,transaction,19472391,False,False,1,19472391,transaction,
238559239,0,transaction,238559239,False,False,1,238559239,transaction,
378278864,0,transaction,378278864,False,False,1,378278864,transaction,
378439668,0,transaction,378439668,False,False,1,378439668,transaction,
362863709,0,transaction,362863709,False,False,1,362863709,transaction,
209537525,0,transaction,209537525,False,False,1,209537525,transaction,
210508548,0,transaction,210508548,False,False,1,210508548,transaction,
260064557,0,transaction,260064557,False,False,1,260064557,transaction,
331504866,0,transaction,331504866,False,False,1,331504866,transaction,
331598938,0,transaction,331598938,False,False,1,331598938,transaction,
272089707,0,transaction,272089707,False,False,1,272089707,transaction,
272152906,0,transaction,272152906,False,False,1,272152906,transaction,
272698499,0,transaction,272698499,False,False,1,272698499,transaction,
294334688,0,transaction,294334688,False,False,1,294334688,transaction,
163686831,0,transaction,163686831,False,False,1,163686831,transaction,
298711661,0,transaction,298711661,False,False,1,298711661,transaction,
376257361,0,transaction,376257361,False,False,1,376257361,transaction,
386054140,0,transaction,386054140,False,False,1,386054140,transaction,
386067632,0,transaction,386067632,False,False,1,386067632,transaction,
386075342,0,transaction,386075342,False,False,1,386075342,transaction,
355610486,0,transaction,355610486,False,False,1,355610486,transaction,
288072566,0,transaction,288072566,False,False,1,288072566,transaction,
288360889,0,transaction,288360889,False,False,1,288360889,transaction,
288368373,0,transaction,288368373,False,False,1,288368373,transaction,
54816062,0,transaction,54816062,False,False,1,54816062,transaction,
26936052,0,transaction,26936052,False,False,1,26936052,transaction,
29498692,0,transaction,29498692,False,False,1,29498692,transaction,
30060601,0,transaction,30060601,False,False,1,30060601,transaction,
13227997,0,transaction,13227997,False,False,1,13227997,transaction,
115967728,0,transaction,115967728,False,False,1,115967728,transaction,
49040928,0,transaction,49040928,False,False,1,49040928,transaction,
103948477,0,transaction,103948477,False,False,1,103948477,transaction,
149160225,0,transaction,149160225,False,False,1,149160225,transaction,
149161627,0,transaction,149161627,False,False,1,149161627,transaction,
151227324,0,transaction,151227324,False,False,1,151227324,transaction,
151227881,0,transaction,151227881,False,False,1,151227881,transaction,
12665079,0,transaction,12665079,False,False,1,12665079,transaction,
13226099,0,transaction,13226099,False,False,1,13226099,transaction,
256730850,0,transaction,256730850,False,False,1,256730850,transaction,
148568442,0,transaction,148568442,False,False,1,148568442,transaction,
148568426,0,transaction,148568426,False,False,1,148568426,transaction,
106409331,0,transaction,106409331,False,False,1,106409331,transaction,
13FrLRMhcC1MRoH4Jfg6ZDKHQ8Kqp6vHYz,0,wallet,13FrLRMhcC1MRoH4Jfg6ZDKHQ8Kqp6vHYz,False,False,1,13FrLRMhcC1MRoH4Jfg6ZDKHQ8Kqp6vHYz,wallet,
