target_txid,depth,root_type,root_real_id,root_is_fraud,is_true_positive,n_nodes,chain_real_ids,chain_types,chain_ce
15tTA9CaZMArZfHZK8KLqmC56nhWBRhdUc,14,wallet,1J2qkV34FBYoHaVrQEtGUxGp8JAJRHnubZ,True,True,15,15tTA9CaZMArZfHZK8KLqmC56nhWBRhdUc|73219647|1PudLTMFJLhaiqUxLu5dTUkYqJMBsJgcJw|73219650|17GDkXX8F3C2VdFmeBPWM8tR4uLaEibERS|27404245|15hvYbZmzkjGFeryjieuQgr9UAbvEPnq1Z|73031052|1A4gg6j56WovKtPB3CPUF7qYbkm2tE6QGE|8993505|17A16QmavnUfCW11DAApiJxp7ARnxN5pGX|293925926|14i2FEoaSPfKB66sfMdtNyYDcSDQ3MfnYY|294303111|1J2qkV34FBYoHaVrQEtGUxGp8JAJRHnubZ,wallet|transaction|wallet|transaction|wallet|transaction|wallet|transaction|wallet|transaction|wallet|transaction|wallet|transaction|wallet,|0.0062784|0.0248342|-0.00432989|-0.159692|-0.0046199|-0.967277|0.021396|-0.968781|-0.00175723|-0.968781|0.0321522|-0.944716|-0.00427806|0.00798225
16HL5g6Byc4vcCv8ZSYd9ya9U3fskFFfYn,13,wallet,1J2qkV34FBYoHaVrQEtGUxGp8JAJRHnubZ,True,True,14,16HL5g6Byc4vcCv8ZSYd9ya9U3fskFFfYn|72632811|1EWVwzNmv5qL9TeSKnzYLcdK4fiELgQhho|72384062|115hcGDYGbbUjaB3Akb99yH2dXirkj3AHb|72333681|72333674|193pxgCK1rAKAhMdMWC99jfcRyGJr7bGzf|31240896|17A16QmavnUfCW11DAApiJxp7ARnxN5pGX|293925926|14i2FEoaSPfKB66sfMdtNyYDcSDQ3MfnYY|294303111|1J2qkV34FBYoHaVrQEtGUxGp8JAJRHnubZ,wallet|transaction|wallet|transaction|wallet|transaction|transaction|wallet|transaction|wallet|transaction|wallet|transaction|wallet,|0.000295758|0.0214298|-0.000754744|0.028554|-0.000391454|-0.0541223|-0.968781|-0.00255653|-0.968781|0.0321522|-0.944716|-0.00427806|0.00798225
1Cr53Doa3kJiricseWoepF93Lb9GmKu14W,13,wallet,1J2qkV34FBYoHaVrQEtGUxGp8JAJRHnubZ,True,True,14,1Cr53Doa3kJiricseWoepF93Lb9GmKu14W|40764117|15n2wTzdWMdRNGxtEMAEBkHRz4RvG8eamu|13340480|72323512|1CiQ6CJ42AqgYJW4acMG4kcxQ5xgs8tFQu|71994276|1FiCSEwS1RQx44CFyWtrehrUEy8WS8xZMJ|31240896|17A16QmavnUfCW11DAApiJxp7ARnxN5pGX|293925926|14i2FEoaSPfKB66sfMdtNyYDcSDQ3MfnYY|294303111|1J2qkV34FBYoHaVrQEtGUxGp8JAJRHnubZ,wallet|transaction|wallet|transaction|transaction|wallet|transaction|wallet|transaction|wallet|transaction|wallet|transaction|wallet,|-0.00426453|-0.0248672|-0.00412777|-0.0176456|-0.804086|0.000576466|-0.968781|-0.00255653|-0.968781|0.0321522|-0.944716|-0.00427806|0.00798225
12778668,11,wallet,1J2qkV34FBYoHaVrQEtGUxGp8JAJRHnubZ,True,True,12,12778668|15nyrZnmwx5DcUhzXb8ohitHcVmkN4P4hQ|12778670|1B7f26ZQguHg6a7TCd9ShkvpBnt3mdUYHJ|12804394|13GV6SjdArRU5cafDvK7u71iS43MGFHoie|69476252|17A16QmavnUfCW11DAApiJxp7ARnxN5pGX|293925926|14i2FEoaSPfKB66sfMdtNyYDcSDQ3MfnYY|294303111|1J2qkV34FBYoHaVrQEtGUxGp8JAJRHnubZ,transaction|wallet|transaction|wallet|transaction|wallet|transaction|wallet|transaction|wallet|transaction|wallet,|-0.933304|-0.000961185|-0.968774|0.00205389|-0.968781|-0.0027338|-0.968781|0.0321522|-0.944716|-0.00427806|0.00798225
70408671,10,wallet,1J2qkV34FBYoHaVrQEtGUxGp8JAJRHnubZ,True,True,11,70408671|1QCQe7LbFeAwoy8gVuMLN6munprkEWQz5P|67605387|16sDbUwm662QtuCH6P1gzxyZH1R7Yv1KHs|69603466|2365784|17A16QmavnUfCW11DAApiJxp7ARnxN5pGX|293925926|14i2FEoaSPfKB66sfMdtNyYDcSDQ3MfnYY|294303111|1J2qkV34FBYoHaVrQEtGUxGp8JAJRHnubZ,transaction|wallet|transaction|wallet|transaction|transaction|wallet|transaction|wallet|transaction|wallet,|0.0281217|-0.00109607|-0.568019|0.0044632|-0.0541287|-0.968781|0.0321522|-0.944716|-0.00427806|0.00798225
12662937,9,wallet,1J2qkV34FBYoHaVrQEtGUxGp8JAJRHnubZ,True,True,10,12662937|13ZWYwHd8uyCb89GBjqzdXcin3Sc95Czn4|12662939|12uczgNHH2L5YVrxXBubkQ4kWDd5hL2LUH|12665120|17A16QmavnUfCW11DAApiJxp7ARnxN5pGX|293925926|14i2FEoaSPfKB66sfMdtNyYDcSDQ3MfnYY|294303111|1J2qkV34FBYoHaVrQEtGUxGp8JAJRHnubZ,transaction|wallet|transaction|wallet|transaction|wallet|transaction|wallet|transaction|wallet,|-0.274635|0.00469086|-0.968781|-0.00230721|-0.968781|0.0321522|-0.944716|-0.00427806|0.00798225
12778573,9,wallet,1J2qkV34FBYoHaVrQEtGUxGp8JAJRHnubZ,True,True,10,12778573|18dzADDfgu41Zvro5yfFzYZLzgUXhSjFhE|12689875|18wAMiyBLyUaALjnp6gNkqv2xwBTCpcB2L|5663491|17A16QmavnUfCW11DAApiJxp7ARnxN5pGX|293925926|14i2FEoaSPfKB66sfMdtNyYDcSDQ3MfnYY|294303111|1J2qkV34FBYoHaVrQEtGUxGp8JAJRHnubZ,transaction|wallet|transaction|wallet|transaction|wallet|transaction|wallet|transaction|wallet,|-0.228469|0.00440738|-0.968781|-0.00254005|-0.968781|0.0321522|-0.944716|-0.00427806|0.00798225
12780368,9,wallet,1J2qkV34FBYoHaVrQEtGUxGp8JAJRHnubZ,True,True,10,12780368|1Pt7nkYY3rS5jnSoN7sCY8sB3pz8KKbhup|12780374|19CsHCdiqrMbococsgkoP76GrjqfvWvFAt|10695436|17A16QmavnUfCW11DAApiJxp7ARnxN5pGX|293925926|14i2FEoaSPfKB66sfMdtNyYDcSDQ3MfnYY|294303111|1J2qkV34FBYoHaVrQEtGUxGp8JAJRHnubZ,transaction|wallet|transaction|wallet|transaction|wallet|transaction|wallet|transaction|wallet,|-0.00547564|0.00341371|-0.968781|-0.0024412|-0.968781|0.0321522|-0.944716|-0.00427806|0.00798225
19aeaUawh3hsjLa8rHS2oqscXdGNVz8XEb,8,wallet,1J2qkV34FBYoHaVrQEtGUxGp8JAJRHnubZ,True,True,9,19aeaUawh3hsjLa8rHS2oqscXdGNVz8XEb|97729143|1Bg8hBdzDG2TJweHZtTttZZDEdwv8WbEzS|9969789|17A16QmavnUfCW11DAApiJxp7ARnxN5pGX|293925926|14i2FEoaSPfKB66sfMdtNyYDcSDQ3MfnYY|294303111|1J2qkV34FBYoHaVrQEtGUxGp8JAJRHnubZ,wallet|transaction|wallet|transaction|wallet|transaction|wallet|transaction|wallet,|0.00509968|-0.968781|0.00487933|-0.968781|0.0321522|-0.944716|-0.00427806|0.00798225
209493620,7,wallet,1KZMpAEiyyJjDYZP2pQXtQH2zfv1syhEaX,True,True,8,209493620|1DDtCPukd5dcH8udf3QqhjNB5qurHmioWu|209493623|1A88BK4ikW3GABn2YEYt9bxcDG5nBdpBrr|209709674|15KsG2sWmrnmUD3D6ddfxKa168p4Q9XrX7|24051859|1KZMpAEiyyJjDYZP2pQXtQH2zfv1syhEaX,transaction|wallet|transaction|wallet|transaction|wallet|transaction|wallet,|0.0267336|0.000171632|0.0304298|0.000642329|0.0281441|0.000262052|0.00785172
54824221,7,wallet,19Yp2Zt8uwu1ctRmEeC8A8F8iUVWe4S84M,True,True,8,54824221|17C7Cqdr8eK61vyJXeYFapyqii5hFYoysD|288463486|1Nd4WoUggkZ71AYxsAVPChMzSztrFKduvY|288354980|12A7QqFVrYt945mnn5pT9aYP42AUZimXk3|288125316|19Yp2Zt8uwu1ctRmEeC8A8F8iUVWe4S84M,transaction|wallet|transaction|wallet|transaction|wallet|transaction|wallet,|0.0236355|0.00144005|0.0242162|-0.00118357|0.0217026|-0.000450552|0.00817072
289025367,7,wallet,1J2qkV34FBYoHaVrQEtGUxGp8JAJRHnubZ,True,True,8,289025367|1NquSFhvmj1L7BSGt9f36ZY5okgdL66B6b|61813159|17A16QmavnUfCW11DAApiJxp7ARnxN5pGX|293925926|14i2FEoaSPfKB66sfMdtNyYDcSDQ3MfnYY|294303111|1J2qkV34FBYoHaVrQEtGUxGp8JAJRHnubZ,transaction|wallet|transaction|wallet|transaction|wallet|transaction|wallet,|-0.968781|0.0153291|-0.968781|0.0321522|-0.944716|-0.00427806|0.00798225
17DA5VwRQr6wAkGPjVH8sRLv6TAs17NoUn,6,wallet,1AZEjrTjQejL2mL7NGiP2zV1xjfS13eU2E,True,True,7,17DA5VwRQr6wAkGPjVH8sRLv6TAs17NoUn|105991496|1LPjRfi7z7kKxKA67ssoejbWPvHh2uXMYn|105605773|1KkAYhfEmAwBezyeQugP7jmebhrwxrGxi9|105434883|1AZEjrTjQejL2mL7NGiP2zV1xjfS13eU2E,wallet|transaction|wallet|transaction|wallet|transaction|wallet,|-0.000923693|0.0165204|-0.00241411|0.0244482|-0.000250429|0.00838721
175757130,5,wallet,1Jfe3GPejnM3Dng2LkGH5MFNaPSZmRYaLm,True,True,6,175757130|144i3J7HbsciBZXh3tbSijmgGmjBrQpJeT|175444963|141RLAHAGpzSCUc4Aq4ZEQ92BELDLX5yDg|190444615|1Jfe3GPejnM3Dng2LkGH5MFNaPSZmRYaLm,transaction|wallet|transaction|wallet|transaction|wallet,|-0.968781|-0.00110635|0.0227166|0.000645429|0.00758392
209493623,5,wallet,1KZMpAEiyyJjDYZP2pQXtQH2zfv1syhEaX,True,True,6,209493623|1A88BK4ikW3GABn2YEYt9bxcDG5nBdpBrr|209709674|15KsG2sWmrnmUD3D6ddfxKa168p4Q9XrX7|24051859|1KZMpAEiyyJjDYZP2pQXtQH2zfv1syhEaX,transaction|wallet|transaction|wallet|transaction|wallet,|0.0304298|0.000642329|0.0281441|0.000262052|0.00785172
273536494,5,wallet,1LErdMsTRdXGXHgM5azfxRU46ziE17qjWv,True,True,6,273536494|125poT1Bg1h5wbAU7FQ76hZnFCmSg3s6h8|276941671|1ENf2GD2hEyCUGoiUKU7e45PAEv2y3D3j1|268793353|1LErdMsTRdXGXHgM5azfxRU46ziE17qjWv,transaction|wallet|transaction|wallet|transaction|wallet,|0.0271448|-0.00128573|0.0177936|0.000151247|0.0078792
85254409,5,wallet,14q7TVHemXU8mzg6Lb7UCohxL7u9huhYyd,True,True,6,85254409|1NVEJCqE5nZdo53QBM1ymRkM9bxGHxeiqM|84752783|1Dhvyd3efW1cYEo3xTymMjy8PKW9DnMx9J|84368623|14q7TVHemXU8mzg6Lb7UCohxL7u9huhYyd,transaction|wallet|transaction|wallet|transaction|wallet,|0.0305687|0.00074029|0.0293412|0.000457257|0.00798225
54878909,5,wallet,1DJ7dtnNEuGhKdKu6Sw5L34SRrpicG6aw3,True,True,6,54878909|1ba7EWdp5w6a6cTDtCToBfzySAixb8EvM|63069519|16CSZmdfRq4Z6NZDVWRCMDX9ZCkz4q23Kf|54759799|1DJ7dtnNEuGhKdKu6Sw5L34SRrpicG6aw3,transaction|wallet|transaction|wallet|transaction|wallet,|0.0285904|0.00129583|0.0240557|-0.000264645|0.00816721
125poT1Bg1h5wbAU7FQ76hZnFCmSg3s6h8,4,wallet,1LErdMsTRdXGXHgM5azfxRU46ziE17qjWv,True,True,5,125poT1Bg1h5wbAU7FQ76hZnFCmSg3s6h8|276941671|1ENf2GD2hEyCUGoiUKU7e45PAEv2y3D3j1|268793353|1LErdMsTRdXGXHgM5azfxRU46ziE17qjWv,wallet|transaction|wallet|transaction|wallet,|-0.00128573|0.0177936|0.000151247|0.0078792
12FdV47eMy7p5saCvLv4A7CLLt5rz3c9mE,4,wallet,1MbRAZ6hSBXJWDLtkRCFHKNvTg7TWSxttz,True,True,5,12FdV47eMy7p5saCvLv4A7CLLt5rz3c9mE|114626822|132Y194a45f32VKuwy7mgc2ASrMvpaeuom|114507940|1MbRAZ6hSBXJWDLtkRCFHKNvTg7TWSxttz,wallet|transaction|wallet|transaction|wallet,|0.000889003|0.0207363|-0.000496268|0.00822693
12papRsdzeff5gy55TpABRxDGzxkkGQyPy,4,wallet,19r1zpV27s8WmMnh5mABs8Mt5CuvuA317Q,True,True,5,12papRsdzeff5gy55TpABRxDGzxkkGQyPy|189984406|1263GdxEEhx446QgqNENmsLdPUFnQEM5PC|189984660|19r1zpV27s8WmMnh5mABs8Mt5CuvuA317Q,wallet|transaction|wallet|transaction|wallet,|-0.000195444|0.029599|0.00110817|0.00751865
143JYyijP8fvqPkY1GeVUkpwVQN2mYtjhR,4,wallet,1Gn2zJUYH8v3Vzbx2hjmF9yhAVqCo3rByS,True,True,5,143JYyijP8fvqPkY1GeVUkpwVQN2mYtjhR|99258743|15twigU4MNMdy4qyE7P3tssRxQVr5AjbxN|99258746|1Gn2zJUYH8v3Vzbx2hjmF9yhAVqCo3rByS,wallet|transaction|wallet|transaction|wallet,|-0.000965565|0.025932|0.000313878|0.00789547
14U1LMj3MfXxTENV59EWvHHYkvG4i3jo8P,4,wallet,133TzfNjGuF7nfccpiLZB38wetD9wtyLAp,True,True,5,14U1LMj3MfXxTENV59EWvHHYkvG4i3jo8P|209952987|1G3SeLHAo1uZxsKEu9QSipcHX598m8BBBz|209541751|133TzfNjGuF7nfccpiLZB38wetD9wtyLAp,wallet|transaction|wallet|transaction|wallet,|0.000310928|0.0277433|0.000582337|0.00785035
17bXWHjZygauiqur1RzSC2RTWu7bzKa9mn,4,wallet,1AR8tDsHHjqhJDbGxh7FZSj93ByP2eoy2o,True,True,5,17bXWHjZygauiqur1RzSC2RTWu7bzKa9mn|163662271|1KzQxRbCD7enxvUFqMq9xdLbUXKTbYoqHA|163662273|1AR8tDsHHjqhJDbGxh7FZSj93ByP2eoy2o,wallet|transaction|wallet|transaction|wallet,|0.000746578|0.0264512|0.000333875|0.00801116
1FH9PuWstvhfomLBHTkzLymwfmjUgBxwxq,4,wallet,1AR8tDsHHjqhJDbGxh7FZSj93ByP2eoy2o,True,True,5,1FH9PuWstvhfomLBHTkzLymwfmjUgBxwxq|163662271|1KzQxRbCD7enxvUFqMq9xdLbUXKTbYoqHA|163662273|1AR8tDsHHjqhJDbGxh7FZSj93ByP2eoy2o,wallet|transaction|wallet|transaction|wallet,|0.000746578|0.0264512|0.000333875|0.00801116
1Fva2Vr9jp2mDY9yyvyHepbqHM4B9R3GGx,4,wallet,1B5hSzL9bfEMUmQsQcJg2FaUCCJRhWeMdr,True,True,5,1Fva2Vr9jp2mDY9yyvyHepbqHM4B9R3GGx|296712837|1DnCzg8C1mq9WeKKBXNKmx2T1FExhfZEzq|296712537|1B5hSzL9bfEMUmQsQcJg2FaUCCJRhWeMdr,wallet|transaction|wallet|transaction|wallet,|-0.00126752|0.0258594|0.000478595|0.00789493
1H65YYYeYors3YorCETZm8aUcHjJMBHj4P,4,wallet,14HkQLHKvtDo7KypQF387dPFaGorHfc6HH,True,True,5,1H65YYYeYors3YorCETZm8aUcHjJMBHj4P|382988791|1L4Zmsw8nA2HicWL1aYaL282xrVK8HnMTY|382974340|14HkQLHKvtDo7KypQF387dPFaGorHfc6HH,wallet|transaction|wallet|transaction|wallet,|-0.000240505|-0.0716944|-0.00348848|0.00681311
1Hw7rbRtTN7uEH1hsUjPs4d7arwG2uywMj,4,wallet,1No3hdhRjdRckE1BWisKkDg8D16hc1FSrw,True,True,5,1Hw7rbRtTN7uEH1hsUjPs4d7arwG2uywMj|71382701|162quYhHpSRNT3mfq994fV2mG4iKVQt9Yj|272148432|1No3hdhRjdRckE1BWisKkDg8D16hc1FSrw,wallet|transaction|wallet|transaction|wallet,|0.000999361|-0.635345|0.000937372|-0.968781
1JurN87jhhu7b9q6Co1ipx5JTW5Wg9itD7,4,wallet,1EbgwXLZzVqiocQokioiS5CuynhMK9KvXB,True,True,5,1JurN87jhhu7b9q6Co1ipx5JTW5Wg9itD7|115275152|1BVXAddKjbphVK5xXKeYcyorTPDgDBQHTu|114488187|1EbgwXLZzVqiocQokioiS5CuynhMK9KvXB,wallet|transaction|wallet|transaction|wallet,|-0.000797749|0.0178632|-0.000883818|0.00831914
1Nfd5fcX2ktbyPEX8yNk6hTvAXfkhQqb6v,4,wallet,163KUE66ErUeFJtVbDzBqhk5kp4RpwND2Y,True,True,5,1Nfd5fcX2ktbyPEX8yNk6hTvAXfkhQqb6v|69269270|12bvT3AbqAS6tEmaCWyFZAUTa8CZ7KLT8M|268796589|163KUE66ErUeFJtVbDzBqhk5kp4RpwND2Y,wallet|transaction|wallet|transaction|wallet,|0.000806153|0.0269324|0.000425845|0.00795937
1P2VBaZEJh17W22CThryKzihtnAGfSyqd1,4,wallet,1MbRAZ6hSBXJWDLtkRCFHKNvTg7TWSxttz,True,True,5,1P2VBaZEJh17W22CThryKzihtnAGfSyqd1|114626822|132Y194a45f32VKuwy7mgc2ASrMvpaeuom|114507940|1MbRAZ6hSBXJWDLtkRCFHKNvTg7TWSxttz,wallet|transaction|wallet|transaction|wallet,|0.000889003|0.0207363|-0.000496268|0.00822693
94654272,3,wallet,1MUaX1Aq3Zr8o2GUH1dsyhQTtbhTe8nFFK,True,True,4,94654272|1GM6HKftDnXb2qk7dSEELFabxyGXApR1a5|94372683|1MUaX1Aq3Zr8o2GUH1dsyhQTtbhTe8nFFK,transaction|wallet|transaction|wallet,|0.0240941|0.000572324|0.00755274
175046769,3,wallet,16KaRJpecD5xe9bpSqKiGdZig84aP4WAWV,True,True,4,175046769|1CB6C2B8RhoNPpfEbEnQvSVYvuqjDLMU73|174759163|16KaRJpecD5xe9bpSqKiGdZig84aP4WAWV,transaction|wallet|transaction|wallet,|0.0278017|0.000655651|0.00759751
205920729,3,wallet,1PMWKzRpmsESyAdf2QutevLhbYzueBwmh4,True,True,4,205920729|1CpDhHzAvLnjU6crBde5LN2ELAhE2jbeof|175759710|1PMWKzRpmsESyAdf2QutevLhbYzueBwmh4,transaction|wallet|transaction|wallet,|0.024624|0.000578254|0.0076074
216384922,3,wallet,1cYjN4WeM58cFF52KRXAs9zZKT26dzPYu,True,True,4,216384922|1D4BiGayTzyZDBtwJCYf7GLk6QkrGW8xhX|175758299|1cYjN4WeM58cFF52KRXAs9zZKT26dzPYu,transaction|wallet|transaction|wallet,|0.027413|0.00068602|0.00759864
244629239,3,wallet,12CV5js5iBA3viX5SmLukcwa67tS65wbuT,True,True,4,244629239|1EhoHN8rq8GGA11UVHSCy1SWcoohwGyqk5|243781008|12CV5js5iBA3viX5SmLukcwa67tS65wbuT,transaction|wallet|transaction|wallet,|0.0289968|0.000689477|0.0077163
99258743,3,wallet,1Gn2zJUYH8v3Vzbx2hjmF9yhAVqCo3rByS,True,True,4,99258743|15twigU4MNMdy4qyE7P3tssRxQVr5AjbxN|99258746|1Gn2zJUYH8v3Vzbx2hjmF9yhAVqCo3rByS,transaction|wallet|transaction|wallet,|0.025932|0.000313878|0.00789547
313646350,3,wallet,14dGwYSUxpy2swoS8QMkRFovXzGzL5aPbH,True,True,4,313646350|177Vs3VBbj8YL63HYacFFDsfsW1miczfae|372961150|14dGwYSUxpy2swoS8QMkRFovXzGzL5aPbH,transaction|wallet|transaction|wallet,|0.0295389|0.000938147|0.0213988
194305890,3,wallet,16vsRJCL9fPTwpfB7RRMzhZ6w9aBBx5W9B,True,True,4,194305890|1Q1rFGRbyDDQyt86mw6JttGoswGJUhaW56|314046178|16vsRJCL9fPTwpfB7RRMzhZ6w9aBBx5W9B,transaction|wallet|transaction|wallet,|0.0274601|0.000527084|0.00791836
272088734,3,wallet,14giZyCQDGHSpSyVygyw7viGTcc9uvVoSp,True,True,4,272088734|12at81gDHtGdvWv3VwuxT9eCaSofQR2A8K|272088740|14giZyCQDGHSpSyVygyw7viGTcc9uvVoSp,transaction|wallet|transaction|wallet,|0.0279596|0.000957906|0.00796396
269503235,3,wallet,1AQ5MkK7cruxM6t7w8kWW3qY2jk7fqE5CV,True,True,4,269503235|14tTvoRrQqT3NRmQoSvCG5jYGMnPiKx9t6|268792024|1AQ5MkK7cruxM6t7w8kWW3qY2jk7fqE5CV,transaction|wallet|transaction|wallet,|0.027976|0.000271887|0.00790709
276941671,3,wallet,1LErdMsTRdXGXHgM5azfxRU46ziE17qjWv,True,True,4,276941671|1ENf2GD2hEyCUGoiUKU7e45PAEv2y3D3j1|268793353|1LErdMsTRdXGXHgM5azfxRU46ziE17qjWv,transaction|wallet|transaction|wallet,|0.0177936|0.000151247|0.0078792
288347142,3,wallet,1FGm4k2V8uprKPDWuccZi4oMmu9PTACfGH,True,True,4,288347142|1P361HmcVw1ztXr7gYvo6FrB2thhErodhp|288148015|1FGm4k2V8uprKPDWuccZi4oMmu9PTACfGH,transaction|wallet|transaction|wallet,|0.0238706|-0.000120401|0.00815457
288354980,3,wallet,19Yp2Zt8uwu1ctRmEeC8A8F8iUVWe4S84M,True,True,4,288354980|12A7QqFVrYt945mnn5pT9aYP42AUZimXk3|288125316|19Yp2Zt8uwu1ctRmEeC8A8F8iUVWe4S84M,transaction|wallet|transaction|wallet,|0.0217026|-0.000450552|0.00817072
67603017,3,wallet,1CAuUW3iszd8UzhMyePwqvzJkRvjdPfLBq,True,True,4,67603017|1F65vGr1ZEMo6frrVh5gRwNXAjsYsGRfEG|70384401|1CAuUW3iszd8UzhMyePwqvzJkRvjdPfLBq,transaction|wallet|transaction|wallet,|0.024885|-0.000270098|0.00817198
114626822,3,wallet,1MbRAZ6hSBXJWDLtkRCFHKNvTg7TWSxttz,True,True,4,114626822|132Y194a45f32VKuwy7mgc2ASrMvpaeuom|114507940|1MbRAZ6hSBXJWDLtkRCFHKNvTg7TWSxttz,transaction|wallet|transaction|wallet,|0.0207363|-0.000496268|0.00822693
71988753,3,wallet,1KRk7mSri4zsTifUbHoHFNsovPDUX2DqJd,True,True,4,71988753|1ERJcygiAXZfvVWv1TjqNpncMuWirsiQXX|71450516|1KRk7mSri4zsTifUbHoHFNsovPDUX2DqJd,transaction|wallet|transaction|wallet,|0.000706494|-0.00125971|0.00813705
218400096,3,wallet,1LeCHwUksk6CSgT58Y2VNQMbpKoCoDRc9N,True,True,4,218400096|1MKNjXd16X5LuoxbKy2KcfW28oZpE7DavN|218091577|1LeCHwUksk6CSgT58Y2VNQMbpKoCoDRc9N,transaction|wallet|transaction|wallet,|0.0202216|-0.000615627|0.00849444
131fHSzsK1eQJp7bC94JVWZqJ2JcdR5UfS,3,transaction,88250674,True,True,4,131fHSzsK1eQJp7bC94JVWZqJ2JcdR5UfS|291338524|39sfuA8pY4UfybgEZi7uvA13jkGzZpsg5K|88250674,wallet|transaction|wallet|transaction,|0.00176308|0.031203|-0.00505114
13XXXsxSp4TjBLR6TGbsyknFMNWzYniwbu,3,transaction,88250674,True,True,4,13XXXsxSp4TjBLR6TGbsyknFMNWzYniwbu|254428878|39sfuA8pY4UfybgEZi7uvA13jkGzZpsg5K|88250674,wallet|transaction|wallet|transaction,|0.000199854|0.031203|-0.00505114
13aa4LcxnkJkhjaQd97qtWPxaHZA3msDXh,3,transaction,88250674,True,True,4,13aa4LcxnkJkhjaQd97qtWPxaHZA3msDXh|166072787|39sfuA8pY4UfybgEZi7uvA13jkGzZpsg5K|88250674,wallet|transaction|wallet|transaction,|0.000176936|0.031203|-0.00505114
13fPMfrBDQVpa4TqvPRbYVEszJF8Ftwc6a,3,transaction,88250674,True,True,4,13fPMfrBDQVpa4TqvPRbYVEszJF8Ftwc6a|163667312|39sfuA8pY4UfybgEZi7uvA13jkGzZpsg5K|88250674,wallet|transaction|wallet|transaction,|0.000156313|0.031203|-0.00505114
13ruUZnEJabBo1vJ5Tghnwuo2p9hMf4epU,3,transaction,88250674,True,True,4,13ruUZnEJabBo1vJ5Tghnwuo2p9hMf4epU|163660881|39sfuA8pY4UfybgEZi7uvA13jkGzZpsg5K|88250674,wallet|transaction|wallet|transaction,|-0.000213712|0.031203|-0.00505114
16Hj5A3qK8T3UZgkwNwzXJStk2fFhVrA6J,3,transaction,88250674,True,True,4,16Hj5A3qK8T3UZgkwNwzXJStk2fFhVrA6J|98992940|39sfuA8pY4UfybgEZi7uvA13jkGzZpsg5K|88250674,wallet|transaction|wallet|transaction,|0.000264376|0.031203|-0.00505114
16hY4idRzuVgSDXLTkry6yyyzgvy6MEQzn,3,transaction,88250674,True,True,4,16hY4idRzuVgSDXLTkry6yyyzgvy6MEQzn|355004559|39sfuA8pY4UfybgEZi7uvA13jkGzZpsg5K|88250674,wallet|transaction|wallet|transaction,|0.00020349|0.031203|-0.00505114
16rdAm417Uz6JuPjwPtphDpJCr1XeUXJG2,3,transaction,88250674,True,True,4,16rdAm417Uz6JuPjwPtphDpJCr1XeUXJG2|166071629|39sfuA8pY4UfybgEZi7uvA13jkGzZpsg5K|88250674,wallet|transaction|wallet|transaction,|-0.000138491|0.031203|-0.00505114
17bu9eTkwcWjeYVm5eN5HEwX9BaU67iLka,3,transaction,88250674,True,True,4,17bu9eTkwcWjeYVm5eN5HEwX9BaU67iLka|386085450|39sfuA8pY4UfybgEZi7uvA13jkGzZpsg5K|88250674,wallet|transaction|wallet|transaction,|-0.000262201|0.031203|-0.00505114
1A6F9JECqinsTdLfePdoySUsGEgcCWsfA1,3,transaction,88250674,True,True,4,1A6F9JECqinsTdLfePdoySUsGEgcCWsfA1|272077542|39sfuA8pY4UfybgEZi7uvA13jkGzZpsg5K|88250674,wallet|transaction|wallet|transaction,|0.00011912|0.031203|-0.00505114
1A8R5LvXc8kxoFAHGgjxivjiihUitMiukX,3,transaction,88250674,True,True,4,1A8R5LvXc8kxoFAHGgjxivjiihUitMiukX|272683595|39sfuA8pY4UfybgEZi7uvA13jkGzZpsg5K|88250674,wallet|transaction|wallet|transaction,|-0.000193745|0.031203|-0.00505114
1AhenWJCZ8buY8tYCDSx5qkuUq4i85ocpX,3,transaction,88250674,True,True,4,1AhenWJCZ8buY8tYCDSx5qkuUq4i85ocpX|27210820|39sfuA8pY4UfybgEZi7uvA13jkGzZpsg5K|88250674,wallet|transaction|wallet|transaction,|-0.00121015|0.031203|-0.00505114
1BM8ZGtbDHVs5Gxi2GkDayuaoFQBDq3njT,3,transaction,88250674,True,True,4,1BM8ZGtbDHVs5Gxi2GkDayuaoFQBDq3njT|185725699|39sfuA8pY4UfybgEZi7uvA13jkGzZpsg5K|88250674,wallet|transaction|wallet|transaction,|0.000132024|0.031203|-0.00505114
1BTTNeFA2bM24hhXCzD2ZNCoZjmwvL7VbG,3,transaction,88250674,True,True,4,1BTTNeFA2bM24hhXCzD2ZNCoZjmwvL7VbG|166498559|39sfuA8pY4UfybgEZi7uvA13jkGzZpsg5K|88250674,wallet|transaction|wallet|transaction,|-0.000260681|0.031203|-0.00505114
1Br6QoKSb8u1CtfLXLqboqkj4gj7BXc18w,3,transaction,88250674,True,True,4,1Br6QoKSb8u1CtfLXLqboqkj4gj7BXc18w|355126263|39sfuA8pY4UfybgEZi7uvA13jkGzZpsg5K|88250674,wallet|transaction|wallet|transaction,|-0.00013116|0.031203|-0.00505114
1CewU3kjG9A8YXuuKR19Fr2kWRtB4pUosT,3,transaction,88250674,True,True,4,1CewU3kjG9A8YXuuKR19Fr2kWRtB4pUosT|382770349|39sfuA8pY4UfybgEZi7uvA13jkGzZpsg5K|88250674,wallet|transaction|wallet|transaction,|0.000255525|0.031203|-0.00505114
1Cr5J9uCaPmdZ57WPeM2Vy5EiLyLnkXrDY,3,transaction,88250674,True,True,4,1Cr5J9uCaPmdZ57WPeM2Vy5EiLyLnkXrDY|163667986|39sfuA8pY4UfybgEZi7uvA13jkGzZpsg5K|88250674,wallet|transaction|wallet|transaction,|0.000279665|0.031203|-0.00505114
1Dbjs8uREYUHAo3FJ7Dxsw6cSzZQVcZTTD,3,transaction,88250674,True,True,4,1Dbjs8uREYUHAo3FJ7Dxsw6cSzZQVcZTTD|166499035|39sfuA8pY4UfybgEZi7uvA13jkGzZpsg5K|88250674,wallet|transaction|wallet|transaction,|-0.000226378|0.031203|-0.00505114
1FVjTeWxef4ua8mxRnf8RMebX577iGW7Gb,3,transaction,88250674,True,True,4,1FVjTeWxef4ua8mxRnf8RMebX577iGW7Gb|166495212|39sfuA8pY4UfybgEZi7uvA13jkGzZpsg5K|88250674,wallet|transaction|wallet|transaction,|0.000128061|0.031203|-0.00505114
1Fg9HCzXfU5NqnUbSW2XQ9VhRGwG3ejdRS,3,transaction,88250674,True,True,4,1Fg9HCzXfU5NqnUbSW2XQ9VhRGwG3ejdRS|141627708|39sfuA8pY4UfybgEZi7uvA13jkGzZpsg5K|88250674,wallet|transaction|wallet|transaction,|-0.000290662|0.031203|-0.00505114
1GbzD5EcnUTGpL6UwfWU5qfXABStfaHVJg,3,transaction,88250674,True,True,4,1GbzD5EcnUTGpL6UwfWU5qfXABStfaHVJg|355128655|39sfuA8pY4UfybgEZi7uvA13jkGzZpsg5K|88250674,wallet|transaction|wallet|transaction,|0.000191897|0.031203|-0.00505114
1GmD5Vm1a9gbSES5Vih82EfrDAH3WGDecS,3,transaction,88250674,True,True,4,1GmD5Vm1a9gbSES5Vih82EfrDAH3WGDecS|309189403|39sfuA8pY4UfybgEZi7uvA13jkGzZpsg5K|88250674,wallet|transaction|wallet|transaction,|0.000135005|0.031203|-0.00505114
1K5KTHhEB9Mcida1xSehtYLjyGf7QYncZx,3,transaction,88250674,True,True,4,1K5KTHhEB9Mcida1xSehtYLjyGf7QYncZx|331553509|39sfuA8pY4UfybgEZi7uvA13jkGzZpsg5K|88250674,wallet|transaction|wallet|transaction,|0.000234544|0.031203|-0.00505114
1KVqB5L93xNQ387NkNZc6rkx4p4HaWpZa9,3,transaction,88250674,True,True,4,1KVqB5L93xNQ387NkNZc6rkx4p4HaWpZa9|69064953|39sfuA8pY4UfybgEZi7uvA13jkGzZpsg5K|88250674,wallet|transaction|wallet|transaction,|0.000173002|0.031203|-0.00505114
1LeKFRBubQSwHzpamAKbVuynVF6Xnjer9r,3,transaction,88250674,True,True,4,1LeKFRBubQSwHzpamAKbVuynVF6Xnjer9r|43878665|39sfuA8pY4UfybgEZi7uvA13jkGzZpsg5K|88250674,wallet|transaction|wallet|transaction,|0.000158638|0.031203|-0.00505114
1MLvzsdbo2N12ANUcGTXkMCQ1GZbLTvkTL,3,transaction,88250674,True,True,4,1MLvzsdbo2N12ANUcGTXkMCQ1GZbLTvkTL|272145560|39sfuA8pY4UfybgEZi7uvA13jkGzZpsg5K|88250674,wallet|transaction|wallet|transaction,|0.000102758|0.031203|-0.00505114
1MjAvw2GzrW1ZT5LR6WgW7kPhjpXKNe7Ww,3,transaction,88250674,True,True,4,1MjAvw2GzrW1ZT5LR6WgW7kPhjpXKNe7Ww|355128732|39sfuA8pY4UfybgEZi7uvA13jkGzZpsg5K|88250674,wallet|transaction|wallet|transaction,|-0.000159115|0.031203|-0.00505114
1N5qhpNRWD6RQDZWidAitn44SFcDFWrUsv,3,transaction,88250674,True,True,4,1N5qhpNRWD6RQDZWidAitn44SFcDFWrUsv|331553508|39sfuA8pY4UfybgEZi7uvA13jkGzZpsg5K|88250674,wallet|transaction|wallet|transaction,|0.000305682|0.031203|-0.00505114
69997426,2,transaction,88250674,True,True,3,69997426|39sfuA8pY4UfybgEZi7uvA13jkGzZpsg5K|88250674,transaction|wallet|transaction,|0.031203|-0.00505114
136272459,2,transaction,88250674,True,True,3,136272459|39sfuA8pY4UfybgEZi7uvA13jkGzZpsg5K|88250674,transaction|wallet|transaction,|0.031203|-0.00505114
247487089,2,transaction,88250674,True,True,3,247487089|39sfuA8pY4UfybgEZi7uvA13jkGzZpsg5K|88250674,transaction|wallet|transaction,|0.031203|-0.00505114
272077928,2,transaction,88250674,True,True,3,272077928|39sfuA8pY4UfybgEZi7uvA13jkGzZpsg5K|88250674,transaction|wallet|transaction,|0.031203|-0.00505114
272932861,2,transaction,88250674,True,True,3,272932861|39sfuA8pY4UfybgEZi7uvA13jkGzZpsg5K|88250674,transaction|wallet|transaction,|0.031203|-0.00505114
277373532,2,transaction,88250674,True,True,3,277373532|39sfuA8pY4UfybgEZi7uvA13jkGzZpsg5K|88250674,transaction|wallet|transaction,|0.031203|-0.00505114
292163396,2,transaction,88250674,True,True,3,292163396|39sfuA8pY4UfybgEZi7uvA13jkGzZpsg5K|88250674,transaction|wallet|transaction,|0.031203|-0.00505114
299475624,2,transaction,88250674,True,True,3,299475624|39sfuA8pY4UfybgEZi7uvA13jkGzZpsg5K|88250674,transaction|wallet|transaction,|0.031203|-0.00505114
84719050,2,transaction,88250674,True,True,3,84719050|39sfuA8pY4UfybgEZi7uvA13jkGzZpsg5K|88250674,transaction|wallet|transaction,|0.031203|-0.00505114
17763829,2,transaction,88250674,True,True,3,17763829|39sfuA8pY4UfybgEZi7uvA13jkGzZpsg5K|88250674,transaction|wallet|transaction,|0.031203|-0.00505114
21627002,2,transaction,88250674,True,True,3,21627002|39sfuA8pY4UfybgEZi7uvA13jkGzZpsg5K|88250674,transaction|wallet|transaction,|0.031203|-0.00505114
55300089,2,transaction,88250674,True,True,3,55300089|39sfuA8pY4UfybgEZi7uvA13jkGzZpsg5K|88250674,transaction|wallet|transaction,|0.031203|-0.00505114
56397284,2,transaction,88250674,True,True,3,56397284|39sfuA8pY4UfybgEZi7uvA13jkGzZpsg5K|88250674,transaction|wallet|transaction,|0.031203|-0.00505114
135600096,2,transaction,88250674,True,True,3,135600096|39sfuA8pY4UfybgEZi7uvA13jkGzZpsg5K|88250674,transaction|wallet|transaction,|0.031203|-0.00505114
136123519,2,transaction,88250674,True,True,3,136123519|39sfuA8pY4UfybgEZi7uvA13jkGzZpsg5K|88250674,transaction|wallet|transaction,|0.031203|-0.00505114
141627708,2,transaction,88250674,True,True,3,141627708|39sfuA8pY4UfybgEZi7uvA13jkGzZpsg5K|88250674,transaction|wallet|transaction,|0.031203|-0.00505114
142317103,2,transaction,88250674,True,True,3,142317103|39sfuA8pY4UfybgEZi7uvA13jkGzZpsg5K|88250674,transaction|wallet|transaction,|0.031203|-0.00505114
149197183,2,transaction,88250674,True,True,3,149197183|39sfuA8pY4UfybgEZi7uvA13jkGzZpsg5K|88250674,transaction|wallet|transaction,|0.031203|-0.00505114
163585815,2,transaction,88250674,True,True,3,163585815|39sfuA8pY4UfybgEZi7uvA13jkGzZpsg5K|88250674,transaction|wallet|transaction,|0.031203|-0.00505114
163586071,2,transaction,88250674,True,True,3,163586071|39sfuA8pY4UfybgEZi7uvA13jkGzZpsg5K|88250674,transaction|wallet|transaction,|0.031203|-0.00505114
163586382,2,transaction,88250674,True,True,3,163586382|39sfuA8pY4UfybgEZi7uvA13jkGzZpsg5K|88250674,transaction|wallet|transaction,|0.031203|-0.00505114
163657331,2,transaction,88250674,True,True,3,163657331|39sfuA8pY4UfybgEZi7uvA13jkGzZpsg5K|88250674,transaction|wallet|transaction,|0.031203|-0.00505114
163667266,2,transaction,88250674,True,True,3,163667266|39sfuA8pY4UfybgEZi7uvA13jkGzZpsg5K|88250674,transaction|wallet|transaction,|0.031203|-0.00505114
163667273,2,transaction,88250674,True,True,3,163667273|39sfuA8pY4UfybgEZi7uvA13jkGzZpsg5K|88250674,transaction|wallet|transaction,|0.031203|-0.00505114
163820070,2,transaction,88250674,True,True,3,163820070|39sfuA8pY4UfybgEZi7uvA13jkGzZpsg5K|88250674,transaction|wallet|transaction,|0.031203|-0.00505114
163867298,2,transaction,88250674,True,True,3,163867298|39sfuA8pY4UfybgEZi7uvA13jkGzZpsg5K|88250674,transaction|wallet|transaction,|0.031203|-0.00505114
165849672,2,transaction,88250674,True,True,3,165849672|39sfuA8pY4UfybgEZi7uvA13jkGzZpsg5K|88250674,transaction|wallet|transaction,|0.031203|-0.00505114
165849938,2,transaction,88250674,True,True,3,165849938|39sfuA8pY4UfybgEZi7uvA13jkGzZpsg5K|88250674,transaction|wallet|transaction,|0.031203|-0.00505114
165849955,2,transaction,88250674,True,True,3,165849955|39sfuA8pY4UfybgEZi7uvA13jkGzZpsg5K|88250674,transaction|wallet|transaction,|0.031203|-0.00505114
166071318,2,transaction,88250674,True,True,3,166071318|39sfuA8pY4UfybgEZi7uvA13jkGzZpsg5K|88250674,transaction|wallet|transaction,|0.031203|-0.00505114
166072696,2,transaction,88250674,True,True,3,166072696|39sfuA8pY4UfybgEZi7uvA13jkGzZpsg5K|88250674,transaction|wallet|transaction,|0.031203|-0.00505114
166072794,2,transaction,88250674,True,True,3,166072794|39sfuA8pY4UfybgEZi7uvA13jkGzZpsg5K|88250674,transaction|wallet|transaction,|0.031203|-0.00505114
166499051,2,transaction,88250674,True,True,3,166499051|39sfuA8pY4UfybgEZi7uvA13jkGzZpsg5K|88250674,transaction|wallet|transaction,|0.031203|-0.00505114
166499072,2,transaction,88250674,True,True,3,166499072|39sfuA8pY4UfybgEZi7uvA13jkGzZpsg5K|88250674,transaction|wallet|transaction,|0.031203|-0.00505114
166499135,2,transaction,88250674,True,True,3,166499135|39sfuA8pY4UfybgEZi7uvA13jkGzZpsg5K|88250674,transaction|wallet|transaction,|0.031203|-0.00505114
167743047,2,transaction,88250674,True,True,3,167743047|39sfuA8pY4UfybgEZi7uvA13jkGzZpsg5K|88250674,transaction|wallet|transaction,|0.031203|-0.00505114
168138716,2,transaction,88250674,True,True,3,168138716|39sfuA8pY4UfybgEZi7uvA13jkGzZpsg5K|88250674,transaction|wallet|transaction,|0.031203|-0.00505114
168139047,2,transaction,88250674,True,True,3,168139047|39sfuA8pY4UfybgEZi7uvA13jkGzZpsg5K|88250674,transaction|wallet|transaction,|0.031203|-0.00505114
168139106,2,transaction,88250674,True,True,3,168139106|39sfuA8pY4UfybgEZi7uvA13jkGzZpsg5K|88250674,transaction|wallet|transaction,|0.031203|-0.00505114
137895164,2,transaction,88250674,True,True,3,137895164|39sfuA8pY4UfybgEZi7uvA13jkGzZpsg5K|88250674,transaction|wallet|transaction,|0.031203|-0.00505114
194942541,2,transaction,88250674,True,True,3,194942541|39sfuA8pY4UfybgEZi7uvA13jkGzZpsg5K|88250674,transaction|wallet|transaction,|0.031203|-0.00505114
320512210,2,transaction,88250674,True,True,3,320512210|39sfuA8pY4UfybgEZi7uvA13jkGzZpsg5K|88250674,transaction|wallet|transaction,|0.031203|-0.00505114
348230493,2,transaction,88250674,True,True,3,348230493|39sfuA8pY4UfybgEZi7uvA13jkGzZpsg5K|88250674,transaction|wallet|transaction,|0.031203|-0.00505114
386050098,2,transaction,88250674,True,True,3,386050098|39sfuA8pY4UfybgEZi7uvA13jkGzZpsg5K|88250674,transaction|wallet|transaction,|0.031203|-0.00505114
386085453,2,transaction,88250674,True,True,3,386085453|39sfuA8pY4UfybgEZi7uvA13jkGzZpsg5K|88250674,transaction|wallet|transaction,|0.031203|-0.00505114
179428461,2,transaction,88250674,True,True,3,179428461|39sfuA8pY4UfybgEZi7uvA13jkGzZpsg5K|88250674,transaction|wallet|transaction,|0.031203|-0.00505114
355009653,2,transaction,88250674,True,True,3,355009653|39sfuA8pY4UfybgEZi7uvA13jkGzZpsg5K|88250674,transaction|wallet|transaction,|0.031203|-0.00505114
355009671,2,transaction,88250674,True,True,3,355009671|39sfuA8pY4UfybgEZi7uvA13jkGzZpsg5K|88250674,transaction|wallet|transaction,|0.031203|-0.00505114
355009708,2,transaction,88250674,True,True,3,355009708|39sfuA8pY4UfybgEZi7uvA13jkGzZpsg5K|88250674,transaction|wallet|transaction,|0.031203|-0.00505114
355009720,2,transaction,88250674,True,True,3,355009720|39sfuA8pY4UfybgEZi7uvA13jkGzZpsg5K|88250674,transaction|wallet|transaction,|0.031203|-0.00505114
355110093,2,transaction,88250674,True,True,3,355110093|39sfuA8pY4UfybgEZi7uvA13jkGzZpsg5K|88250674,transaction|wallet|transaction,|0.031203|-0.00505114
355110131,2,transaction,88250674,True,True,3,355110131|39sfuA8pY4UfybgEZi7uvA13jkGzZpsg5K|88250674,transaction|wallet|transaction,|0.031203|-0.00505114
355110135,2,transaction,88250674,True,True,3,355110135|39sfuA8pY4UfybgEZi7uvA13jkGzZpsg5K|88250674,transaction|wallet|transaction,|0.031203|-0.00505114
355128667,2,transaction,88250674,True,True,3,355128667|39sfuA8pY4UfybgEZi7uvA13jkGzZpsg5K|88250674,transaction|wallet|transaction,|0.031203|-0.00505114
355128677,2,transaction,88250674,True,True,3,355128677|39sfuA8pY4UfybgEZi7uvA13jkGzZpsg5K|88250674,transaction|wallet|transaction,|0.031203|-0.00505114
355128730,2,transaction,88250674,True,True,3,355128730|39sfuA8pY4UfybgEZi7uvA13jkGzZpsg5K|88250674,transaction|wallet|transaction,|0.031203|-0.00505114
355158933,2,transaction,88250674,True,True,3,355158933|39sfuA8pY4UfybgEZi7uvA13jkGzZpsg5K|88250674,transaction|wallet|transaction,|0.031203|-0.00505114
355998241,2,transaction,88250674,True,True,3,355998241|39sfuA8pY4UfybgEZi7uvA13jkGzZpsg5K|88250674,transaction|wallet|transaction,|0.031203|-0.00505114
355998296,2,transaction,88250674,True,True,3,355998296|39sfuA8pY4UfybgEZi7uvA13jkGzZpsg5K|88250674,transaction|wallet|transaction,|0.031203|-0.00505114
12Aj1xAaiaVhYioE1ZvJ6d65bc8zg4AJ5N,2,wallet,164q8dbDTUmufTCKXat1jGmjHnoepSiKCC,True,True,3,12Aj1xAaiaVhYioE1ZvJ6d65bc8zg4AJ5N|158371756|164q8dbDTUmufTCKXat1jGmjHnoepSiKCC,wallet|transaction|wallet,|-0.0008246|0.00853133
12at81gDHtGdvWv3VwuxT9eCaSofQR2A8K,2,wallet,14giZyCQDGHSpSyVygyw7viGTcc9uvVoSp,True,True,3,12at81gDHtGdvWv3VwuxT9eCaSofQR2A8K|272088740|14giZyCQDGHSpSyVygyw7viGTcc9uvVoSp,wallet|transaction|wallet,|0.000957906|0.00796396
12bvT3AbqAS6tEmaCWyFZAUTa8CZ7KLT8M,2,wallet,163KUE66ErUeFJtVbDzBqhk5kp4RpwND2Y,True,True,3,12bvT3AbqAS6tEmaCWyFZAUTa8CZ7KLT8M|268796589|163KUE66ErUeFJtVbDzBqhk5kp4RpwND2Y,wallet|transaction|wallet,|0.000425845|0.00795937
12q4R8KAbsCuqDGUanU8uFeXNjTu3F42Vb,2,wallet,1AyAJzAzpCop3yM7GvaAsZ3KQi8K5LJSrm,True,True,3,12q4R8KAbsCuqDGUanU8uFeXNjTu3F42Vb|272078301|1AyAJzAzpCop3yM7GvaAsZ3KQi8K5LJSrm,wallet|transaction|wallet,|0.00013116|0.00792789
14JWG2ssMgowu6gyBdxQSDcgD74VCwjNwN,2,wallet,17kgEd3tK73BBLZo9gyzy1YqbzFYrt79jM,True,True,3,14JWG2ssMgowu6gyBdxQSDcgD74VCwjNwN|208931582|17kgEd3tK73BBLZo9gyzy1YqbzFYrt79jM,wallet|transaction|wallet,|0.000368297|0.00784671
14aqedUbcRkx7gNNKGiexFhi6J3nzePSM8,2,wallet,1FegJFc8qRqtE8GYWFtXpFbiTLjhiGMHyp,True,True,3,14aqedUbcRkx7gNNKGiexFhi6J3nzePSM8|269500862|1FegJFc8qRqtE8GYWFtXpFbiTLjhiGMHyp,wallet|transaction|wallet,|0.00036791|0.00795472
14fgABuecouBA7pfjbDFy4EXJUR9dNAG58,2,wallet,1Q9Bc5NeWV8amCiGuV6YKisLBrvE4wqHgz,True,True,3,14fgABuecouBA7pfjbDFy4EXJUR9dNAG58|159041217|1Q9Bc5NeWV8amCiGuV6YKisLBrvE4wqHgz,wallet|transaction|wallet,|-0.000792801|0.00853086
14s9RKasRn6py5WijgxJSFip29pF5JvSF2,2,wallet,19sKUdGWAWUXkXYEVcgJruMHZjWoi2vvHW,True,True,3,14s9RKasRn6py5WijgxJSFip29pF5JvSF2|11566998|19sKUdGWAWUXkXYEVcgJruMHZjWoi2vvHW,wallet|transaction|wallet,|-0.000399202|0.00851494
14tvcabNePJ2MGPLjkKWZfWiTPVLLr3h4y,2,wallet,1JYiqL7msWkb1ruNv7VM4eSrqJRFTnWRpZ,True,True,3,14tvcabNePJ2MGPLjkKWZfWiTPVLLr3h4y|19501341|1JYiqL7msWkb1ruNv7VM4eSrqJRFTnWRpZ,wallet|transaction|wallet,|-0.000927597|0.00852972
15Ykd4sgdYaZcvASRp8VEuUgsfP7M1nYYh,2,wallet,16g96B5hvjyAhki2cr9dxJXCiriFtvQ8Yq,True,True,3,15Ykd4sgdYaZcvASRp8VEuUgsfP7M1nYYh|159033864|16g96B5hvjyAhki2cr9dxJXCiriFtvQ8Yq,wallet|transaction|wallet,|-0.000375956|0.00855857
162quYhHpSRNT3mfq994fV2mG4iKVQt9Yj,2,wallet,1No3hdhRjdRckE1BWisKkDg8D16hc1FSrw,True,True,3,162quYhHpSRNT3mfq994fV2mG4iKVQt9Yj|272148432|1No3hdhRjdRckE1BWisKkDg8D16hc1FSrw,wallet|transaction|wallet,|0.000937372|-0.968781
16K4uNL5WXL9QUPMezCXvcfacmGwWbP7uB,2,wallet,1MPpXKeMyzg5Wh3J4u3zGMcaAforJ1XVLT,True,True,3,16K4uNL5WXL9QUPMezCXvcfacmGwWbP7uB|269519023|1MPpXKeMyzg5Wh3J4u3zGMcaAforJ1XVLT,wallet|transaction|wallet,|0.000530005|0.00795192
16ixpF3S8cYwkYbDrhBZMJGyKKDhyoWTFW,2,wallet,1FA84FS8wLiFAA1WjoJaM1aCsisHVcJLXd,True,True,3,16ixpF3S8cYwkYbDrhBZMJGyKKDhyoWTFW|299172427|1FA84FS8wLiFAA1WjoJaM1aCsisHVcJLXd,wallet|transaction|wallet,|0.000923395|0.0247678
16oasHBCHwXZcbzj8pdLqrwguyf4Duzdkv,2,wallet,14J8trbxtni8ygAqVC3qq9zBhvQuD8NzM2,True,True,3,16oasHBCHwXZcbzj8pdLqrwguyf4Duzdkv|225817002|14J8trbxtni8ygAqVC3qq9zBhvQuD8NzM2,wallet|transaction|wallet,|0.000310212|0.00781882
17WpUphWLqEgbgX1MMwC2w2gqYxVacedPq,2,wallet,19EjoGY7Ukqq1woCPMTVpxBFv3g3oyPYpM,True,True,3,17WpUphWLqEgbgX1MMwC2w2gqYxVacedPq|289270308|19EjoGY7Ukqq1woCPMTVpxBFv3g3oyPYpM,wallet|transaction|wallet,|0.00148261|0.00753355
17kpBzSHm5YSyZLfLiotAicriJMtg3ecQD,2,wallet,1DikvPCbhrEtabdD4YwTW13bNT4Ck1wmpC,True,True,3,17kpBzSHm5YSyZLfLiotAicriJMtg3ecQD|16753577|1DikvPCbhrEtabdD4YwTW13bNT4Ck1wmpC,wallet|transaction|wallet,|0.00148878|0.00751513
183pA8mY6m8YjXb2iTxeA7FjzWEjUg9xiq,2,wallet,14HNwNh2aW7SgtBf963NFzvWqYBZySEKgN,True,True,3,183pA8mY6m8YjXb2iTxeA7FjzWEjUg9xiq|158367826|14HNwNh2aW7SgtBf963NFzvWqYBZySEKgN,wallet|transaction|wallet,|-0.000744194|0.00853759
18Qdh29cqegjUnw3Ve1CjjbTUukvzeGX93,2,wallet,1Gsb8cVt7TrJbHn46LywYdednEPnDWrvFr,True,True,3,18Qdh29cqegjUnw3Ve1CjjbTUukvzeGX93|339058299|1Gsb8cVt7TrJbHn46LywYdednEPnDWrvFr,wallet|transaction|wallet,|0.000667274|0.00766081
18ZVQCF6MxBzr7JBu8F5zvSP3w4A7CSV6h,2,wallet,1DuCxXTcjhrTE1RSabxCJDpoVNLiwdPD4h,True,True,3,18ZVQCF6MxBzr7JBu8F5zvSP3w4A7CSV6h|114655823|1DuCxXTcjhrTE1RSabxCJDpoVNLiwdPD4h,wallet|transaction|wallet,|-0.000558376|0.00823629
18mzPpoPnuNYTTYQoqMamjUsteBjC6NTEA,2,wallet,1DR6qnuyvKT1Y8ngmTVnbbxQqpnkR4qcKS,True,True,3,18mzPpoPnuNYTTYQoqMamjUsteBjC6NTEA|346378501|1DR6qnuyvKT1Y8ngmTVnbbxQqpnkR4qcKS,wallet|transaction|wallet,|0.000719011|0.00765967
191c7U22m9HiTUmptoyNzvRN3XAymMRoX6,2,wallet,1NZDTMfrY9Mn53xcbe1hhPhhQ6PWzmbeE7,True,True,3,191c7U22m9HiTUmptoyNzvRN3XAymMRoX6|44066252|1NZDTMfrY9Mn53xcbe1hhPhhQ6PWzmbeE7,wallet|transaction|wallet,|0.00112325|0.00732023
19fRrJxQZNHXyGThnyf9WapGyxqmhxSNAs,2,wallet,1PgJchfjStvmfsemadJZs8F3uP2MmkEzJV,True,True,3,19fRrJxQZNHXyGThnyf9WapGyxqmhxSNAs|272432438|1PgJchfjStvmfsemadJZs8F3uP2MmkEzJV,wallet|transaction|wallet,|0.000379682|0.0079394
19svw4W5qkmif9h8mcVDU5UsyA3WhojVi6,2,wallet,1orL48cwK5UgooyKXzi2gc9xfrFEXBiJL,True,True,3,19svw4W5qkmif9h8mcVDU5UsyA3WhojVi6|248886979|1orL48cwK5UgooyKXzi2gc9xfrFEXBiJL,wallet|transaction|wallet,|0.000666231|0.00779283
19txq91QziDSYfr5M3WwETThk4WnSH9FXU,2,wallet,14LYQGXodmh2Mm774NhnoAKYQHX7PKqrur,True,True,3,19txq91QziDSYfr5M3WwETThk4WnSH9FXU|11570254|14LYQGXodmh2Mm774NhnoAKYQHX7PKqrur,wallet|transaction|wallet,|-0.000541747|0.00849819
1A9LxBPtyic2EnxmydSiitZVVDTFEew7wo,2,wallet,1AR8tDsHHjqhJDbGxh7FZSj93ByP2eoy2o,True,True,3,1A9LxBPtyic2EnxmydSiitZVVDTFEew7wo|163662273|1AR8tDsHHjqhJDbGxh7FZSj93ByP2eoy2o,wallet|transaction|wallet,|0.000333875|0.00801116
1Ahbt79WNTMYLWVXb4GKZApH9K2FFne8FV,2,wallet,154dvR98Zkp6SizhX8rP4qAHCm5tqSp5Z8,True,True,3,1Ahbt79WNTMYLWVXb4GKZApH9K2FFne8FV|339058373|154dvR98Zkp6SizhX8rP4qAHCm5tqSp5Z8,wallet|transaction|wallet,|0.000754654|0.00767446
1B8n5tbQJEk9k87QXhjJtiNvXmc99HDzzu,2,wallet,1Q1GRohcpxv68ZnFGFT1txcpin7HsZAFaE,True,True,3,1B8n5tbQJEk9k87QXhjJtiNvXmc99HDzzu|209525247|1Q1GRohcpxv68ZnFGFT1txcpin7HsZAFaE,wallet|transaction|wallet,|-0.00149801|0.00737232
1BAAciDrPbpiV3NAeQUQz35MFgHuDpMKPn,2,wallet,1orL48cwK5UgooyKXzi2gc9xfrFEXBiJL,True,True,3,1BAAciDrPbpiV3NAeQUQz35MFgHuDpMKPn|248886979|1orL48cwK5UgooyKXzi2gc9xfrFEXBiJL,wallet|transaction|wallet,|0.000666231|0.00779283
1BEfK5nNJhMVkL7Ysii7UFctnbjp9GW9Pt,2,wallet,1DRgAEYTvPFshaHCav2rtFSXwrmzY2xNGK,True,True,3,1BEfK5nNJhMVkL7Ysii7UFctnbjp9GW9Pt|71748299|1DRgAEYTvPFshaHCav2rtFSXwrmzY2xNGK,wallet|transaction|wallet,|-0.00122836|0.00812936
1BZT4mnShFLTbqTNA7s48a6v9LcunEmXzj,2,wallet,1DPhEQL9G1k7D7eDdkPXLHcmoprMoxL1cE,True,True,3,1BZT4mnShFLTbqTNA7s48a6v9LcunEmXzj|166070889|1DPhEQL9G1k7D7eDdkPXLHcmoprMoxL1cE,wallet|transaction|wallet,|0.00021565|0.00804538
1CcvAxTTS27UnpDNFenURaFbToY21Z7rvb,2,wallet,1KjnHsViHG5roTfJDP8kHNEP86nx16VoWk,True,True,3,1CcvAxTTS27UnpDNFenURaFbToY21Z7rvb|43531652|1KjnHsViHG5roTfJDP8kHNEP86nx16VoWk,wallet|transaction|wallet,|0.000447571|0.0259259
1CjWwLjfauVoK9Wa44LFnGRrNuKyECFy6J,2,wallet,1DikvPCbhrEtabdD4YwTW13bNT4Ck1wmpC,True,True,3,1CjWwLjfauVoK9Wa44LFnGRrNuKyECFy6J|16753577|1DikvPCbhrEtabdD4YwTW13bNT4Ck1wmpC,wallet|transaction|wallet,|0.00148878|0.00751513
1CoSU7BLgHfEUzKjTCKNXVkzUBQFyX4PDY,2,wallet,14SQTwTnZf4sTyGTP315bEvPyogjto7MEf,True,True,3,1CoSU7BLgHfEUzKjTCKNXVkzUBQFyX4PDY|372730932|14SQTwTnZf4sTyGTP315bEvPyogjto7MEf,wallet|transaction|wallet,|0.000292093|0.00789422
1CogtuvrcfokKUZJWmYdTZdYHEJfHZxDy9,2,wallet,1LkLvTmpLaQw8ouFSnjHq7dRsyn5z6fbCy,True,True,3,1CogtuvrcfokKUZJWmYdTZdYHEJfHZxDy9|174942580|1LkLvTmpLaQw8ouFSnjHq7dRsyn5z6fbCy,wallet|transaction|wallet,|-0.00024271|0.00810838
1CssUstJjsVkmGjDAcxzcAiw5S4o4hLtBJ,2,wallet,1Gkmgg8vE1j7U1LttpATwe41WVScK9s8Py,True,True,3,1CssUstJjsVkmGjDAcxzcAiw5S4o4hLtBJ|339058368|1Gkmgg8vE1j7U1LttpATwe41WVScK9s8Py,wallet|transaction|wallet,|0.000510663|0.00765336
1CymWSDQrXkekhKB8hLm66jSnSuRVDr3ez,2,wallet,1EEcmPSYztewCWSkGaU41Yx975yM7Vv3hH,True,True,3,1CymWSDQrXkekhKB8hLm66jSnSuRVDr3ez|94152708|1EEcmPSYztewCWSkGaU41Yx975yM7Vv3hH,wallet|transaction|wallet,|-0.000697523|0.00839746
1DAWfw6FyJnGafwob6ySmg5kPsgQF2Zh6Z,2,wallet,1HZ7m8G8uLRFRgXKRqiXBKJm9unCodqaZp,True,True,3,1DAWfw6FyJnGafwob6ySmg5kPsgQF2Zh6Z|272153910|1HZ7m8G8uLRFRgXKRqiXBKJm9unCodqaZp,wallet|transaction|wallet,|0.000626922|0.00796044
1DSSPY8SRjcF4UfaS92hnYff1wcxhZ18oZ,2,wallet,1JdU2MjTyAKWZQNauY49h9CmGyNMd2Lf1s,True,True,3,1DSSPY8SRjcF4UfaS92hnYff1wcxhZ18oZ|339101933|1JdU2MjTyAKWZQNauY49h9CmGyNMd2Lf1s,wallet|transaction|wallet,|0.000754237|0.00768381
1DVxG8LR8CBGh9uXQjgnDaBoRign3sJDS9,2,wallet,15mcGqrm3HWk8cWf29U6xvrw8koaEtNYKo,True,True,3,1DVxG8LR8CBGh9uXQjgnDaBoRign3sJDS9|29962122|15mcGqrm3HWk8cWf29U6xvrw8koaEtNYKo,wallet|transaction|wallet,|-0.000356793|0.00822061
1DgtHonDbbabFwHpKxSAw7M7SjRNMrMMzc,2,wallet,1Pvq2SjnF1Uc4rBZKcJ8JEAfDgU3sogUNg,True,True,3,1DgtHonDbbabFwHpKxSAw7M7SjRNMrMMzc|234711189|1Pvq2SjnF1Uc4rBZKcJ8JEAfDgU3sogUNg,wallet|transaction|wallet,|0.000639051|0.00762433
1Dhvyd3efW1cYEo3xTymMjy8PKW9DnMx9J,2,wallet,14q7TVHemXU8mzg6Lb7UCohxL7u9huhYyd,True,True,3,1Dhvyd3efW1cYEo3xTymMjy8PKW9DnMx9J|84368623|14q7TVHemXU8mzg6Lb7UCohxL7u9huhYyd,wallet|transaction|wallet,|0.000457257|0.00798225
1Dqyf2qAjwjQfkjBY15ccVQ5stLn27bc6m,2,wallet,13GaMYE3jNPPrZxsNkWsab9fwgda2LWHu5,True,True,3,1Dqyf2qAjwjQfkjBY15ccVQ5stLn27bc6m|114786141|13GaMYE3jNPPrZxsNkWsab9fwgda2LWHu5,wallet|transaction|wallet,|0.000673354|0.00762457
1Ehnustxs7NtswiNVSR5LPP5wNre2hGiBc,2,wallet,1LLADB81tiqMhpYgegpB5ifxe1W5sqhE34,True,True,3,1Ehnustxs7NtswiNVSR5LPP5wNre2hGiBc|228444536|1LLADB81tiqMhpYgegpB5ifxe1W5sqhE34,wallet|transaction|wallet,|0.0010345|0.00771415
1FGbCqvQ35uJGKbm7MbJx3zTG7CRud6x4g,2,wallet,1Gm3Nb2WvjeffW9fYitcwKkJrvfdtoYuQL,True,True,3,1FGbCqvQ35uJGKbm7MbJx3zTG7CRud6x4g|363093379|1Gm3Nb2WvjeffW9fYitcwKkJrvfdtoYuQL,wallet|transaction|wallet,|0.000542969|0.0078119
1FH2LG3jdMxTUUoqTx7pcKvcPFwsK4gAYU,2,wallet,1GQ9Nwp9krVHaF6FrBg8SfgoxyQfGiqWfz,True,True,3,1FH2LG3jdMxTUUoqTx7pcKvcPFwsK4gAYU|158373606|1GQ9Nwp9krVHaF6FrBg8SfgoxyQfGiqWfz,wallet|transaction|wallet,|-0.000752777|0.00852656
1FX5FE9Q4kpKAnenfbHWA9LabXjLuoFwbz,2,wallet,1Kw9JXNczKDqLDd9dRqvtS3GzRkSTZEwy3,True,True,3,1FX5FE9Q4kpKAnenfbHWA9LabXjLuoFwbz|286784958|1Kw9JXNczKDqLDd9dRqvtS3GzRkSTZEwy3,wallet|transaction|wallet,|0.00149107|0.0075171
1GBWZDT1sNw4V5eFx5U1Ng1cFAuip9S7nW,2,wallet,1G1tACwiqm4tssWddetzkGLryLN9fN4dt,True,True,3,1GBWZDT1sNw4V5eFx5U1Ng1cFAuip9S7nW|14949429|1G1tACwiqm4tssWddetzkGLryLN9fN4dt,wallet|transaction|wallet,|0.00069499|0.0076738
1GFBEqUdyVhKtREybryzEn8FYnQmKxQyi4,2,wallet,17e3dYo7EF2ikgazHiAY6kpWnqNxKZhHie,True,True,3,1GFBEqUdyVhKtREybryzEn8FYnQmKxQyi4|158375088|17e3dYo7EF2ikgazHiAY6kpWnqNxKZhHie,wallet|transaction|wallet,|-0.000194848|0.00852972
1GM6HKftDnXb2qk7dSEELFabxyGXApR1a5,2,wallet,1MUaX1Aq3Zr8o2GUH1dsyhQTtbhTe8nFFK,True,True,3,1GM6HKftDnXb2qk7dSEELFabxyGXApR1a5|94372683|1MUaX1Aq3Zr8o2GUH1dsyhQTtbhTe8nFFK,wallet|transaction|wallet,|0.000572324|0.00755274
1HyyLvaroBx13Wv7f6RzWNdhoBdFd4GK4X,2,wallet,1CXFa3MbB7BuedFZpvduPFYS8BBdq47Din,True,True,3,1HyyLvaroBx13Wv7f6RzWNdhoBdFd4GK4X|235427807|1CXFa3MbB7BuedFZpvduPFYS8BBdq47Din,wallet|transaction|wallet,|0.000692785|0.00763744
1JH3ryJ879hKaG5AqgZ9MSLESDQcVJJTej,2,wallet,12phRLz4vZAhvsQyhFs5oSWxbATvHYUTjN,True,True,3,1JH3ryJ879hKaG5AqgZ9MSLESDQcVJJTej|272178942|12phRLz4vZAhvsQyhFs5oSWxbATvHYUTjN,wallet|transaction|wallet,|0.000477701|0.00789708
1JPJz2Sh6QAdYscTR5jYF2Y8xPgYMk27NU,2,wallet,1FJrbWt5P8DMh4iBSzB3a6guEmfR2vmFAm,True,True,3,1JPJz2Sh6QAdYscTR5jYF2Y8xPgYMk27NU|163694920|1FJrbWt5P8DMh4iBSzB3a6guEmfR2vmFAm,wallet|transaction|wallet,|0.00039655|0.00808442
1Jn5ZEP9mdhgJytDvMV6C3gqiPRtBbTjxM,2,wallet,1LyS1BPsGPvd3f3P62Bpc2SNVWY61binx2,True,True,3,1Jn5ZEP9mdhgJytDvMV6C3gqiPRtBbTjxM|98309038|1LyS1BPsGPvd3f3P62Bpc2SNVWY61binx2,wallet|transaction|wallet,|0.000193119|0.00805491
1JtWFzedyYRvzEAKgpRtVGJCU8ixMaT9k9,2,wallet,1AsoeBc4oa8kxhVewstkCh5JbVEVw589Dm,True,True,3,1JtWFzedyYRvzEAKgpRtVGJCU8ixMaT9k9|209539924|1AsoeBc4oa8kxhVewstkCh5JbVEVw589Dm,wallet|transaction|wallet,|0.000604302|0.00785172
1KKGjNNjzRWTUy8TjLr4o6btWcHp6bwFCt,2,wallet,1FTM9n2djbvabnu7dZ7NK27fRvdWkdPM5L,True,True,3,1KKGjNNjzRWTUy8TjLr4o6btWcHp6bwFCt|241489210|1FTM9n2djbvabnu7dZ7NK27fRvdWkdPM5L,wallet|transaction|wallet,|0.000895202|0.00771528
1KR9b8xoJMVdskW7cxCwGSnMyBW7ygtSQF,2,wallet,17KxsaNni1mQADviWFtYTXDeNd17dCs6zY,True,True,3,1KR9b8xoJMVdskW7cxCwGSnMyBW7ygtSQF|69695707|17KxsaNni1mQADviWFtYTXDeNd17dCs6zY,wallet|transaction|wallet,|-0.000252843|0.00816345
1KWJKZ6DuANeL5JKVMQbrWVrmGRgjRUjSJ,2,wallet,1FgUKs84UaCL459hmocDZ1bjU36HZGsYRw,True,True,3,1KWJKZ6DuANeL5JKVMQbrWVrmGRgjRUjSJ|133751208|1FgUKs84UaCL459hmocDZ1bjU36HZGsYRw,wallet|transaction|wallet,|0.00095576|0.0271922
1KZTj4aMVJi858tMEGBtupPHd2hc6skE9e,2,wallet,1FgoFrXnrxiqA3F3YBNNqv48qNgut1CEm,True,True,3,1KZTj4aMVJi858tMEGBtupPHd2hc6skE9e|212659519|1FgoFrXnrxiqA3F3YBNNqv48qNgut1CEm,wallet|transaction|wallet,|0.0012989|0.00753403
1KyxCL4EvNRMUrYcDvNBfG4rSN49DLxbPc,2,wallet,169u7jSDx2bzZb7Yqqh9GPL51gbbGoWuPg,True,True,3,1KyxCL4EvNRMUrYcDvNBfG4rSN49DLxbPc|86739424|169u7jSDx2bzZb7Yqqh9GPL51gbbGoWuPg,wallet|transaction|wallet,|0.00137237|0.00756526
1KzQxRbCD7enxvUFqMq9xdLbUXKTbYoqHA,2,wallet,1AR8tDsHHjqhJDbGxh7FZSj93ByP2eoy2o,True,True,3,1KzQxRbCD7enxvUFqMq9xdLbUXKTbYoqHA|163662273|1AR8tDsHHjqhJDbGxh7FZSj93ByP2eoy2o,wallet|transaction|wallet,|0.000333875|0.00801116
1L8EPpuakVp54h81Q9296eXaNijK6MnKwb,2,wallet,1JfctRe1TUh9fseLgavuxRs3hkPZd3uhTd,True,True,3,1L8EPpuakVp54h81Q9296eXaNijK6MnKwb|84364238|1JfctRe1TUh9fseLgavuxRs3hkPZd3uhTd,wallet|transaction|wallet,|0.000455379|0.00801581
1LEQurrytapN98FTXJk8SdEvFyhhwYxV1T,2,wallet,1LeCHwUksk6CSgT58Y2VNQMbpKoCoDRc9N,True,True,3,1LEQurrytapN98FTXJk8SdEvFyhhwYxV1T|218091577|1LeCHwUksk6CSgT58Y2VNQMbpKoCoDRc9N,wallet|transaction|wallet,|-0.000615627|0.00849444
1LLJZTyJW7pZsGDHzpzPEYqf5m81U3r8wY,2,wallet,154dvR98Zkp6SizhX8rP4qAHCm5tqSp5Z8,True,True,3,1LLJZTyJW7pZsGDHzpzPEYqf5m81U3r8wY|339058373|154dvR98Zkp6SizhX8rP4qAHCm5tqSp5Z8,wallet|transaction|wallet,|0.000754654|0.00767446
1LPnZZ4WE2CsMjPVFzssyVwgdqYboupnMU,2,wallet,19JWq6TpufynhhjBMzckfgHxsWSHytEpuA,True,True,3,1LPnZZ4WE2CsMjPVFzssyVwgdqYboupnMU|245140933|19JWq6TpufynhhjBMzckfgHxsWSHytEpuA,wallet|transaction|wallet,|0.00126705|0.00729293
1LfCCcYMcE5Q8WKJX48H83DLBESUwmqLAr,2,wallet,13RwFbPoH1qQ3DkA7h4rMXLdrPzM6bRY9V,True,True,3,1LfCCcYMcE5Q8WKJX48H83DLBESUwmqLAr|158378337|13RwFbPoH1qQ3DkA7h4rMXLdrPzM6bRY9V,wallet|transaction|wallet,|-0.000631988|0.00851792
1MeTUgFLLHo2FW2VopJKUWaHRSTPwQ1NAE,2,wallet,183WhTbQnk78ngW7ePFojn5kv229ZjwWuy,True,True,3,1MeTUgFLLHo2FW2VopJKUWaHRSTPwQ1NAE|376257820|183WhTbQnk78ngW7ePFojn5kv229ZjwWuy,wallet|transaction|wallet,|0.000303805|0.00812322
1MjZ23jkTG6GdfoRJiWwhMPtLPaGsxCnzB,2,wallet,1KaQ3eqSBGPcSDKbXjqZpshoVfzBbZefqk,True,True,3,1MjZ23jkTG6GdfoRJiWwhMPtLPaGsxCnzB|208931421|1KaQ3eqSBGPcSDKbXjqZpshoVfzBbZefqk,wallet|transaction|wallet,|0.000636339|0.00785184
1MxgpvUFQyonUZQXNPG1UGzD9LfbFmr9tH,2,wallet,125jMdnYCLmpuXdFyvt4Ee7Yie6WNKnzeN,True,True,3,1MxgpvUFQyonUZQXNPG1UGzD9LfbFmr9tH|231990430|125jMdnYCLmpuXdFyvt4Ee7Yie6WNKnzeN,wallet|transaction|wallet,|0.00148994|0.00751334
1NWPVWErZnoyd7wVewVrvajgaHdVWcFU7p,2,wallet,13hbf1JEKyBCizeJDSmBcnj9QDQXR5jZhS,True,True,3,1NWPVWErZnoyd7wVewVrvajgaHdVWcFU7p|234167195|13hbf1JEKyBCizeJDSmBcnj9QDQXR5jZhS,wallet|transaction|wallet,|0.000640035|0.00764012
1NoER2HfedrQaeFb1cUpP6njJukwRqkiq8,2,wallet,1GX14J3u3igxAwmxX2sG8Q8tWebm7PMMW6,True,True,3,1NoER2HfedrQaeFb1cUpP6njJukwRqkiq8|235425127|1GX14J3u3igxAwmxX2sG8Q8tWebm7PMMW6,wallet|transaction|wallet,|0.000401199|0.0075773
1P9TnCbJEqBPv7FaYrBuP33WMw5C2MUhni,2,wallet,1NS3caUeqtgnVGrkm3AgKhqaTyHUA9eRUG,True,True,3,1P9TnCbJEqBPv7FaYrBuP33WMw5C2MUhni|68995268|1NS3caUeqtgnVGrkm3AgKhqaTyHUA9eRUG,wallet|transaction|wallet,|-0.000437021|0.00816756
1PCV3rczBcxS9sE5YSDwykhxBwjaga79EL,2,wallet,1PUu3N1UiU5Q9miu7yj9qPA55DjGPcNTyi,True,True,3,1PCV3rczBcxS9sE5YSDwykhxBwjaga79EL|300271260|1PUu3N1UiU5Q9miu7yj9qPA55DjGPcNTyi,wallet|transaction|wallet,|0.000177652|0.00806993
1PDWJxqCJPbYHVy2uqgpE9onJfeDgv31dg,2,wallet,1FXAb6yffeXWWyjMewPJEWvn8EA5bhad1S,True,True,3,1PDWJxqCJPbYHVy2uqgpE9onJfeDgv31dg|174759156|1FXAb6yffeXWWyjMewPJEWvn8EA5bhad1S,wallet|transaction|wallet,|0.000653654|0.00756812
1PFVzDJzQFP2SCuBKywxkR9B3RUzyyvYav,2,wallet,1E6La3GfEAFMXVJ6YjkAMGKykcpJVphLmn,True,True,3,1PFVzDJzQFP2SCuBKywxkR9B3RUzyyvYav|272153291|1E6La3GfEAFMXVJ6YjkAMGKykcpJVphLmn,wallet|transaction|wallet,|0.00113904|0.0279818
17796937,1,wallet,1Bp4mJuMvjcircSFYuQMWgHhyCxKKFtigV,True,True,2,17796937|1Bp4mJuMvjcircSFYuQMWgHhyCxKKFtigV,transaction|wallet,|0.00751686
309924066,1,wallet,1AHhXtriHFbjksYT7po76EC7jULr3yqkD4,True,True,2,309924066|1AHhXtriHFbjksYT7po76EC7jULr3yqkD4,transaction|wallet,|0.00727195
245140933,1,wallet,19JWq6TpufynhhjBMzckfgHxsWSHytEpuA,True,True,2,245140933|19JWq6TpufynhhjBMzckfgHxsWSHytEpuA,transaction|wallet,|0.00729293
44066252,1,wallet,1NZDTMfrY9Mn53xcbe1hhPhhQ6PWzmbeE7,True,True,2,44066252|1NZDTMfrY9Mn53xcbe1hhPhhQ6PWzmbeE7,transaction|wallet,|0.00732023
45751341,1,wallet,15zMCXuqQbAvTRg29Sbb19DYJv5vF5VGAC,True,True,2,45751341|15zMCXuqQbAvTRg29Sbb19DYJv5vF5VGAC,transaction|wallet,|0.00756675
86739424,1,wallet,169u7jSDx2bzZb7Yqqh9GPL51gbbGoWuPg,True,True,2,86739424|169u7jSDx2bzZb7Yqqh9GPL51gbbGoWuPg,transaction|wallet,|0.00756526
224256963,1,wallet,1EjDDgt9K6dxnhwr2MbY8TbxhBSV65Pwnx,True,True,2,224256963|1EjDDgt9K6dxnhwr2MbY8TbxhBSV65Pwnx,transaction|wallet,|0.00758481
94654144,1,wallet,12BoAM4jiWD1z346TE1VVhNDJpwaizf9w4,True,True,2,94654144|12BoAM4jiWD1z346TE1VVhNDJpwaizf9w4,transaction|wallet,|0.0075646
94654153,1,wallet,1Pu7xY9AAn14mcVEuSG8yMwuMURakvy84D,True,True,2,94654153|1Pu7xY9AAn14mcVEuSG8yMwuMURakvy84D,transaction|wallet,|0.00756466
94654155,1,wallet,1E4iQZxberp3ioCANFHzLKTsdERwP3rofA,True,True,2,94654155|1E4iQZxberp3ioCANFHzLKTsdERwP3rofA,transaction|wallet,|0.00756425
94654163,1,wallet,1L7DRsknVyvmKan5fQ54QnSiPj4fPWuZH9,True,True,2,94654163|1L7DRsknVyvmKan5fQ54QnSiPj4fPWuZH9,transaction|wallet,|0.00756288
94654174,1,wallet,1K9Zp8B2SjFeyiSTWMzw6jJARZkxto3pPN,True,True,2,94654174|1K9Zp8B2SjFeyiSTWMzw6jJARZkxto3pPN,transaction|wallet,|0.00755185
94654258,1,wallet,16U8WfYZkbskBwcJmKJDuEUY2rbJQhxbNF,True,True,2,94654258|16U8WfYZkbskBwcJmKJDuEUY2rbJQhxbNF,transaction|wallet,|0.0075646
98623628,1,wallet,16aiiBXia1rTfYXmsuPogMAXtWtaxz4GuY,True,True,2,98623628|16aiiBXia1rTfYXmsuPogMAXtWtaxz4GuY,transaction|wallet,|0.0241402
190014025,1,wallet,1GmRvVdsGNfaLXW6MSEYqUWpXMAfm2PecN,True,True,2,190014025|1GmRvVdsGNfaLXW6MSEYqUWpXMAfm2PecN,transaction|wallet,|0.00755686
175406512,1,wallet,1NyKue3cheDpyMwbGviz3AsT6eyu6PcKcM,True,True,2,175406512|1NyKue3cheDpyMwbGviz3AsT6eyu6PcKcM,transaction|wallet,|0.00760865
175758299,1,wallet,1cYjN4WeM58cFF52KRXAs9zZKT26dzPYu,True,True,2,175758299|1cYjN4WeM58cFF52KRXAs9zZKT26dzPYu,transaction|wallet,|0.00759864
226629481,1,wallet,1KeMjKwCG7ReoVMqqunFjw1jC5wxEWHoCn,True,True,2,226629481|1KeMjKwCG7ReoVMqqunFjw1jC5wxEWHoCn,transaction|wallet,|0.0290966
226666693,1,wallet,1KBJKuJeSBks9Ku5ZgSu1Q4ESxCeZ2rDbH,True,True,2,226666693|1KBJKuJeSBks9Ku5ZgSu1Q4ESxCeZ2rDbH,transaction|wallet,|0.00754887
226667672,1,wallet,1D72aueF33facsShpznpUNsxBtL4mvK1Q5,True,True,2,226667672|1D72aueF33facsShpznpUNsxBtL4mvK1Q5,transaction|wallet,|0.00759834
226668066,1,wallet,1AX5oZuY4v39CeXziAC1XMTm7cfFUrMpKZ,True,True,2,226668066|1AX5oZuY4v39CeXziAC1XMTm7cfFUrMpKZ,transaction|wallet,|0.0294901
234672024,1,wallet,1BxC7DCaP5h1rra1yg5VMeumy9qfa21BQ3,True,True,2,234672024|1BxC7DCaP5h1rra1yg5VMeumy9qfa21BQ3,transaction|wallet,|0.00763446
234672033,1,wallet,1DWJeWNk1A6VNKHBRXrs5Df84uNaaeTsHH,True,True,2,234672033|1DWJeWNk1A6VNKHBRXrs5Df84uNaaeTsHH,transaction|wallet,|0.00764251
234711176,1,wallet,1LRWjGqxqyhYQucBHV5Eaik4Y7CFPaRQ5X,True,True,2,234711176|1LRWjGqxqyhYQucBHV5Eaik4Y7CFPaRQ5X,transaction|wallet,|0.00763673
235427807,1,wallet,1CXFa3MbB7BuedFZpvduPFYS8BBdq47Din,True,True,2,235427807|1CXFa3MbB7BuedFZpvduPFYS8BBdq47Din,transaction|wallet,|0.00763744
235427814,1,wallet,13Gth43bHj4tUkDNRvve7384QFc8GvVEec,True,True,2,235427814|13Gth43bHj4tUkDNRvve7384QFc8GvVEec,transaction|wallet,|0.00764483
139667444,1,wallet,1Gq9iSBM3nLMsg27QcNLJewU6BYzaAvrTf,True,True,2,139667444|1Gq9iSBM3nLMsg27QcNLJewU6BYzaAvrTf,transaction|wallet,|0.0076313
339057127,1,wallet,1BxerTm8RcVm7XoywJcpLy2ai3krFx4Cgo,True,True,2,339057127|1BxerTm8RcVm7XoywJcpLy2ai3krFx4Cgo,transaction|wallet,|0.00767344
339057135,1,wallet,1LiPzgauEpq5MN2a5V3MALSLF2aesAdXBK,True,True,2,339057135|1LiPzgauEpq5MN2a5V3MALSLF2aesAdXBK,transaction|wallet,|0.00768119
339057213,1,wallet,1GoLwfNPVcPfV3byeSn4vxfzpHttJXAV3S,True,True,2,339057213|1GoLwfNPVcPfV3byeSn4vxfzpHttJXAV3S,transaction|wallet,|0.00768071
339057234,1,wallet,1ANzMmGD5UC3SMukDdiepBtXmVg8n658Qc,True,True,2,339057234|1ANzMmGD5UC3SMukDdiepBtXmVg8n658Qc,transaction|wallet,|0.0076831
339057493,1,wallet,1BTtB52wbjp37FPBmAJ9SavcAPfWjfyBw8,True,True,2,339057493|1BTtB52wbjp37FPBmAJ9SavcAPfWjfyBw8,transaction|wallet,|0.00768256
339057515,1,wallet,1AymBjS6i6ric7SmKEKBmKVNgUhbSrW8nz,True,True,2,339057515|1AymBjS6i6ric7SmKEKBmKVNgUhbSrW8nz,transaction|wallet,|0.00765401
339057536,1,wallet,16iM9ZwGNdPE6iVz9wHPd7YzRjQ69zazw,True,True,2,339057536|16iM9ZwGNdPE6iVz9wHPd7YzRjQ69zazw,transaction|wallet,|0.00764823
339057556,1,wallet,1PRv1XpuKhDBCX4vMLk8TcNuBnqYeu4Yzx,True,True,2,339057556|1PRv1XpuKhDBCX4vMLk8TcNuBnqYeu4Yzx,transaction|wallet,|0.00768095
339057668,1,wallet,17tfrSSzbHiadXRYYTv1Kxwvn1EGAPAnnA,True,True,2,339057668|17tfrSSzbHiadXRYYTv1Kxwvn1EGAPAnnA,transaction|wallet,|0.00767207
339057857,1,wallet,1KgFcKWTbbBRQJDUZ9zz8JVntp9Gz73MVN,True,True,2,339057857|1KgFcKWTbbBRQJDUZ9zz8JVntp9Gz73MVN,transaction|wallet,|0.00768185
339057903,1,wallet,18yS9aRpBQNVuqHFPEDnazMsTDm15dgk5o,True,True,2,339057903|18yS9aRpBQNVuqHFPEDnazMsTDm15dgk5o,transaction|wallet,|0.00767177
339057920,1,wallet,15XoEsvNdpWsgzRVP2hBWxNaDQwTzyzxmo,True,True,2,339057920|15XoEsvNdpWsgzRVP2hBWxNaDQwTzyzxmo,transaction|wallet,|0.00768358
339057949,1,wallet,1LpFZPqSTTWTJAFTP1B8nFiyHnYqqAAmjd,True,True,2,339057949|1LpFZPqSTTWTJAFTP1B8nFiyHnYqqAAmjd,transaction|wallet,|0.00765586
339057979,1,wallet,1PK6NhsNM7jHT47RcLgRyaJJ5xMLwzZC7A,True,True,2,339057979|1PK6NhsNM7jHT47RcLgRyaJJ5xMLwzZC7A,transaction|wallet,|0.00768268
339058299,1,wallet,1Gsb8cVt7TrJbHn46LywYdednEPnDWrvFr,True,True,2,339058299|1Gsb8cVt7TrJbHn46LywYdednEPnDWrvFr,transaction|wallet,|0.00766081
339058347,1,wallet,14MMSQMGH4JHRQ7d7jzUZjoYeQL8ZKeQEZ,True,True,2,339058347|14MMSQMGH4JHRQ7d7jzUZjoYeQL8ZKeQEZ,transaction|wallet,|0.00768197
339058536,1,wallet,16q9HtRemvTykVJV5twzwgPGLVkWbkRwrR,True,True,2,339058536|16q9HtRemvTykVJV5twzwgPGLVkWbkRwrR,transaction|wallet,|0.00768197
339058551,1,wallet,1BAwyi4PUn6HhrRQu1ktUNWqGqe8VJQtR2,True,True,2,339058551|1BAwyi4PUn6HhrRQu1ktUNWqGqe8VJQtR2,transaction|wallet,|0.00756854
339093169,1,wallet,16ZoyAXYXhLeAnEbL3JnrRvjK5NFvi1yvD,True,True,2,339093169|16ZoyAXYXhLeAnEbL3JnrRvjK5NFvi1yvD,transaction|wallet,|0.00767809
339093171,1,wallet,1fLXBAaHyZkLyLH2AezHQAE5RPKe2xH3M,True,True,2,339093171|1fLXBAaHyZkLyLH2AezHQAE5RPKe2xH3M,transaction|wallet,|0.00768185
339095120,1,wallet,1MfBTeZ5ZLe1ncivfGynsk9gfKReihm2UU,True,True,2,339095120|1MfBTeZ5ZLe1ncivfGynsk9gfKReihm2UU,transaction|wallet,|0.00767946
339095567,1,wallet,1KLdez7b7kjsnPNar4FPB2LLNCvKAaeaZD,True,True,2,339095567|1KLdez7b7kjsnPNar4FPB2LLNCvKAaeaZD,transaction|wallet,|0.00768286
339097021,1,wallet,1MoiccGd9vaDh5B7bHxarphfExaCwgMDBV,True,True,2,339097021|1MoiccGd9vaDh5B7bHxarphfExaCwgMDBV,transaction|wallet,|0.00767416
339097069,1,wallet,1EUCuiWBWuhk5aLZfxZQPsSXyQwD5NXGJa,True,True,2,339097069|1EUCuiWBWuhk5aLZfxZQPsSXyQwD5NXGJa,transaction|wallet,|0.00767654
14948822,1,wallet,15ExVBwQxt1g8v2ctyRb9P9nUUGzr22m59,True,True,2,14948822|15ExVBwQxt1g8v2ctyRb9P9nUUGzr22m59,transaction|wallet,|0.00757468
15236485,1,wallet,1Hd8BUPf2zk3MNqNPhz9fo9MboyBb8nYeY,True,True,2,15236485|1Hd8BUPf2zk3MNqNPhz9fo9MboyBb8nYeY,transaction|wallet,|0.00770265
238216105,1,wallet,156C3dmbWqhhEpsoXZVwqQzPsHx9C3yrPV,True,True,2,238216105|156C3dmbWqhhEpsoXZVwqQzPsHx9C3yrPV,transaction|wallet,|0.00770563
244629141,1,wallet,1KQhdSBbWFamuNxNJu5xGopVEgoibaWkF3,True,True,2,244629141|1KQhdSBbWFamuNxNJu5xGopVEgoibaWkF3,transaction|wallet,|0.00772583
244629224,1,wallet,12gG1HDTAbpJeVZosSzRW3rmF2ZPEitae5,True,True,2,244629224|12gG1HDTAbpJeVZosSzRW3rmF2ZPEitae5,transaction|wallet,|0.00772655
244629522,1,wallet,1P93GPiwaZe8DLNQ8nEF7jrfYkr9oDdNh2,True,True,2,244629522|1P93GPiwaZe8DLNQ8nEF7jrfYkr9oDdNh2,transaction|wallet,|0.00772446
244629936,1,wallet,1EMdrFm1kMJLGTCkSyJQzh6EkF8yNZV9Ni,True,True,2,244629936|1EMdrFm1kMJLGTCkSyJQzh6EkF8yNZV9Ni,transaction|wallet,|0.00772417
244629967,1,wallet,18UDL4e1ejMEJi27cFMx1JY3iDM9tU3g7w,True,True,2,244629967|18UDL4e1ejMEJi27cFMx1JY3iDM9tU3g7w,transaction|wallet,|0.00772333
244630878,1,wallet,13dVkSkAxG1pn4KXGLYdgsL3Y1yQgAEMqw,True,True,2,244630878|13dVkSkAxG1pn4KXGLYdgsL3Y1yQgAEMqw,transaction|wallet,|0.00772303
378059853,1,wallet,1Lyf8PEVsHBtVJcDUW5jMWfrAbkUxNQncf,True,True,2,378059853|1Lyf8PEVsHBtVJcDUW5jMWfrAbkUxNQncf,transaction|wallet,|0.00774121
378103023,1,wallet,1NMdn9D9KTxNG4WSby35b1q8kgHqwG3MX3,True,True,2,378103023|1NMdn9D9KTxNG4WSby35b1q8kgHqwG3MX3,transaction|wallet,|0.00777769
378330462,1,wallet,1M3AWdp1Zp8jScKvCk2JwTjgUfz8hnaFHb,True,True,2,378330462|1M3AWdp1Zp8jScKvCk2JwTjgUfz8hnaFHb,transaction|wallet,|0.00776768
390582026,1,wallet,16RGzwzJbU5qNnfv3GDKkPnEvhWYYnKyoq,True,True,2,390582026|16RGzwzJbU5qNnfv3GDKkPnEvhWYYnKyoq,transaction|wallet,|0.0077678
248886903,1,wallet,1MfGB9Ny1joE9ATUVGupbkqi1EknZHAPAU,True,True,2,248886903|1MfGB9Ny1joE9ATUVGupbkqi1EknZHAPAU,transaction|wallet,|0.00778836
363087236,1,wallet,1PBx1BmhUdeMEZA87SagYthyY3LXD9Vanb,True,True,2,363087236|1PBx1BmhUdeMEZA87SagYthyY3LXD9Vanb,transaction|wallet,|0.00781637
363087644,1,wallet,17pHVnJ3kbYfLoBVwjT3fEGLFtjHtZ4Bw5,True,True,2,363087644|17pHVnJ3kbYfLoBVwjT3fEGLFtjHtZ4Bw5,transaction|wallet,|0.00782001
363090925,1,wallet,151V7fuQL9WGYgbReYdywMiAkqGJ6Jtydu,True,True,2,363090925|151V7fuQL9WGYgbReYdywMiAkqGJ6Jtydu,transaction|wallet,|0.00781906
363092551,1,wallet,1G2EbB7n5CFJnt4rW7oYWbF3jz8kGn81W2,True,True,2,363092551|1G2EbB7n5CFJnt4rW7oYWbF3jz8kGn81W2,transaction|wallet,|0.00782251
363664942,1,wallet,1LTAoVTsazCtMnQbuS4NDsDLyMptGPBMZF,True,True,2,363664942|1LTAoVTsazCtMnQbuS4NDsDLyMptGPBMZF,transaction|wallet,|0.0285408
43531652,1,wallet,1KjnHsViHG5roTfJDP8kHNEP86nx16VoWk,True,True,2,43531652|1KjnHsViHG5roTfJDP8kHNEP86nx16VoWk,transaction|wallet,|0.0259259
208930291,1,wallet,12pR45uxoPdLcrSLzoLmurTcLUSLJ7aCXo,True,True,2,208930291|12pR45uxoPdLcrSLzoLmurTcLUSLJ7aCXo,transaction|wallet,|0.00785184
208930307,1,wallet,1GaNXC4Gef3Uj6MJzvnoSUEXGAdtKNWZ6o,True,True,2,208930307|1GaNXC4Gef3Uj6MJzvnoSUEXGAdtKNWZ6o,transaction|wallet,|0.00784308
209124207,1,wallet,148pGdC15ByoviDGq2sc9mRHXYkPS7ctif,True,True,2,209124207|148pGdC15ByoviDGq2sc9mRHXYkPS7ctif,transaction|wallet,|0.00785339
209525915,1,wallet,12jmqvagUms5MxvyXHhKHn84ztvvqXQZgc,True,True,2,209525915|12jmqvagUms5MxvyXHhKHn84ztvvqXQZgc,transaction|wallet,|0.0078426
209526041,1,wallet,1NQWMy1pcjQ6NaA5tw46nNRh2MLDWyfZ1U,True,True,2,209526041|1NQWMy1pcjQ6NaA5tw46nNRh2MLDWyfZ1U,transaction|wallet,|0.00784308
209527121,1,wallet,1LMFyCq8Fhkb6MPGbYoNKj4yiGe5r6CZCf,True,True,2,209527121|1LMFyCq8Fhkb6MPGbYoNKj4yiGe5r6CZCf,transaction|wallet,|0.00784159
209681254,1,wallet,1HtUPLQWu1k1ZBmcvmiS6D8qREzjaFcdoD,True,True,2,209681254|1HtUPLQWu1k1ZBmcvmiS6D8qREzjaFcdoD,transaction|wallet,|0.00777507
209682855,1,wallet,17oerazzPnR5TQ3k84cecHUTgG5KfCsxbY,True,True,2,209682855|17oerazzPnR5TQ3k84cecHUTgG5KfCsxbY,transaction|wallet,|0.00784361
209682872,1,wallet,1ABA7RC7t4RzmX8XF9pNB51PkCnPr7TZ29,True,True,2,209682872|1ABA7RC7t4RzmX8XF9pNB51PkCnPr7TZ29,transaction|wallet,|0.00784475
209683152,1,wallet,1EgxcwcKMzGx2qnK1n633jxA5BNtCmGeba,True,True,2,209683152|1EgxcwcKMzGx2qnK1n633jxA5BNtCmGeba,transaction|wallet,|0.00780034
209701748,1,wallet,1BzLTBQw8m11DdZhyhMUrxNXdXx4X5TLEv,True,True,2,209701748|1BzLTBQw8m11DdZhyhMUrxNXdXx4X5TLEv,transaction|wallet,|0.00782555
209722177,1,wallet,15ZjVqFPLhqoKVCrWPjKjY5p2tWgUZ5152,True,True,2,209722177|15ZjVqFPLhqoKVCrWPjKjY5p2tWgUZ5152,transaction|wallet,|0.0078426
209921280,1,wallet,15sNhF6rwRfeK6ozEXAf8XbwDNm2821Y7B,True,True,2,209921280|15sNhF6rwRfeK6ozEXAf8XbwDNm2821Y7B,transaction|wallet,|0.0078361
209921981,1,wallet,19mfdWbH7Ydfysrb3Z9bFNomYQzHNUXPcg,True,True,2,209921981|19mfdWbH7Ydfysrb3Z9bFNomYQzHNUXPcg,transaction|wallet,|0.00782216
209922223,1,wallet,1QBgQpiFHPKx9MmvtnqduaLMHqChUr4QgN,True,True,2,209922223|1QBgQpiFHPKx9MmvtnqduaLMHqChUr4QgN,transaction|wallet,|0.00783443
210646674,1,wallet,1AHb2haJfpKCpKA66NqLqyXidLmYRDaPno,True,True,2,210646674|1AHb2haJfpKCpKA66NqLqyXidLmYRDaPno,transaction|wallet,|0.0301691
99258542,1,wallet,1MwfWXeBn33QzZDmzYiFeWbwKjp6r4yM9Z,True,True,2,99258542|1MwfWXeBn33QzZDmzYiFeWbwKjp6r4yM9Z,transaction|wallet,|0.00786752
310425436,1,wallet,179KVb4Lmtf1baTnTjFiipv7JBKeQWsfNW,True,True,2,310425436|179KVb4Lmtf1baTnTjFiipv7JBKeQWsfNW,transaction|wallet,|0.00788766
312451640,1,wallet,16Fcz9Rky2ZPi7jLivCahTkm6YEcP1KvTe,True,True,2,312451640|16Fcz9Rky2ZPi7jLivCahTkm6YEcP1KvTe,transaction|wallet,|0.00791788
353402588,1,wallet,18n4XFQN3GcHr6DBYMz1WTY8FWr2QTwuo4,True,True,2,353402588|18n4XFQN3GcHr6DBYMz1WTY8FWr2QTwuo4,transaction|wallet,|0.00792664
372960919,1,wallet,1NYPXcFtfTMQMyHCVHrkPgMTb1nyGvJAeV,True,True,2,372960919|1NYPXcFtfTMQMyHCVHrkPgMTb1nyGvJAeV,transaction|wallet,|0.00788909
372961150,1,wallet,14dGwYSUxpy2swoS8QMkRFovXzGzL5aPbH,True,True,2,372961150|14dGwYSUxpy2swoS8QMkRFovXzGzL5aPbH,transaction|wallet,|0.0213988
228445982,1,wallet,1NrToNma3JfDWaziATLoKmg81ATwkXG8ke,True,True,2,228445982|1NrToNma3JfDWaziATLoKmg81ATwkXG8ke,transaction|wallet,|0.00793779
331566091,1,wallet,19eQ1Ykt1NzFD91jn6ikGZxksr3FwgvguF,True,True,2,331566091|19eQ1Ykt1NzFD91jn6ikGZxksr3FwgvguF,transaction|wallet,|0.00793576
228443875,1,wallet,1LCBgVDMinXAXRUPoMYKoBt4yk5mE1HoVT,True,True,2,228443875|1LCBgVDMinXAXRUPoMYKoBt4yk5mE1HoVT,transaction|wallet,|0.00796837
272153910,1,wallet,1HZ7m8G8uLRFRgXKRqiXBKJm9unCodqaZp,True,True,2,272153910|1HZ7m8G8uLRFRgXKRqiXBKJm9unCodqaZp,transaction|wallet,|0.00796044
272432438,1,wallet,1PgJchfjStvmfsemadJZs8F3uP2MmkEzJV,True,True,2,272432438|1PgJchfjStvmfsemadJZs8F3uP2MmkEzJV,transaction|wallet,|0.0079394
272432446,1,wallet,15Uh9FTkzP9srMDTpecSuPyJ26cFefDq1A,True,True,2,272432446|15Uh9FTkzP9srMDTpecSuPyJ26cFefDq1A,transaction|wallet,|0.00792688
272529611,1,wallet,1KZzKAiz8WRRysJLktZRiP3QuHmrbSoBzc,True,True,2,272529611|1KZzKAiz8WRRysJLktZRiP3QuHmrbSoBzc,transaction|wallet,|0.00791973
269459825,1,wallet,1N37pdjgzr1kMiZco39CSWj3Kd7nbZEHBQ,True,True,2,269459825|1N37pdjgzr1kMiZco39CSWj3Kd7nbZEHBQ,transaction|wallet,|0.00795197
269501301,1,wallet,1BrfVr22cBixbESyFz793FqFiCbv6gSvFq,True,True,2,269501301|1BrfVr22cBixbESyFz793FqFiCbv6gSvFq,transaction|wallet,|0.00796121
84321605,1,wallet,1JNac7ZHRf1qr9MT5cNgCTb6WzfqvuxyVU,True,True,2,84321605|1JNac7ZHRf1qr9MT5cNgCTb6WzfqvuxyVU,transaction|wallet,|0.00797951
294270491,1,wallet,13iRn2kKjvFXTNFpV9RmHRgxU4R4pbTPDj,True,True,2,294270491|13iRn2kKjvFXTNFpV9RmHRgxU4R4pbTPDj,transaction|wallet,|0.00800478
294494800,1,wallet,13S3cXppT8XLEu2q9PeQyHFXAT4Wx3qbmo,True,True,2,294494800|13S3cXppT8XLEu2q9PeQyHFXAT4Wx3qbmo,transaction|wallet,|0.0227337
139232036,1,wallet,1Q2AU9WgnjwaN2uL53eiZWCNRZAg841Aya,True,True,2,139232036|1Q2AU9WgnjwaN2uL53eiZWCNRZAg841Aya,transaction|wallet,|0.00803125
139273999,1,wallet,1toW4TErghFzw1USw5a6dCACMaJfoYZ7x,True,True,2,139273999|1toW4TErghFzw1USw5a6dCACMaJfoYZ7x,transaction|wallet,|0.00802994
139274004,1,wallet,1KzU3xx4Xt1RXFVfKRC8qDTCqQCf9bnpUF,True,True,2,139274004|1KzU3xx4Xt1RXFVfKRC8qDTCqQCf9bnpUF,transaction|wallet,|0.00802732
139274008,1,wallet,1ah4nxgypNVJ8VAfePRU5cdNHT2gJQHEB,True,True,2,139274008|1ah4nxgypNVJ8VAfePRU5cdNHT2gJQHEB,transaction|wallet,|0.00803185
139274010,1,wallet,1AZD3rDQcJQRsTZhdJ8ajnpSGj59YVo9yL,True,True,2,139274010|1AZD3rDQcJQRsTZhdJ8ajnpSGj59YVo9yL,transaction|wallet,|0.00803322
139274511,1,wallet,1K7aJqxSscM3EyJXy9YiBsznbwaRiRZYAi,True,True,2,139274511|1K7aJqxSscM3EyJXy9YiBsznbwaRiRZYAi,transaction|wallet,|0.00803095
139274512,1,wallet,1HKjfT7kZ9jPZP9sQymGRDpKYNS1zk8MMx,True,True,2,139274512|1HKjfT7kZ9jPZP9sQymGRDpKYNS1zk8MMx,transaction|wallet,|0.00803399
139274518,1,wallet,1NSh8it1tB1WAYbYKDQssx3o7KC3jc8VRZ,True,True,2,139274518|1NSh8it1tB1WAYbYKDQssx3o7KC3jc8VRZ,transaction|wallet,|0.0080331
139274527,1,wallet,16SKmr6n8UW7a14aytuz1PDzmjceU2EMMC,True,True,2,139274527|16SKmr6n8UW7a14aytuz1PDzmjceU2EMMC,transaction|wallet,|0.00803512
139274529,1,wallet,1Ph3crf9G5ATGzr73fdBUKVjgaJfSUP8aV,True,True,2,139274529|1Ph3crf9G5ATGzr73fdBUKVjgaJfSUP8aV,transaction|wallet,|0.00803649
246066679,1,wallet,17FFTC4LNW8trKdRd677gBzeSRnBR7q1zX,True,True,2,246066679|17FFTC4LNW8trKdRd677gBzeSRnBR7q1zX,transaction|wallet,|0.00802708
246066712,1,wallet,1P1tygTzJ31TVZqF6xPQ6dAecUYBV5rKxW,True,True,2,246066712|1P1tygTzJ31TVZqF6xPQ6dAecUYBV5rKxW,transaction|wallet,|0.00802672
402911309,1,wallet,1GwwAKLzXnwAsJz9RgFmHQSJXsDxvwoAYX,True,True,2,402911309|1GwwAKLzXnwAsJz9RgFmHQSJXsDxvwoAYX,transaction|wallet,|0.0080266
89199852,1,wallet,115KU5zFdghC4GdoU4d7yknxTb71LW9Sd,True,True,2,89199852|115KU5zFdghC4GdoU4d7yknxTb71LW9Sd,transaction|wallet,|0.0269817
163584923,1,wallet,1G37fkkyL9Tbd75GiX524s1SYHP1tPJx5L,True,True,2,163584923|1G37fkkyL9Tbd75GiX524s1SYHP1tPJx5L,transaction|wallet,|0.00803673
163585085,1,wallet,115UUJyHkepRzoskJ4MPunyxfK1gxEz9qQ,True,True,2,163585085|115UUJyHkepRzoskJ4MPunyxfK1gxEz9qQ,transaction|wallet,|0.00803924
163653262,1,wallet,149FbDgoqocXDoaE7rBJnft56BAC1x2sWc,True,True,2,163653262|149FbDgoqocXDoaE7rBJnft56BAC1x2sWc,transaction|wallet,|0.00804114
163694920,1,wallet,1FJrbWt5P8DMh4iBSzB3a6guEmfR2vmFAm,True,True,2,163694920|1FJrbWt5P8DMh4iBSzB3a6guEmfR2vmFAm,transaction|wallet,|0.00808442
166069553,1,wallet,177XXvx9jx3xEBZkT5Wdu4JQDX6jVBgagr,True,True,2,166069553|177XXvx9jx3xEBZkT5Wdu4JQDX6jVBgagr,transaction|wallet,|0.00803959
166070349,1,wallet,1LXKnxjHsoLcJ4z6Fq2muzgNsqwXdhWLkT,True,True,2,166070349|1LXKnxjHsoLcJ4z6Fq2muzgNsqwXdhWLkT,transaction|wallet,|0.00802594
166507034,1,wallet,1DFeSwYmjpfHvC5fBBgn1C1AxKEMK4DeTe,True,True,2,166507034|1DFeSwYmjpfHvC5fBBgn1C1AxKEMK4DeTe,transaction|wallet,|0.00804436
298687200,1,wallet,151AiCJcGdL6Q1TDJbyN22xJ9ZLWMcFaYh,True,True,2,298687200|151AiCJcGdL6Q1TDJbyN22xJ9ZLWMcFaYh,transaction|wallet,|0.00806129
376241459,1,wallet,1NmSa6kLBuBLC62WgAAVRug6VG8ATAFVsy,True,True,2,376241459|1NmSa6kLBuBLC62WgAAVRug6VG8ATAFVsy,transaction|wallet,|0.00805479
385982620,1,wallet,12wQEoCHtV7x9iPGVaJQphtY1RDp3hB2KG,True,True,2,385982620|12wQEoCHtV7x9iPGVaJQphtY1RDp3hB2KG,transaction|wallet,|0.00808591
385989246,1,wallet,1AJ17Ck9XtzzxwWwajQB7KCPcLPNx4Khr2,True,True,2,385989246|1AJ17Ck9XtzzxwWwajQB7KCPcLPNx4Khr2,transaction|wallet,|0.0270863
31228978,1,wallet,146DSU4vA6Qjd7EWYztQzc1KaVocv58gig,True,True,2,31228978|146DSU4vA6Qjd7EWYztQzc1KaVocv58gig,transaction|wallet,|0.0081358
355004156,1,wallet,16r9nAKR6DLpSQPzxBbiBfepbGJaGFLTWt,True,True,2,355004156|16r9nAKR6DLpSQPzxBbiBfepbGJaGFLTWt,transaction|wallet,|0.0081085
355006770,1,wallet,18XVLpwYiYgAosA3xmFysqSo2jHNhhrm96,True,True,2,355006770|18XVLpwYiYgAosA3xmFysqSo2jHNhhrm96,transaction|wallet,|0.00810862
355006868,1,wallet,1o67g8B6pkBPxgVDTiqDd6f1mE6xm53x2,True,True,2,355006868|1o67g8B6pkBPxgVDTiqDd6f1mE6xm53x2,transaction|wallet,|0.00810373
355007596,1,wallet,12SXWZncWRYjyFgURU7nXUFd1vTWfoBV9X,True,True,2,355007596|12SXWZncWRYjyFgURU7nXUFd1vTWfoBV9X,transaction|wallet,|0.00811237
355008334,1,wallet,1NoTZBqaxdXUn9RWZ45zmPwA3CMoTwVe8f,True,True,2,355008334|1NoTZBqaxdXUn9RWZ45zmPwA3CMoTwVe8f,transaction|wallet,|0.0194055
355008957,1,wallet,1HFLQgbv4fYXPv861JwpH8sDCohsWDANi6,True,True,2,355008957|1HFLQgbv4fYXPv861JwpH8sDCohsWDANi6,transaction|wallet,|0.00811601
355009183,1,wallet,1LwwGZhzbsexmDYn6GwiqPUHBMSjuGeMf8,True,True,2,355009183|1LwwGZhzbsexmDYn6GwiqPUHBMSjuGeMf8,transaction|wallet,|0.0208079
355009246,1,wallet,1C8x1oEk6Dx1wHcYun8skmWW6oPHMzWGkw,True,True,2,355009246|1C8x1oEk6Dx1wHcYun8skmWW6oPHMzWGkw,transaction|wallet,|0.00759834
355090390,1,wallet,17vRjBtHZPehN8znooY3a7nEBt8RZ3th1G,True,True,2,355090390|17vRjBtHZPehN8znooY3a7nEBt8RZ3th1G,transaction|wallet,|0.00810444
355092822,1,wallet,1E6raL6sJFGzpHBnb1oLQ79bJvAeLUxARP,True,True,2,355092822|1E6raL6sJFGzpHBnb1oLQ79bJvAeLUxARP,transaction|wallet,|0.00810987
355102312,1,wallet,1FxhRzzMADGLS2HxTVfSmyFXBkQ1ncGTL9,True,True,2,355102312|1FxhRzzMADGLS2HxTVfSmyFXBkQ1ncGTL9,transaction|wallet,|0.00811535
355102322,1,wallet,1A7T6sKeyMNVKPbDbSfMn5PkDoGaFq8x1B,True,True,2,355102322|1A7T6sKeyMNVKPbDbSfMn5PkDoGaFq8x1B,transaction|wallet,|0.0237009
355102377,1,wallet,18vXiyjC27ZyRTfkeHZjeHrGSC6vPNWomX,True,True,2,355102377|18vXiyjC27ZyRTfkeHZjeHrGSC6vPNWomX,transaction|wallet,|0.00811785
355102448,1,wallet,1JaMsFbZkLfZoxtoWVMxCRyzmbdLx83JFg,True,True,2,355102448|1JaMsFbZkLfZoxtoWVMxCRyzmbdLx83JFg,transaction|wallet,|0.00811797
355175641,1,wallet,1LUUwQ3es7Uyj4eYscHX5GVYrNCPYBWJbq,True,True,2,355175641|1LUUwQ3es7Uyj4eYscHX5GVYrNCPYBWJbq,transaction|wallet,|0.00812125
355238659,1,wallet,1LxjAhbzjQskt4pUQyMMt8ZBy6XeEJy5ep,True,True,2,355238659|1LxjAhbzjQskt4pUQyMMt8ZBy6XeEJy5ep,transaction|wallet,|0.0235477
355238661,1,wallet,191V3X6r5fTE5r9EJ6s9MPkVjNHgNn7PUf,True,True,2,355238661|191V3X6r5fTE5r9EJ6s9MPkVjNHgNn7PUf,transaction|wallet,|0.0262978
91879985,1,wallet,1HyBpq3o3zDV6o5XyHjJTnoYuQXVmv1nqM,True,True,2,91879985|1HyBpq3o3zDV6o5XyHjJTnoYuQXVmv1nqM,transaction|wallet,|0.00811851
92727932,1,wallet,12QCnBpR4QYg9ivpXquAxfSdsWsvTHqsCd,True,True,2,92727932|12QCnBpR4QYg9ivpXquAxfSdsWsvTHqsCd,transaction|wallet,|0.0271419
54771037,1,wallet,12weWdn1XYpg8BAY5iNrUvYf8b9H6jWqQ4,True,True,2,54771037|12weWdn1XYpg8BAY5iNrUvYf8b9H6jWqQ4,transaction|wallet,|0.00816822
67575965,1,wallet,1P8MnjCzS9p78VWyK7FctKimoLdGPztxAy,True,True,2,67575965|1P8MnjCzS9p78VWyK7FctKimoLdGPztxAy,transaction|wallet,|0.00815958
28997148,1,wallet,16fmGYaeM7ULSpwB9Q2NpZgXchTn8nzLLR,True,True,2,28997148|16fmGYaeM7ULSpwB9Q2NpZgXchTn8nzLLR,transaction|wallet,|0.00822753
29611862,1,wallet,1A8yQSpBkm6rR1MeT7fKCPaxmEQYgmk3qg,True,True,2,29611862|1A8yQSpBkm6rR1MeT7fKCPaxmEQYgmk3qg,transaction|wallet,|0.00822163
29615095,1,wallet,12Z8U4j1UX7zvdPdQvK5dSkuQsMmVRQHuk,True,True,2,29615095|12Z8U4j1UX7zvdPdQvK5dSkuQsMmVRQHuk,transaction|wallet,|0.00821251
114507940,1,wallet,1MbRAZ6hSBXJWDLtkRCFHKNvTg7TWSxttz,True,True,2,114507940|1MbRAZ6hSBXJWDLtkRCFHKNvTg7TWSxttz,transaction|wallet,|0.00822693
148612093,1,wallet,1D4vwHXHUe8JkVXQZAN4LDJ5oDBhbBFEwj,True,True,2,148612093|1D4vwHXHUe8JkVXQZAN4LDJ5oDBhbBFEwj,transaction|wallet,|0.00820684
45432747,1,wallet,1LqpZBhZVvTL7cHHgvQcJaZ26trmBWUCmt,True,True,2,45432747|1LqpZBhZVvTL7cHHgvQcJaZ26trmBWUCmt,transaction|wallet,|0.00834203
97069017,1,wallet,1N62Ta68WfmGjtatfBZh5MNhq4guw8vrvM,True,True,2,97069017|1N62Ta68WfmGjtatfBZh5MNhq4guw8vrvM,transaction|wallet,|0.00829124
97976919,1,wallet,19evZUcJPUuA8UYzpKtWCUsuf9R1rJUCih,True,True,2,97976919|19evZUcJPUuA8UYzpKtWCUsuf9R1rJUCih,transaction|wallet,|0.00834328
71989678,1,wallet,1Eh9FmpaLTxyRa87YxCD8EnbTTqH6TCxKu,True,True,2,71989678|1Eh9FmpaLTxyRa87YxCD8EnbTTqH6TCxKu,transaction|wallet,|0.0222592
72295072,1,wallet,113Wb3pHLuTqAejERCo9bTnyJ45VdoLUQZ,True,True,2,72295072|113Wb3pHLuTqAejERCo9bTnyJ45VdoLUQZ,transaction|wallet,|0.0201818
72376896,1,wallet,1KJ5sP4uWc3CdSPkZ9ZbSfP3HvWLZxQQ8L,True,True,2,72376896|1KJ5sP4uWc3CdSPkZ9ZbSfP3HvWLZxQQ8L,transaction|wallet,|0.00836635
91235255,1,wallet,12xvoKPjxyrdxsxy8RMsBWzXzQ4BJQXXqP,True,True,2,91235255|12xvoKPjxyrdxsxy8RMsBWzXzQ4BJQXXqP,transaction|wallet,|0.00839084
91857277,1,wallet,1PnEFMSeNkd4UE6TjLghrf63Bzt8JPHDn7,True,True,2,91857277|1PnEFMSeNkd4UE6TjLghrf63Bzt8JPHDn7,transaction|wallet,|0.00841498
94152708,1,wallet,1EEcmPSYztewCWSkGaU41Yx975yM7Vv3hH,True,True,2,94152708|1EEcmPSYztewCWSkGaU41Yx975yM7Vv3hH,transaction|wallet,|0.00839746
105434922,1,wallet,12YHY72n6MCBxSpmDbATFYcuvYLJwmPMC1,True,True,2,105434922|12YHY72n6MCBxSpmDbATFYcuvYLJwmPMC1,transaction|wallet,|0.008434
105594874,1,wallet,1AibnvggxwnWzyVAq6Gfny1Uxx7w2NpzDf,True,True,2,105594874|1AibnvggxwnWzyVAq6Gfny1Uxx7w2NpzDf,transaction|wallet,|0.00837457
164649961,1,wallet,1DyNx3QgNWTd3uPPZymTysYXbyvgBFG1BU,True,True,2,164649961|1DyNx3QgNWTd3uPPZymTysYXbyvgBFG1BU,transaction|wallet,|0.00844729
218091566,1,wallet,1FkpY6NJt3MyV8eX6o6ru9uatScvEcw8Lg,True,True,2,218091566|1FkpY6NJt3MyV8eX6o6ru9uatScvEcw8Lg,transaction|wallet,|0.00848579
11566029,1,wallet,1BD3z6DseNqv3iQX89bJGcYTR87y6BUtSL,True,True,2,11566029|1BD3z6DseNqv3iQX89bJGcYTR87y6BUtSL,transaction|wallet,|0.00849867
11567844,1,wallet,1CErNv1eshxYn5cbSuh9vDCaZVTmsNkCbz,True,True,2,11567844|1CErNv1eshxYn5cbSuh9vDCaZVTmsNkCbz,transaction|wallet,|0.00851309
11579855,1,wallet,1FXmyiZ4LvbFzRBKLPgNBy1EDFuKyWqj5x,True,True,2,11579855|1FXmyiZ4LvbFzRBKLPgNBy1EDFuKyWqj5x,transaction|wallet,|0.00849658
19501341,1,wallet,1JYiqL7msWkb1ruNv7VM4eSrqJRFTnWRpZ,True,True,2,19501341|1JYiqL7msWkb1ruNv7VM4eSrqJRFTnWRpZ,transaction|wallet,|0.00852972
158360758,1,wallet,1PDbmBGLPNa2mHQ5fNnqQZnw872Uuj6Cdj,True,True,2,158360758|1PDbmBGLPNa2mHQ5fNnqQZnw872Uuj6Cdj,transaction|wallet,|0.00852919
158374219,1,wallet,164oUc9BSMSFcxfUMaRcXep32YxYWjyTd1,True,True,2,158374219|164oUc9BSMSFcxfUMaRcXep32YxYWjyTd1,transaction|wallet,|0.00855082
158375408,1,wallet,1FxcMjGgBLoRDNtviczHj6TPE2iCW1X7nY,True,True,2,158375408|1FxcMjGgBLoRDNtviczHj6TPE2iCW1X7nY,transaction|wallet,|0.00852174
158378325,1,wallet,14ou6RD8KrRz8R2rtQ9RaXfPWyKKNQEzoE,True,True,2,158378325|14ou6RD8KrRz8R2rtQ9RaXfPWyKKNQEzoE,transaction|wallet,|0.00851756
159032608,1,wallet,17n4zgc6wuAo3c7MRDPX85EfhyLSjZnhEK,True,True,2,159032608|17n4zgc6wuAo3c7MRDPX85EfhyLSjZnhEK,transaction|wallet,|0.00849432
159041022,1,wallet,1D191As3JMWj9seZz11quLEHoSUC11DfGd,True,True,2,159041022|1D191As3JMWj9seZz11quLEHoSUC11DfGd,transaction|wallet,|0.00852835
12AzKwSbqKHMdWQK2zsHnef8F48rEHGgEZ,0,wallet,12AzKwSbqKHMdWQK2zsHnef8F48rEHGgEZ,True,True,1,12AzKwSbqKHMdWQK2zsHnef8F48rEHGgEZ,wallet,
12QCnBpR4QYg9ivpXquAxfSdsWsvTHqsCd,0,wallet,12QCnBpR4QYg9ivpXquAxfSdsWsvTHqsCd,True,True,1,12QCnBpR4QYg9ivpXquAxfSdsWsvTHqsCd,wallet,
12RVhggPA3eakwxqfVWNAFdUZXNmNKyuRq,0,wallet,12RVhggPA3eakwxqfVWNAFdUZXNmNKyuRq,True,True,1,12RVhggPA3eakwxqfVWNAFdUZXNmNKyuRq,wallet,
12WpuvTeCikQyrRGx4VHQtPKghCDA3H5u2,0,wallet,12WpuvTeCikQyrRGx4VHQtPKghCDA3H5u2,True,True,1,12WpuvTeCikQyrRGx4VHQtPKghCDA3H5u2,wallet,
12mqi8Weg7uwgbHUH214mCwrfHmnyiGi2V,0,wallet,12mqi8Weg7uwgbHUH214mCwrfHmnyiGi2V,True,True,1,12mqi8Weg7uwgbHUH214mCwrfHmnyiGi2V,wallet,
134T6xirgyABfmPCNTuhopYsy2WaJN1Mst,0,wallet,134T6xirgyABfmPCNTuhopYsy2WaJN1Mst,True,True,1,134T6xirgyABfmPCNTuhopYsy2WaJN1Mst,wallet,
13Gw2pFYiqTpSMfVH6dvy1tqfANy8bRZji,0,wallet,13Gw2pFYiqTpSMfVH6dvy1tqfANy8bRZji,True,True,1,13Gw2pFYiqTpSMfVH6dvy1tqfANy8bRZji,wallet,
13TDiJvmgwFj4ZUV7JY7KfHFhRWcLbY7Ax,0,wallet,13TDiJvmgwFj4ZUV7JY7KfHFhRWcLbY7Ax,True,True,1,13TDiJvmgwFj4ZUV7JY7KfHFhRWcLbY7Ax,wallet,
13v7j2FdoJo5hHvSnf3BqPYwV35FkockN2,0,wallet,13v7j2FdoJo5hHvSnf3BqPYwV35FkockN2,True,True,1,13v7j2FdoJo5hHvSnf3BqPYwV35FkockN2,wallet,
141feopWQWgcdiCML128zyNw9uKCrtsn3C,0,wallet,141feopWQWgcdiCML128zyNw9uKCrtsn3C,True,True,1,141feopWQWgcdiCML128zyNw9uKCrtsn3C,wallet,
14DNSdavaUf8qysjfpKFehMXj2nj1dmctL,0,wallet,14DNSdavaUf8qysjfpKFehMXj2nj1dmctL,True,True,1,14DNSdavaUf8qysjfpKFehMXj2nj1dmctL,wallet,
14F2Jo3wmPSCg4hCV2CfgJ42P5LYebyg6F,0,wallet,14F2Jo3wmPSCg4hCV2CfgJ42P5LYebyg6F,True,True,1,14F2Jo3wmPSCg4hCV2CfgJ42P5LYebyg6F,wallet,
14Tu1AC8ZMg51dy1jGXtqkpr2EkZpsuKZk,0,wallet,14Tu1AC8ZMg51dy1jGXtqkpr2EkZpsuKZk,True,True,1,14Tu1AC8ZMg51dy1jGXtqkpr2EkZpsuKZk,wallet,
14Z7URhz2LfjGhRrrWJ4FJ3fJkW6y2B8Ji,0,wallet,14Z7URhz2LfjGhRrrWJ4FJ3fJkW6y2B8Ji,True,True,1,14Z7URhz2LfjGhRrrWJ4FJ3fJkW6y2B8Ji,wallet,
14jKgsQDDSgkojTUrgoSgpcJqZf6bQyvMA,0,wallet,14jKgsQDDSgkojTUrgoSgpcJqZf6bQyvMA,True,True,1,14jKgsQDDSgkojTUrgoSgpcJqZf6bQyvMA,wallet,
15RThMZwaUvYUBUZaezujBfzuxcjfASYPB,0,wallet,15RThMZwaUvYUBUZaezujBfzuxcjfASYPB,True,True,1,15RThMZwaUvYUBUZaezujBfzuxcjfASYPB,wallet,
15XnFwwXn5hFSoDtuRDQiEzqi8ZV4ruyM5,0,wallet,15XnFwwXn5hFSoDtuRDQiEzqi8ZV4ruyM5,True,True,1,15XnFwwXn5hFSoDtuRDQiEzqi8ZV4ruyM5,wallet,
15mK2eXUyk8kUCPJCw1i5n9sNAGXxaQN7X,0,wallet,15mK2eXUyk8kUCPJCw1i5n9sNAGXxaQN7X,True,True,1,15mK2eXUyk8kUCPJCw1i5n9sNAGXxaQN7X,wallet,
15oqhucSfDh6tHShikGxoeNjDbg12GqsDF,0,wallet,15oqhucSfDh6tHShikGxoeNjDbg12GqsDF,True,True,1,15oqhucSfDh6tHShikGxoeNjDbg12GqsDF,wallet,
15tTDoB12FkSSpMWVyf4jETGb4JTqsjGQQ,0,wallet,15tTDoB12FkSSpMWVyf4jETGb4JTqsjGQQ,True,True,1,15tTDoB12FkSSpMWVyf4jETGb4JTqsjGQQ,wallet,
166JEnKwzACd9czWjezQxWvfcMVKkckpHe,0,wallet,166JEnKwzACd9czWjezQxWvfcMVKkckpHe,True,True,1,166JEnKwzACd9czWjezQxWvfcMVKkckpHe,wallet,
169UeNytf25LSWdqt36rfc2pz7Y41rdmWo,0,wallet,169UeNytf25LSWdqt36rfc2pz7Y41rdmWo,True,True,1,169UeNytf25LSWdqt36rfc2pz7Y41rdmWo,wallet,
16Nm5gA56TVujrkLd7zWx82XPJWZWGJuk4,0,wallet,16Nm5gA56TVujrkLd7zWx82XPJWZWGJuk4,True,True,1,16Nm5gA56TVujrkLd7zWx82XPJWZWGJuk4,wallet,
16Wf5njeJHKAQgF6CSwV8KsHGXADc4TBZw,0,wallet,16Wf5njeJHKAQgF6CSwV8KsHGXADc4TBZw,True,True,1,16Wf5njeJHKAQgF6CSwV8KsHGXADc4TBZw,wallet,
16iHKz2wpPwmpYLZ3AfbnivG4t8Fvh9dTr,0,wallet,16iHKz2wpPwmpYLZ3AfbnivG4t8Fvh9dTr,True,True,1,16iHKz2wpPwmpYLZ3AfbnivG4t8Fvh9dTr,wallet,
16k5FutyE9k2QznndpUWAaa2GztNGH9EqG,0,wallet,16k5FutyE9k2QznndpUWAaa2GztNGH9EqG,True,True,1,16k5FutyE9k2QznndpUWAaa2GztNGH9EqG,wallet,
16zCFjP3tzPRTVg4uN9emXAtZpYecfHiND,0,wallet,16zCFjP3tzPRTVg4uN9emXAtZpYecfHiND,True,True,1,16zCFjP3tzPRTVg4uN9emXAtZpYecfHiND,wallet,
17J3gKjz9HuzHhL2WAY6usgVQ2M49evdQ5,0,wallet,17J3gKjz9HuzHhL2WAY6usgVQ2M49evdQ5,True,True,1,17J3gKjz9HuzHhL2WAY6usgVQ2M49evdQ5,wallet,
17PAa5ZXaGS4E8WDSgrowe9abNQ4RJNVnP,0,wallet,17PAa5ZXaGS4E8WDSgrowe9abNQ4RJNVnP,True,True,1,17PAa5ZXaGS4E8WDSgrowe9abNQ4RJNVnP,wallet,
17baN4j7EGH5mhcZeS8us8Lc3hf1XsCHAQ,0,wallet,17baN4j7EGH5mhcZeS8us8Lc3hf1XsCHAQ,True,True,1,17baN4j7EGH5mhcZeS8us8Lc3hf1XsCHAQ,wallet,
17frFF3JnMWsMzh53PWwsvo4GHuTWStomg,0,wallet,17frFF3JnMWsMzh53PWwsvo4GHuTWStomg,True,True,1,17frFF3JnMWsMzh53PWwsvo4GHuTWStomg,wallet,
18ADqTAna6Wt1ZeCuWs114cW8wbheEQoBv,0,wallet,18ADqTAna6Wt1ZeCuWs114cW8wbheEQoBv,True,True,1,18ADqTAna6Wt1ZeCuWs114cW8wbheEQoBv,wallet,
18CQSBxriW5r53xGKnRy7GmSin3yMXfQ8P,0,wallet,18CQSBxriW5r53xGKnRy7GmSin3yMXfQ8P,True,True,1,18CQSBxriW5r53xGKnRy7GmSin3yMXfQ8P,wallet,
18HwjsZ6KTgTboKv2dwkivRrjSPLZEPsqy,0,wallet,18HwjsZ6KTgTboKv2dwkivRrjSPLZEPsqy,True,True,1,18HwjsZ6KTgTboKv2dwkivRrjSPLZEPsqy,wallet,
18b8nA5uhbNti13rnVRprL8qoDngTT3dCq,0,wallet,18b8nA5uhbNti13rnVRprL8qoDngTT3dCq,True,True,1,18b8nA5uhbNti13rnVRprL8qoDngTT3dCq,wallet,
18cTir7GcVZLzNmrzpYR2e2rMfUwbnjMPW,0,wallet,18cTir7GcVZLzNmrzpYR2e2rMfUwbnjMPW,True,True,1,18cTir7GcVZLzNmrzpYR2e2rMfUwbnjMPW,wallet,
18vn2iZWgPX1qWrbKXato7VxUFHNvtu2Eg,0,wallet,18vn2iZWgPX1qWrbKXato7VxUFHNvtu2Eg,True,True,1,18vn2iZWgPX1qWrbKXato7VxUFHNvtu2Eg,wallet,
1A1CZSa4YQHeuaGhCFtEigaRodmTnnpaF,0,wallet,1A1CZSa4YQHeuaGhCFtEigaRodmTnnpaF,True,True,1,1A1CZSa4YQHeuaGhCFtEigaRodmTnnpaF,wallet,
1A3iTtz8QxzYsCpqUWRNhZWGQmsjx4FMF7,0,wallet,1A3iTtz8QxzYsCpqUWRNhZWGQmsjx4FMF7,True,True,1,1A3iTtz8QxzYsCpqUWRNhZWGQmsjx4FMF7,wallet,
1A7wiAv22f5RUfDc4BkXcw2Fxc19xZAiGT,0,wallet,1A7wiAv22f5RUfDc4BkXcw2Fxc19xZAiGT,True,True,1,1A7wiAv22f5RUfDc4BkXcw2Fxc19xZAiGT,wallet,
1A7wrb6xus1bP6en17KeX3d42k4gj1wVmr,0,wallet,1A7wrb6xus1bP6en17KeX3d42k4gj1wVmr,True,True,1,1A7wrb6xus1bP6en17KeX3d42k4gj1wVmr,wallet,
1AJ7Y92Q54Yh2ySBcq8tpHxrLoit4bDEmp,0,wallet,1AJ7Y92Q54Yh2ySBcq8tpHxrLoit4bDEmp,True,True,1,1AJ7Y92Q54Yh2ySBcq8tpHxrLoit4bDEmp,wallet,
1B5F1oWBLS6u1iNs3rprvGT8PS6s9VQX9m,0,wallet,1B5F1oWBLS6u1iNs3rprvGT8PS6s9VQX9m,True,True,1,1B5F1oWBLS6u1iNs3rprvGT8PS6s9VQX9m,wallet,
1B6HjvojY7tYTismEYuY1buXakA3k2rc27,0,wallet,1B6HjvojY7tYTismEYuY1buXakA3k2rc27,True,True,1,1B6HjvojY7tYTismEYuY1buXakA3k2rc27,wallet,
1BKkheysB9bjRG7S8U9PSHwVzZSsgdxeK4,0,wallet,1BKkheysB9bjRG7S8U9PSHwVzZSsgdxeK4,True,True,1,1BKkheysB9bjRG7S8U9PSHwVzZSsgdxeK4,wallet,
1BgfXTGDFFsJKkjsGvXfcnLY4FvSpWiB7F,0,wallet,1BgfXTGDFFsJKkjsGvXfcnLY4FvSpWiB7F,True,True,1,1BgfXTGDFFsJKkjsGvXfcnLY4FvSpWiB7F,wallet,
1BjS6UbosMK4vEK2vQopaCaa3wRRswjb6H,0,wallet,1BjS6UbosMK4vEK2vQopaCaa3wRRswjb6H,True,True,1,1BjS6UbosMK4vEK2vQopaCaa3wRRswjb6H,wallet,
1BrhgWDLpQsCJAD2HXSTQVEddWaVfS6zjK,0,wallet,1BrhgWDLpQsCJAD2HXSTQVEddWaVfS6zjK,True,True,1,1BrhgWDLpQsCJAD2HXSTQVEddWaVfS6zjK,wallet,
1BtXe3B4q2bQhFFLMU9Sm1sugHgeSQtMuZ,0,wallet,1BtXe3B4q2bQhFFLMU9Sm1sugHgeSQtMuZ,True,True,1,1BtXe3B4q2bQhFFLMU9Sm1sugHgeSQtMuZ,wallet,
1C2eTKBegFAYRmizmqJPCAm5nuSp1kPRLQ,0,wallet,1C2eTKBegFAYRmizmqJPCAm5nuSp1kPRLQ,True,True,1,1C2eTKBegFAYRmizmqJPCAm5nuSp1kPRLQ,wallet,
1CEtFtqUGn7DibQGDFjcvUBhNa5sxmcmzz,0,wallet,1CEtFtqUGn7DibQGDFjcvUBhNa5sxmcmzz,True,True,1,1CEtFtqUGn7DibQGDFjcvUBhNa5sxmcmzz,wallet,
1CuS2LJpJJB3rw7R45D2ZRZpF1VsWhxaUm,0,wallet,1CuS2LJpJJB3rw7R45D2ZRZpF1VsWhxaUm,True,True,1,1CuS2LJpJJB3rw7R45D2ZRZpF1VsWhxaUm,wallet,
1D4rDJd4rVhf745gJYtP2QDdm75A7mkJZF,0,wallet,1D4rDJd4rVhf745gJYtP2QDdm75A7mkJZF,True,True,1,1D4rDJd4rVhf745gJYtP2QDdm75A7mkJZF,wallet,
1DSsh1Wf74a2V9JoHhhSZfsX9NVxNvSVih,0,wallet,1DSsh1Wf74a2V9JoHhhSZfsX9NVxNvSVih,True,True,1,1DSsh1Wf74a2V9JoHhhSZfsX9NVxNvSVih,wallet,
1DTWaervHkEPhDDyHXTV2ab73LZVdKqEUn,0,wallet,1DTWaervHkEPhDDyHXTV2ab73LZVdKqEUn,True,True,1,1DTWaervHkEPhDDyHXTV2ab73LZVdKqEUn,wallet,
1DXNM8crL8apXBbdsdo8DmVTRr6nxG8fBm,0,wallet,1DXNM8crL8apXBbdsdo8DmVTRr6nxG8fBm,True,True,1,1DXNM8crL8apXBbdsdo8DmVTRr6nxG8fBm,wallet,
1Db7J62hoP2AYQYep1aRJTFEVycPsonujS,0,wallet,1Db7J62hoP2AYQYep1aRJTFEVycPsonujS,True,True,1,1Db7J62hoP2AYQYep1aRJTFEVycPsonujS,wallet,
1DeCKSzVWV3t7mecxhfmWpdEJzuBWXJHQM,0,wallet,1DeCKSzVWV3t7mecxhfmWpdEJzuBWXJHQM,True,True,1,1DeCKSzVWV3t7mecxhfmWpdEJzuBWXJHQM,wallet,
1Dm3FUp8gmxbXMn7smbV6Ar34c5HtDamPT,0,wallet,1Dm3FUp8gmxbXMn7smbV6Ar34c5HtDamPT,True,True,1,1Dm3FUp8gmxbXMn7smbV6Ar34c5HtDamPT,wallet,
1EAoChb2t6uo2oeqz14T4icsVvoFsKWFhY,0,wallet,1EAoChb2t6uo2oeqz14T4icsVvoFsKWFhY,True,True,1,1EAoChb2t6uo2oeqz14T4icsVvoFsKWFhY,wallet,
1EBxbBpjKk3LPyMEqZbydHKXXnGEc53ntC,0,wallet,1EBxbBpjKk3LPyMEqZbydHKXXnGEc53ntC,True,True,1,1EBxbBpjKk3LPyMEqZbydHKXXnGEc53ntC,wallet,
1ECfjBmjp3DV4wazcxteToVYuguQTjGVWB,0,wallet,1ECfjBmjp3DV4wazcxteToVYuguQTjGVWB,True,True,1,1ECfjBmjp3DV4wazcxteToVYuguQTjGVWB,wallet,
1EGLx1soZTibT7Gho5YNafx4DEN1SBQFeK,0,wallet,1EGLx1soZTibT7Gho5YNafx4DEN1SBQFeK,True,True,1,1EGLx1soZTibT7Gho5YNafx4DEN1SBQFeK,wallet,
1EddB8QQuYStiXC1vxKreSKNiMsBsZ9EzS,0,wallet,1EddB8QQuYStiXC1vxKreSKNiMsBsZ9EzS,True,True,1,1EddB8QQuYStiXC1vxKreSKNiMsBsZ9EzS,wallet,
1FQNug1fwM9qW4yVsg4qhVCKjirT5xSKNh,0,wallet,1FQNug1fwM9qW4yVsg4qhVCKjirT5xSKNh,True,True,1,1FQNug1fwM9qW4yVsg4qhVCKjirT5xSKNh,wallet,
1Fh3B5mW2qBV4zvAvzZ8of5iYYhKdHEMqv,0,wallet,1Fh3B5mW2qBV4zvAvzZ8of5iYYhKdHEMqv,True,True,1,1Fh3B5mW2qBV4zvAvzZ8of5iYYhKdHEMqv,wallet,
1GAJQirWinGv2awEJFuoqD6JprL5Pk9qWs,0,wallet,1GAJQirWinGv2awEJFuoqD6JprL5Pk9qWs,True,True,1,1GAJQirWinGv2awEJFuoqD6JprL5Pk9qWs,wallet,
1GCoJcqC7APvkDmvcj2fDiPP84HQwLTdYo,0,wallet,1GCoJcqC7APvkDmvcj2fDiPP84HQwLTdYo,True,True,1,1GCoJcqC7APvkDmvcj2fDiPP84HQwLTdYo,wallet,
1GD9qAxPBMYmMLrhr2XBgtjrkcAtaKzcQ3,0,wallet,1GD9qAxPBMYmMLrhr2XBgtjrkcAtaKzcQ3,True,True,1,1GD9qAxPBMYmMLrhr2XBgtjrkcAtaKzcQ3,wallet,
1GvVxz291Nx7QYjcBaNP2shXtfPSuGpCqp,0,wallet,1GvVxz291Nx7QYjcBaNP2shXtfPSuGpCqp,True,True,1,1GvVxz291Nx7QYjcBaNP2shXtfPSuGpCqp,wallet,
1HL5WAWsHmHgvxQLkYt8DqH42dXaWQp88p,0,wallet,1HL5WAWsHmHgvxQLkYt8DqH42dXaWQp88p,True,True,1,1HL5WAWsHmHgvxQLkYt8DqH42dXaWQp88p,wallet,
1HnukDfom7xENHs1UhE2ekfbrYp3n8DqZf,0,wallet,1HnukDfom7xENHs1UhE2ekfbrYp3n8DqZf,True,True,1,1HnukDfom7xENHs1UhE2ekfbrYp3n8DqZf,wallet,
1JCvUNvDknKrWAYKrNDzwpAzk8w9zrCKn5,0,wallet,1JCvUNvDknKrWAYKrNDzwpAzk8w9zrCKn5,True,True,1,1JCvUNvDknKrWAYKrNDzwpAzk8w9zrCKn5,wallet,
1JMRTXKPw84S6XfYyiTgapYZSjmUyKeXpn,0,wallet,1JMRTXKPw84S6XfYyiTgapYZSjmUyKeXpn,True,True,1,1JMRTXKPw84S6XfYyiTgapYZSjmUyKeXpn,wallet,
1JfFa3kh7C4HTYgKDrteGPAs5S6u9ZS5Zk,0,wallet,1JfFa3kh7C4HTYgKDrteGPAs5S6u9ZS5Zk,True,True,1,1JfFa3kh7C4HTYgKDrteGPAs5S6u9ZS5Zk,wallet,
1JjBxfD4Dxh4BfcZo9ZqnhVzpiyYb9RLmx,0,wallet,1JjBxfD4Dxh4BfcZo9ZqnhVzpiyYb9RLmx,True,True,1,1JjBxfD4Dxh4BfcZo9ZqnhVzpiyYb9RLmx,wallet,
1JxdBNFxr81tBAHbtLXYQLBw7bM4Hi4ozH,0,wallet,1JxdBNFxr81tBAHbtLXYQLBw7bM4Hi4ozH,True,True,1,1JxdBNFxr81tBAHbtLXYQLBw7bM4Hi4ozH,wallet,
1KUcoGYuz2W1TEWypH5Cv6yYCmYBJ6VG5q,0,wallet,1KUcoGYuz2W1TEWypH5Cv6yYCmYBJ6VG5q,True,True,1,1KUcoGYuz2W1TEWypH5Cv6yYCmYBJ6VG5q,wallet,
1KdfnZetJ3EBw1bZZQZvJNLKpktVoz73zn,0,wallet,1KdfnZetJ3EBw1bZZQZvJNLKpktVoz73zn,True,True,1,1KdfnZetJ3EBw1bZZQZvJNLKpktVoz73zn,wallet,
1Kgd5h3sJAUmcrei4MkaoDs5a4vUPHy1V6,0,wallet,1Kgd5h3sJAUmcrei4MkaoDs5a4vUPHy1V6,True,True,1,1Kgd5h3sJAUmcrei4MkaoDs5a4vUPHy1V6,wallet,
1KjrqiJcQiDHzSPhX3an4BD4pVcHbcbAjK,0,wallet,1KjrqiJcQiDHzSPhX3an4BD4pVcHbcbAjK,True,True,1,1KjrqiJcQiDHzSPhX3an4BD4pVcHbcbAjK,wallet,
1KzQ64A2bTctnyNk3rNSeM5Bi9oCEjsymJ,0,wallet,1KzQ64A2bTctnyNk3rNSeM5Bi9oCEjsymJ,True,True,1,1KzQ64A2bTctnyNk3rNSeM5Bi9oCEjsymJ,wallet,
1LTAoVTsazCtMnQbuS4NDsDLyMptGPBMZF,0,wallet,1LTAoVTsazCtMnQbuS4NDsDLyMptGPBMZF,True,True,1,1LTAoVTsazCtMnQbuS4NDsDLyMptGPBMZF,wallet,
1LXbeK1MFUhMV4jydiQNnZKwR3KU6vc8i7,0,wallet,1LXbeK1MFUhMV4jydiQNnZKwR3KU6vc8i7,True,True,1,1LXbeK1MFUhMV4jydiQNnZKwR3KU6vc8i7,wallet,
1LmmgoELJX9MR8Szvkob6HiAudmp4JakjX,0,wallet,1LmmgoELJX9MR8Szvkob6HiAudmp4JakjX,True,True,1,1LmmgoELJX9MR8Szvkob6HiAudmp4JakjX,wallet,
1Lp6UcMCDcthNeU9wkqyse65FxZ55SE4Hc,0,wallet,1Lp6UcMCDcthNeU9wkqyse65FxZ55SE4Hc,True,True,1,1Lp6UcMCDcthNeU9wkqyse65FxZ55SE4Hc,wallet,
1LxjAhbzjQskt4pUQyMMt8ZBy6XeEJy5ep,0,wallet,1LxjAhbzjQskt4pUQyMMt8ZBy6XeEJy5ep,True,True,1,1LxjAhbzjQskt4pUQyMMt8ZBy6XeEJy5ep,wallet,
1MGfqFxPtCZ6ARsPJz1jhbuZ78jXQGnzo3,0,wallet,1MGfqFxPtCZ6ARsPJz1jhbuZ78jXQGnzo3,True,True,1,1MGfqFxPtCZ6ARsPJz1jhbuZ78jXQGnzo3,wallet,
1MSDJf2ENpMPdrxhSrNmHcVV8XESr7toDP,0,wallet,1MSDJf2ENpMPdrxhSrNmHcVV8XESr7toDP,True,True,1,1MSDJf2ENpMPdrxhSrNmHcVV8XESr7toDP,wallet,
1Md5mFf9TDPkZtsocnC5PVQRaqYtoHVLMM,0,wallet,1Md5mFf9TDPkZtsocnC5PVQRaqYtoHVLMM,True,True,1,1Md5mFf9TDPkZtsocnC5PVQRaqYtoHVLMM,wallet,
1MkaX8kdqWUCnMdhWfRjSkgZkEg1kteQK8,0,wallet,1MkaX8kdqWUCnMdhWfRjSkgZkEg1kteQK8,True,True,1,1MkaX8kdqWUCnMdhWfRjSkgZkEg1kteQK8,wallet,
1MywAyUMLD9CcJhmrcin7owV4RGGusgsDi,0,wallet,1MywAyUMLD9CcJhmrcin7owV4RGGusgsDi,True,True,1,1MywAyUMLD9CcJhmrcin7owV4RGGusgsDi,wallet,
1N5RQG8Gwm8wTTPqYguUDmSYo81VfnfnrB,0,wallet,1N5RQG8Gwm8wTTPqYguUDmSYo81VfnfnrB,True,True,1,1N5RQG8Gwm8wTTPqYguUDmSYo81VfnfnrB,wallet,
1NRuZ2yqDA8XZqscgKs8ibM7imc9LbDhLR,0,wallet,1NRuZ2yqDA8XZqscgKs8ibM7imc9LbDhLR,True,True,1,1NRuZ2yqDA8XZqscgKs8ibM7imc9LbDhLR,wallet,
1NnRCQUZx7AHaJ93N5w2VdrUF52NeRdnkc,0,wallet,1NnRCQUZx7AHaJ93N5w2VdrUF52NeRdnkc,True,True,1,1NnRCQUZx7AHaJ93N5w2VdrUF52NeRdnkc,wallet,
1NxQnaq2CneBEZKdzarUJpzjCuuJdPCsii,0,wallet,1NxQnaq2CneBEZKdzarUJpzjCuuJdPCsii,True,True,1,1NxQnaq2CneBEZKdzarUJpzjCuuJdPCsii,wallet,
1P5YaSxFC8ATDCLHbJ5PumULbbpgyijWGQ,0,wallet,1P5YaSxFC8ATDCLHbJ5PumULbbpgyijWGQ,True,True,1,1P5YaSxFC8ATDCLHbJ5PumULbbpgyijWGQ,wallet,
1PE5eZjjan5BHwSzZtHii4EzFrACtLqNUG,0,wallet,1PE5eZjjan5BHwSzZtHii4EzFrACtLqNUG,True,True,1,1PE5eZjjan5BHwSzZtHii4EzFrACtLqNUG,wallet,
163808988,14,transaction,390556469,False,True,15,163808988|12ajN1KUZRV2xzwrNMsjPnp6uyY6DaNDA4|163808990|14NzEyFanq6EDqZ2zePszDET8Jgsjs6yLz|163723172|1EcgS5ikj6Bwqd2Qf2YXjA1AdjubVGsPHa|56346905|1DDiH8HMccHqXuzfXVG59TdoKqdERx5yT7|1116757|197P77V9xAqK2AvRok9XVS2wXt3CvxU8yt|19505460|1K7apggi2re2aVaHvdSMEh8SEjjeoA4Vvg|165852398|1EB6US4Gox4YCfhKizYrBgREBnexYao7pA|390556469,transaction|wallet|transaction|wallet|transaction|wallet|transaction|wallet|transaction|wallet|transaction|wallet|transaction|wallet|transaction,|0.0290703|0.000810921|0.0274881|0.00388399|-0.273713|-0.00199085|-0.457915|-0.00269496|-0.312238|-0.00253588|-0.933176|-0.00092566|-0.968732|-0.00438803
1Fj6MdQSWFpPkryJqdvKGiLJBKR9Rx9nch,14,wallet,1PhHnK34pmYcrC8RprtXVfF4HMKYmaRYD3,False,True,15,1Fj6MdQSWFpPkryJqdvKGiLJBKR9Rx9nch|99676705|1NhvP8D6aJRyu9fYvdwFX2d5KsppwdHkUD|99676510|1JQhfodwGU85f1TPsUpbVqwAKKS5yGwqNk|99676503|18NeTEfcZeZyzfUSAv2PNYTsA1xPFrqLzq|99676317|17Q13dYB8Z5X5hhLveZKPzG1bwNA7Yxhk9|99676304|1CSaCahayUyWfzMgazV673cCKpTEELeNR2|99676297|1PiK4c5EfkwRVowkmGXr4C1Hi5HwadbCzB|99676290|1PhHnK34pmYcrC8RprtXVfF4HMKYmaRYD3,wallet|transaction|wallet|transaction|wallet|transaction|wallet|transaction|wallet|transaction|wallet|transaction|wallet|transaction|wallet,|-0.000534385|0.0279059|0.00100508|0.025787|-0.000682324|0.0234862|-0.000921935|0.0250978|-0.000684321|0.020297|-0.00190163|0.0238991|0.000441283|0.00787866
12uLxFVwazvdf3AQ4Ei4pW13Q53reaurLi,13,transaction,166073406,False,True,14,12uLxFVwazvdf3AQ4Ei4pW13Q53reaurLi|166490287|13FCZb6mwQupCscxmqwRgAg4i4T4thiWoV|163654217|1GRTVLq3iX36FsuLdgmb6VTg6gDbq9njJ6|89336633|17inT8WRYErMvQBuA5pLjef2eE1ACg5cb8|8843271|1LmtfMRZcgQMEp9sNA69rXupREUUgwUDFp|10285053|1MLB7yBzqpjA4yMsw26dpWZH43X29Gz3wM|163867922|17emvgDd7Tvz7ZpZKTeKfJe7JZMeNq8mXX|166073406,wallet|transaction|wallet|transaction|wallet|transaction|wallet|transaction|wallet|transaction|wallet|transaction|wallet|transaction,|0.000738174|0.030018|0.00773355|-0.239988|-0.00182399|-0.968769|-0.00904831|-0.963543|-0.00498083|-0.17971|0.00368387|-0.968781|-0.00603151
13sLZpFwyZgTBZ5GBNGqLJcmzmV4e4Z2Gc,13,transaction,166073406,False,True,14,13sLZpFwyZgTBZ5GBNGqLJcmzmV4e4Z2Gc|163823992|13FCZb6mwQupCscxmqwRgAg4i4T4thiWoV|163654217|1GRTVLq3iX36FsuLdgmb6VTg6gDbq9njJ6|89336633|17inT8WRYErMvQBuA5pLjef2eE1ACg5cb8|8843271|1LmtfMRZcgQMEp9sNA69rXupREUUgwUDFp|10285053|1MLB7yBzqpjA4yMsw26dpWZH43X29Gz3wM|163867922|17emvgDd7Tvz7ZpZKTeKfJe7JZMeNq8mXX|166073406,wallet|transaction|wallet|transaction|wallet|transaction|wallet|transaction|wallet|transaction|wallet|transaction|wallet|transaction,|0.00122821|0.030018|0.00773355|-0.239988|-0.00182399|-0.968769|-0.00904831|-0.963543|-0.00498083|-0.17971|0.00368387|-0.968781|-0.00603151
1CALMbS2A9AFfFdXYGw6rRVZW9A3FVz7fo,13,transaction,173950082,False,True,14,1CALMbS2A9AFfFdXYGw6rRVZW9A3FVz7fo|29599380|1N7U5DHnpBdooHxDe69MgFpgsBXymkw9Qy|203672502|16qDBPVEmF8Pj9ZE6kTgLVaqKRhdAD98Wj|182466028|128H36FzwJ2ogu6eZV5B6jLJD8jLkqzY98|184383289|1CPMKL1b49t1o9TQpXEqb7vUBsmKu7Rpbn|62900083|1JBXPRrNKr5VRB5r65VEjBLwGAvBcPQ1MY|173167134|1HVaLLcnXPn3vuJXNntWsKC5ogkqznu97c|173950082,wallet|transaction|wallet|transaction|wallet|transaction|wallet|transaction|wallet|transaction|wallet|transaction|wallet|transaction,|-0.00353852|-0.960003|-0.00271952|-0.967502|-0.00183314|-0.967294|-0.00272149|-0.968002|-0.00155702|-0.96728|-0.00303587|-0.968296|-0.00442657
163656150,12,transaction,166073406,False,True,13,163656150|1oibGx3NsgKCSb3ZRWvzkUXwC6wC84Pax|56475009|136pge28L2B3wXSnU9DqTJHkExc4bqVW2h|89336633|17inT8WRYErMvQBuA5pLjef2eE1ACg5cb8|8843271|1LmtfMRZcgQMEp9sNA69rXupREUUgwUDFp|10285053|1MLB7yBzqpjA4yMsw26dpWZH43X29Gz3wM|163867922|17emvgDd7Tvz7ZpZKTeKfJe7JZMeNq8mXX|166073406,transaction|wallet|transaction|wallet|transaction|wallet|transaction|wallet|transaction|wallet|transaction|wallet|transaction,|-0.158188|-0.00198632|-0.968781|-0.00182399|-0.968769|-0.00904831|-0.963543|-0.00498083|-0.17971|0.00368387|-0.968781|-0.00603151
163807964,12,transaction,166073406,False,True,13,163807964|13FCZb6mwQupCscxmqwRgAg4i4T4thiWoV|163654217|1GRTVLq3iX36FsuLdgmb6VTg6gDbq9njJ6|89336633|17inT8WRYErMvQBuA5pLjef2eE1ACg5cb8|8843271|1LmtfMRZcgQMEp9sNA69rXupREUUgwUDFp|10285053|1MLB7yBzqpjA4yMsw26dpWZH43X29Gz3wM|163867922|17emvgDd7Tvz7ZpZKTeKfJe7JZMeNq8mXX|166073406,transaction|wallet|transaction|wallet|transaction|wallet|transaction|wallet|transaction|wallet|transaction|wallet|transaction,|0.030018|0.00773355|-0.239988|-0.00182399|-0.968769|-0.00904831|-0.963543|-0.00498083|-0.17971|0.00368387|-0.968781|-0.00603151
146n8m4S4Zc1B7s4CKn54NorrnBaQZ36R5,12,wallet,1741r3S1h6CmQAZp38BDxhC53L3m8T9yr8,False,True,13,146n8m4S4Zc1B7s4CKn54NorrnBaQZ36R5|85005005|19p6vXatmksUMD66vT1zkFkSeWH6DGD5ck|84359449|1P3CoreSSJEULAPkJMQiBLCBQjFDoayER|84359444|1Fo9witfsyt4P8NtRojMh6uziT4mJpL51g|84359438|171eXCAj6b3ykoz6TWDJWdwMaVn9oirxpi|84359428|18e8wNvxG5zspijD8VYokV8BneCv3Fr2Ww|84359422|1741r3S1h6CmQAZp38BDxhC53L3m8T9yr8,wallet|transaction|wallet|transaction|wallet|transaction|wallet|transaction|wallet|transaction|wallet|transaction|wallet,|-0.00259277|0.0252922|-0.000655264|0.0275066|0.00201681|0.0241245|-0.00199884|0.0265401|-0.00144497|0.0269888|0.000280768|0.00798213
1EEE25dm1UmWq7T4buvTHZBvHkHfFuR64S,12,wallet,1C6U2caHrcYZkgpqxjMxZ6yvAgjPCkCUsZ,False,True,13,1EEE25dm1UmWq7T4buvTHZBvHkHfFuR64S|210373225|15D5PJsyN8ykP5eVJw8JgNT7Rshfqyc8jh|9576638|1DnxEq63eQUVQz6zSZA7jAzn3cHLyLHUoi|77766982|1NPWVABGxDbCLoaJhC9z66zZ3CiAwWJBv3|11042555|1FRgkTDn8x7uZyWrP18eMd6R2YWC9vG5PC|110617865|1EWPnUWTcPDvQ3MCKFirv6FNngAM7VocTq|82608842|1C6U2caHrcYZkgpqxjMxZ6yvAgjPCkCUsZ,wallet|transaction|wallet|transaction|wallet|transaction|wallet|transaction|wallet|transaction|wallet|transaction|wallet,|0.00649843|-0.0259999|-0.00255653|-0.96877|-0.000247508|-0.968781|-0.000782967|-0.968781|-0.00152817|-0.968779|-0.00367236|0.00626439
1EYVmRKbJUwby7s6T6qyJ65sp3rwcUJhNo,12,wallet,19YJiavT2WpU28KQ3FJLEUH4YdqSVNBYsM,False,True,13,1EYVmRKbJUwby7s6T6qyJ65sp3rwcUJhNo|99676798|1AFK7NNo2gL62whs6h6zfTMSwWx51F1RVp|99676794|1DPRVebTZwUkMFTDZk83bNGNnNaWK5vB6r|99676708|1QKqiXsjJGqEy8PkC5paSRa8pkwKdcnY1e|99676519|1LRyffqeb5pffpfTkXrLsNXTML8yr6xSfS|99676505|1MzuphhD8P9m9VMBHVNc81TCW4hTBqWqps|99676403|19YJiavT2WpU28KQ3FJLEUH4YdqSVNBYsM,wallet|transaction|wallet|transaction|wallet|transaction|wallet|transaction|wallet|transaction|wallet|transaction|wallet,|-0.000914395|0.023956|-0.000594497|0.0269254|0.00077194|0.0236797|-0.00177589|-0.0155885|-0.00328302|0.00662673|-0.00269407|0.0243772
1HsA5XccnkVwqbi3aHvz3KCXmDD8wksEbn,12,wallet,1M2dBLX7WSZq9cVatHYnpFp8fD8iJ8A2N8,False,True,13,1HsA5XccnkVwqbi3aHvz3KCXmDD8wksEbn|210640144|12P2246m4ouxzazfyLXke5GoQPBJtRgW6m|25154839|1EA8jHMQNUAZnPpRjjs7FySGv7FhvJgKpr|209518732|1HKyv4UanZHb6qQe4Rw5wvaVGW6PwiPty|80279852|12XzBy96YYWbP31cj9RC7grppVfsyAqE36|30886080|1N6mK6E2P52sWwPhfVKTBrBmQ53RcrA8wz|51018142|1M2dBLX7WSZq9cVatHYnpFp8fD8iJ8A2N8,wallet|transaction|wallet|transaction|wallet|transaction|wallet|transaction|wallet|transaction|wallet|transaction|wallet,|0.00408685|0.0275408|-0.00444248|-0.828238|-0.00360093|-0.957382|-0.00475743|-0.0181856|-0.00152785|-0.146388|-0.00013572|0.00763547
210639339,11,wallet,1Q8YhgGgC7Movu8HgBH2gQEAE7bZWWLGot,False,True,12,210639339|1ERsX6ztNgXkbfY3pjG2awbM6KNgBekGCY|20002211|19TeTP84skqnA88p3LzK62h8eambiZ634n|9568521|18D9PBiWenZzg8PoxhqpdfRXPbZJwYxLm|154230916|16LtUR1soGxWVqEz87ePKjAsuK3mBKbaxo|209072130|16uBTVUEidRswjnyysyqGnFUmWNyFCoAzT|9565016|1Q8YhgGgC7Movu8HgBH2gQEAE7bZWWLGot,transaction|wallet|transaction|wallet|transaction|wallet|transaction|wallet|transaction|wallet|transaction|wallet,|0.0243133|-0.00164139|-0.967367|-0.0028488|-0.968676|-0.00238514|-0.968746|-0.00175026|-0.96871|-0.00230786|0.00710648
372960056,11,wallet,1EKk6fL3V83jgMxdWn2uSDy1G5LeL1DD4x,False,True,12,372960056|15JBh1wHpBWuaAwvhcXWper3td4W5g3E6N|372869387|17EzDQRYRqoeuSwEYcnWJJ8HrVbf7Drawz|312220443|18V3VbGM75xi5a3DvMTN9XmDVheFP2peWN|309434447|1KRrjTSASzKcF4egjS95Tj1hwJYtcFMhhc|368754682|13qDkbfx8fNmLWwUTTR9BUD9bK5uBwe3yf|313670795|1EKk6fL3V83jgMxdWn2uSDy1G5LeL1DD4x,transaction|wallet|transaction|wallet|transaction|wallet|transaction|wallet|transaction|wallet|transaction|wallet,|0.0180944|-0.00357196|-0.964491|-0.00295827|-0.968201|-0.00209355|-0.968544|-0.00311852|-0.968419|-0.00285295|0.00695133
13b1bWU9FQk8mLEv8dQPpCNM399pEVfFKL,11,transaction,14938788,False,True,12,13b1bWU9FQk8mLEv8dQPpCNM399pEVfFKL|15857236|1B7Q3Ba49ccd7D9w67vVKEAUraG3jtpUUs|78144215|1745DkwMtcJkwyzSyZ3c8ayCTw6YbtfqPd|16056990|1B8DBudvSCKLcDbsmEr83m61G6RAxwccW8|15221579|13NyW3seb6MhgkpZjFe5ij22Ku8doSErbc|14939775|1LzQub8kMSk3z7TutxiA88XZKoDSMXeZy3|14938788,wallet|transaction|wallet|transaction|wallet|transaction|wallet|transaction|wallet|transaction|wallet|transaction,|0.000787705|0.0294878|0.00650623|-0.940139|-0.00339371|-0.968764|-0.00339416|-0.968779|-0.00195879|-0.968781|-0.00479856
1DyiUUazTR6XwSbPXpdh3gzRtQoJokWUdN,11,wallet,19HEhV6EKQ3B5jGYyCqdXRosdcKhgbk2Vx,False,True,12,1DyiUUazTR6XwSbPXpdh3gzRtQoJokWUdN|323888916|1PHiTUHWzrWxqadENv2az1LZbKX8DTrBwU|372957321|1EkqdaDkAzzzeuHN1qfAHnskoYNjJ7eRvi|311594335|18EonFLGUdMTJwxaVkNSrToo79xKsfiZL4|372810452|372723702|133GAMeaE15oTPgAk42FPvZReDrVkaNRo4|368741023|19HEhV6EKQ3B5jGYyCqdXRosdcKhgbk2Vx,wallet|transaction|wallet|transaction|wallet|transaction|wallet|transaction|transaction|wallet|transaction|wallet,|0.00203517|-0.729062|-0.00184146|-0.968007|-0.00272748|-0.966743|-0.00353613|0.0704221|-0.725476|-0.000771701|0.00760323
1FvSbfwcLEuZJsQEqhEvbZWRw4ww2P6Ggq,11,wallet,1B5ZxnVrk1feeSDNHf23jZHgyw2pQcC28V,False,True,12,1FvSbfwcLEuZJsQEqhEvbZWRw4ww2P6Ggq|313042759|12oxyPhww7jWA7y4gV1hijXQEJK9h9mMRC|313338843|1GbeYpsun88cPAn4gGakrS8RdEXSoNaovy|310393674|13jE8VGAbJ5EqUj7eqwuNsxeRauvhEDKHj|58007728|312450765|1HLLqxHsrt8UFuTFfRNUD5TsYsAF9sekXH|279458388|1B5ZxnVrk1feeSDNHf23jZHgyw2pQcC28V,wallet|transaction|wallet|transaction|wallet|transaction|wallet|transaction|transaction|wallet|transaction|wallet,|-0.00414789|-0.942117|-0.0023647|-0.966833|-0.00297984|-0.967073|-0.00268051|-0.0174588|-0.965763|-0.00149742|0.00747639
1G9EgCwYbjTXJX2CX2s1BVoFxVstAaPkDh,11,transaction,173950082,False,True,12,1G9EgCwYbjTXJX2CX2s1BVoFxVstAaPkDh|203672502|16qDBPVEmF8Pj9ZE6kTgLVaqKRhdAD98Wj|182466028|128H36FzwJ2ogu6eZV5B6jLJD8jLkqzY98|184383289|1CPMKL1b49t1o9TQpXEqb7vUBsmKu7Rpbn|62900083|1JBXPRrNKr5VRB5r65VEjBLwGAvBcPQ1MY|173167134|1HVaLLcnXPn3vuJXNntWsKC5ogkqznu97c|173950082,wallet|transaction|wallet|transaction|wallet|transaction|wallet|transaction|wallet|transaction|wallet|transaction,|-0.00271952|-0.967502|-0.00183314|-0.967294|-0.00272149|-0.968002|-0.00155702|-0.96728|-0.00303587|-0.968296|-0.00442657
1LTGvyYrkUeaUyKz28BocFTLnyhXhXhMMB,11,wallet,1FWFBZQB7HXCdP7PHVd5Lz41PXG8u9Wf17,False,True,12,1LTGvyYrkUeaUyKz28BocFTLnyhXhXhMMB|209946183|1MrQtBgRoBHBczgcPcEth7DUMMG8TpgKAE|209479465|209479472|126fbvcYN4NhPwNcZk9vmsAHDV3gVrdSg2|209681249|1Lvg4dRACDVq2rdD1Q2NsYdHV1iDrucjRc|209042521|12d1Gau5bqgpKsxX48ugWVTZPgbtsYaRHk|114134815|1FWFBZQB7HXCdP7PHVd5Lz41PXG8u9Wf17,wallet|transaction|wallet|transaction|transaction|wallet|transaction|wallet|transaction|wallet|transaction|wallet,|0.0019387|0.0243981|-0.00655499|-0.0541146|0.00894707|-0.00223964|0.01899|-0.000504524|0.0105066|0.000122964|0.00768268
1NUGTze1CHgNU9zRaYLPmB2r4fcJqiUv9H,11,wallet,1LQm4jazZ9VVoWue2jffiUZfK7Q8BYKa4S,False,True,12,1NUGTze1CHgNU9zRaYLPmB2r4fcJqiUv9H|93210728|1HdejajA95FssL5xV6jD1J6TrksofTkWRn|31030484|1GzS5NSye6ADZUGKTZZk64dgeubXDGQ2xR|183660124|1M8pQ4SzZRU1YkCJeHmBZp9nujXHgu6Sp3|43235788|28824426|19q5sFNyJdEYdsFV3VGJpU6Gr6uTULDNBr|182481021|1LQm4jazZ9VVoWue2jffiUZfK7Q8BYKa4S,wallet|transaction|wallet|transaction|wallet|transaction|wallet|transaction|transaction|wallet|transaction|wallet,|-0.00282037|-0.968521|-0.000907838|-0.968464|-0.00127581|-0.968248|-0.00293446|-0.0448374|-0.963554|-0.00159091|0.00754845
94783375,10,transaction,94119288,False,True,11,94783375|176HTAg1Lyn4ZBfH6HZGpXZ4n1LzAW8LcC|98618199|1A1r1f611qg5FfXyfQe1CcAKzCZZujzUJL|94653109|1EUcL77biMMGHSNDdUuhfujtphbiFqZhEX|94653111|1BCpNrX5FciP7qweW1Z7kcEwuphb1VJLTS|94361886|1UPoNnMxUcuwaJueqz9wQ9oHhTHPs6WrV|94119288,transaction|wallet|transaction|wallet|transaction|wallet|transaction|wallet|transaction|wallet|transaction,|0.0285231|-0.00338501|0.00783354|-0.00180361|-0.187866|-0.00247157|-0.783414|-0.00463104|-0.0672693|-0.00181386
226668567,10,transaction,175399541,False,True,11,226668567|1MJCa2xozw1xWLGpahNCJHW26s9RbUzJ5M|115732159|1NWWNJK6BMK7su8jSTudEGYbGrkPEnm3Ax|179081585|19YZ6HXub7dZY3eNBRpmJ94CyvyEZ8e6ku|179081582|19kTpPaTaS2Fg9UUcFU1zVKDYhLDaGSzAP|175754584|18xYoDFVAA5Ws9RSJG8xh31s9xPv5eDxPi|175399541,transaction|wallet|transaction|wallet|transaction|wallet|transaction|wallet|transaction|wallet|transaction,|0.0288041|-0.00328019|-0.963972|-0.00296918|-0.96807|-0.00226986|-0.96863|-0.00435162|-0.372879|-0.00287235
236114959,10,transaction,8361189,False,True,11,236114959|1JvxaCSwj3RC1b8R16YQQEdYXgsrbwtHaC|234836238|1EfZWjX6QYNpTWdVM6RyEfoWqowcvFvasA|47631145|1AMpXt47A6rm5MXbg2sZ9AXswSU7g6MVn1|17260125|129vMqkwKyvxA4bb1RT7wzZmVFHLf6sd35|11780829|1L9iryG2mbMMFHaGVVVpPGuz8GUHnkxuvD|8361189,transaction|wallet|transaction|wallet|transaction|wallet|transaction|wallet|transaction|wallet|transaction,|0.0299439|0.00459421|-0.083647|0.00068289|-0.968781|-0.00440326|-0.968781|-0.00166029|-0.968781|-0.00422132
15857236,10,transaction,14938788,False,True,11,15857236|1B7Q3Ba49ccd7D9w67vVKEAUraG3jtpUUs|78144215|1745DkwMtcJkwyzSyZ3c8ayCTw6YbtfqPd|16056990|1B8DBudvSCKLcDbsmEr83m61G6RAxwccW8|15221579|13NyW3seb6MhgkpZjFe5ij22Ku8doSErbc|14939775|1LzQub8kMSk3z7TutxiA88XZKoDSMXeZy3|14938788,transaction|wallet|transaction|wallet|transaction|wallet|transaction|wallet|transaction|wallet|transaction,|0.0294878|0.00650623|-0.940139|-0.00339371|-0.968764|-0.00339416|-0.968779|-0.00195879|-0.968781|-0.00479856
16155707,10,transaction,14927630,False,True,11,16155707|1KW7WEQF6mZVZ62WjtHmFYQAndCP3Yq6hc|15949720|1AMeYuETTkQ91BLSNL5vaZCyXwEDtY6PDo|15827502|1bDW78oVLHYjvtbrH9GkLMzYnKGEgfCZm|15827512|1EZeBgAvAxVqLxwVfonTnUarRsS85dxr5H|15856048|1Ff9pPmXKLZkbNgnoH2SLNF6Y1bDW7qPdx|14927630,transaction|wallet|transaction|wallet|transaction|wallet|transaction|wallet|transaction|wallet|transaction,|0.0224602|-0.000509501|0.0300295|-0.00461739|-0.33225|-0.00116599|-0.958406|-0.00597367|0.00774777|0.000467986
333792508,10,transaction,336434569,False,True,11,333792508|1F6muGSqLhEmbQrFvAPxFippxFNJ6NywXt|339697979|1AURKXsRfnsaypxR9QM2zfhpgF2XRQbnKP|331560054|1FLgu9UwkZBCf9sNNeGVxVpHt8kx5amnVg|331559913|1LrVtTRsdjMqjZcoi1kKv6XfsWwDFxvQH6|331530347|1Bk9HZvmswwd6yb2tEsAnSCdFsUiLijWjF|336434569,transaction|wallet|transaction|wallet|transaction|wallet|transaction|wallet|transaction|wallet|transaction,|0.0256259|-0.000579864|-0.0451108|-0.0028123|-0.105123|-0.00211716|-0.534852|0.00103706|0.0260152|0.00059706
370643056,10,transaction,336434569,False,True,11,370643056|15EszSTSLNjnKeaNngoYoMpSKU13kVQWNi|117179090|1Mnt6oZy667vhfjBWv9i6sA8xWq7yS5aZU|331560054|1FLgu9UwkZBCf9sNNeGVxVpHt8kx5amnVg|331559913|1LrVtTRsdjMqjZcoi1kKv6XfsWwDFxvQH6|331530347|1Bk9HZvmswwd6yb2tEsAnSCdFsUiLijWjF|336434569,transaction|wallet|transaction|wallet|transaction|wallet|transaction|wallet|transaction|wallet|transaction,|-0.908575|-0.00487778|-0.221474|-0.0028123|-0.105123|-0.00211716|-0.534852|0.00103706|0.0260152|0.00059706
378009964,10,wallet,1E4NaMgZuJcpEbL22HVNmBvkACtm88Hbj4,False,True,11,378009964|13j4SaQXDttom45mQa9iaZs5Ap9hebNnYS|382890237|196NTxtRhh7WSSseybwX3yy4LxP8Ah3iTx|382890229|382889671|1o2rgDnEzNBUseUQMix7HSZKTkjoAknCc|382889537|1Hhmhaf3CsGvRBcbxc6YXtoSXDJci7hvy1|382887827|1E4NaMgZuJcpEbL22HVNmBvkACtm88Hbj4,transaction|wallet|transaction|wallet|transaction|transaction|wallet|transaction|wallet|transaction|wallet,|0.0240163|-0.00172615|0.024765|0.00049749|-0.046479|0.0275674|0.000651956|0.0279052|0.000750124|0.0262272
12Mdv8mtNqr8s1wS3TVTkc3XczS9wnyg1z,10,wallet,1NXmhZSsR4vCmt3D7W4MRbBYpMDnTYJaT1,False,True,11,12Mdv8mtNqr8s1wS3TVTkc3XczS9wnyg1z|47590952|17gj3iHc1mrwKBvUDNzM9z6Yne1jVds7uH|96559214|1E1Gwu3EpouoSpH5dtrd4ojkDu42799dLQ|65253|18WYMeJ4cxoeb7LxWHMxayuJGVBWfGjckD|97863750|1P3AeZzHAMEWFURed5VhzggV6Fejx7Zrbz|17303883|1NXmhZSsR4vCmt3D7W4MRbBYpMDnTYJaT1,wallet|transaction|wallet|transaction|wallet|transaction|wallet|transaction|wallet|transaction|wallet,|0.00385085|-0.968779|0.0046795|-0.963462|-0.00291902|-0.0183741|0.00021255|0.0290475|-0.00266045|0.00695926
17GGEd35RHJje1gtR5t2kdoghuNFVRA2x8,10,transaction,73084080,False,True,11,17GGEd35RHJje1gtR5t2kdoghuNFVRA2x8|73219430|1Mg7MUTP5KkZMfeiDL7vDsVpQa3V2KbE7e|73219484|113y5eQyRboyNsn7sCw7eUowjGBUDCNYVu|73390511|77540273|1DMrJU2yYwt9dUqDKcFav18GbrubRQ7J84|73236123|1LohnyA8rhkHvPQc9dVkr3A8nKxxag8j3x|73084080,wallet|transaction|wallet|transaction|wallet|transaction|transaction|wallet|transaction|wallet|transaction,|0.00280643|0.0245087|-0.00377858|0.0175155|-0.00127581|-0.0337472|0.0158798|-0.00281826|0.0175993|-0.000733078
1BbDxcJig7w7EupDdBhpZH7zrjWCKAP8nZ,10,wallet,1PhHnK34pmYcrC8RprtXVfF4HMKYmaRYD3,False,True,11,1BbDxcJig7w7EupDdBhpZH7zrjWCKAP8nZ|99676503|18NeTEfcZeZyzfUSAv2PNYTsA1xPFrqLzq|99676317|17Q13dYB8Z5X5hhLveZKPzG1bwNA7Yxhk9|99676304|1CSaCahayUyWfzMgazV673cCKpTEELeNR2|99676297|1PiK4c5EfkwRVowkmGXr4C1Hi5HwadbCzB|99676290|1PhHnK34pmYcrC8RprtXVfF4HMKYmaRYD3,wallet|transaction|wallet|transaction|wallet|transaction|wallet|transaction|wallet|transaction|wallet,|-0.000682324|0.0234862|-0.000921935|0.0250978|-0.000684321|0.020297|-0.00190163|0.0238991|0.000441283|0.00787866
1Ds3LdXRJoAzysuDaydw7uj5323Vf2FJkx,10,wallet,1NPUPVKsJknhs1gLJsijvNebQk24FCzt9E,False,True,11,1Ds3LdXRJoAzysuDaydw7uj5323Vf2FJkx|268996440|1GdeZpQRkhedRxUWJnrAmHzFwrXdamyBqS|268996252|14je2fdcMGKxL9XuHQmMpebs9ADT6LopYB|268996244|1KG7aBnBuxJxZ7kHiosu2GAGtVPkD4oYE4|268964432|17Qja4FFh2YTxCuqVsjvLECJLMUoMowYP7|268964426|1NPUPVKsJknhs1gLJsijvNebQk24FCzt9E,wallet|transaction|wallet|transaction|wallet|transaction|wallet|transaction|wallet|transaction|wallet,|0.000828356|0.0283984|0.000826657|0.0284798|0.000806421|0.0295346|0.000861198|0.0286729|0.000448555|0.0079636
1GBYznpMywEh4kwy7GbDjG9YA9PnUzYMRZ,10,wallet,1NXmhZSsR4vCmt3D7W4MRbBYpMDnTYJaT1,False,True,11,1GBYznpMywEh4kwy7GbDjG9YA9PnUzYMRZ|96929263|1Bx7GM7rG75edKCo6hvv79HAW92owkjWG7|96929269|12H3zoU7CBFJGEfJvHtNt8edJkB4UmKzT3|708454|18WYMeJ4cxoeb7LxWHMxayuJGVBWfGjckD|97863750|1P3AeZzHAMEWFURed5VhzggV6Fejx7Zrbz|17303883|1NXmhZSsR4vCmt3D7W4MRbBYpMDnTYJaT1,wallet|transaction|wallet|transaction|wallet|transaction|wallet|transaction|wallet|transaction|wallet,|0.00293571|-0.968781|0.00635177|-0.966399|-0.00279599|-0.0183741|0.00021255|0.0290475|-0.00266045|0.00695926
1HhMuN8MkqdXRW812tXr8Ctdy4N8Jo3LBm,10,wallet,19Jy3b1jQCY8UJwx7z3jf3jWc4C7pzvoyv,False,True,11,1HhMuN8MkqdXRW812tXr8Ctdy4N8Jo3LBm|30179400|1BkZJXyWHDjqKNxsTwwuEfg41mUSvQaRob|30179398|17PaYsk1HoFbCgLLa9ahTfJiYsP35i8mXs|30179397|144VvxaYQ665gQY8RvJZyF6LsmNEkErLPm|30179395|1AJAPYyv2f3wvwiZH9ypnqoctfcf9ZYLi7|30179394|19Jy3b1jQCY8UJwx7z3jf3jWc4C7pzvoyv,wallet|transaction|wallet|transaction|wallet|transaction|wallet|transaction|wallet|transaction|wallet,|0.000834614|0.0270882|0.00103739|0.025801|0.000762969|0.0235914|-0.00107789|0.027776|0.00104669|0.026408
1K3DwaXLLSyxwZyrWKWnab56HA9N5LQy18,10,wallet,17UNAwpL6QAvx2Ye14NVCJ5w9Vi3bW64TP,False,True,11,1K3DwaXLLSyxwZyrWKWnab56HA9N5LQy18|210636338|1GqqpQMq8P8KE1j2wM2GCb3PxUey9xNZ98|209805172|17BcBKVkBUKSEAjNzpNx2CSHMDR6rnCGPi|209517738|1E3kQVSuxXP3EJ2bgdHdAiXWYiq6uPB1FJ|209517742|1B1AXH7E77EbiNufvezagKQxdst5rWHrMp|32023895|17UNAwpL6QAvx2Ye14NVCJ5w9Vi3bW64TP,wallet|transaction|wallet|transaction|wallet|transaction|wallet|transaction|wallet|transaction|wallet,|0.00495657|0.0273957|-0.00242022|-0.52589|-0.0029237|-0.898141|-0.00387225|-0.486652|-0.00358093|-0.0190597
1KDAow64UYTLfU1wadUGXuZjdAYP6aRuTa,10,transaction,72048321,False,True,11,1KDAow64UYTLfU1wadUGXuZjdAYP6aRuTa|73220428|12quKG72gEXyQJ18ohPTzCgrS2zURpBujw|37482805|1J9VEzfND6hLsMYhVKN4F2HQc5UXf3Fjue|38019202|72719465|1A5RNAq7fCcWaeWErrj9SbjNQmdzef8vow|72332073|1DpBrZtMmduJnfxt92JE58dfRvL7NSSMZ3|72048321,wallet|transaction|wallet|transaction|wallet|transaction|transaction|wallet|transaction|wallet|transaction,|0.00555044|0.0161601|-0.00509495|0.021421|-0.00174758|-0.0541286|-0.968781|0.00479683|-0.968781|0.00353083
1LvXpB6jHWUYpQbmGBzFXXS3KHxBzx2wcR,10,wallet,1Bi36MD2gKZK6hyyfqo7s3i9GnE2ogNdJQ,False,True,11,1LvXpB6jHWUYpQbmGBzFXXS3KHxBzx2wcR|84734162|1CADPoDkxyfzi8vFsX3Lucg7vbb1TjHEYz|84734164|1BTCmNvegeYzp6MwnTbJxHy5BrcmFJYFQU|84340957|1PuGUwNvmo6S2bgzoPDLq87zdqgfLnukv3|84338743|1NFa7c3y98htiW7rdacp2DJCe3g6qq4sj6|84461978|1Bi36MD2gKZK6hyyfqo7s3i9GnE2ogNdJQ,wallet|transaction|wallet|transaction|wallet|transaction|wallet|transaction|wallet|transaction|wallet,|-0.00211686|0.0286345|-0.00114611|0.0299065|0.00225422|0.0245878|0.000555009|0.0272197|0.000312984|0.00798166
1NjoMjeynhmRzHWshqSiW8zfeDDx8agZd2,10,wallet,1C6U2caHrcYZkgpqxjMxZ6yvAgjPCkCUsZ,False,True,11,1NjoMjeynhmRzHWshqSiW8zfeDDx8agZd2|9576638|1DnxEq63eQUVQz6zSZA7jAzn3cHLyLHUoi|77766982|1NPWVABGxDbCLoaJhC9z66zZ3CiAwWJBv3|11042555|1FRgkTDn8x7uZyWrP18eMd6R2YWC9vG5PC|110617865|1EWPnUWTcPDvQ3MCKFirv6FNngAM7VocTq|82608842|1C6U2caHrcYZkgpqxjMxZ6yvAgjPCkCUsZ,wallet|transaction|wallet|transaction|wallet|transaction|wallet|transaction|wallet|transaction|wallet,|-0.00255653|-0.96877|-0.000247508|-0.968781|-0.000782967|-0.968781|-0.00152817|-0.968779|-0.00367236|0.00626439
340072976,9,wallet,15urGnDb6aJfWXjS4LZSE3LbDdDKoJFkn6,False,True,10,340072976|1Hov9TGdnQ5txMRFnkP3XWz98gRgnzqCqA|339643099|19iL8gi9rQGDroFKbaPf5TH7yRpcAXHHuK|128880939|1oxWefXYLbDvSeqHgk4xvEFeGMVVbnQRQ|339098588|1LvMQznaGfzk3shELAoA58Wtu3dU6d8hxu|230863456|15urGnDb6aJfWXjS4LZSE3LbDdDKoJFkn6,transaction|wallet|transaction|wallet|transaction|wallet|transaction|wallet|transaction|wallet,|0.0304288|0.000510991|0.0252956|-0.000713646|0.0210941|-0.00330171|-0.968771|-0.00423759|0.00529122
209807092,9,wallet,1C6U2caHrcYZkgpqxjMxZ6yvAgjPCkCUsZ,False,True,10,209807092|1CtrgoG9fFzrfXjTwWweYfGPcFScvP9c7V|77766982|1NPWVABGxDbCLoaJhC9z66zZ3CiAwWJBv3|11042555|1FRgkTDn8x7uZyWrP18eMd6R2YWC9vG5PC|110617865|1EWPnUWTcPDvQ3MCKFirv6FNngAM7VocTq|82608842|1C6U2caHrcYZkgpqxjMxZ6yvAgjPCkCUsZ,transaction|wallet|transaction|wallet|transaction|wallet|transaction|wallet|transaction|wallet,|-0.137195|-0.000247508|-0.968781|-0.000782967|-0.968781|-0.00152817|-0.968779|-0.00367236|0.00626439
299178846,9,wallet,1LWtYBde4L6kNqQozP84vNjGmriG2wA9Ly,False,True,10,299178846|19vTYtBVYWMNUEzA21UYjbDNPwxnuPDjzk|299178847|18kNx3jzaCa5ZS2gVpiaioeDn8nz3zYNc1|298963907|1Ln6NF5gpeth6pkBztjQr2CorzqJQLVu9F|69653142|15eMmKDPWSmNEuyJj7SyCcYGKPizisnHqr|298720673|1LWtYBde4L6kNqQozP84vNjGmriG2wA9Ly,transaction|wallet|transaction|wallet|transaction|wallet|transaction|wallet|transaction|wallet,|0.0282369|0.00528327|-0.47109|-0.00208652|-0.968781|0.000854611|-0.96878|-0.0029079|0.007074
67575835,9,wallet,1FP5MzNddgvi2HYYsPceAcupR2cT9zdSHq,False,True,10,67575835|1CTnpM5LdcXFmQxA4b3RSX7AyL8eQQMkcx|34229686|1PtptNSB2vDEtcRWm6CvVDE39YZWpi8vLX|55812604|1ApCsnZ3vS1ctmh8y4zajdNqxt9cvXaKLs|27070954|15eD5MYk1hKREyozzR1YkX3JwutFYf5SKT|54700839|1FP5MzNddgvi2HYYsPceAcupR2cT9zdSHq,transaction|wallet|transaction|wallet|transaction|wallet|transaction|wallet|transaction|wallet,|-0.649423|-0.00174567|-0.968737|-0.00157315|-0.96877|-0.00139973|-0.968713|-0.00209394|0.00769627
96930118,9,wallet,1NXmhZSsR4vCmt3D7W4MRbBYpMDnTYJaT1,False,True,10,96930118|183MoLCoa7hrFXoqcjx3s7iykq3c5hP12y|96930121|1MMWa4pvPNPHukonPEphHVMpr64iYsBuEa|1574896|18WYMeJ4cxoeb7LxWHMxayuJGVBWfGjckD|97863750|1P3AeZzHAMEWFURed5VhzggV6Fejx7Zrbz|17303883|1NXmhZSsR4vCmt3D7W4MRbBYpMDnTYJaT1,transaction|wallet|transaction|wallet|transaction|wallet|transaction|wallet|transaction|wallet,|-0.96866|0.00432214|-0.963413|-0.00280571|-0.0183741|0.00021255|0.0290475|-0.00266045|0.00695926
73000655,9,wallet,1BGbYAkX58ZwdXkAbBhgAbtBj6Veksa2H1,False,True,10,73000655|1C5SHD9yZb8X2ef7EJfdZ6VxdXpDoiMdim|3762812|1DvrRr6HiSrvv56qereLpiXe1zHerDGTrk|72287954|19DRxBeogRh7hKugZ6oeUQtAYvTT8n1jLL|72288093|1JJDgcHtfjEwNXoBJ5Ck4LNr2ig7Kj2juj|70781861|1BGbYAkX58ZwdXkAbBhgAbtBj6Veksa2H1,transaction|wallet|transaction|wallet|transaction|wallet|transaction|wallet|transaction|wallet,|0.0282754|-0.0055809|-0.933709|-0.00109965|-0.968776|-0.000909179|-0.968737|-0.00189829|0.00776917
12y7hG18ZRMHRLYH7g8Ndv7C8L2QwxPi5w,9,wallet,1Gjt3wkSsP9svuQTg92vgxXfqeDuvjFJuv,False,True,10,12y7hG18ZRMHRLYH7g8Ndv7C8L2QwxPi5w|238324122|12m6wdh83bZTqjvaYyLvMS63pEU4akSNLg|238324114|1KKEGbZsqR5EnLAxwjk7vBZp75hd7wAVuy|238337092|238397625|19nRvc7isXX8gqTfgPTDwbsyNMuCunjdnt|238506100|1Gjt3wkSsP9svuQTg92vgxXfqeDuvjFJuv,wallet|transaction|wallet|transaction|wallet|transaction|transaction|wallet|transaction|wallet,|-0.0017719|-0.968288|-0.00236568|-0.968609|-0.00116006|-0.0541259|-0.96876|-0.00218475|0.00688529
15JCJQjdQMWaU3JFc4Eo8jTrUk32tXK8iS,9,transaction,173950082,False,True,10,15JCJQjdQMWaU3JFc4Eo8jTrUk32tXK8iS|182466028|128H36FzwJ2ogu6eZV5B6jLJD8jLkqzY98|184383289|1CPMKL1b49t1o9TQpXEqb7vUBsmKu7Rpbn|62900083|1JBXPRrNKr5VRB5r65VEjBLwGAvBcPQ1MY|173167134|1HVaLLcnXPn3vuJXNntWsKC5ogkqznu97c|173950082,wallet|transaction|wallet|transaction|wallet|transaction|wallet|transaction|wallet|transaction,|-0.00183314|-0.967294|-0.00272149|-0.968002|-0.00155702|-0.96728|-0.00303587|-0.968296|-0.00442657
18onVYk1TACKnQRuJss67DremM2iUVWXqt,9,transaction,14604121,False,True,10,18onVYk1TACKnQRuJss67DremM2iUVWXqt|56004984|1LGmphKH8Qdptn4cFHqTffHczGGvcd1jkx|39430318|13GjSxyBND3WZRrRaMxnTE9vkEAaVwML6v|56532737|1621rTueJE265WhmncE99fjbZWJRF8nfvd|64346631|18EPgKeSe4vQfaoHET5yK8jVawe3fU1yYo|14604121,wallet|transaction|wallet|transaction|wallet|transaction|wallet|transaction|wallet|transaction,|0.00745356|-0.080007|-0.00257564|-0.968772|-0.00290778|-0.968742|-0.00145885|-0.968781|0.00196996
19885fwTEXnW1r12MPXPhNfVtaWfmdPoHR,9,transaction,175045358,False,True,10,19885fwTEXnW1r12MPXPhNfVtaWfmdPoHR|179099727|1GUZ9oUWqFqqZXsgA5CpsjnBPq4WQAfxGw|8827141|15FfNJvETxBbrUvbe36JgcoijWjo3v8s7h|44457829|1JuUyWAxwbkWwHZPhNTBwJyNwzRphmVJM9|175509999|1Eke5mvo9LTT6pvrZzSYAmEbcRmUbp77xU|175045358,wallet|transaction|wallet|transaction|wallet|transaction|wallet|transaction|wallet|transaction,|0.00398901|0.0220574|-0.004904|-0.968781|0.0028092|-0.968781|0.00088957|-0.968781|-0.000453651
1ALCet8iMKesGu5oo3XD2XRui3SdAZeGH4,9,transaction,84451908,False,True,10,1ALCet8iMKesGu5oo3XD2XRui3SdAZeGH4|40681242|1JvhPZEENP676BWCxk291BJijfPDAaVXiz|84714642|1GrwRquuUYCscNLRoiSuXSCJGJdesTFXLr|84714621|15k9RdMx4QfDTvQaQEnvqDcHevLkv3griT|84714639|16CiDdShzDZpVdCzpgf2QF9LjAbgKs9eEr|84451908,wallet|transaction|wallet|transaction|wallet|transaction|wallet|transaction|wallet|transaction,|0.00712094|0.0198261|-0.000815809|-0.968699|-0.00127965|-0.968759|-0.00178084|-0.968776|-0.00131547
1BKRs69RkmR99aHaDhAtCjebkhipkXWauF,9,wallet,1L4CVQheUayEM4vxrs3CGSM28jeBPgAAAj,False,True,10,1BKRs69RkmR99aHaDhAtCjebkhipkXWauF|339642957|12DHrnSs148YJ6FueBs8cmSk2gzqBk5AYa|37680627|1LspL1hFkHMQVSekzwRLFvgKBWSeBajCx8|45483897|136590138|1CBU9uMBv78EVjF6zTPiMzbQcv4Xp9B9tM|37281187|1L4CVQheUayEM4vxrs3CGSM28jeBPgAAAj,wallet|transaction|wallet|transaction|wallet|transaction|transaction|wallet|transaction|wallet,|0.00594133|0.022392|-0.00259697|-0.968781|0.000678837|-0.0541287|-0.968778|-0.00356734|0.00618118
1HvTWPZj6xhj79XoayPMdZU9HpAqPRq28B,9,transaction,173950082,False,True,10,1HvTWPZj6xhj79XoayPMdZU9HpAqPRq28B|283161041|1MeLQ3rV6CNKXyjS4HXuKPtx2ZaXAaCwTa|184383289|1CPMKL1b49t1o9TQpXEqb7vUBsmKu7Rpbn|62900083|1JBXPRrNKr5VRB5r65VEjBLwGAvBcPQ1MY|173167134|1HVaLLcnXPn3vuJXNntWsKC5ogkqznu97c|173950082,wallet|transaction|wallet|transaction|wallet|transaction|wallet|transaction|wallet|transaction,|0.00550827|0.0227583|-0.00272149|-0.968002|-0.00155702|-0.96728|-0.00303587|-0.968296|-0.00442657
1KW7WEQF6mZVZ62WjtHmFYQAndCP3Yq6hc,9,transaction,14927630,False,True,10,1KW7WEQF6mZVZ62WjtHmFYQAndCP3Yq6hc|15949720|1AMeYuETTkQ91BLSNL5vaZCyXwEDtY6PDo|15827502|1bDW78oVLHYjvtbrH9GkLMzYnKGEgfCZm|15827512|1EZeBgAvAxVqLxwVfonTnUarRsS85dxr5H|15856048|1Ff9pPmXKLZkbNgnoH2SLNF6Y1bDW7qPdx|14927630,wallet|transaction|wallet|transaction|wallet|transaction|wallet|transaction|wallet|transaction,|-0.000509501|0.0300295|-0.00461739|-0.33225|-0.00116599|-0.958406|-0.00597367|0.00774777|0.000467986
190427446,8,transaction,189801260,False,True,9,190427446|1CJ8UDmfzAWUsamqerpWzormuFNAxmnpwX|190039816|18X4u2dbNJUapSQ7kVRQT7cWzCDL8AuRd2|190039823|16fHyTmXxtVTFe9CsSthAT8Nu3G1xnYyzN|189801259|15yeZyZ5UJJP4kbUQmqMM6tnKhYVtzzeYD|189801260,transaction|wallet|transaction|wallet|transaction|wallet|transaction|wallet|transaction,|0.0182448|-0.00227261|0.0123186|-0.00107592|-0.132962|-0.0023337|-0.968572|-0.00128075
3152098,8,transaction,490419,False,True,9,3152098|1EMeLnc2rPN2PKA86cLQzrf3LjyEpkf4LK|71843599|1CdyXLbJfPkUeBpmm3saXXFjKa1PJqE8Nx|10440860|12zYu9sS77M22aqRGFELPaTL6GZEyekwZ4|14537263|18DTRuYEe9t6HaifkhA7sVUwmQjYTgfCkv|490419,transaction|wallet|transaction|wallet|transaction|wallet|transaction|wallet|transaction,|-0.226252|0.000662684|-0.968781|-0.00291902|-0.968781|-0.00195396|-0.968781|-0.00409564
185915034,8,transaction,339073238,False,True,9,185915034|1Fg3um6VX4ttAvx23ZdU6VUmxupKAE23YK|339280584|18VniV9f3YBK6CpspY4UqBxG2e598vX27J|339105800|1KZJUiXeHXRCFkYnUJcvFXiqXMP9xRJpwQ|339093559|1FwcrkZicXhuuFu7pwNzJE4cX4W1rV8S5o|339073238,transaction|wallet|transaction|wallet|transaction|wallet|transaction|wallet|transaction,|0.0243589|-0.00448713|-0.13405|-0.00277156|0.0262637|0.00112674|-0.157321|-0.0026443
339642957,8,wallet,1L4CVQheUayEM4vxrs3CGSM28jeBPgAAAj,False,True,9,339642957|12DHrnSs148YJ6FueBs8cmSk2gzqBk5AYa|37680627|1LspL1hFkHMQVSekzwRLFvgKBWSeBajCx8|45483897|136590138|1CBU9uMBv78EVjF6zTPiMzbQcv4Xp9B9tM|37281187|1L4CVQheUayEM4vxrs3CGSM28jeBPgAAAj,transaction|wallet|transaction|wallet|transaction|transaction|wallet|transaction|wallet,|0.022392|-0.00259697|-0.968781|0.000678837|-0.0541287|-0.968778|-0.00356734|0.00618118
244630846,8,transaction,241499328,False,True,9,244630846|14V1yYx8p6zEtTE3zw4Xpsucy48dQfyyJC|238192726|1AyFFppCHwNYsWSujYcLcavu8pb39fdNM3|243777776|1AyfSkiWxg2R2xXX1Roe593h9tn61CfvLZ|241531633|14gzC6sMfe8Vo3UyH6QeGqYoFSt2Ljiw7d|241499328,transaction|wallet|transaction|wallet|transaction|wallet|transaction|wallet|transaction,|0.0235049|-0.00381383|-0.96256|-0.0021103|-0.910802|-0.00487536|-0.125554|-0.000202239
336427475,8,transaction,121941958,False,True,9,336427475|1Amy8iXZBcBeyxt7aE1Tss9XdwC6qaU2Y4|121943199|13jnuj115EWXGz1dGKpfDyz3UWVQraN7Hm|136855298|16aSiobW5y5vA4Rd8YykQ8i1LHRnMmuwSX|119062756|1GJDAonfLYHSjkoDA4Ew5jEdgGZ8y77U4C|121941958,transaction|wallet|transaction|wallet|transaction|wallet|transaction|wallet|transaction,|-0.0769564|-0.00310421|-0.968443|-0.00218764|-0.966866|-0.00553185|-0.0504193|-0.000349671
84720559,8,transaction,21963106,False,True,9,84720559|1BGHnvRy2r6S2AK6QJypdqr9EWUYjMoSxt|84374871|3Pp1DjF8ghYqTEji3uXLCtLCjh65zZXDzN|1809797|1Ld3cFQrYDDd4airqhwNgDGjmNMUdz3NPx|996158|1JaMTwJaFUbfNFXFCxZSnRnogCKKTLGZdA|21963106,transaction|wallet|transaction|wallet|transaction|wallet|transaction|wallet|transaction,|0.0275823|0.00133118|0.0259652|-0.00312316|-0.965612|-0.00332189|-0.96844|-0.00287446
73220620,8,transaction,34413356,False,True,9,73220620|1AaWEf11zvBZpbiYbbgAFiQpEKyBsxHKFS|45390123|1FRh8QvMk6yjwGTp9FocEafXhCCLYM5xjh|74117819|1PVkNLgg9trsTt8BRFM2ddv92WvF34vRZE|34180566|1PSsmSSTqekm2nZvkw5NbMZoW9SSr5Fgab|34413356,transaction|wallet|transaction|wallet|transaction|wallet|transaction|wallet|transaction,|0.0151451|-0.00268263|0.023061|-0.000532448|0.0293281|-0.000888944|-0.0496681|-0.00179979
12quKG72gEXyQJ18ohPTzCgrS2zURpBujw,8,transaction,72048321,False,True,9,12quKG72gEXyQJ18ohPTzCgrS2zURpBujw|37482805|1J9VEzfND6hLsMYhVKN4F2HQc5UXf3Fjue|38019202|72719465|1A5RNAq7fCcWaeWErrj9SbjNQmdzef8vow|72332073|1DpBrZtMmduJnfxt92JE58dfRvL7NSSMZ3|72048321,wallet|transaction|wallet|transaction|transaction|wallet|transaction|wallet|transaction,|-0.00509495|0.021421|-0.00174758|-0.0541286|-0.968781|0.00479683|-0.968781|0.00353083
15U1VEby693UW8QWSX9EGDu6rmXX73xMor,8,wallet,1Q8YhgGgC7Movu8HgBH2gQEAE7bZWWLGot,False,True,9,15U1VEby693UW8QWSX9EGDu6rmXX73xMor|209483930|1Eoq3H6r6CkML4495Xi8WAL6vwAzECFAyT|154230916|16LtUR1soGxWVqEz87ePKjAsuK3mBKbaxo|209072130|16uBTVUEidRswjnyysyqGnFUmWNyFCoAzT|9565016|1Q8YhgGgC7Movu8HgBH2gQEAE7bZWWLGot,wallet|transaction|wallet|transaction|wallet|transaction|wallet|transaction|wallet,|0.00700322|0.0124847|-0.00238514|-0.968746|-0.00175026|-0.96871|-0.00230786|0.00710648
17shn5YvyYFhWsc789uR3PrY1jSixjhn3u,8,wallet,36gaepNQtPSWo3HhzrDpuNM1U1he8NqzRS,False,True,9,17shn5YvyYFhWsc789uR3PrY1jSixjhn3u|67594988|15yBZwnXEJduEFCdKHKbk9UzdEQnbwyd5S|16018171|1K4T4Ri1xFRFCJxTQTYohnU9oGra8Ye4b3|69269369|1DYFw1ZcsyPSGugo4n8ebGX1eaYd3CdYwS|53783490|36gaepNQtPSWo3HhzrDpuNM1U1he8NqzRS,wallet|transaction|wallet|transaction|wallet|transaction|wallet|transaction|wallet,|0.00618559|0.0241215|-0.00426215|-0.968182|0.00702289|-0.968779|-0.00118685|0.00799149
18wJ1tiuP1wWj4ghPtRLjta6KSUyXNzrsb,8,wallet,1F2LAWZrxmuEA3H7geC7MBFNPtsx1GBuYW,False,True,9,18wJ1tiuP1wWj4ghPtRLjta6KSUyXNzrsb|85004966|16EYAU8mWYivcUZtXs7ypXnnjwVwZjweDG|84368163|1GQBsjszHKdSXfNCS4f6MXHhGDfGoZxhJC|84368154|1XXXiBzQN1wviTjDcWynueESqYPgSEuDG|84368148|1F2LAWZrxmuEA3H7geC7MBFNPtsx1GBuYW,wallet|transaction|wallet|transaction|wallet|transaction|wallet|transaction|wallet,|0.00112498|0.0307285|0.000675529|0.029996|0.00126773|0.0270817|0.000273973|0.0079869
1DRduqEZ51H7qZPuxVCQiuchmPYKnmAvRw,8,wallet,1FsEy4KpsMKAK28qS8PAdpNTLB6G7SdCxu,False,True,9,1DRduqEZ51H7qZPuxVCQiuchmPYKnmAvRw|72009234|1Myt3RUY7RsDXNTHs7MwCpuKMQJLG8659n|71764100|1DvTn1fNyJLrX21AwEeR6jhePrqfCWBBw|71461473|1PRbHc7bkcZSuK582SatEUAfcuERo7PHVa|29949646|1FsEy4KpsMKAK28qS8PAdpNTLB6G7SdCxu,wallet|transaction|wallet|transaction|wallet|transaction|wallet|transaction|wallet,|-0.00123879|0.0126594|-0.00356907|-0.113732|-0.00652525|-0.961442|-0.00153312|0.00789255
1DaeCftczdiy6YMY5hfh2Ab1T7yQoHcKXJ,8,wallet,1DzUaymsG6iMSir8WHKKbpQzsyG7YT293z,False,True,9,1DaeCftczdiy6YMY5hfh2Ab1T7yQoHcKXJ|378593247|17mTgBoZbV5sF6GiTWgrYi9suxFg9NYSYU|378510296|1G8ZnmQxat2Abk2c7Dq8JSKeEjvDj9BuV1|378263232|1KNvTqGtouMPUVv7qdg894PsNRWGbbwgqZ|378162704|1DzUaymsG6iMSir8WHKKbpQzsyG7YT293z,wallet|transaction|wallet|transaction|wallet|transaction|wallet|transaction|wallet,|0.00124487|0.02446|-0.00156459|-0.184124|-0.00156409|-0.949535|-0.000709087|0.00756991
1JjnK9u5NecDrxk5KUPdaaop579biTUar3,8,wallet,1C6U2caHrcYZkgpqxjMxZ6yvAgjPCkCUsZ,False,True,9,1JjnK9u5NecDrxk5KUPdaaop579biTUar3|77766982|1NPWVABGxDbCLoaJhC9z66zZ3CiAwWJBv3|11042555|1FRgkTDn8x7uZyWrP18eMd6R2YWC9vG5PC|110617865|1EWPnUWTcPDvQ3MCKFirv6FNngAM7VocTq|82608842|1C6U2caHrcYZkgpqxjMxZ6yvAgjPCkCUsZ,wallet|transaction|wallet|transaction|wallet|transaction|wallet|transaction|wallet,|-0.000247508|-0.968781|-0.000782967|-0.968781|-0.00152817|-0.968779|-0.00367236|0.00626439
1NhwGFeZ9ajtszrtxK64v8yYB8LKqD2SWs,8,transaction,135532996,False,True,9,1NhwGFeZ9ajtszrtxK64v8yYB8LKqD2SWs|208595753|16BLjNF2quFbdRuRwFe5ChDZ5PZ1AvECWQ|53829118|230317829|19ZtwxuiYy4FMifx3A4XnHb3Z1W7gZocMD|27491810|1Bvdy6N6pNwf49M8eki3jSbzx7witDEYrZ|135532996,wallet|transaction|wallet|transaction|transaction|wallet|transaction|wallet|transaction,|-0.000588328|-0.472951|-0.00620016|-0.052469|-0.202748|-0.00521931|-0.0700235|-0.000278205
234574642,7,wallet,1F8y87jzEnPGBgYXCCKkPjQAbUjgbFGu7M,False,True,8,234574642|1A2p9PhA5uE1JSrd8APUqoK9xs3M4VGhsG|12379727|1MokMHLdM8BoGYAc5dBqFMwUNX8ZpTwoDk|234150977|15Piy32tpr1UFrstC7cguv2iYwT6WqSEeW|234151149|1F8y87jzEnPGBgYXCCKkPjQAbUjgbFGu7M,transaction|wallet|transaction|wallet|transaction|wallet|transaction|wallet,|0.0240121|-0.00445208|-0.0378138|-0.00264296|0.0136611|0.000715196|0.00741655
339094183,7,wallet,1AXUxG34S8JSZ7J54wp85qALcwsnyD5ioy,False,True,8,339094183|17QV85afVHqVTTVk6j828bsma5bB3aMWdC|339089045|17w4WNDtRA4yNJLzvmVk2y5FWv6UziAdoo|339054153|1Ku639LNJeMm7G5VvUgDakbgBS793MekMX|339054155|1AXUxG34S8JSZ7J54wp85qALcwsnyD5ioy,transaction|wallet|transaction|wallet|transaction|wallet|transaction|wallet,|0.0222158|-0.00490448|-0.0369869|-0.00168183|0.0108727|0.000572443|0.00747854
339094197,7,wallet,1AXUxG34S8JSZ7J54wp85qALcwsnyD5ioy,False,True,8,339094197|17QV85afVHqVTTVk6j828bsma5bB3aMWdC|339089045|17w4WNDtRA4yNJLzvmVk2y5FWv6UziAdoo|339054153|1Ku639LNJeMm7G5VvUgDakbgBS793MekMX|339054155|1AXUxG34S8JSZ7J54wp85qALcwsnyD5ioy,transaction|wallet|transaction|wallet|transaction|wallet|transaction|wallet,|0.0222158|-0.00490448|-0.0369869|-0.00168183|0.0108727|0.000572443|0.00747854
390577639,7,wallet,1Ke48s4DFyo9QEeyTYJYeFNU7N8VHCuGaK,False,True,8,390577639|1PzANmsLDZihgdK8xXCbU7uWbVrcDDvijx|66256755|1FP94wHensFDjakh5acYdPdCQuxVUUUkDN|320786282|1Pzna74hXQti8c76kWz5ZeBfmrUo5seNaM|14123230|1Ke48s4DFyo9QEeyTYJYeFNU7N8VHCuGaK,transaction|wallet|transaction|wallet|transaction|wallet|transaction|wallet,|0.0240034|-0.0021514|-0.967928|-0.00444904|-0.966742|-0.00178674|0.00726557
209483930,7,wallet,1Q8YhgGgC7Movu8HgBH2gQEAE7bZWWLGot,False,True,8,209483930|1Eoq3H6r6CkML4495Xi8WAL6vwAzECFAyT|154230916|16LtUR1soGxWVqEz87ePKjAsuK3mBKbaxo|209072130|16uBTVUEidRswjnyysyqGnFUmWNyFCoAzT|9565016|1Q8YhgGgC7Movu8HgBH2gQEAE7bZWWLGot,transaction|wallet|transaction|wallet|transaction|wallet|transaction|wallet,|0.0124847|-0.00238514|-0.968746|-0.00175026|-0.96871|-0.00230786|0.00710648
210642699,7,wallet,1MFXYK1XucKFfhPhW9HDHD3vsM9BKey4qm,False,True,8,210642699|1KM6zvAbdSuno6LFXKpRFh8P2oTEjaqh7q|210642702|1567oDXrMywwQGXS2DvXY545ZbWxdXEPRf|209813841|1EmgH6qoio62LzBzWT1rUT45xL8efiwBvT|208913476|1MFXYK1XucKFfhPhW9HDHD3vsM9BKey4qm,transaction|wallet|transaction|wallet|transaction|wallet|transaction|wallet,|-0.768167|-0.00526258|-0.968771|-0.00299826|-0.968781|0.00419107|-0.968781
166226732,7,transaction,20784545,False,True,8,166226732|1PjktAUBbYBzETuazp5JwM6bViGoUpbrsf|349622760|1LzJr9GPD3LfbW37ggM8sk3qs7QoW7gqWf|329482648|19x8i59vxgA5YQDFyLqwoFD6yKvLP5wbCL|82087179|20784545,transaction|wallet|transaction|wallet|transaction|wallet|transaction|transaction,|0.029017|0.00327578|-0.968156|-0.0027242|-0.968781|0.00132021|-0.0385874
372812275,7,wallet,1EKk6fL3V83jgMxdWn2uSDy1G5LeL1DD4x,False,True,8,372812275|1BgMq7b7Ra1qn83N7DeFSS6q6REFovQRrt|309434447|1KRrjTSASzKcF4egjS95Tj1hwJYtcFMhhc|368754682|13qDkbfx8fNmLWwUTTR9BUD9bK5uBwe3yf|313670795|1EKk6fL3V83jgMxdWn2uSDy1G5LeL1DD4x,transaction|wallet|transaction|wallet|transaction|wallet|transaction|wallet,|-0.174498|-0.00209355|-0.968544|-0.00311852|-0.968419|-0.00285295|0.00695133
269501303,7,wallet,18pyZpq4iEze3H4JYREZhXxetttZNn1dYu,False,True,8,269501303|19Ezvt5sVwNG6K8ZtkvkMDUEnGCH7iLyEn|269501612|1HMs4Uk8xrq4wZekErC3ijSskdQJ7TzxZC|269128821|1HBLNGqUd7Jep4r2FLiQDjzXZPWCDNZnY7|28443663|18pyZpq4iEze3H4JYREZhXxetttZNn1dYu,transaction|wallet|transaction|wallet|transaction|wallet|transaction|wallet,|0.0297884|-0.00165755|0.0307562|0.00131842|0.0284411|-0.000110358|0.00786239
70408666,7,wallet,16g6HG8bqrwoxKb5XBgSFozahXry9oVFbS,False,True,8,70408666|1MsErenLmMgcweVHEKtsX9exHaxvRo2xMs|69494347|1BpjBp47zBrapPa3XUQjzxns19BUqdriqo|69353069|1B68GgyMtHdZFt4aoS4MfY8qRFHLr1Ut1F|54783807|16g6HG8bqrwoxKb5XBgSFozahXry9oVFbS,transaction|wallet|transaction|wallet|transaction|wallet|transaction|wallet,|0.0220637|-0.00226337|0.0291391|0.00170615|-0.551658|-0.00229988|-0.967946
96928334,7,wallet,3PN5VaLzSWdDmsWuuQK11N2KMaxS6PxqLA,False,True,8,96928334|1GvTghPUm6WJbBnfoLFKBqAZfV5MFXVvx9|96928337|1FY9f4pSHMuRSanRm74tDMiEhRFzk4Fdok|96319696|3ER8EGc2bDijtyWTmwXvD48ppjtHfCauoX|13623410|3PN5VaLzSWdDmsWuuQK11N2KMaxS6PxqLA,transaction|wallet|transaction|wallet|transaction|wallet|transaction|wallet,|0.023779|0.0029195|-0.968781|0.00974262|-0.0167935|-0.00135317|0.00839436
13fdWpLnSTkfmqtXj3NRSEmATJRKJPhPQY,7,transaction,209672239,False,True,8,13fdWpLnSTkfmqtXj3NRSEmATJRKJPhPQY|211088962|1EXE8bpeeEqjoZ3D4b3Vz1HN5WZgkYzJqg|209946514|1NUm3Fq1W1AEvTHeWV62q8cjh87zqn8M2F|209518125|15oMizPxv1qyFtMcrkWoqb8gVkeA95a8rY|209672239,wallet|transaction|wallet|transaction|wallet|transaction|wallet|transaction,|0.000173569|0.0283325|0.00272211|0.0264919|-0.00485265|-0.289513|-0.000430107
145uP9Suy7ejTGnXWZhUCZdgBP2EP4vki7,7,transaction,209538681,False,True,8,145uP9Suy7ejTGnXWZhUCZdgBP2EP4vki7|211084916|14vyrZgdDH6RDcSVAFSNSm9QHyweHFrPVZ|98429569|1AYek3VHzZS1YcbRYGfqpsbAzN5if3LCix|209723672|125yC4agj37XkhCscw4CkQWtgWKamkQrPa|209538681,wallet|transaction|wallet|transaction|wallet|transaction|wallet|transaction,|0.00872827|0.0190191|-0.0102878|-0.968781|0.0211673|-0.842807|-0.00445917
14dUskV8M5cLjsLHaiKsbPT6kB8fNFDebm,7,transaction,21963106,False,True,8,14dUskV8M5cLjsLHaiKsbPT6kB8fNFDebm|84374871|3Pp1DjF8ghYqTEji3uXLCtLCjh65zZXDzN|1809797|1Ld3cFQrYDDd4airqhwNgDGjmNMUdz3NPx|996158|1JaMTwJaFUbfNFXFCxZSnRnogCKKTLGZdA|21963106,wallet|transaction|wallet|transaction|wallet|transaction|wallet|transaction,|0.00133118|0.0259652|-0.00312316|-0.965612|-0.00332189|-0.96844|-0.00287446
15gY2BzZsZsnqibqghqkct9vrHC5Ef9EFd,7,transaction,390556469,False,True,8,15gY2BzZsZsnqibqghqkct9vrHC5Ef9EFd|163918770|15EUC7tTxEP7N2zALhhBznFUoEyuoYZxPi|19505460|1K7apggi2re2aVaHvdSMEh8SEjjeoA4Vvg|165852398|1EB6US4Gox4YCfhKizYrBgREBnexYao7pA|390556469,wallet|transaction|wallet|transaction|wallet|transaction|wallet|transaction,|-0.000244796|-0.201843|-0.00253588|-0.933176|-0.00092566|-0.968732|-0.00438803
166XQjeB87Eruq7mK4yHQUjccu3et1NtCV,7,transaction,21963106,False,True,8,166XQjeB87Eruq7mK4yHQUjccu3et1NtCV|84374871|3Pp1DjF8ghYqTEji3uXLCtLCjh65zZXDzN|1809797|1Ld3cFQrYDDd4airqhwNgDGjmNMUdz3NPx|996158|1JaMTwJaFUbfNFXFCxZSnRnogCKKTLGZdA|21963106,wallet|transaction|wallet|transaction|wallet|transaction|wallet|transaction,|0.00133118|0.0259652|-0.00312316|-0.965612|-0.00332189|-0.96844|-0.00287446
16f6voK72PdTC49AZ6Cp5kZ3xqozF8N3J,7,transaction,175507922,False,True,8,16f6voK72PdTC49AZ6Cp5kZ3xqozF8N3J|5298349|1N4samqrnJKxCofimySnyxUxEVKW8Rf4zy|205922315|1K7juZ2patA5ffK5Mruoa7WQdcukYTQmat|175755628|1bUWccCP1kkTQ6Po8Zd5pLeaPYEiXpGnj|175507922,wallet|transaction|wallet|transaction|wallet|transaction|wallet|transaction,|-0.000775307|0.0251458|-0.000668973|0.0292608|-0.0015462|-0.352911|-0.000980407
17czPkYKUVbRZWc9LHbRGw2Axq4kLrLyxo,7,transaction,114561356,False,True,8,17czPkYKUVbRZWc9LHbRGw2Axq4kLrLyxo|16765806|1MqKmm2EWzrzm5pUazQg48Pw8mfQcNqMH9|61251121|1MKX7UdPMN28cBTBDDtX7xhzFR8cF9tiEC|79126508|1CYKE5aFL3htYQ9o3L8MAHtgLjfQDUUdd9|114561356,wallet|transaction|wallet|transaction|wallet|transaction|wallet|transaction,|0.000969231|0.0286846|0.00297877|0.0274777|-0.00189829|0.0227151|-0.000686198
19WXhdRrHZr4AkzkgcEfPJucJD6D2PaLfp,7,transaction,163806318,False,True,8,19WXhdRrHZr4AkzkgcEfPJucJD6D2PaLfp|380181286|19gpfUDjUHm9nR6U7j1NZEUUjQ3rCPeRb5|319922710|1AZqSCEfxzk3y5tN4Xj56npgKLWUiYTXVx|376249040|17nko3qu2KwvSew5UMbDbp6BPomtzFmU7k|163806318,wallet|transaction|wallet|transaction|wallet|transaction|wallet|transaction,|0.00281444|0.0200592|-0.00411037|-0.678122|0.0031499|-0.968669|-0.00310582
19XJLCychqE4PYPh8g7chvdbR83vXrfiFP,7,transaction,312471234,False,True,8,19XJLCychqE4PYPh8g7chvdbR83vXrfiFP|372726662|182eY4QY1oFEopMkciY2Qe4gCWorkxswnp|196003058|1LZcFeipRTBJG5XJDuC2tqFxYnbcv8qAVB|312471233|13SC5umjLfYGaZXuznd5y1vonrSVo5epv8|312471234,wallet|transaction|wallet|transaction|wallet|transaction|wallet|transaction,|-0.000338703|0.0168058|-0.00187305|0.00868714|-0.00180426|0.0100836|0.000112981
1A48fDhhW51aagh1nqEG2Q7YNX3VhEQLL7,7,transaction,355006856,False,True,8,1A48fDhhW51aagh1nqEG2Q7YNX3VhEQLL7|355110987|16cWx86Xa6MCaqDXeshLUasNkCRyJUzBb1|355110888|1GDgbGhUeeBafQDXhyxKN6pxymPgevvNG|355012175|124rVCnhuWwvqaKhMWbn9rruCHF9szQCM4|355006856,wallet|transaction|wallet|transaction|wallet|transaction|wallet|transaction,|0.000821561|0.0270237|0.000855446|0.0251415|0.000646532|0.023208|-0.000799626
1A4MMSoVq2Q9RFfaSAnyVmFkhcctt3XfH7,7,transaction,2566132,False,True,8,1A4MMSoVq2Q9RFfaSAnyVmFkhcctt3XfH7|248915318|14qmAzCW3rGvDDXE9tGDJL63D2QQ5CnD7W|248915319|13CGBJ96crUsDH23F4YFHgJRm9x1USR2u4|248888670|1Kzx8Hc4kPwTkWfnsRAKa7FhYbRVxfH96z|2566132,wallet|transaction|wallet|transaction|wallet|transaction|wallet|transaction,|0.000994205|0.0299478|0.00634253|-0.968781|0.00852922|-0.968781|0.0407979
1AERAogZ6epUpgsQMKH4GMLuwhCVhAigWS,7,transaction,21963106,False,True,8,1AERAogZ6epUpgsQMKH4GMLuwhCVhAigWS|84374871|3Pp1DjF8ghYqTEji3uXLCtLCjh65zZXDzN|1809797|1Ld3cFQrYDDd4airqhwNgDGjmNMUdz3NPx|996158|1JaMTwJaFUbfNFXFCxZSnRnogCKKTLGZdA|21963106,wallet|transaction|wallet|transaction|wallet|transaction|wallet|transaction,|0.00133118|0.0259652|-0.00312316|-0.965612|-0.00332189|-0.96844|-0.00287446
1B6wYEHjxBDsY2h4ZyWbLgydEAASphdXpx,7,transaction,331563817,False,True,8,1B6wYEHjxBDsY2h4ZyWbLgydEAASphdXpx|337075558|1DXSvq8JeCErBn2WC7PYsmFNhDrQvw4hyp|363348154|16e2TVKmL4b7g3oqrXC9eWW1qzvNo2WJLq|331563814|18wMD45Q8JXmnUF945a1Mghw29FTVq5r34|331563817,wallet|transaction|wallet|transaction|wallet|transaction|wallet|transaction,|0.000681162|0.0277465|0.00252324|-0.0337669|-0.00446555|-0.928461|-0.00509223
1BGHnvRy2r6S2AK6QJypdqr9EWUYjMoSxt,7,transaction,21963106,False,True,8,1BGHnvRy2r6S2AK6QJypdqr9EWUYjMoSxt|84374871|3Pp1DjF8ghYqTEji3uXLCtLCjh65zZXDzN|1809797|1Ld3cFQrYDDd4airqhwNgDGjmNMUdz3NPx|996158|1JaMTwJaFUbfNFXFCxZSnRnogCKKTLGZdA|21963106,wallet|transaction|wallet|transaction|wallet|transaction|wallet|transaction,|0.00133118|0.0259652|-0.00312316|-0.965612|-0.00332189|-0.96844|-0.00287446
1CK54oYdAX2wA3onQjRbsnQ1BMw7LqMJjS,7,transaction,38808225,False,True,8,1CK54oYdAX2wA3onQjRbsnQ1BMw7LqMJjS|141574560|19dfGGL5Ge25dkTwJfgmkh9EM7S4jZZMm2|248901768|1GjhbPudieDSE7w4mvgUyCvJYpNbLWCMbT|248901785|1MPpQe9R3UsEB7dkcTFtsYUgjqjb2Nv7aL|38808225,wallet|transaction|wallet|transaction|wallet|transaction|wallet|transaction,|0.00292122|-0.0116957|-0.00721154|-0.963336|-0.0060645|-0.886641|-0.000816137
1DQydqD1eT1Y9XeBiic94JeLr1kRvWFTck,7,transaction,173950082,False,True,8,1DQydqD1eT1Y9XeBiic94JeLr1kRvWFTck|275233252|1N3qfyiCoCQ7CBLHEwG6ST5QvgA6yuemBT|277029739|196kDfmNXBh7yixNVsKmvFTFupZnBcThZV|173167134|1HVaLLcnXPn3vuJXNntWsKC5ogkqznu97c|173950082,wallet|transaction|wallet|transaction|wallet|transaction|wallet|transaction,|0.000482082|0.0303555|0.00729167|0.0187178|-0.00303587|-0.968296|-0.00442657
1Fapany5MjJ51ArkS1zidgefPi66zToxQ,7,transaction,4590307,False,True,8,1Fapany5MjJ51ArkS1zidgefPi66zToxQ|12780376|1BBpnWhawa64Efkt2VL41KU5u1ajq8vvag|12716727|1GVJ7J32FbKhQAiNrCCuePSGirgXtxt6a5|12661813|1LhNbnc3wezEPR8R1CTavk3BXdGLBvoeGa|4590307,wallet|transaction|wallet|transaction|wallet|transaction|wallet|transaction,|0.00765294|0.0303099|-0.00176057|-0.95117|-0.00358081|-0.47225|-0.00232071
1FsLjMgkr4aHcRiuafYoeqGaGpgeYmBSaZ,7,transaction,390331002,False,True,8,1FsLjMgkr4aHcRiuafYoeqGaGpgeYmBSaZ|211083403|1CQTkG2Mnz29hhvZ8tHbWSPEqBpdmV6WvE|209951990|195eqvV43dFxexf4cqEWzmCgNXNiyeecmS|209865519|16vXbinRnzVaU4fRrx1Jz6npzjzCaiv63C|390331002,wallet|transaction|wallet|transaction|wallet|transaction|wallet|transaction,|0.00867775|-0.424811|-0.00237116|-0.968781|0.0403633|-0.184271|0.000420362
1GUZ9oUWqFqqZXsgA5CpsjnBPq4WQAfxGw,7,transaction,175045358,False,True,8,1GUZ9oUWqFqqZXsgA5CpsjnBPq4WQAfxGw|8827141|15FfNJvETxBbrUvbe36JgcoijWjo3v8s7h|44457829|1JuUyWAxwbkWwHZPhNTBwJyNwzRphmVJM9|175509999|1Eke5mvo9LTT6pvrZzSYAmEbcRmUbp77xU|175045358,wallet|transaction|wallet|transaction|wallet|transaction|wallet|transaction,|-0.004904|-0.968781|0.0028092|-0.968781|0.00088957|-0.968781|-0.000453651
1J9RwcLEBBtRuATXYoZD71vyKSSeAMdLuA,7,transaction,54701343,False,True,8,1J9RwcLEBBtRuATXYoZD71vyKSSeAMdLuA|67674082|1LUUG6c8Bg9Q31fw5TmqTmr7VS8Yv5VZxE|69980128|17D6N6YYaRnAZ7kGtfEnYnUHX22JtSnhDW|69268129|17449eF7RZzkijqwoVAm9GstJq5DNmzFkK|54701343,wallet|transaction|wallet|transaction|wallet|transaction|wallet|transaction,|0.00180161|0.0188708|-0.00387606|0.0196446|-0.00214979|0.0202959|-0.00292909
1JJ7zGYd7xBqQbjScf3Sf9EV9NLNvzCjWP,7,transaction,312012630,False,True,8,1JJ7zGYd7xBqQbjScf3Sf9EV9NLNvzCjWP|363528251|13MXfBKHhPicDQm1uYWBvEU5Vfq7w69BgF|363316305|1KNsUiHNsrx4UEXWvN9QTmStvTsDsfPQmX|312012633|18wqjKJveFiEm88QCbxhRquvKJnk4J1BH4|312012630,wallet|transaction|wallet|transaction|wallet|transaction|wallet|transaction,|-0.00180992|0.0291532|-0.000393331|-0.0744068|-0.00634879|0.0263457|0.000220895
1KMpBsLA6bJXpuAbgWsEommcwGHRdJau72,7,wallet,1B5ZxnVrk1feeSDNHf23jZHgyw2pQcC28V,False,True,8,1KMpBsLA6bJXpuAbgWsEommcwGHRdJau72|310393674|13jE8VGAbJ5EqUj7eqwuNsxeRauvhEDKHj|58007728|312450765|1HLLqxHsrt8UFuTFfRNUD5TsYsAF9sekXH|279458388|1B5ZxnVrk1feeSDNHf23jZHgyw2pQcC28V,wallet|transaction|wallet|transaction|transaction|wallet|transaction|wallet,|-0.00297984|-0.967073|-0.00268051|-0.0174588|-0.965763|-0.00149742|0.00747639
1KYzuhyXNebSYZU5va8oMHwzagqvM5vHc4,7,transaction,37046298,False,True,8,1KYzuhyXNebSYZU5va8oMHwzagqvM5vHc4|313647347|1Mmm4CDEWeq7xbWB6zTg5Y48UWyVXcR1Ph|312228784|1LA96dodNUK7BQyVtpoeaKSdzRSzFPsvnw|368754680|1MRFfBiRuboM2sW1Jiqrc77mKLcSku18QP|37046298,wallet|transaction|wallet|transaction|wallet|transaction|wallet|transaction,|0.00207308|0.0285914|-0.000293642|-0.968781|-0.000122815|-0.968781|-0.00163597
1L1i1Kqfd6w5Wz4G3xV39vq6cLKxbi2Yra,7,transaction,21963106,False,True,8,1L1i1Kqfd6w5Wz4G3xV39vq6cLKxbi2Yra|84374871|3Pp1DjF8ghYqTEji3uXLCtLCjh65zZXDzN|1809797|1Ld3cFQrYDDd4airqhwNgDGjmNMUdz3NPx|996158|1JaMTwJaFUbfNFXFCxZSnRnogCKKTLGZdA|21963106,wallet|transaction|wallet|transaction|wallet|transaction|wallet|transaction,|0.00133118|0.0259652|-0.00312316|-0.965612|-0.00332189|-0.96844|-0.00287446
1MTr338akrVvETAp21FEYi5vCtG1v3zvWb,7,transaction,1913117,False,True,8,1MTr338akrVvETAp21FEYi5vCtG1v3zvWb|209722184|15ZnXriJiezVyjhKyFWB1ZQX6Ho5h1fkXB|119149506|17YpmMzuefsm31hnxmDZwueLo7uqKCzrE5|208931358|1CmpTr1mmeZ9jzPVv7MGuvJbfJQGGyNLjs|1913117,wallet|transaction|wallet|transaction|wallet|transaction|wallet|transaction,|0.0066489|0.0272835|-0.00789103|-0.968781|0.00306129|-0.968769|-0.0034627
1MVJFvuDf5kzjdYBABUekDtxBzNQULQSfY,7,transaction,54388447,False,True,8,1MVJFvuDf5kzjdYBABUekDtxBzNQULQSfY|4264481|1Mf7X4BT9zpcvmLuhTRTFmRWvLVgg8d53H|3433970|12eweZVTQx8MktqkEodiss1z2RqCbYjDqE|96222292|1WYZotpG9aa4vXeW6hBr3n5QdWDCgPkz3|54388447,wallet|transaction|wallet|transaction|wallet|transaction|wallet|transaction,|0.00229767|-0.967899|0.000449389|-0.244036|0.00370252|-0.968781|-0.00237361
1MXxyxPNAQZJVnV5Bb8NhCKNZcruqF6N9X,7,transaction,175569044,False,True,8,1MXxyxPNAQZJVnV5Bb8NhCKNZcruqF6N9X|104321475|39MaBEh6hT1qQ8EyD1P8qokg1XtbR1TEYr|45046176|1G69Ci5uNSNY9a4fPGjjUnEJBHWn7g97pR|175802699|1KD3soSFJZbvUG67Xh4z8itq68EdKFyrig|175569044,wallet|transaction|wallet|transaction|wallet|transaction|wallet|transaction,|0.00325122|0.028605|-0.0012745|-0.404157|0.000966519|-0.968781|-0.00535589
1MeLQ3rV6CNKXyjS4HXuKPtx2ZaXAaCwTa,7,transaction,173950082,False,True,8,1MeLQ3rV6CNKXyjS4HXuKPtx2ZaXAaCwTa|184383289|1CPMKL1b49t1o9TQpXEqb7vUBsmKu7Rpbn|62900083|1JBXPRrNKr5VRB5r65VEjBLwGAvBcPQ1MY|173167134|1HVaLLcnXPn3vuJXNntWsKC5ogkqznu97c|173950082,wallet|transaction|wallet|transaction|wallet|transaction|wallet|transaction,|-0.00272149|-0.968002|-0.00155702|-0.96728|-0.00303587|-0.968296|-0.00442657
94299051,6,transaction,94300898,False,True,7,94299051|1C2DQXszJLd8Jbei3kW4BRw6MYs1RBaQs6|94119992|1BMpXdpCAp2NxxD7ZGmyDwbYhH4s1LUkU3|94119995|17ZfpvEG7cVDSLBQxeMFxpycXF5zu38R2T|94300898,transaction|wallet|transaction|wallet|transaction|wallet|transaction,|0.0291792|-0.00332886|-0.864923|-0.00223505|0.0287302|-0.00237864
179039624,6,transaction,80052647,False,True,7,179039624|178ox2QQDXEhK8L5mqpbzgHzx5UikRrfto|48836074|13LueYGovZazmyy1bXjsqmnr2H8w7cgiSM|3169617|1EPaFaRnRkeZy9RZBaxF5mLvuSgfMgF67f|80052647,transaction|wallet|transaction|wallet|transaction|wallet|transaction,|0.0251051|-0.00131676|-0.96878|-0.00156668|-0.968745|-0.00263804
179100915,6,transaction,175455423,False,True,7,179100915|16sWqTtnAVW6546x1WFnqaYaGTUSKYFER8|178920090|1H9o9TB4Be5fVA52EB93yueMpjnusd357o|179026575|13GAftL5wZmkHbjjAvkpciQMNhQiVa4Xdh|175455423,transaction|wallet|transaction|wallet|transaction|wallet|transaction,|0.0209813|-0.000161201|-0.227633|-0.00168002|0.00930703|0.000410587
179582590,6,transaction,44255125,False,True,7,179582590|1JF2Pb9R9YpXzEUNuT6bdgkCx3c4F5xEXN|21571244|16SVmRTpJU9o6JAgBbZb5NE4Ldq4HJ83Sz|78084652|1LCoPwVLqZ1mkxpp1zMuoNySVg1iR51eoC|44255125,transaction|wallet|transaction|wallet|transaction|wallet|transaction,|-0.897734|-0.0041154|-0.968781|-0.00344127|-0.968781|-0.00422332
205921701,6,transaction,44255125,False,True,7,205921701|1NVkJTssrQoM9JaFJUXvzvyaZB9CCbrWeP|21571244|16SVmRTpJU9o6JAgBbZb5NE4Ldq4HJ83Sz|78084652|1LCoPwVLqZ1mkxpp1zMuoNySVg1iR51eoC|44255125,transaction|wallet|transaction|wallet|transaction|wallet|transaction,|-0.773848|-0.0041154|-0.968781|-0.00344127|-0.968781|-0.00422332
226669358,6,transaction,195602100,False,True,7,226669358|15JU67WfD3RL6sBBq9GcdKcYBuTz2FdPJH|179023743|182AVvqwwgXvwYHQh47r42aMqr6sZW6swi|179023750|15YKPYqvhBEGn9HAVnA8i6ug3ZoLmMqfe9|195602100,transaction|wallet|transaction|wallet|transaction|wallet|transaction,|0.0292233|-0.00158739|0.0271875|0.000759214|0.0237641|-0.00103766
234565856,6,transaction,62971655,False,True,7,234565856|1JFoN67qCbrBzdRnEPYYJYRw9N5GrUGjZA|592294|1GsUJ1781rwymACjaEo9yczbs5WyRFinhv|13578774|1FNTvq5AMGk195a3D4CXnKNGEu4nwQ9ZGH|62971655,transaction|wallet|transaction|wallet|transaction|wallet|transaction,|0.0170026|-0.00430405|-0.96839|-0.00650802|-0.761611|-0.000754952
236114869,6,transaction,62971655,False,True,7,236114869|1EM3rtRzpPSUfb9T7YCsojqza5FbXTvArM|234836387|1CaYycuMictarLAaAM6TpEjLy8sCAM2zky|13578774|1FNTvq5AMGk195a3D4CXnKNGEu4nwQ9ZGH|62971655,transaction|wallet|transaction|wallet|transaction|wallet|transaction,|0.0285131|0.00184691|0.0254152|-0.00650802|-0.761611|-0.000754952
339093928,6,transaction,2566132,False,True,7,339093928|17NjQZ1veG3XDE61okk8A2c8JaDawVx8gF|339093930|1G6ZnsLiFfmVhvShubQUbAU3gCkNTX8Ccb|39431431|1Kzx8Hc4kPwTkWfnsRAKa7FhYbRVxfH96z|2566132,transaction|wallet|transaction|wallet|transaction|wallet|transaction,|0.0222333|0.000595301|-0.968781|0.00370467|-0.968781|0.0407979
54618280,6,transaction,208921758,False,True,7,54618280|1FLGt26JqAXckn9YNkd1gwc5g41GXQ1AcK|195391928|1HKmKKvA57Q4d14GokMZyqNKgfo4zXXMK3|96197454|1DaotFLZQnt3exqQfkXpL4tzPHbrRqbmQq|208921758,transaction|wallet|transaction|wallet|transaction|wallet|transaction,|-0.968781|-0.000478983|-0.968781|-0.0026705|-0.968758|-0.00333321
209539733,6,transaction,1913117,False,True,7,209539733|1P1zaMrDAUyTgaS3nUh1YFRpTi8WHzSDuf|119149506|17YpmMzuefsm31hnxmDZwueLo7uqKCzrE5|208931358|1CmpTr1mmeZ9jzPVv7MGuvJbfJQGGyNLjs|1913117,transaction|wallet|transaction|wallet|transaction|wallet|transaction,|0.0272001|-0.00789103|-0.968781|0.00306129|-0.968769|-0.0034627
209682060,6,transaction,208921758,False,True,7,209682060|1K3G5vLMSHnmnC9u94zaDZDF3XdB1DUu7B|195391928|1HKmKKvA57Q4d14GokMZyqNKgfo4zXXMK3|96197454|1DaotFLZQnt3exqQfkXpL4tzPHbrRqbmQq|208921758,transaction|wallet|transaction|wallet|transaction|wallet|transaction,|-0.067825|-0.000478983|-0.968781|-0.0026705|-0.968758|-0.00333321
372960115,6,transaction,368737251,False,True,7,372960115|161wEf8bGJANUJwRHyM12N7NXuDmS2hFMP|306305284|1GSXxVouXvWxLLXLbfPmBwVc59DEkZnRoV|372810535|372723787|368737251,transaction|wallet|transaction|wallet|transaction|transaction|transaction,|0.00100148|-0.00157696|-0.967977|-0.0023047|0.377585|0.0545548
336424735,6,transaction,331558544,False,True,7,336424735|1BTx4raV9zSunqEmHg1yeJNH9zuE3fEThZ|331560201|1KynxBvaNYKv7i5BFAaomn6ptY5ZPxv7ck|228736379|1ANEQZ1pV582n8hXcvX9H75i2VCfyVFzsd|331558544,transaction|wallet|transaction|wallet|transaction|wallet|transaction,|0.0263205|0.00220051|-0.898687|-0.00470901|-0.968609|-0.00303283
336429216,6,transaction,336434569,False,True,7,336429216|1MK2mn5thKLjj1ybQk2CJjL7XbpezNi5Rc|331559913|1LrVtTRsdjMqjZcoi1kKv6XfsWwDFxvQH6|331530347|1Bk9HZvmswwd6yb2tEsAnSCdFsUiLijWjF|336434569,transaction|wallet|transaction|wallet|transaction|wallet|transaction,|0.030509|-0.00211716|-0.534852|0.00103706|0.0260152|0.00059706
266712227,6,transaction,272081630,False,True,7,266712227|154fWeQUQgQWHVGNqcmbc8VxPVq7Cd2Qbp|272273597|18zL4FuVfVQvaBrwAn3jarxp4YJEvHtRAs|78155198|1LK1eeoejC1cbJGw6T5q4AryJfUcf9NKpU|272081630,transaction|wallet|transaction|wallet|transaction|wallet|transaction,|0.0276519|0.00209469|0.0139834|-0.00443247|-0.0138074|-0.00017035
299176148,6,transaction,88056278,False,True,7,299176148|1GsdA47iuyHZEMXQ7B8EZvQqsh1TqXPRzP|299176487|1DMmNQGthKii5o3EKBdcCF4qmgTmsBSroN|179377388|138Lx2G9gN1XZxkztRkZ6ZGMqQo1gQhhKM|88056278,transaction|wallet|transaction|wallet|transaction|wallet|transaction,|-0.251107|-0.00203004|-0.968504|-0.00269517|-0.968776|-0.00075534
56242196,6,transaction,54724881,False,True,7,56242196|13MVxTh7orubAcCGdg1at6SbB79rCCZazM|69770247|1LFgusE2UTYrFjeGCx99q3uNNk6MkgdTMM|54724851|1LhisXA4Hy4j7NooD4JfN8bSgrZHEuUSdq|54724881,transaction|wallet|transaction|wallet|transaction|wallet|transaction,|0.0281355|0.000944853|0.0195348|-0.00339606|0.0095185|-0.000904232
162435482,6,transaction,148541145,False,True,7,162435482|18EGbBcDJDLgACLm1DK2A2bcjKwTvMDzBs|30700348|1DGRc756FQUuaQ2pzzqVmUhyAbh28SQuxU|30700346|1MynQdmpcHsKSRdmrWCahHWmg9jpRZR176|148541145,transaction|wallet|transaction|wallet|transaction|wallet|transaction,|0.0225665|-0.00313556|-0.0301339|-0.00329021|-0.0829205|-0.00116611
71989358,6,transaction,70781370,False,True,7,71989358|13A3PsREPobqiFMXFUmBz8H9UBw7r7jUEV|71765818|1A7X7eaaUfFUJDEMeGQ55NQXW4xPQAjdbf|32264149|1PuVDgKaXjGQhPUShzKA8xRuuoxEDPRpAv|70781370,transaction|wallet|transaction|wallet|transaction|wallet|transaction,|0.0303951|-0.00245506|-0.968019|-0.00360638|-0.968218|-0.00165197
72631002,6,transaction,71456857,False,True,7,72631002|1BM7ZwR2BvPx9CGEPzHQTuEttfDYdK6veS|72297314|1FJoDkZdhQAB4hsDG3CBGMHb2UxLod59Xv|71999214|1JhsBFETNyMDpsd6XLPrjvERkUFFg1MTPN|71456857,transaction|wallet|transaction|wallet|transaction|wallet|transaction,|0.0252213|0.00197595|0.0132759|-0.00451875|-0.0788063|-0.000979424
14HVMGZEiPLaQySi15hfCAogVWmfjpWvS9,6,wallet,1Ff6sNjDqP4Qxfk9mRYvbhUSekT29vANaf,False,True,7,14HVMGZEiPLaQySi15hfCAogVWmfjpWvS9|84749939|1GKbw339rhdoWkXQka6y4Rt9Yi7oNRtjDc|84451996|12BEX6PtCFV3SCFwYhqtpkLiVSR7oL67vy|84315103|1Ff6sNjDqP4Qxfk9mRYvbhUSekT29vANaf,wallet|transaction|wallet|transaction|wallet|transaction|wallet,|0.00182545|-0.0803332|-0.00631094|-0.839222|-0.000232875|0.00795794
14Nkb98hyCTu1X1PicThBp3MWfh4tCcYrY,6,transaction,26185679,False,True,7,14Nkb98hyCTu1X1PicThBp3MWfh4tCcYrY|383082766|1Gw4NxFwDFUkFWzTyo3Zt2KoVBiHRYVDxo|382973358|1vrVe2t78wz8acTjEXmejQad39AuM3V62|380467143|26185679,wallet|transaction|wallet|transaction|wallet|transaction|transaction,|0.00074625|0.0271984|-0.000493199|-0.968781|0.000738502|-0.0541287
153vgpYc8pVJ5vDP5Mcgkrb51ra5V6sbTh,6,wallet,1NL8ag76hUxkUxQDThezdw1Cy7jQ72WmN9,False,True,7,153vgpYc8pVJ5vDP5Mcgkrb51ra5V6sbTh|55111562|1EUkwfqQfqjAkGzQ8q5Ep745uuzL89UXn4|56767080|16Vvs712orq1kbKBQkerXf2sdEq1ffs4eN|57056468|1NL8ag76hUxkUxQDThezdw1Cy7jQ72WmN9,wallet|transaction|wallet|transaction|wallet|transaction|wallet,|0.00909147|-0.106935|-0.000328034|-0.968773|-0.00335422|0.00701815
1668sDewS38v53FNshiGd8WHLMr8YAJoBL,6,wallet,34LAm2uHLdPFn6SBupKWVLrbYPYyRMtcFk,False,True,7,1668sDewS38v53FNshiGd8WHLMr8YAJoBL|272124922|35pXh6Jjoj2BDRWnKkk3GkfgVjP9L8YKeS|272124918|34Khe8ZeDWzvCh3HqTWQKd8EvBbSxjQpfR|272124913|34LAm2uHLdPFn6SBupKWVLrbYPYyRMtcFk,wallet|transaction|wallet|transaction|wallet|transaction|wallet,|-0.00169268|-0.10111|-0.00215259|0.0250618|0.000538528|0.00792575
169CR7r3rJETz4FyebDtRw1JhfVNxEE85d,6,wallet,1Bh6hzTEKWpMa7MycqfKFY2xq9sBd8W1Ud,False,True,7,169CR7r3rJETz4FyebDtRw1JhfVNxEE85d|77985071|33DKdjgdUEttDHWUJbuMEV9UZYjvTi7GQR|308001304|1EbxRqoLLLSjx9sxUQftyEyRCYsMj99udG|48792268|1Bh6hzTEKWpMa7MycqfKFY2xq9sBd8W1Ud,wallet|transaction|wallet|transaction|wallet|transaction|wallet,|0.000193328|-0.968052|-0.00142264|-0.968743|-0.00229913|0.00694269
16MXo1Vprw9emkm3xmGRgECX5QqDyTjyva,6,wallet,1NGCh1haeuAhD8aJyE3BgR98wkywmqBYqM,False,True,7,16MXo1Vprw9emkm3xmGRgECX5QqDyTjyva|339095527|1D9iy6Eo7NADPKeuMbxLj2CaPHuuADaH9b|339059332|15ovwb8jQ1kfALQTrNcEGv6pwgpJ33v5SA|339057165|1NGCh1haeuAhD8aJyE3BgR98wkywmqBYqM,wallet|transaction|wallet|transaction|wallet|transaction|wallet,|0.00318378|0.0246654|-0.00137749|0.0295849|0.000953823|0.00757504
16fJuALd43TKeHhr74pUMtLPcKtBLAX9Dh,6,wallet,1N7SzmjNJmwiKEUhXCAgLqeQSzuNe8QkRa,False,True,7,16fJuALd43TKeHhr74pUMtLPcKtBLAX9Dh|339096342|1KL8c3jstTqejGK1qC9KsCxNTXUhFouwXL|272977666|17bp7FEByFwc3KyL5qateKFPukjuUsFkBP|339058271|1N7SzmjNJmwiKEUhXCAgLqeQSzuNe8QkRa,wallet|transaction|wallet|transaction|wallet|transaction|wallet,|-0.000942767|0.0216486|0.000961125|-0.919528|-0.00347102|-0.966175
173yAzoM3cVMYtXDoC7XimHnEMKAfMUzdt,6,wallet,149pVxPXYiVhyFR9k87NBGsdGii8NrZDWK,False,True,7,173yAzoM3cVMYtXDoC7XimHnEMKAfMUzdt|378394621|1JvVE5ffTFXC1o87BRBEDvAsdZdxGmvgt4|378316477|13SGPY5pnbxhnuTPYH6fuSB93ymoBRMNjp|378138278|149pVxPXYiVhyFR9k87NBGsdGii8NrZDWK,wallet|transaction|wallet|transaction|wallet|transaction|wallet,|-0.00356418|-0.963057|-0.00503513|-0.0026142|0.000101596|0.00751835
17phnZ8eMLdwKkGc8qM5bB4hXRpU4HmpRE,6,wallet,1F8am3N3Ss4Ht7mbmKRG4o8ZYj9MYEk6qz,False,True,7,17phnZ8eMLdwKkGc8qM5bB4hXRpU4HmpRE|44562982|17AukWbejGNSeAmR7GtCCpsdHiAYFWVJG2|1744684|154jDYLehMtuqQrTdkFDaLYztBFG5UctEd|200032559|1F8am3N3Ss4Ht7mbmKRG4o8ZYj9MYEk6qz,wallet|transaction|wallet|transaction|wallet|transaction|wallet,|0.00514841|-0.968781|-0.00079006|-0.968781|0.00253299|-0.968206
17qLafpipUVmLssXzm3hLgxB1mqfn2MJTU,6,wallet,14M5AVgCgS3x4SaSPbDa6945q3NGSonjrF,False,True,7,17qLafpipUVmLssXzm3hLgxB1mqfn2MJTU|12778505|1KacrxgxFiYE1rjKB8PNEAbUZQp9uJGX9p|12715329|13tMVAmUbwc8WkLMh4ufBEU1XUD8Fu6DGw|12665098|14M5AVgCgS3x4SaSPbDa6945q3NGSonjrF,wallet|transaction|wallet|transaction|wallet|transaction|wallet,|0.00459653|-0.930543|-0.00199968|-0.968781|-0.00157675|0.005458
17wNai6ihM673HSnXeG5V3wYuYTyHqx8P2,6,wallet,1kwbZ4dFcHZTg9D4VrvVhT5AHJLzPCgJb,False,True,7,17wNai6ihM673HSnXeG5V3wYuYTyHqx8P2|30179589|1N6gBtQvoQpFR8sV1FQyxUck8DLGvwbjfq|30179422|1CMw7mNHexfKDt5oHiuyBMpwMCioCMkDxd|30179375|1kwbZ4dFcHZTg9D4VrvVhT5AHJLzPCgJb,wallet|transaction|wallet|transaction|wallet|transaction|wallet,|0.000941306|0.0270419|0.000173002|0.025705|0.000685155|0.0266223
185PRptkue1GRHVHFS9YvzV8Fv8XYSh5N3,6,wallet,15urGnDb6aJfWXjS4LZSE3LbDdDKoJFkn6,False,True,7,185PRptkue1GRHVHFS9YvzV8Fv8XYSh5N3|339964518|1MeZXN3v5BB3MneShLzRVV3dQyQmWsNsdp|339098588|1LvMQznaGfzk3shELAoA58Wtu3dU6d8hxu|230863456|15urGnDb6aJfWXjS4LZSE3LbDdDKoJFkn6,wallet|transaction|wallet|transaction|wallet|transaction|wallet,|0.00507164|-0.0845424|-0.00330171|-0.968771|-0.00423759|0.00529122
18qDQ2CeLfNzJSNjR738WLQfxN6E8sE6L8,6,wallet,1Bh6hzTEKWpMa7MycqfKFY2xq9sBd8W1Ud,False,True,7,18qDQ2CeLfNzJSNjR738WLQfxN6E8sE6L8|269459070|33DKdjgdUEttDHWUJbuMEV9UZYjvTi7GQR|308001304|1EbxRqoLLLSjx9sxUQftyEyRCYsMj99udG|48792268|1Bh6hzTEKWpMa7MycqfKFY2xq9sBd8W1Ud,wallet|transaction|wallet|transaction|wallet|transaction|wallet,|0.00471383|-0.968052|-0.00142264|-0.968743|-0.00229913|0.00694269
18ri8MzFchLhRnK8PLU3X5PW59rJNBmnK1,6,wallet,1MeFBRNnT91GY227gh1iwuxbMP9sL59w1K,False,True,7,18ri8MzFchLhRnK8PLU3X5PW59rJNBmnK1|30179614|1K4uf331DSSZ6paGoqY7mKqqWNY13LsvhY|30180254|12SUDbsVPQToMcfSahpWELJS32EvzMd1Tm|30179367|1MeFBRNnT91GY227gh1iwuxbMP9sL59w1K,wallet|transaction|wallet|transaction|wallet|transaction|wallet,|0.00119793|0.0230859|-0.00150436|0.0242455|-0.000474453|0.00822604
1A263oPkyaGxsZC2yntVVUXxoos59fzfDe,6,wallet,152mj5PYfqnSToeuWbdZVopUoTs5Acoyz6,False,True,7,1A263oPkyaGxsZC2yntVVUXxoos59fzfDe|30180256|19oEJmKEKNL78nyAWXYz5LKpKTC9qoF4X1|30180257|15sgmMYSXXJrZPfcCu9eFgaqXbWufKG7Qm|30179417|152mj5PYfqnSToeuWbdZVopUoTs5Acoyz6,wallet|transaction|wallet|transaction|wallet|transaction|wallet,|0.000895441|0.0229289|-0.00156075|0.0257624|0.000793636|0.0248964
1CUs4ixkE68Ld85Zy1wwqyBWw7nwehZ3jE,6,wallet,1PTR2yxafrrXES1ju8J2pLss992xjaGZQZ,False,True,7,1CUs4ixkE68Ld85Zy1wwqyBWw7nwehZ3jE|378156284|13eEC5ZWwtruzsbdcM43qm58tKMvhu19Pq|378066434|12JorEyJptuF8Xm1ACBP8K1vQWtEEnAdAk|308263588|1PTR2yxafrrXES1ju8J2pLss992xjaGZQZ,wallet|transaction|wallet|transaction|wallet|transaction|wallet,|0.000725329|0.0300746|0.0015626|0.0281987|-0.00256282|0.00695056
1DGqRXbpExNU2PRh219rJMdHZ9zJuZsHV,6,transaction,55057739,False,True,7,1DGqRXbpExNU2PRh219rJMdHZ9zJuZsHV|191111259|1NXdRSkHi2rTtUaNn6drM4FnJHdUzofoTe|190826216|199LoaBqXkc6TP8kDMVFpjzkMP9XwbJ3yH|73735772|55057739,wallet|transaction|wallet|transaction|wallet|transaction|transaction,|-0.000423223|-0.592651|-0.003934|-0.908125|-0.00356537|-0.0541276
1DSda4aWVokNsqQjLvb3UqmJm7FkpwAfuw,6,wallet,3BXHgUeTgsz6QeKcrhauKGjor5u63GGfW6,False,True,7,1DSda4aWVokNsqQjLvb3UqmJm7FkpwAfuw|355110526|3MZVWdD5vbRGtgLA95YLyz7XYcWTRcmXPi|277024867|19psDtnG8hgYDzefznR3cvpXnjpakcmobA|268849739|3BXHgUeTgsz6QeKcrhauKGjor5u63GGfW6,wallet|transaction|wallet|transaction|wallet|transaction|wallet,|-0.00416401|-0.936871|0.000718474|0.0142717|0.000285029|0.00794756
1DTcKy3U6TXUeNeDE7brxWb9uoffRsng7w,6,wallet,1P93d9EwLD6NYUy22NXkBxJV6JR5jUuFkH,False,True,7,1DTcKy3U6TXUeNeDE7brxWb9uoffRsng7w|372812233|1JoqgsPaTmfAyTb8DdZ41kjJ12USqpj7LK|372723972|1B7RktshPPVJYYsDPMgJMHajU5AijW339i|311749569|1P93d9EwLD6NYUy22NXkBxJV6JR5jUuFkH,wallet|transaction|wallet|transaction|wallet|transaction|wallet,|0.00347954|0.00779551|-0.00419557|-0.485409|-0.000846922|0.00760877
1DgudzUm8imK8Z4Dbc9QD6LwoGScVoX8Sc,6,wallet,1Bh6hzTEKWpMa7MycqfKFY2xq9sBd8W1Ud,False,True,7,1DgudzUm8imK8Z4Dbc9QD6LwoGScVoX8Sc|269459070|33DKdjgdUEttDHWUJbuMEV9UZYjvTi7GQR|308001304|1EbxRqoLLLSjx9sxUQftyEyRCYsMj99udG|48792268|1Bh6hzTEKWpMa7MycqfKFY2xq9sBd8W1Ud,wallet|transaction|wallet|transaction|wallet|transaction|wallet,|0.00471383|-0.968052|-0.00142264|-0.968743|-0.00229913|0.00694269
1DnvH1h2KccBumSXakYpnyWvBp8Rxotrob,6,wallet,1KWxuvPpYmUsxz3qnpRtJSD5QAd5gBjSZb,False,True,7,1DnvH1h2KccBumSXakYpnyWvBp8Rxotrob|113788568|1Ncgt5U41SDgD584Mw82YyEvJBav3GYe8t|234561313|1GPj54G15Z2LJpaVionQsCLxFkLU5Ad457|234151304|1KWxuvPpYmUsxz3qnpRtJSD5QAd5gBjSZb,wallet|transaction|wallet|transaction|wallet|transaction|wallet,|0.000561267|0.030229|-0.000119686|0.0300269|0.00107265|0.00757706
1E9svKrWb7fu1kw9cAbuVbcCAxvUVCGWTU,6,wallet,1AXUxG34S8JSZ7J54wp85qALcwsnyD5ioy,False,True,7,1E9svKrWb7fu1kw9cAbuVbcCAxvUVCGWTU|339553019|1MtX79zBtEckWd3bDboup92dDXkexmwx3J|339054153|1Ku639LNJeMm7G5VvUgDakbgBS793MekMX|339054155|1AXUxG34S8JSZ7J54wp85qALcwsnyD5ioy,wallet|transaction|wallet|transaction|wallet|transaction|wallet,|0.00241202|0.0301288|-0.00168183|0.0108727|0.000572443|0.00747854
1EBXtxpxK9XN716nvy7RyKrh4eYm6jq7nU,6,wallet,1y8aTeChWd96w1baLxc4EGU7uUXhC5MPE,False,True,7,1EBXtxpxK9XN716nvy7RyKrh4eYm6jq7nU|269019588|1ApzH1ZUVjbzXJz23x9kun5J74LDJ5mVtZ|269019582|12ajTUf3BTBgRg5o4zzkCa75Ek3TxaCix7|269019578|1y8aTeChWd96w1baLxc4EGU7uUXhC5MPE,wallet|transaction|wallet|transaction|wallet|transaction|wallet,|0.00101572|0.029732|0.000835717|0.0288714|0.00046885|0.00796938
1Ek2NLvf1y3kDJZG4Gcxg9aSopHr2gFZeU,6,wallet,1QDDgh22Jc7RftDBeWYQK5KUV51usFsjvx,False,True,7,1Ek2NLvf1y3kDJZG4Gcxg9aSopHr2gFZeU|96018652|16Dt2AsozzUrVApehZtFUYatiG2LTnrMtj|161958397|148iteTcgjsZaR5AaYZ7dt33H5AoJeiRBo|254232010|1QDDgh22Jc7RftDBeWYQK5KUV51usFsjvx,wallet|transaction|wallet|transaction|wallet|transaction|wallet,|0.00762454|0.022589|-0.00320616|0.021002|-0.00296852|0.00710583
1EkwWZBCmu36eYdrVQ5AWGBbqBkwozVv9q,6,wallet,1KTWoQSEpxkYnqBFgFUMpTsJ31PaVZmHCb,False,True,7,1EkwWZBCmu36eYdrVQ5AWGBbqBkwozVv9q|248937018|12G1psDRnegCAuYojknuRA1cs3XiRtJAra|249236899|1HCrhrG4DgnarZFhNNSXwi9ybWQmrzKv6V|248888440|1KTWoQSEpxkYnqBFgFUMpTsJ31PaVZmHCb,wallet|transaction|wallet|transaction|wallet|transaction|wallet,|0.00106201|0.0302716|0.00089255|0.0290542|0.000599951|0.00778121
1FDLxxzC8roiGQzCk42sAN22a585GYhqfU,6,wallet,1Bh6hzTEKWpMa7MycqfKFY2xq9sBd8W1Ud,False,True,7,1FDLxxzC8roiGQzCk42sAN22a585GYhqfU|269459070|33DKdjgdUEttDHWUJbuMEV9UZYjvTi7GQR|308001304|1EbxRqoLLLSjx9sxUQftyEyRCYsMj99udG|48792268|1Bh6hzTEKWpMa7MycqfKFY2xq9sBd8W1Ud,wallet|transaction|wallet|transaction|wallet|transaction|wallet,|0.00471383|-0.968052|-0.00142264|-0.968743|-0.00229913|0.00694269
1FRvx1xziHQY1qsEp8pbGJMeAThSSukvCs,6,wallet,18pyZpq4iEze3H4JYREZhXxetttZNn1dYu,False,True,7,1FRvx1xziHQY1qsEp8pbGJMeAThSSukvCs|269501612|1HMs4Uk8xrq4wZekErC3ijSskdQJ7TzxZC|269128821|1HBLNGqUd7Jep4r2FLiQDjzXZPWCDNZnY7|28443663|18pyZpq4iEze3H4JYREZhXxetttZNn1dYu,wallet|transaction|wallet|transaction|wallet|transaction|wallet,|-0.00165755|0.0307562|0.00131842|0.0284411|-0.000110358|0.00786239
1G9ssZdjzjMFa6KrPq7gaiRcf3bDYAyKrB,6,wallet,18HtW49o3uEpTnpErmVyJixRnopUQeJdXh,False,True,7,1G9ssZdjzjMFa6KrPq7gaiRcf3bDYAyKrB|378414958|1EEJ8HKj3MS9TTvuAVc76tBemejTRFym8U|331226641|19kZCEsTwzSUogWErTegHgkRVYuJmensFz|331210091|18HtW49o3uEpTnpErmVyJixRnopUQeJdXh,wallet|transaction|wallet|transaction|wallet|transaction|wallet,|0.00550663|-0.0261724|-0.00310332|-0.968466|-0.00147679|0.00732714
1GW5C464c726jG3HzYBirpKbGpHWLtEQ2p,6,wallet,3BXHgUeTgsz6QeKcrhauKGjor5u63GGfW6,False,True,7,1GW5C464c726jG3HzYBirpKbGpHWLtEQ2p|355110526|3MZVWdD5vbRGtgLA95YLyz7XYcWTRcmXPi|277024867|19psDtnG8hgYDzefznR3cvpXnjpakcmobA|268849739|3BXHgUeTgsz6QeKcrhauKGjor5u63GGfW6,wallet|transaction|wallet|transaction|wallet|transaction|wallet,|-0.00416401|-0.936871|0.000718474|0.0142717|0.000285029|0.00794756
1GWEuRoaACHcdHU3YK4fNfAHW34wLksVCd,6,wallet,1G1G8VATkYejtH1HFMEYfKQ2v6B8ubCSnP,False,True,7,1GWEuRoaACHcdHU3YK4fNfAHW34wLksVCd|209490127|1PtAoU8488Jvp3z5eFdQyKbxcrPpc3cu28|209710576|128FsrS1JvhaoPuqXP6WdkqUgX3K1NWtiJ|208931431|1G1G8VATkYejtH1HFMEYfKQ2v6B8ubCSnP,wallet|transaction|wallet|transaction|wallet|transaction|wallet,|0.000207573|0.0250428|0.000853568|0.0285107|0.000502259|0.0078426
1JZ97Q1ysYSkhcTPrxPrMp73oAmKyJeBq7,6,wallet,16g6HG8bqrwoxKb5XBgSFozahXry9oVFbS,False,True,7,1JZ97Q1ysYSkhcTPrxPrMp73oAmKyJeBq7|69728473|14stpX8JVhArLc7xPjnmp3gWqaDVoFtQRU|69353069|1B68GgyMtHdZFt4aoS4MfY8qRFHLr1Ut1F|54783807|16g6HG8bqrwoxKb5XBgSFozahXry9oVFbS,wallet|transaction|wallet|transaction|wallet|transaction|wallet,|0.00472945|0.0297136|0.00170615|-0.551658|-0.00229988|-0.967946
1JktTzNVshQ4sxdiKSKFyrZwytc6RVsoy,6,wallet,1LxXTxJ323f9w6Wm3fHE7tpPinyCN49YCU,False,True,7,1JktTzNVshQ4sxdiKSKFyrZwytc6RVsoy|378414379|1J78rdoMqf9YiTtAmGQF46X3vFTDXQBJoW|378255660|1LwvStMXKVYGoKgXMWH9KkCiCUEQLJmV4u|378073029|1LxXTxJ323f9w6Wm3fHE7tpPinyCN49YCU,wallet|transaction|wallet|transaction|wallet|transaction|wallet,|0.00172573|0.0301232|0.000735909|0.0246573|0.000465482|0.00777119
1KNgruJUmTLzd4v8XcivBrqMjiENMVY6sE,6,wallet,17MaLwZozFxsAH9XJMypC7S4hp5FqdhJQY,False,True,7,1KNgruJUmTLzd4v8XcivBrqMjiENMVY6sE|363082892|19FgpwGmif7TCYHrAt2ceqwHDuDcmB8bt|363001084|1CTkpFop4GkxbvJUGvAvDBaqTNTYBAem8|238205198|17MaLwZozFxsAH9XJMypC7S4hp5FqdhJQY,wallet|transaction|wallet|transaction|wallet|transaction|wallet,|0.00494283|-0.968432|-0.000525445|-0.968781|-0.00166753|0.0071072
1L2xBGrr4sA1KfKfh9jMQ8jzsC3MWtVdvX,6,transaction,13022822,False,True,7,1L2xBGrr4sA1KfKfh9jMQ8jzsC3MWtVdvX|38369627|13246342|1EGqM5rtT7AEBm31BmmLLaWpDfEjUV9vzT|13246334|1YsTfnH5cJz9CxjnidNG1G1WN8ALNTCp2|13022822,wallet|transaction|transaction|wallet|transaction|wallet|transaction,|0.0033628|-0.0390838|-0.0279487|-0.00375542|-0.00741369|-0.00351688
1Lf912ACBzsTRr1dwrt5tnKqavmsHzfYXv,6,wallet,131fyJPFqpYgS9qyFiiqNYiTBh6GoETueL,False,True,7,1Lf912ACBzsTRr1dwrt5tnKqavmsHzfYXv|269870093|1AuoecxuqxUZszHQjcxqy8jgKEZPg1ad5h|191347647|1JPebcuXkcCjeg4c8gDLEyJhLeNK9tTgy6|87494797|131fyJPFqpYgS9qyFiiqNYiTBh6GoETueL,wallet|transaction|wallet|transaction|wallet|transaction|wallet,|0.000423402|0.0293053|0.00109842|0.0261382|-0.000176042|0.0080089
1LzdCsdy4zb442X9Lh2MmHcxajnFFBjvxY,6,wallet,1P3PfxfB4KeGryDUgDyWZzNwZqna59sSFK,False,True,7,1LzdCsdy4zb442X9Lh2MmHcxajnFFBjvxY|288452590|1KQwVbucQXkVUKH6sD1a7Q1E5ZxPUVXrfD|288452380|115u8uEP1j1x8Q6rpU9RtrJuDBa5EB4RHz|288338048|1P3PfxfB4KeGryDUgDyWZzNwZqna59sSFK,wallet|transaction|wallet|transaction|wallet|transaction|wallet,|0.000892997|0.0270567|0.00108692|0.025629|-0.000115037|0.00813675
1Mike5Fczvc2dPKSTpDMJimQ14QJKWmfFo,6,wallet,1ACUPYuiTbfBaDhES7rHseun3sNQB24CiE,False,True,7,1Mike5Fczvc2dPKSTpDMJimQ14QJKWmfFo|355111006|1K8u6cxVzEhJobSk55dHtTUK7xmxSuiDip|355179762|137T5gvvA1CwkEuZyuNmRzYjmYn9UY7Z8t|355940553|1ACUPYuiTbfBaDhES7rHseun3sNQB24CiE,wallet|transaction|wallet|transaction|wallet|transaction|wallet,|-0.00158662|0.0266335|0.00137088|0.0239671|-0.000175387|0.00809109
1PE4MS7TKHzs6sFTvsHWjN9aBCZVSZdgxf,6,wallet,1MFXYK1XucKFfhPhW9HDHD3vsM9BKey4qm,False,True,7,1PE4MS7TKHzs6sFTvsHWjN9aBCZVSZdgxf|99204386|13dxe4zFHDTvoQcjCfhNhocBinfmU4JwRs|99204390|12xZ8bj4V3xEv8vM77WX9rG2x9q9vzW46D|98961059|1MFXYK1XucKFfhPhW9HDHD3vsM9BKey4qm,wallet|transaction|wallet|transaction|wallet|transaction|wallet,|0.00493333|-0.96575|0.00681108|-0.968781|0.00110579|-0.968781
94654269,5,wallet,1CmD7imW4KCK4PVwsnfHgyWvWWtEFvujdc,False,True,6,94654269|17LRWQhoyC69j1FAMnN9LVZ6MC4pjUucMx|94654255|1NTE2fBsTsCzvrTYgd1vSA66daZiRX5amG|94357349|1CmD7imW4KCK4PVwsnfHgyWvWWtEFvujdc,transaction|wallet|transaction|wallet|transaction|wallet,|0.0287423|-0.0013938|-0.962093|-0.00133967|0.00725865
339095579,5,wallet,13Ph6XADMe3A8vynkD9GEVpdRmvUr6vXTY,False,True,6,339095579|1646XwyKsF8fj7q1MGJ3YabBr5JW4N4sb3|339095581|1D6rGq7SeiLhQLFDC3obnfhEPsTb6VNt4W|39201631|13Ph6XADMe3A8vynkD9GEVpdRmvUr6vXTY,transaction|wallet|transaction|wallet|transaction|wallet,|0.030611|0.00316736|-0.0411593|-0.00412896|0.00177568
339120962,5,wallet,18p9Ftp3m4435tdpZTvoBsm3yjUgkvTF2b,False,True,6,339120962|1qxRkzGcXfwEM2s21FN311u4FC9mgPKMN|339072467|1NvgZvMxBVZpBV7mS1tGE3vDyVp4jbo4B8|339072470|18p9Ftp3m4435tdpZTvoBsm3yjUgkvTF2b,transaction|wallet|transaction|wallet|transaction|wallet,|-0.770498|-0.000302792|-0.96878|0.00309697|-0.968781
339553269,5,wallet,13tEzmoPZPvMsfiT41wrfW2xwHmjbQH1wM,False,True,6,339553269|19MfqBgdiEBt5bFuy6VDFD5ADnuoBVn5Mv|339079292|1Bkd9FgEWY5DS6fjPybKsAESKdEcwaBjZx|132726049|13tEzmoPZPvMsfiT41wrfW2xwHmjbQH1wM,transaction|wallet|transaction|wallet|transaction|wallet,|0.0285773|-0.00039801|0.026161|0.000313878|0.00766802
339964561,5,wallet,15urGnDb6aJfWXjS4LZSE3LbDdDKoJFkn6,False,True,6,339964561|1K22sWfAtmF133gyaHWLiiBYhGDGpzgtTn|339098588|1LvMQznaGfzk3shELAoA58Wtu3dU6d8hxu|230863456|15urGnDb6aJfWXjS4LZSE3LbDdDKoJFkn6,transaction|wallet|transaction|wallet|transaction|wallet,|-0.0854676|-0.00330171|-0.968771|-0.00423759|0.00529122
243780689,5,wallet,1Gjt3wkSsP9svuQTg92vgxXfqeDuvjFJuv,False,True,6,243780689|17yv9tsnce1FvkPmWUqrnKGsyXXEeYn5jR|241526883|12PxWvY9w7bAuPtsiQ8MWTRdThBT8YcstU|238506100|1Gjt3wkSsP9svuQTg92vgxXfqeDuvjFJuv,transaction|wallet|transaction|wallet|transaction|wallet,|0.0300679|0.000765294|0.0295329|-0.00218475|0.00688529
378250041,5,wallet,1Y9Yx28wHJ9eLY9aR5QzYH5JPtDjgWUfT,False,True,6,378250041|183HANi6VEzN1K7ahw92vQTZQDHTsJsPiD|335081666|1PeU69AWqjkfMKEXSDKqVWQbMUFRS61pgR|378060826|1Y9Yx28wHJ9eLY9aR5QzYH5JPtDjgWUfT,transaction|wallet|transaction|wallet|transaction|wallet,|0.0293988|-0.00153267|0.0274828|0.000472128|0.00759357
390572355,5,wallet,12TcESVmMNrTjYZCDzfaHTj2bBD7gW1Z9Q,False,True,6,390572355|17Vxec4GTWHqWaquBNmz9bwQhQMsRq2WYn|390329719|1B8t69Acj9SM82cMex9yLzoTZjYcoT2wyk|243239880|12TcESVmMNrTjYZCDzfaHTj2bBD7gW1Z9Q,transaction|wallet|transaction|wallet|transaction|wallet,|0.0310089|0.00111589|0.0291072|-0.00258252|0.00681138
248915482,5,wallet,1C9xFY9qmZbyRKK6Wm33XxoAPnq3TBWFjm,False,True,6,248915482|1s5rUF18idd7vpnobeMrkhD7KWL2WBFJC|248902840|13eYa86JMPp3rqjfLdnFUDn188JoBt7P7z|57140955|1C9xFY9qmZbyRKK6Wm33XxoAPnq3TBWFjm,transaction|wallet|transaction|wallet|transaction|wallet,|0.0309513|0.0011518|0.0291815|-0.00203824|0.00716585
363300945,5,wallet,1M4z7UWjmnqQQHQ5NYGEKPnfMDL9g7d2qs,False,True,6,363300945|1JUNYt6yaxRGF9cqZ6g55jdGoWFap6RE8g|363055096|1KSxVrQqzdGpNXfc46SdtyL36YnuGYXCcF|362939841|1M4z7UWjmnqQQHQ5NYGEKPnfMDL9g7d2qs,transaction|wallet|transaction|wallet|transaction|wallet,|0.0277796|-0.00437152|-0.43181|-0.00302181|-0.0323796
209682048,5,wallet,17UNAwpL6QAvx2Ye14NVCJ5w9Vi3bW64TP,False,True,6,209682048|14p3sTzV3ikZhZo5Cnru9ob4crF2fn3JES|209682050|17htBuQvt459DxbiMgK22r9Vprjn3t7i7L|32023895|17UNAwpL6QAvx2Ye14NVCJ5w9Vi3bW64TP,transaction|wallet|transaction|wallet|transaction|wallet,|0.0291132|0.00204808|0.028824|-0.00358093|-0.0190597
115072067,5,transaction,99131085,False,True,6,115072067|1CXtTgTpHVmMX8iqiurnNbaybEjYEEDvqn|113841828|1NXnygEYdytTVwDivnT2iJWrSAqv4Np4gn|99318323|99131085,transaction|wallet|transaction|wallet|transaction|transaction,|0.0290076|0.000254959|-0.00334913|-0.00477341|-0.0541255
215872199,5,wallet,1HJ6scVBtYqeL8VSZD7ZYtKhXoJeX6fsVz,False,True,6,215872199|1JfBw5EvP78j5SbLU9R9nvpT5aaAcN5xaY|84749894|18tYaUYkAxKas1pwqNFAjRa9PjFA68Xtse|84335456|1HJ6scVBtYqeL8VSZD7ZYtKhXoJeX6fsVz,transaction|wallet|transaction|wallet|transaction|wallet,|0.0296608|0.000173062|0.024105|0.000311106|0.00797796
139274022,5,wallet,1F47pLzQkmmmv49TCC6B8nTvTYZwnBXiV,False,True,6,139274022|1Jz8aHxdayN9akuKTsTgV2jDmF1kx2RtCy|246044957|1AYfWVJvzhj6WkEPuTh72yhdFdKSrHiiCy|51551341|1F47pLzQkmmmv49TCC6B8nTvTYZwnBXiV,transaction|wallet|transaction|wallet|transaction|wallet,|0.0181292|-0.0039517|-0.0163112|-0.00209582|0.00751978
139274029,5,wallet,1F47pLzQkmmmv49TCC6B8nTvTYZwnBXiV,False,True,6,139274029|1Prr84VSQ15w674XEyyhMhn6eTiYKcRpWA|246044957|1AYfWVJvzhj6WkEPuTh72yhdFdKSrHiiCy|51551341|1F47pLzQkmmmv49TCC6B8nTvTYZwnBXiV,transaction|wallet|transaction|wallet|transaction|wallet,|0.0104418|-0.0039517|-0.0163112|-0.00209582|0.00751978
383048748,5,wallet,1FsN1eGpjSU4vief6zpo9eoRJu8Yr99kku,False,True,6,383048748|15HaHe3WsQKSo1B2ThrjkvJj4mgmCNemwv|338439607|15hGBg3cU28iyG6oiWyQivirqiLY7CznSy|320558688|1FsN1eGpjSU4vief6zpo9eoRJu8Yr99kku,transaction|wallet|transaction|wallet|transaction|wallet,|-0.0159572|-0.00268245|-0.968611|-0.00169152|0.00769413
274526544,5,wallet,19Jq7AssQczgxQdpxgmYiFVD8t2vKuVVUZ,False,True,6,274526544|17BVr5MZK2ioBtCcZtQpKJjYzHjHuPPpHm|355102469|1A9wXnMdHa1GCfUzcYMdX7eYEpxQNZq4Yd|355109280|19Jq7AssQczgxQdpxgmYiFVD8t2vKuVVUZ,transaction|wallet|transaction|wallet|transaction|wallet,|0.03029|-0.00347608|-0.946811|-0.00150833|0.00767469
355090934,5,transaction,16827115,False,True,6,355090934|1BZZ79JTumkKJkLjgT7WJN6DvUAV7vqVxw|355090937|1ARJPKce1vSePxTEDWMNLT9nk53Z7CKzWt|355007104|16827115,transaction|wallet|transaction|wallet|transaction|transaction,|0.0234903|-0.00291815|-0.967446|-0.00275704|-0.0541287
77410785,5,transaction,39446116,False,True,6,77410785|1LcmBtabkmai9qh2mDJ1ubC8KnzwixiEKM|288513620|19zr5kBXKFuNFtevb4DCXXfawbN9nmHVC6|288273807|39446116,transaction|wallet|transaction|wallet|transaction|transaction,|0.026283|0.00669417|-0.966281|-0.00185454|0.00148866
288735697,5,wallet,1Nhw8A9o1TYZp8Cke2kbZdA4XqyixfdCfZ,False,True,6,288735697|1omyBZpKCdLbZmgMC5fsNGWSPjTgvpQRe|288490205|17emhKJsyMaiFQUi3u6g8WTthCZGc9YUkW|288210286|1Nhw8A9o1TYZp8Cke2kbZdA4XqyixfdCfZ,transaction|wallet|transaction|wallet|transaction|wallet,|0.0287758|0.000958204|0.0233301|-0.000335634|0.00811887
54912141,5,wallet,16g6HG8bqrwoxKb5XBgSFozahXry9oVFbS,False,True,6,54912141|1MTGu5U2UVWCZ7bCtnC3BbDJV8RAAYYiKM|67575828|1G4DvxeSsPhzu9nSsYa2PBHbrkB9XdiW9|54783807|16g6HG8bqrwoxKb5XBgSFozahXry9oVFbS,transaction|wallet|transaction|wallet|transaction|wallet,|0.030388|0.00739411|-0.56929|-0.00229988|-0.967946
67576436,5,wallet,13tF5FsXSHT6uCpxG7B1HABrP7msQTTowq,False,True,6,67576436|16vky8Gm81mCjLpgP6hyS6ZGUtgnDRVBhx|67576439|1DN6Z1yr6V72QPjkMkYkgXMe7VHH5fZFsm|54855612|13tF5FsXSHT6uCpxG7B1HABrP7msQTTowq,transaction|wallet|transaction|wallet|transaction|wallet,|0.0288545|0.000987351|0.0221187|-0.000380605|0.00816041
67682556,5,wallet,1NL8ag76hUxkUxQDThezdw1Cy7jQ72WmN9,False,True,6,67682556|1C2pShMyLwcL3VUsahSbZbwevtMkRb1v8N|56767080|16Vvs712orq1kbKBQkerXf2sdEq1ffs4eN|57056468|1NL8ag76hUxkUxQDThezdw1Cy7jQ72WmN9,transaction|wallet|transaction|wallet|transaction|wallet,|-0.10703|-0.000328034|-0.968773|-0.00335422|0.00701815
44562478,5,wallet,1F8am3N3Ss4Ht7mbmKRG4o8ZYj9MYEk6qz,False,True,6,44562478|1AiX8bWfRCZQjrAJBfcjDySe6ma5WWGNAh|1744684|154jDYLehMtuqQrTdkFDaLYztBFG5UctEd|200032559|1F8am3N3Ss4Ht7mbmKRG4o8ZYj9MYEk6qz,transaction|wallet|transaction|wallet|transaction|wallet,|-0.968781|-0.00079006|-0.968781|0.00253299|-0.968206
200718750,5,wallet,1AxfodyvJJHb1k9LZVT7jSQC6qtaRHYfHf,False,True,6,200718750|19CHjB3G3xKD5F1AJ1ScTQraFtF6LNck7p|5866881|19STbpNoMNZYHqNGHYf2q57ibhnnqNRxzg|200032993|1AxfodyvJJHb1k9LZVT7jSQC6qtaRHYfHf,transaction|wallet|transaction|wallet|transaction|wallet,|-0.496104|-0.00456628|-0.968781|-0.00455469|-0.968781
116173763,5,wallet,1PEHLajmWYbY4NMNzCntdWVR22Nb2PUFqe,False,True,6,116173763|1N7M5tSeQjEVrQUE1wMn6ybQiLG4oMSypx|111587405|1F85Vy5Uky9JUJGTYhTq25ZAYfnwtyDA4|115523320|1PEHLajmWYbY4NMNzCntdWVR22Nb2PUFqe,transaction|wallet|transaction|wallet|transaction|wallet,|0.0182873|-0.00270313|0.022718|-0.000254273|0.00827485
149134786,5,wallet,1EGGwN4k86SYr2jAWUpG8Z33tvRv3gSBQB,False,True,6,149134786|1H8LGXv7UKSUm2MYP5qAPQnuUKu8CzAbLE|9787027|13QFJtGYc3zL6xVF2mH8ttqbSK1qg7oD1k|7864711|1EGGwN4k86SYr2jAWUpG8Z33tvRv3gSBQB,transaction|wallet|transaction|wallet|transaction|wallet,|-0.968781|-0.00255534|-0.968781|-0.00121924|0.00463748
97387433,5,wallet,12BRiG2j2Wt2JAmdY6TfVyBGZ9oGfMAuaD,False,True,6,97387433|16QqSGyN5jr5oGTHjuwHTMb8SEbKqUeVFB|97004022|192sq4kEcMUnt9SsF4yMhqydjJqHyoWutD|96928354|12BRiG2j2Wt2JAmdY6TfVyBGZ9oGfMAuaD,transaction|wallet|transaction|wallet|transaction|wallet,|0.0245532|0.000351995|0.00109601|-0.00135714|0.00804311
12662264,5,wallet,1Ni98E2et2Z5sib25F4ew3fJEWK3EkSuVW,False,True,6,12662264|1PjnYCFesKBk9yFfhjrtVKjiUVsWtr26VY|12662269|1FXvymTcLMTpUyXzkFzyhe1ZMEVomWQgwf|12999570|1Ni98E2et2Z5sib25F4ew3fJEWK3EkSuVW,transaction|wallet|transaction|wallet|transaction|wallet,|0.0304621|-0.000354588|0.0119007|-0.00201353|0.00793481
12778505,5,wallet,14M5AVgCgS3x4SaSPbDa6945q3NGSonjrF,False,True,6,12778505|1KacrxgxFiYE1rjKB8PNEAbUZQp9uJGX9p|12715329|13tMVAmUbwc8WkLMh4ufBEU1XUD8Fu6DGw|12665098|14M5AVgCgS3x4SaSPbDa6945q3NGSonjrF,transaction|wallet|transaction|wallet|transaction|wallet,|-0.930543|-0.00199968|-0.968781|-0.00157675|0.005458
71988265,5,wallet,3Jt4YUp4UthKfuTo67DT5P4xxc3qV2kxtR,False,True,6,71988265|1LMVzE1Ci765BpqxG7bK55SABLMf3YkfHQ|71748458|13edtENdAyoH7UD7ov1AjiRnxjF3vwWfqN|70891960|3Jt4YUp4UthKfuTo67DT5P4xxc3qV2kxtR,transaction|wallet|transaction|wallet|transaction|wallet,|0.0249134|0.00260964|-0.968781|0.00568655|-0.968781
123KBbJSbQZzBpp9ugyKVSHJhRABmhcYqV,5,transaction,235415673,False,True,6,123KBbJSbQZzBpp9ugyKVSHJhRABmhcYqV|234835415|1Mib8eZMknxhrcdAia2gFoySZDQJNvjRLa|234835417|1LK6aUWVCEjNdzVFsYnpF7y1sipgYe1wZx|235415673,wallet|transaction|wallet|transaction|wallet|transaction,|0.00506532|-0.794156|-0.00499564|-0.968629|-0.00447953
129EJwmfpK8eznhJD2ysSTQMt8nPa69vgx,5,transaction,241499328,False,True,6,129EJwmfpK8eznhJD2ysSTQMt8nPa69vgx|243777776|1AyfSkiWxg2R2xXX1Roe593h9tn61CfvLZ|241531633|14gzC6sMfe8Vo3UyH6QeGqYoFSt2Ljiw7d|241499328,wallet|transaction|wallet|transaction|wallet|transaction,|-0.0021103|-0.910802|-0.00487536|-0.125554|-0.000202239
12XmLo73hSLBzdcFUbgCNi3MiM2AKkqowY,5,transaction,96950013,False,True,6,12XmLo73hSLBzdcFUbgCNi3MiM2AKkqowY|32498113|1Cmpd6z6SLGskKqBDXjcLjg9abR3At5trh|96950012|12uVoFC45YoDt6SMYwCQATzbHdjqtZVZMf|96950013,wallet|transaction|wallet|transaction|wallet|transaction,|0.00165069|0.0220132|-0.00131291|0.00698608|-0.00406495
12gF9EAmod9AynTNtQGVtdF9o7nxMSviYE,5,transaction,49876060,False,True,6,12gF9EAmod9AynTNtQGVtdF9o7nxMSviYE|219565903|19kiYrzGLdgrvzJbudyre3mEhePgazuYkv|218091572|1Dym1yThrVo5T1Q7bzgu8ekQBYEma2ftge|49876060,wallet|transaction|wallet|transaction|wallet|transaction,|0.000754833|0.0251502|0.000110656|-0.0322346|-0.00222281
12hDGz5WEEeM9j4unPY4fMRbBJAyb84Y5n,5,transaction,368790611,False,True,6,12hDGz5WEEeM9j4unPY4fMRbBJAyb84Y5n|372726695|17aFxZVYwMdDaMSQZrkVDTqs4oogRjobqb|372672230|15M1TU8CFLzaoX9r9ZWCsxDYY9gNJvUaDr|368790611,wallet|transaction|wallet|transaction|wallet|transaction,|0.00149262|-0.177203|-0.00245112|-0.968781|0.00191957
12igAb84wUJ5LVoetojTXuUe9ELLVtQr4Y,5,transaction,8361189,False,True,6,12igAb84wUJ5LVoetojTXuUe9ELLVtQr4Y|64580922|1koUxXojWn45rzCV4dLtVaX3q425QSLxv|11780829|1L9iryG2mbMMFHaGVVVpPGuz8GUHnkxuvD|8361189,wallet|transaction|wallet|transaction|wallet|transaction,|0.00563884|-0.702815|-0.00166029|-0.968781|-0.00422132
13QgzEvR5bjem87kA4N5mctNPdE2DS2eYT,5,transaction,13311663,False,True,6,13QgzEvR5bjem87kA4N5mctNPdE2DS2eYT|124942061|15oLCYANFmES66Yb1HLZJ1KQU3b73VE6HQ|175771007|1L6eJnmDDYKPgcqE71iBHbb96jPwnckVrn|13311663,wallet|transaction|wallet|transaction|wallet|transaction,|-0.00109667|-0.864488|-0.00195178|0.0244274|-0.000267953
13UF5mLdrQL37dvijFo5wNg5wW5RJntDQu,5,transaction,281192117,False,True,6,13UF5mLdrQL37dvijFo5wNg5wW5RJntDQu|299043430|16E8G8qLPMYgp16askUv6KHwQ6xpAG9NWr|298687023|1RtGxRyrBGkqq7ogjxHTbGnLYXikXJsfU|281192117,wallet|transaction|wallet|transaction|wallet|transaction,|0.00207025|0.0277095|-0.0001477|0.0287575|-0.00301409
13py6FaMb5TRMWdEnZRQobCLFrLPJvR9gP,5,transaction,339114911,False,True,6,13py6FaMb5TRMWdEnZRQobCLFrLPJvR9gP|339643017|1LiGfXWRi7QmR9Zt82JyiXurD4fznozocr|5807241|1N9kWJzgfx5oFsQm6oDJvwyhW6xNdKS4Ta|339114911,wallet|transaction|wallet|transaction|wallet|transaction,|0.0060277|0.0042389|-0.00400874|-0.965562|-0.00372273
13udL5vExk8u2BEvXVzGvRpsCLvDH8gY1U,5,transaction,71761595,False,True,6,13udL5vExk8u2BEvXVzGvRpsCLvDH8gY1U|72637933|18iR8gJVbC2jnuQziLpUkCnHRb2JwwPm4J|72294245|1AEYj81gtenQ33UBgkS9ArWtGVxwtAQHpc|71761595,wallet|transaction|wallet|transaction|wallet|transaction,|0.00146806|0.0279093|0.00287455|0.0276765|-0.00187775
14MKJbhJSkn78pswW4UNCQDkvvQHCmftRb,5,transaction,175122972,False,True,6,14MKJbhJSkn78pswW4UNCQDkvvQHCmftRb|175759428|194Fgd59NmPWh5ydYGzZCaSzrSZxXdDJLr|175472351|1QEKqvAJffvzE5aHvDbxVNWVq98U5Yutf3|175122972,wallet|transaction|wallet|transaction|wallet|transaction,|0.000167936|0.0178949|-0.00129342|-0.956744|-0.000958741
14T39Tz1Ls4GSBTLE6WKkstfdUAmSj8CJh,5,transaction,190409568,False,True,6,14T39Tz1Ls4GSBTLE6WKkstfdUAmSj8CJh|191632582|1BAMathW63rsi52SckjMcoymhJbEAAHc1e|23666507|1BEuL9i56Y8KE4Hg7STmdr37iQAGzLgJxL|190409568,wallet|transaction|wallet|transaction|wallet|transaction,|0.0013589|-0.0936096|-0.00363323|-0.817806|-0.0046424
14UR7yiAScRkA6Nd9xcjeXyJ1nxcMWwJXx,5,transaction,226277188,False,True,6,14UR7yiAScRkA6Nd9xcjeXyJ1nxcMWwJXx|355239158|1NcwxYbesLnQ12htrcC3ESYUu4gQDZ5LGd|355102310|19sbgKqb3FDf86iD18cv2XWNhf1vroQy8r|226277188,wallet|transaction|wallet|transaction|wallet|transaction,|0.00381953|0.0300484|-0.00522169|-0.0666687|-0.002011
14WhsQhTasspQEr9BQHXnMus1937JSfRmG,5,transaction,242934464,False,True,6,14WhsQhTasspQEr9BQHXnMus1937JSfRmG|154061463|1Nr22aioHnimYg6gvnUGymdGB9J81bBB38|194581614|1M9RnwcgZD36GdgtggHv4dgGutT6bA3gnf|242934464,wallet|transaction|wallet|transaction|wallet|transaction,|0.00438857|0.0197008|-0.0024443|-0.968186|-0.00207874
15NHnFuqK4pVkKZQCxGdfpCeg1ZcneV9en,5,transaction,44878267,False,True,6,15NHnFuqK4pVkKZQCxGdfpCeg1ZcneV9en|73219656|149Jtyaxa3d1M3wfkDFqT3pS7kZ4dWJt95|73219821|1GgJHYCLU3hoU6P2erXqnScBJutJTVEjxA|44878267,wallet|transaction|wallet|transaction|wallet|transaction,|0.00613862|-0.0227621|-0.0024491|-0.967091|-0.00381786
15S5KGkVbfr9WwVmAvLXr2Dja7BxETvnPf,5,transaction,4590307,False,True,6,15S5KGkVbfr9WwVmAvLXr2Dja7BxETvnPf|12674090|1JFaibJrBd2QxVnbfijc2veNZqzbAeDEgR|12661813|1LhNbnc3wezEPR8R1CTavk3BXdGLBvoeGa|4590307,wallet|transaction|wallet|transaction|wallet|transaction,|0.00721034|0.0306674|-0.00358081|-0.47225|-0.00232071
15ZnXriJiezVyjhKyFWB1ZQX6Ho5h1fkXB,5,transaction,1913117,False,True,6,15ZnXriJiezVyjhKyFWB1ZQX6Ho5h1fkXB|119149506|17YpmMzuefsm31hnxmDZwueLo7uqKCzrE5|208931358|1CmpTr1mmeZ9jzPVv7MGuvJbfJQGGyNLjs|1913117,wallet|transaction|wallet|transaction|wallet|transaction,|-0.00789103|-0.968781|0.00306129|-0.968769|-0.0034627
15zictteFvZ9NT9t3nyTqbt1b4fybPgMMa,5,transaction,116453119,False,True,6,15zictteFvZ9NT9t3nyTqbt1b4fybPgMMa|45350873|18CR4MmYgRze9DWdgFJaNtRyouzSRLYcMQ|149627478|17Qn3FbssXZWKHyKf6nYyfC7J9yz5j3hgv|116453119,wallet|transaction|wallet|transaction|wallet|transaction,|0.00132674|0.021259|-0.000529081|0.027725|-0.00223625
16Gme9xJNRjxb2xeS8RLypBfn6NiJnY8Cu,5,transaction,174759148,False,True,6,16Gme9xJNRjxb2xeS8RLypBfn6NiJnY8Cu|175411118|1P54pj8n1vxcW9o1PYyHApa6RpwwDnqUMG|175048827|1APhRhcm9xmbne1gNR8yDaZrAn67izCQd5|174759148,wallet|transaction|wallet|transaction|wallet|transaction,|0.000272214|0.0306485|0.00013876|0.0269527|0.000620514
16U55Ea3UZRXmf468ShHS9NrYxQC9ZZfXB,5,transaction,269544040,False,True,6,16U55Ea3UZRXmf468ShHS9NrYxQC9ZZfXB|269870957|1JVvQzYRNM6qMU9sqiM8v8gmwUq8NTqL7t|276995017|12fzEY9K4Wm5zBYGgdAbMCmrJQk2jt6WpT|269544040,wallet|transaction|wallet|transaction|wallet|transaction,|0.00400281|0.025281|-0.00418136|-0.00499493|-0.00027588
16c3KHbWi9MwwxJZ5xP2k4iGipNMWC7s65,5,transaction,234833148,False,True,6,16c3KHbWi9MwwxJZ5xP2k4iGipNMWC7s65|234561907|1SurEo6GzF67rtHcu1uiZ7S7eJZixSh5c|234561908|15sp2QnWKuCUs4mzY6qK2o4DfPPNjW3uHy|234833148,wallet|transaction|wallet|transaction|wallet|transaction,|0.00263268|-0.967801|-0.00394017|-0.968714|-0.00377807
16cvB5yMgUb7LYjYfR8Yg31gh8vzo4by5h,5,transaction,390045727,False,True,6,16cvB5yMgUb7LYjYfR8Yg31gh8vzo4by5h|390327170|1MSMU5ynydjKp7WbeFt9S9nmKhyJrcTMYx|390327174|1CM8JfniBj3t63qEaGBropcFdqNQejBdqv|390045727,wallet|transaction|wallet|transaction|wallet|transaction,|0.000266254|0.0288527|0.00102121|0.0282442|0.000605255
16fqJ23TKVm8z38MhHwfbp3hJ3Ru8g66TS,5,transaction,48863516,False,True,6,16fqJ23TKVm8z38MhHwfbp3hJ3Ru8g66TS|163811747|1Cp6H3uZVXTpynummkyu7qDeJmhXjoBQz8|13588765|1GwaUaTgHTpfzvNryPvegPbrjWgtvcW5nw|48863516,wallet|transaction|wallet|transaction|wallet|transaction,|0.00736204|0.0135567|-0.0037325|-0.968416|-0.00371858
16tgwuHsF5m8D2FzQazuZAyMKcJcbskGZh,5,transaction,84756079,False,True,6,16tgwuHsF5m8D2FzQazuZAyMKcJcbskGZh|84713533|1KaJqDFsjpx7jx3721h9SA39jaZ15jHxUX|84313961|18aF1hWBPW3bmcX6qxFgGc3Xi7uP1PB3ae|84756079,wallet|transaction|wallet|transaction|wallet|transaction,|-0.00216532|-0.968781|0.0045715|0.0220863|0.000103205
17DCxZGMqSpc452uwz2xVQ3UV1aY9m6W88,5,transaction,148541145,False,True,6,17DCxZGMqSpc452uwz2xVQ3UV1aY9m6W88|150413125|168FVwJBtBezqsp4Y7hdTzismSAuNePwnz|30700346|1MynQdmpcHsKSRdmrWCahHWmg9jpRZR176|148541145,wallet|transaction|wallet|transaction|wallet|transaction,|0.00389099|0.0287693|-0.00329021|-0.0829205|-0.00116611
17k2L2LNxVmgdezYqWE7ReJXBcE5tfZivN,5,transaction,242934464,False,True,6,17k2L2LNxVmgdezYqWE7ReJXBcE5tfZivN|353699854|12ZgeytYEfSJf3S28FegkBErxBciwbcPAR|194581614|1M9RnwcgZD36GdgtggHv4dgGutT6bA3gnf|242934464,wallet|transaction|wallet|transaction|wallet|transaction,|0.00642464|0.0210952|-0.0024443|-0.968186|-0.00207874
18E96y3Gy9WkPcxqaRXrubb2JT3kVEpFcG,5,transaction,346823271,False,True,6,18E96y3Gy9WkPcxqaRXrubb2JT3kVEpFcG|346377453|14yrbvLjXjbscrGHL4J37ezqKbAVLQVzgf|346097525|19b3pPyFPPbAymWUoPyoudMXpxRdkVgsnU|346823271,wallet|transaction|wallet|transaction|wallet|transaction,|-0.00258076|-0.540861|0.00413352|0.0176238|0.000212163
18NmhXfS1dFn8w9ZdzPb7yd4EUy9TncAGZ,5,transaction,209538681,False,True,6,18NmhXfS1dFn8w9ZdzPb7yd4EUy9TncAGZ|98429569|1AYek3VHzZS1YcbRYGfqpsbAzN5if3LCix|209723672|125yC4agj37XkhCscw4CkQWtgWKamkQrPa|209538681,wallet|transaction|wallet|transaction|wallet|transaction,|-0.0102878|-0.968781|0.0211673|-0.842807|-0.00445917
18aSycHNRJqzoywqdXxPH3fqBscjCzNzXQ,5,transaction,312469239,False,True,6,18aSycHNRJqzoywqdXxPH3fqBscjCzNzXQ|372726664|1FmHAyBbtYBaLcizbUXbvob4wqeqSsw3bx|368747363|1JuboB9h2jx9oUq2n7Ms9vH775K8Z9CMg|312469239,wallet|transaction|wallet|transaction|wallet|transaction,|0.000470579|0.0292166|0.00053224|0.0255783|0.000767082
198iXzkZKCcpWKt71M6ZipKCKTDc8Mv1wQ,5,transaction,248904109,False,True,6,198iXzkZKCcpWKt71M6ZipKCKTDc8Mv1wQ|248915711|1914T6qACv6M1dTMvGVcmqb4pC7xT6MWp8|248915712|1JyRNrt7PD2NaRypd7VPnjWAno2XXbakoA|248904109,wallet|transaction|wallet|transaction|wallet|transaction,|0.00101897|0.0283105|-0.000536799|0.028787|0.000560045
19BZW9Mqi8pREmYr8JmusBZoRJGCSdb9ZD,5,transaction,71761595,False,True,6,19BZW9Mqi8pREmYr8JmusBZoRJGCSdb9ZD|72629365|18iR8gJVbC2jnuQziLpUkCnHRb2JwwPm4J|72294245|1AEYj81gtenQ33UBgkS9ArWtGVxwtAQHpc|71761595,wallet|transaction|wallet|transaction|wallet|transaction,|0.00177354|0.0279093|0.00287455|0.0276765|-0.00187775
19BrkJWkMJ2CPHSFdfj9syivTCu5HcBNMk,5,transaction,2566132,False,True,6,19BrkJWkMJ2CPHSFdfj9syivTCu5HcBNMk|248915737|1KQt1nXkXLL2VqyC9VmfiGhjhmyPTasfvV|248888670|1Kzx8Hc4kPwTkWfnsRAKa7FhYbRVxfH96z|2566132,wallet|transaction|wallet|transaction|wallet|transaction,|0.007337|-0.968781|0.00852922|-0.968781|0.0407979
19ZMNGYumF6TmRTyLzWTdBpQ2jzC5tGSXQ,5,transaction,238247439,False,True,6,19ZMNGYumF6TmRTyLzWTdBpQ2jzC5tGSXQ|241537479|1FRkzyBLhrMCeutxiBaR42vjUCbSvsUupN|241503779|13bQ6ewbvXMadmVNktsNANSujfYghdQ9ZH|238247439,wallet|transaction|wallet|transaction|wallet|transaction,|-0.00042522|0.0301631|0.00100794|0.0290585|-0.00232351
19gpfUDjUHm9nR6U7j1NZEUUjQ3rCPeRb5,5,transaction,163806318,False,True,6,19gpfUDjUHm9nR6U7j1NZEUUjQ3rCPeRb5|319922710|1AZqSCEfxzk3y5tN4Xj56npgKLWUiYTXVx|376249040|17nko3qu2KwvSew5UMbDbp6BPomtzFmU7k|163806318,wallet|transaction|wallet|transaction|wallet|transaction,|-0.00411037|-0.678122|0.0031499|-0.968669|-0.00310582
19sE2HsS8z2aND1CZ54QZkei98PBT3yjvR,5,transaction,390331002,False,True,6,19sE2HsS8z2aND1CZ54QZkei98PBT3yjvR|209951990|195eqvV43dFxexf4cqEWzmCgNXNiyeecmS|209865519|16vXbinRnzVaU4fRrx1Jz6npzjzCaiv63C|390331002,wallet|transaction|wallet|transaction|wallet|transaction,|-0.00237116|-0.968781|0.0403633|-0.184271|0.000420362
1A2iNz9kcEVn3oFS8agJwraQmCjFeExUGq,5,transaction,294602321,False,True,6,1A2iNz9kcEVn3oFS8agJwraQmCjFeExUGq|85004961|17tz8uYZ5sWRnGhWBP3qXPgULqjtJmS6Uv|85004953|1NgNNa6hFEoFYj9CnpYK4mX3v5GwEK1fiS|294602321,wallet|transaction|wallet|transaction|wallet|transaction,|0.000340819|0.027658|0.000149161|0.0258625|0.000748366
1AUb3JXS7uLtoAx89qn5Z1Dusp5w1dqqyq,5,transaction,211118681,False,True,6,1AUb3JXS7uLtoAx89qn5Z1Dusp5w1dqqyq|210367157|1C7Y6bp6URUPhVEQT83wno2wTsFYYyfnmW|210642706|1GAy1qPgHkboWegAezYH5NYGu1QYGkieRY|211118681,wallet|transaction|wallet|transaction|wallet|transaction,|0.000407279|0.0295357|0.000642866|0.0292095|0.000771821
1Ah9JpJU5EhyHzZ9GetnzkifqjKHaXJnnN,5,transaction,90406435,False,True,6,1Ah9JpJU5EhyHzZ9GetnzkifqjKHaXJnnN|190427047|19f4PmYnWgYaTN77WWPpwNx6gCFoDbtPyj|189989270|1AeN5ZmMZYk6jnBWReVmdMCyAGUKobpWsD|90406435,wallet|transaction|wallet|transaction|wallet|transaction,|0.00113085|0.0260066|-0.00219119|-0.955472|-0.00241825
1BAThQjWLezcoTa7Gp2oTNAt6zEJtXe2kG,5,transaction,57129548,False,True,6,1BAThQjWLezcoTa7Gp2oTNAt6zEJtXe2kG|234836322|1LzmUk5HFsq8KjkC52LkHovj1Pi5Q7me72|61769776|1Mb1Y5T1WLNap8WCebd6S77DDCJ6VBJce3|57129548,wallet|transaction|wallet|transaction|wallet|transaction,|-0.00159222|-0.889707|-0.000693798|-0.296161|-0.00146446
1BHeTKX56dxYfB1e3vujLiFfDd6gvcQU3R,5,transaction,54724881,False,True,6,1BHeTKX56dxYfB1e3vujLiFfDd6gvcQU3R|69770247|1LFgusE2UTYrFjeGCx99q3uNNk6MkgdTMM|54724851|1LhisXA4Hy4j7NooD4JfN8bSgrZHEuUSdq|54724881,wallet|transaction|wallet|transaction|wallet|transaction,|0.000944853|0.0195348|-0.00339606|0.0095185|-0.000904232
1BLrPquffCZQ87nKSLciPkmAP5E5XAKWxP,5,transaction,272123653,False,True,6,1BLrPquffCZQ87nKSLciPkmAP5E5XAKWxP|272511054|1GpKJh4mE2DcVVGXW9pTmCb4vsrKMXvv1U|272507609|1BMpyVzydjSQPnwu1SY96ZXikfEAsmjPuT|272123653,wallet|transaction|wallet|transaction|wallet|transaction,|0.000858217|0.0289146|0.000903726|0.0281905|0.000443757
1BfnRGdiPbPnyQRQxdgLQwcd5b7k4UchCr,5,transaction,67672679,False,True,6,1BfnRGdiPbPnyQRQxdgLQwcd5b7k4UchCr|67682778|1PoJfJM84bHofDcsGaYsfPbZsaCRUC8nxc|67682780|1HnonTFcYdnksX7tdPUdD3cbdBWHHct9nG|67672679,wallet|transaction|wallet|transaction|wallet|transaction,|0.000596076|0.0267775|0.00221533|0.0199432|-0.00299838
1BprJEYC1v5RPWs3eThb97h3bXYoqs8YjL,5,transaction,272081630,False,True,6,1BprJEYC1v5RPWs3eThb97h3bXYoqs8YjL|272273597|18zL4FuVfVQvaBrwAn3jarxp4YJEvHtRAs|78155198|1LK1eeoejC1cbJGw6T5q4AryJfUcf9NKpU|272081630,wallet|transaction|wallet|transaction|wallet|transaction,|0.00209469|0.0139834|-0.00443247|-0.0138074|-0.00017035
1C5tpq2zV94H4mX8nwGhsKB7V4naxUC6qk,5,transaction,346381953,False,True,6,1C5tpq2zV94H4mX8nwGhsKB7V4naxUC6qk|339262401|1NTELqzP6bTddvUZdFwdxML3NGbvuRUB26|339091122|3QyUSB4eRYePHcvpS6k6YDMBUDGXRSSMPc|346381953,wallet|transaction|wallet|transaction|wallet|transaction,|-0.000420749|0.0278025|0.00238359|0.0296186|0.00162348
1CEn9pKVyoQ49byd9L6xZ9oifkZ586w46j,5,transaction,272334640,False,True,6,1CEn9pKVyoQ49byd9L6xZ9oifkZ586w46j|272488578|12WnjMEeoS1oJ8nbciyJAP1nRd5xAyBYwf|272419455|1LnJiNrnMq9sXGJoZMMvAMhj63pFi2xtd6|272334640,wallet|transaction|wallet|transaction|wallet|transaction,|-0.00408986|0.000100791|-0.00156546|-0.903801|-0.00335607
1CGNZN9vxoufjbN1GWKgRVXCZVdb78dc3v,5,transaction,175438020,False,True,6,1CGNZN9vxoufjbN1GWKgRVXCZVdb78dc3v|183035845|15vo1daHA3U16gNJfuwnvtYbJvB1PXEwUt|179008056|1QUEqgC8wQeMX3rn9eQSqgax5gq5CPwgK|175438020,wallet|transaction|wallet|transaction|wallet|transaction,|-0.00130469|-0.846112|-0.00345692|-0.340445|-0.00234693
1Detvh6CX4R2e36yNSKKX2FUFG8tNnFeje,5,transaction,67673786,False,True,6,1Detvh6CX4R2e36yNSKKX2FUFG8tNnFeje|70383882|1KVbqXuJMPfVCyXxhNmiftANoJQE4112HM|55719563|15RA1aiuMV9yiwFo6bxXJ9Nf1RkV61WrTy|67673786,wallet|transaction|wallet|transaction|wallet|transaction,|0.00716543|-0.872826|-0.0010246|-0.968781|-0.0010581
1DucdXFCnVZ9pwfFTzvRC5w9JAqePggVjK,5,transaction,312453693,False,True,6,1DucdXFCnVZ9pwfFTzvRC5w9JAqePggVjK|372680075|139hw4F176hjZ8W9JF7CVdZVRLoLRCmX5A|372677158|1GhGq323bDDzGZxAEt3FHgUsff2rqUJFih|312453693,wallet|transaction|wallet|transaction|wallet|transaction,|0.0008699|0.0296896|0.000943512|0.0288099|0.000507504
1EX3Sqmz9eh4VzfEoQn9CbVhfP9mcPj1M4,5,transaction,827907,False,True,6,1EX3Sqmz9eh4VzfEoQn9CbVhfP9mcPj1M4|191108335|1G89bVdr8cWLjBDu6YBaDfLYkkcVGAy59G|190444190|1M84cVDgg6ArszuMsi8VuerWJ3LSCT3uTc|827907,wallet|transaction|wallet|transaction|wallet|transaction,|0.00624767|-0.968781|-0.000997603|-0.968781|0.00829253
1EdLjQuct1i6Uy6kDxZ2sp4UMN8kEhhnQp,5,transaction,224292573,False,True,6,1EdLjQuct1i6Uy6kDxZ2sp4UMN8kEhhnQp|225877497|15HNcvALZjz3VZQRML5HQmkmKsXKWPmoJj|224311885|1DKLZJw4pmLRur7RKcFDbs1bQ9FH9JE3r3|224292573,wallet|transaction|wallet|transaction|wallet|transaction,|0.000767857|-0.949465|-0.00528783|-0.968717|0.00118917
1EftEfZhQnniFQ4zspDvwP2XcZ1GGuiVVs,5,transaction,194344837,False,True,6,1EftEfZhQnniFQ4zspDvwP2XcZ1GGuiVVs|194344843|1k9dgw9oYLcYUQJ2m1LpKL5pUbaEJ6XEQ|194344840|1FyL9KhodjsAvkQwv9aKjugfnTGTwmStHj|194344837,wallet|transaction|wallet|transaction|wallet|transaction,|0.00108168|0.0187849|-0.0038048|0.0102137|-0.00290385
1FL8Zjh5DcYLTcw6KKRmquTth1ScoFA2Jy,5,transaction,346381953,False,True,6,1FL8Zjh5DcYLTcw6KKRmquTth1ScoFA2Jy|339261257|1NTELqzP6bTddvUZdFwdxML3NGbvuRUB26|339091122|3QyUSB4eRYePHcvpS6k6YDMBUDGXRSSMPc|346381953,wallet|transaction|wallet|transaction|wallet|transaction,|-0.000229895|0.0278025|0.00238359|0.0296186|0.00162348
1FMTyq8JVy3Lz7kAXxuwmzJQfrsQmdaMrr,5,transaction,209493399,False,True,6,1FMTyq8JVy3Lz7kAXxuwmzJQfrsQmdaMrr|211087780|1QGXTvVEXUdnTBmwwiCTuZvdqJqrADNES|209805555|1KxFQJvXkvioejBk9Y1oNV1ioz11R7f73J|209493399,wallet|transaction|wallet|transaction|wallet|transaction,|0.000202507|0.0276636|0.00164613|-0.062797|-0.00503016
1FYZyBjDmNh3au9BEv1WyPNZTrD7xiAFqz,5,transaction,2566132,False,True,6,1FYZyBjDmNh3au9BEv1WyPNZTrD7xiAFqz|284128608|1DFzGW1p698wzoAUi1d3AzmcYQqyujpExD|39431431|1Kzx8Hc4kPwTkWfnsRAKa7FhYbRVxfH96z|2566132,wallet|transaction|wallet|transaction|wallet|transaction,|0.00749758|-0.968781|0.00370467|-0.968781|0.0407979
1G9M7U6KHYxFbr6aKLBcm5ty4FfAR6QU1n,5,transaction,168088965,False,True,6,1G9M7U6KHYxFbr6aKLBcm5ty4FfAR6QU1n|355155563|16hASvDZQ4Je1MS5kPiernmjQFrPcb2BRo|171417302|1QFadHqLshMJWXWwHhSDkp6oYPLECgmVrG|168088965,wallet|transaction|wallet|transaction|wallet|transaction,|0.00685665|0.0210686|-0.00120038|-0.968759|-0.00237054
1GMtqu9EQRgS25fTadUnMnixctJcRr4CUF,5,transaction,96348644,False,True,6,1GMtqu9EQRgS25fTadUnMnixctJcRr4CUF|94654142|17dh9ALNVek6K6akJJPXDtdjCFRLZH2Ugc|115071280|1LbaYuq19sL9n3UazywnQWkniJzD1ndPeT|96348644,wallet|transaction|wallet|transaction|wallet|transaction,|-0.000428081|-0.0121614|-0.0016228|-0.95106|-0.000548422
1GQ5MT4pWKyeUdfThrdYrcicPasi7YEJxq,5,transaction,314705,False,True,6,1GQ5MT4pWKyeUdfThrdYrcicPasi7YEJxq|116839462|1DRVsRCks3LKwMG2KY3rR7DsG1g6BCp1HU|116101613|1PF3HXCd71bF8oGTVnAbXDLMFTJUKEGSKV|314705,wallet|transaction|wallet|transaction|wallet|transaction,|0.0104102|-0.968781|-0.0029805|-0.968781|0.0221926
1GXRSerqFmWEya6giGRYNoLatrFbwAM3bt,5,transaction,22930629,False,True,6,1GXRSerqFmWEya6giGRYNoLatrFbwAM3bt|41520412|1MYopW4opXiyJsFTaJpVDttk7kzU4DUDFr|7308219|1K5KwDx3DWQba3qVnnXRsWrwduV7pcHy7b|22930629,wallet|transaction|wallet|transaction|wallet|transaction,|0.00468883|-0.0170388|-0.00411487|-0.968581|-0.00238618
1H1TcKzseAVk2XatDXA9xsYoGHcDZUjLCM,5,transaction,238324149,False,True,6,1H1TcKzseAVk2XatDXA9xsYoGHcDZUjLCM|238363563|1Dy99uh3GgaPMW5TEUj8QFPiPMJ9b9E9Aj|138516098|1BwuFa1mEDK1ne1Pe39sNnnAQiJF48p9VL|238324149,wallet|transaction|wallet|transaction|wallet|transaction,|0.00383499|-0.674599|-0.00112271|-0.968766|-0.00233302
1H1amSxfpyjrLMhn1DQcGciTiBm6VcN98L,5,transaction,12715499,False,True,6,1H1amSxfpyjrLMhn1DQcGciTiBm6VcN98L|12778524|1DnVcjZsfaGfMJ6pUzxAMR7Z9YQFP27cDE|12778529|1BTNTtBovq5XN8Fc4q8UUfMGsV5o8u4Rky|12715499,wallet|transaction|wallet|transaction|wallet|transaction,|0.00997415|-0.532071|-0.000251681|-0.968781|-0.00222695
1HQfXfrtw7zZVq3ouzdDKSeF42xgBgnY5t,5,transaction,219973855,False,True,6,1HQfXfrtw7zZVq3ouzdDKSeF42xgBgnY5t|241554832|1HcjyYtE38Y2oND4JSrV34sB89mh46nM9h|238398788|1LuLhJmNX6Gjxz6ajjvzKBnf588qLpfypS|219973855,wallet|transaction|wallet|transaction|wallet|transaction,|-0.000548482|0.028522|-0.00486138|-0.968671|-0.00160778
1JP84sUvUL5RmQNVbSnCvtRD9Wmhhsem88,5,transaction,13035014,False,True,6,1JP84sUvUL5RmQNVbSnCvtRD9Wmhhsem88|375754977|1GU1B4cjFP6YshJgU4er2HqfHAB5t2K3fb|79902301|1HU8qwuC7F41exWRqotUGjfHu2R67ru4Gr|13035014,wallet|transaction|wallet|transaction|wallet|transaction,|0.00714532|-0.0244477|-0.0022589|-0.968662|-0.00193241
1JXpWdVz1jPMHhUESRFRv67A1keJGoBgbt,5,transaction,209075975,False,True,6,1JXpWdVz1jPMHhUESRFRv67A1keJGoBgbt|110276377|19D18Vr49rqFgQndY3vVCFMTUoZw4KpNSr|209106522|19wWcz9E9hS9VrDZMuE792JXGuqeXxamhm|209075975,wallet|transaction|wallet|transaction|wallet|transaction,|0.000616908|0.0287781|0.00125042|0.027521|0.000486284
1KD3rmpNx1fjhwBieQNQQyYXC3pgeriCEx,5,transaction,84451942,False,True,6,1KD3rmpNx1fjhwBieQNQQyYXC3pgeriCEx|86175653|1A3Mz3TgfTuzH5WGX3X4tKFS51YbJfrbnb|84474265|145V6ddSe9hGFVBaK1mrKPoLTiH1ZJrc5z|84451942,wallet|transaction|wallet|transaction|wallet|transaction,|-0.00230274|0.0306482|0.0011692|0.0288578|-0.00160888
1KHEVChKngFH3mKWuLLefdQPfBmMwpYs5o,5,transaction,163708871,False,True,6,1KHEVChKngFH3mKWuLLefdQPfBmMwpYs5o|163808019|1Pxeh8yzFTnsBijMvsAVMBJYyxBXmiJdd|163808022|1B1hYinqyWix9U65Nm6iGcj2z6tZK9mhwN|163708871,wallet|transaction|wallet|transaction|wallet|transaction,|0.0038121|-0.869907|-0.00414795|-0.96863|-0.00367361
1KLoncgbKCwDqhWo5EcYz9wSjDhz9rBEqN,5,transaction,355124110,False,True,6,1KLoncgbKCwDqhWo5EcYz9wSjDhz9rBEqN|182313355|15C4iGjiERw2ZwaTrhsRmsgSFBydKjPoQd|355124108|1EVmeeBuxj5jzUitfAjAiSYZwM6A6owyFS|355124110,wallet|transaction|wallet|transaction|wallet|transaction,|0.00105524|0.0274984|0.000951707|0.0239041|-0.000254929
1KP8RFqGVzP5nBniHC8tiFftaHf2HyBGSq,5,transaction,331558544,False,True,6,1KP8RFqGVzP5nBniHC8tiFftaHf2HyBGSq|339662623|18tS9hmXn3j2ErbXxJdHECBroJrhsPLmfa|228736379|1ANEQZ1pV582n8hXcvX9H75i2VCfyVFzsd|331558544,wallet|transaction|wallet|transaction|wallet|transaction,|0.005317|-0.197742|-0.00470901|-0.968609|-0.00303283
1KZempmu9NQgDM2tHRUtsQdHHX8tGKL9D,5,transaction,296702638,False,True,6,1KZempmu9NQgDM2tHRUtsQdHHX8tGKL9D|372731488|1C9iZGCVNeRwLXp3zP4Q7r6fKAWaFVBD9W|372672054|312451620|296702638,wallet|transaction|wallet|transaction|transaction|transaction,|0.000893652|0.0173243|-0.00362462|-0.0531729|-0.0447645
1LFyJrJ2nZXiPQ45tRp2Br79LuCCavR1HJ,5,transaction,376202522,False,True,6,1LFyJrJ2nZXiPQ45tRp2Br79LuCCavR1HJ|386132228|1Q4YioT2thfaJcqEW5pwi5czzG2K86bcKB|344157899|3MEXY5bKD7AZH1TdWnHnJRjQvWSTazC7e4|376202522,wallet|transaction|wallet|transaction|wallet|transaction,|0.00170788|0.0218278|-0.00274706|0.00633931|-0.000209302
1LfDgD879DuLSPeBADny77iRLSo8dBoCL4,5,transaction,238247439,False,True,6,1LfDgD879DuLSPeBADny77iRLSo8dBoCL4|243780852|18N32VTpWKzR1PjPRXNngjxwJVBEAmfbeb|241513499|1Q92CMv5xX3ZeqnPKZWdrkXezX8iWtDeE7|238247439,wallet|transaction|wallet|transaction|wallet|transaction,|0.000734806|-0.0293325|-0.0013386|0.0281439|-0.00232351
1LgZyKQqwcQWzjjDoryoPMLAxVM7YLpvJU,5,transaction,42960555,False,True,6,1LgZyKQqwcQWzjjDoryoPMLAxVM7YLpvJU|43525228|15j8qH6ZH2EYNE348Kd3tjhda5oKiU6myY|43316722|1NgXHoUaTn962H4q76igmz4JDFgrqHHJKY|42960555,wallet|transaction|wallet|transaction|wallet|transaction,|0.00366136|0.0282214|-0.00460571|-0.571472|-0.00239268
1McuRt9caavHZ45RTPvTwt74YatiuomkSg,5,transaction,331504866,False,True,6,1McuRt9caavHZ45RTPvTwt74YatiuomkSg|336540594|1NUfnj65jhuVjWyutxaTitoubGrp1t4Y7L|331560077|1HdJEcZCV8ZnNn559ZU3j71rtA4istg31b|331504866,wallet|transaction|wallet|transaction|wallet|transaction,|0.00263855|0.027404|-0.00182027|0.0116312|-0.00110427
1MhBdL9AQGVtxm6wskTbEYNsW77bGJgcYw,5,transaction,12678337,False,True,6,1MhBdL9AQGVtxm6wskTbEYNsW77bGJgcYw|12780327|17XmsuwbHSztXYDFPWWfFo9SgBFcvU6ffi|12780329|1K4N98XzHtwa7cuyZ5zSBzuUYqaEizifXH|12678337,wallet|transaction|wallet|transaction|wallet|transaction,|0.0038867|-0.948767|-0.00140432|-0.968759|-0.00199908
1Micm93qCtE6s2CKafvfLtYc4PkPwfpUe2,5,transaction,66780895,False,True,6,1Micm93qCtE6s2CKafvfLtYc4PkPwfpUe2|191110884|1KEDhCJJhVyUbsxNAordNXjnMjNXQFxK4D|190447239|1Hmu5iahbfm5aix2ZRPeYhDGgArmuGGgfE|66780895,wallet|transaction|wallet|transaction|wallet|transaction,|0.00219083|-0.0918038|-0.00346825|-0.96878|0.000856161
1NATwwxzZe6gmgMqEkmCfKgbFHgynWkg5A,5,transaction,368814335,False,True,6,1NATwwxzZe6gmgMqEkmCfKgbFHgynWkg5A|372680071|17tRR2sxuAEXxbEV76eNt3KKepFbvtRR85|372680063|1HKB9RPAW6gfrhkzrkCtHaT9Z7dHYWTVgt|368814335,wallet|transaction|wallet|transaction|wallet|transaction,|0.000990063|0.0295377|0.000950396|0.0286418|0.000488102
1NQfkhByR6nSBKvLXisnotEpwGgQkHxzUR,5,transaction,44255125,False,True,6,1NQfkhByR6nSBKvLXisnotEpwGgQkHxzUR|175755806|14fm2yj1QYccss2kZUCTbzg8dfkyyugsa2|78084652|1LCoPwVLqZ1mkxpp1zMuoNySVg1iR51eoC|44255125,wallet|transaction|wallet|transaction|wallet|transaction,|0.0053314|-0.491972|-0.00344127|-0.968781|-0.00422332
1NTkFtqN7b47iQXAWzsQwFXSJ5vGqKW6Th,5,transaction,216286479,False,True,6,1NTkFtqN7b47iQXAWzsQwFXSJ5vGqKW6Th|272270458|1E7KrjW8q9RoJC12FWeFVizQfktPcsnqSZ|55902252|1EUF3Z6GL2WcKUELmnNcYsVZpdw9tdoz4A|216286479,wallet|transaction|wallet|transaction|wallet|transaction,|0.00272772|0.0265879|-0.0037612|0.0084306|-0.000247002
1NmVFK2Pw8kTSqo3PCvgFPjwbwwMdwRC8d,5,transaction,13339735,False,True,6,1NmVFK2Pw8kTSqo3PCvgFPjwbwwMdwRC8d|288474786|19NJtuAc7kQwprZ1MFRSJdRVx2v6qLqfbp|13339732|1ADrJqbAYe72pe29twXUnUvHGq7oNHYwez|13339735,wallet|transaction|wallet|transaction|wallet|transaction,|0.00308681|-0.968781|-0.001396|-0.968781|-0.00142804
1NoDgnHmcVWJXLadMKJsMAgUCVC49kXrXv,5,transaction,84329316,False,True,6,1NoDgnHmcVWJXLadMKJsMAgUCVC49kXrXv|84732636|1Bee9c1ePneuBLH1V21gg98oCADe75kCji|84732640|1EFa7iEWZPoRWL9bc2r5pSpNupjBMXgxS2|84329316,wallet|transaction|wallet|transaction|wallet|transaction,|0.00454634|0.0233241|-0.00429949|-0.930334|-0.00118357
1Nqw2JbchQmqqEyUvPeM6tVAeU3RSSTfdv,5,transaction,72057688,False,True,6,1Nqw2JbchQmqqEyUvPeM6tVAeU3RSSTfdv|14381000|1EWCrTYpHPC2qTov4CW8zz4Mf3xewKop5H|70784303|18vpeXkfvArKS5Qg6bd52F4QYidFuByB64|72057688,wallet|transaction|wallet|transaction|wallet|transaction,|-0.00308588|-0.968781|-0.00547016|0.0222028|-0.000144541
1NrLdSHjcNDmfqB3WWQ9Vx849EUYLFmrwU,5,transaction,119062763,False,True,6,1NrLdSHjcNDmfqB3WWQ9Vx849EUYLFmrwU|336428774|1KwenviySubuTPQ3Rf4Vd2ftaMJUvt4ayQ|331556399|13t6Zn4Fw9AN5tccAFzg1MjEm3pRxQoaW3|119062763,wallet|transaction|wallet|transaction|wallet|transaction,|0.000531018|0.0281489|0.00254962|-0.0871469|-0.0035907
1PCAaeg2uMy9Ms79C5iZrPye88od6ifkAL,5,transaction,235473257,False,True,6,1PCAaeg2uMy9Ms79C5iZrPye88od6ifkAL|234565828|1FyV8M6VrKHAaTT7eQKxMbRqi8DHetaWKk|234565830|1ELWgs4Rj6iMULRaFSL86KPg3y4bsufSRm|235473257,wallet|transaction|wallet|transaction|wallet|transaction,|0.00050199|0.0305272|-0.000141561|0.0238692|0.000202715
94654172,4,transaction,94119288,False,True,5,94654172|1BCWLkdTHF8QxmJHv8c5WmjJMjiNCyzeBK|94361886|1UPoNnMxUcuwaJueqz9wQ9oHhTHPs6WrV|94119288,transaction|wallet|transaction|wallet|transaction,|0.0290154|-0.00463104|-0.0672693|-0.00181386
94688507,4,transaction,94685989,False,True,5,94688507|19qBTgiUqA1zg4sejaNnYogMX5gaAfMFqa|98768726|1Nud7Nb9XJzU57KnvHUrSAcJS3ydkkSu1C|94685989,transaction|wallet|transaction|wallet|transaction,|0.028052|-0.000125289|-0.215661|-0.000145972
98728644,4,transaction,94187044,False,True,5,98728644|12Lkwz1MrThSYuqHVtSu94VQfWeEoLjHYR|94186757|18LHqXoYqbcuYpTruNZNenDXsBFFQXf1dz|94187044,transaction|wallet|transaction|wallet|transaction,|0.020137|-0.00514987|-0.962821|-0.000202119
41249229,4,transaction,189805129,False,True,5,41249229|1Ankd48sB4LStxg1caZuUCjQcqMhdLLj6L|189805127|148TMmBdUKUP3ABarNVtLJnXkPaFwzzyxr|189805129,transaction|wallet|transaction|wallet|transaction,|0.01322|-0.0010246|-0.0319541|0.000392944
190005963,4,transaction,61327591,False,True,5,190005963|1KNEZ4tqeSBiHqUf8Uj2aFwMwD7JMG44go|92724844|18SvEyWtCUhxVwQV54snBsp3S4YS9c3Riz|61327591,transaction|wallet|transaction|wallet|transaction,|-0.0111615|-0.00717372|-0.887268|-0.000900805
190427047,4,transaction,90406435,False,True,5,190427047|19f4PmYnWgYaTN77WWPpwNx6gCFoDbtPyj|189989270|1AeN5ZmMZYk6jnBWReVmdMCyAGUKobpWsD|90406435,transaction|wallet|transaction|wallet|transaction,|0.0260066|-0.00219119|-0.955472|-0.00241825
190427652,4,transaction,190032426,False,True,5,190427652|15coFKYspwMKwZu8wzpsyv2ief4awTvyev|190427051|17dhrQbdg2WV5CVr7Wfw4XoNz1GwmDvo39|190032426,transaction|wallet|transaction|wallet|transaction,|0.0274092|-0.00466102|0.0247263|0.00121808
191107597,4,transaction,190014509,False,True,5,191107597|1Lk5Eax35hRrossE8bW3ZHsecsrtXWu6E7|190434068|1KJrajDEsMkh7VJtS1xnVaxh38fjVw25k3|190014509,transaction|wallet|transaction|wallet|transaction,|0.0294338|-0.000319749|0.029057|-0.00046134
191632187,4,transaction,191232767,False,True,5,191632187|1CKe74Pg48i93pCt2uxfGhYARjnGLRgtgr|191232763|1KBaQtrgSrneZ6kAatVR7NPWY69YQvK9jz|191232767,transaction|wallet|transaction|wallet|transaction,|-0.96818|-0.00389567|-0.968696|-0.00264981
175406302,4,transaction,49025732,False,True,5,175406302|17tV4BuGBV6yLxtnaGNeQx27qy4t3X4Pub|54465449|1CJmdGTk8M3S4n1sWA3e2QjNiDqJ5r3qUy|49025732,transaction|wallet|transaction|wallet|transaction,|0.0301643|-0.00162774|0.0183806|0.000980079
179038755,4,transaction,175403946,False,True,5,179038755|1Kt6XKGChi9DUMEsveRhvaA3jTJ6t7qQzC|179038891|1oYVGn5yqqYrqc6rkT4rfozE6vUtU4LDk|175403946,transaction|wallet|transaction|wallet|transaction,|-0.0265244|0.0012382|-0.948064|-0.00308666
216384921,4,transaction,175754507,False,True,5,216384921|1P9BzzezfjuPnttdwgFae9ZiMUDqd1y6vj|49025731|1NaRxwBnkKajaumCCDBmchSTAKNaJNJwpJ|175754507,transaction|wallet|transaction|wallet|transaction,|-0.0257376|-0.00304645|-0.958119|-0.00344169
226629474,4,transaction,175754499,False,True,5,226629474|172oGLb5C2uABoCAwXiNZf66uC5D4Yob3X|179369359|177CxS4KTwSmusbZsuvMkhX9pNgu7oM3yC|175754499,transaction|wallet|transaction|wallet|transaction,|0.0294144|-0.00341803|0.0170817|-0.00138703
226667659,4,transaction,175455423,False,True,5,226667659|12Tw2TQi6soy7r3vJLQoG5WcD1xvRiDo8N|179026575|13GAftL5wZmkHbjjAvkpciQMNhQiVa4Xdh|175455423,transaction|wallet|transaction|wallet|transaction,|-0.07311|-0.00168002|0.00930703|0.000410587
226668097,4,transaction,175079348,False,True,5,226668097|1Co9U42GYEvfLjh8aZbwno7pY7hVX7VKq7|226636763|1AT2uhss3R2ZPPkiKUrujXWzojXfr8V5FP|175079348,transaction|wallet|transaction|wallet|transaction,|0.0297669|-0.000333101|-0.0120807|0.000147045
43003119,4,transaction,42624355,False,True,5,43003119|1CpXnV4FdYM8rqzA5KGip6GBLMbRhsKq6J|42961173|1LYA7MurtUKph4iZdof1uH1zSvGiSX93uX|42624355,transaction|wallet|transaction|wallet|transaction,|0.0258955|-0.00378177|0.0205596|-0.00108942
43004044,4,transaction,42624355,False,True,5,43004044|1CpXnV4FdYM8rqzA5KGip6GBLMbRhsKq6J|42961173|1LYA7MurtUKph4iZdof1uH1zSvGiSX93uX|42624355,transaction|wallet|transaction|wallet|transaction,|0.0258955|-0.00378177|0.0205596|-0.00108942
43327208,4,transaction,68589101,False,True,5,43327208|16UREjCUa4bePVgeHXCDQNExjyukNJAqmv|43327209|19P8796tLoWa2FDavKwkQeSQsrQSc1BhMW|68589101,transaction|wallet|transaction|wallet|transaction,|0.0300904|0.00110522|0.0300264|0.00262636
43522396,4,transaction,37320780,False,True,5,43522396|14CRvg3vmqPACNZ3daBoJ7fnmHkp9w6Zuo|43522398|1948e7BW35k6xQukmBn9rLsFWmF5GRxTVk|37320780,transaction|wallet|transaction|wallet|transaction,|0.0292179|-0.00112766|0.0203538|0.000966132
43523018,4,transaction,42999521,False,True,5,43523018|1eZrqTx6cdwTtoNN1wavMqJ4EViXfq3td|43317339|1LCJQV2nbqAzt9w8o667qYSAgAfFGqoTRH|42999521,transaction|wallet|transaction|wallet|transaction,|0.0295341|-0.00483847|-0.00474608|-0.00169486
205031523,4,transaction,234661323,False,True,5,205031523|1KJGzunTGbp9VRDcHaWkm29A1gYtLxfyrD|234833833|1MSN6GDAReDthKFxakPsUVRMWWtKzYqGGh|234661323,transaction|wallet|transaction|wallet|transaction,|0.0306395|-0.000731528|0.0218065|0.000261605
205042152,4,transaction,234149728,False,True,5,205042152|1P4rftpiSXzdNYVEGrM7jw2yH9U8EHv6m7|3584693|1NEP6ViFA8pQcbaqbbMxHHdmK18nH7mAt7|234149728,transaction|wallet|transaction|wallet|transaction,|0.0278845|-0.00364974|-0.664094|-0.00383294
234559580,4,transaction,31093119,False,True,5,234559580|1Ax83HzEaqCCFNj1dyxkH7M8TAnGs33QJ5|234177319|177W37pa74gwti1kWq9tgPmPFuJt5VA9ec|31093119,transaction|wallet|transaction|wallet|transaction,|-0.965771|-0.00444984|-0.263807|-0.00170007
234561907,4,transaction,234833148,False,True,5,234561907|1SurEo6GzF67rtHcu1uiZ7S7eJZixSh5c|234561908|15sp2QnWKuCUs4mzY6qK2o4DfPPNjW3uHy|234833148,transaction|wallet|transaction|wallet|transaction,|-0.967801|-0.00394017|-0.968714|-0.00377807
234835399,4,transaction,234149728,False,True,5,234835399|1P4rftpiSXzdNYVEGrM7jw2yH9U8EHv6m7|3584693|1NEP6ViFA8pQcbaqbbMxHHdmK18nH7mAt7|234149728,transaction|wallet|transaction|wallet|transaction,|0.0278845|-0.00364974|-0.664094|-0.00383294
182668046,4,transaction,346381953,False,True,5,182668046|1D9qfFsVYspNFNEtmZ3KimC18HcWqwMQxf|339056313|3QyUSB4eRYePHcvpS6k6YDMBUDGXRSSMPc|346381953,transaction|wallet|transaction|wallet|transaction,|0.0291144|0.000801623|0.0296186|0.00162348
339057957,4,transaction,346381953,False,True,5,339057957|13VCCkD2GkVnsqhUBTV2Xr2vTuJGjCRcgG|339055906|3QyUSB4eRYePHcvpS6k6YDMBUDGXRSSMPc|346381953,transaction|wallet|transaction|wallet|transaction,|-0.0220479|0.000353336|0.0296186|0.00162348
339095636,4,transaction,339059163,False,True,5,339095636|1gXmuNaxhpToW6QqPiiaaVfUhEps19aXN|339095637|157rZAeMrMt4xNXWJfVPBZadkW7BcTtK2t|339059163,transaction|wallet|transaction|wallet|transaction,|0.0291448|0.0013414|0.0286412|-0.00190169
339156510,4,transaction,346381953,False,True,5,339156510|1NTELqzP6bTddvUZdFwdxML3NGbvuRUB26|339091122|3QyUSB4eRYePHcvpS6k6YDMBUDGXRSSMPc|346381953,transaction|wallet|transaction|wallet|transaction,|0.0278025|0.00238359|0.0296186|0.00162348
339553108,4,transaction,339083961,False,True,5,339553108|1DshVpdhxHzUQefZ8HPwJXjFPWxGhB1gCu|339103434|1LC1HCSYwM4erBY17XbrpyPSjEt8mXMKMx|339083961,transaction|wallet|transaction|wallet|transaction,|0.0297746|-0.00261804|-0.00436217|-0.000318438
339964521,4,transaction,339104573,False,True,5,339964521|17gHrogzj76dFfpSP8tmvKdnUJ3QiBsjXf|339104579|14XMN3Re3Xf8XM3Sz5pAipQgSsmtk2SqWu|339104573,transaction|wallet|transaction|wallet|transaction,|-0.0590862|-0.00377679|0.0246972|0.000476003
15235784,4,transaction,15133789,False,True,5,15235784|14crHnBRGCKVQEXgTqQz8wMRmd2Gkbv6gY|15133966|1qraZPdc3zdxPiXxDh5XjSDoWQ5TNJSgt|15133789,transaction|wallet|transaction|wallet|transaction,|0.0111319|-0.00268263|0.0229761|-0.00302029
238193262,4,transaction,238281370,False,True,5,238193262|1GmDKD4VVHZncEo5L87pVdnZVdjt3VMZ9T|238207174|19jpzH7QfPbEg78FdMNkQEyUCDc3Q21V3W|238281370,transaction|wallet|transaction|wallet|transaction,|-0.00724262|-0.002323|-0.968636|-0.00202939
238363563,4,transaction,238324149,False,True,5,238363563|1Dy99uh3GgaPMW5TEUj8QFPiPMJ9b9E9Aj|138516098|1BwuFa1mEDK1ne1Pe39sNnnAQiJF48p9VL|238324149,transaction|wallet|transaction|wallet|transaction,|-0.674599|-0.00112271|-0.968766|-0.00233302
243780678,4,transaction,238207981,False,True,5,243780678|1Fnn7JG5k9Yjd5nKXa8xpWapmuYfrW57Bw|242499837|12XRs7xQLj3GPceTkQiCjFioMf1PA3bhUK|238207981,transaction|wallet|transaction|wallet|transaction,|0.0268416|0.00029248|0.0225928|-0.000124872
243780852,4,transaction,238247439,False,True,5,243780852|18N32VTpWKzR1PjPRXNngjxwJVBEAmfbeb|241513499|1Q92CMv5xX3ZeqnPKZWdrkXezX8iWtDeE7|238247439,transaction|wallet|transaction|wallet|transaction,|-0.0293325|-0.0013386|0.0281439|-0.00232351
378502032,4,transaction,346381953,False,True,5,378502032|1KwKLJTCWUQZwtBhgBQi5cwgnUip7L68z1|378320266|3QyUSB4eRYePHcvpS6k6YDMBUDGXRSSMPc|346381953,transaction|wallet|transaction|wallet|transaction,|0.0253428|0.000343323|0.0296186|0.00162348
304683944,4,transaction,290313048,False,True,5,304683944|1N6uduqzJ7hhBvJPzjBpaNfh3MjyjMTXHH|390236526|16SLgCWNLEz5C3HHuSVhExibLQkEXNuwNb|290313048,transaction|wallet|transaction|wallet|transaction,|0.0227402|-0.00326169|-0.968692|-0.00331688
390327170,4,transaction,390045727,False,True,5,390327170|1MSMU5ynydjKp7WbeFt9S9nmKhyJrcTMYx|390327174|1CM8JfniBj3t63qEaGBropcFdqNQejBdqv|390045727,transaction|wallet|transaction|wallet|transaction,|0.0288527|0.00102121|0.0282442|0.000605255
390572513,4,transaction,319179298,False,True,5,390572513|148r4i1UDDQQa6vKywArbr9xhrSaGaMpvA|390502971|19AdLB6drbkhVvW3fyA1d9g9qcZwTQMPna|319179298,transaction|wallet|transaction|wallet|transaction,|0.0306743|0.000979364|0.0290291|-0.00151578
248915366,4,transaction,156850884,False,True,5,248915366|1CQyeCkHUg1842N9YbZtD7YQboyAFZ1iZ4|18162090|1Jzcy2v5QvyXPxc1mwnVqBS2FCu8EqjgVQ|156850884,transaction|wallet|transaction|wallet|transaction,|0.0116841|-0.00521165|-0.965205|-0.00114414
248915737,4,transaction,2566132,False,True,5,248915737|1KQt1nXkXLL2VqyC9VmfiGhjhmyPTasfvV|248888670|1Kzx8Hc4kPwTkWfnsRAKa7FhYbRVxfH96z|2566132,transaction|wallet|transaction|wallet|transaction,|-0.968781|0.00852922|-0.968781|0.0407979
363085361,4,transaction,307481842,False,True,5,363085361|1txh3WiuxS7aWxCcGRGJcpSVVH6zRQrUi|362942132|1PdnzNX3jg5988PSz2yQw49jHf8TVUu6bJ|307481842,transaction|wallet|transaction|wallet|transaction,|0.028396|-0.00228906|0.0259814|0.000755221
60102676,4,transaction,209672239,False,True,5,60102676|1NUm3Fq1W1AEvTHeWV62q8cjh87zqn8M2F|209518125|15oMizPxv1qyFtMcrkWoqb8gVkeA95a8rY|209672239,transaction|wallet|transaction|wallet|transaction,|0.0264919|-0.00485265|-0.289513|-0.000430107
60114653,4,transaction,131507276,False,True,5,60114653|1QJHQe7MviF8fMnW7rGhAMxveEogqiiztY|210640906|153HKTFXEdnJNrdg5TWxuyRN6DpfAZedyC|131507276,transaction|wallet|transaction|wallet|transaction,|-0.0303711|-0.00584355|-0.968748|-0.00304654
209522272,4,transaction,210508548,False,True,5,209522272|1NZhokbwv59VidrNN1xj6GMAzdzrGXpxjv|209522275|1NNAay4zuMvxJAyR3RXyF1nS1cRtKL8C5x|210508548,transaction|wallet|transaction|wallet|transaction,|0.0288358|0.00100979|0.013448|-0.00226882
209522745,4,transaction,208951658,False,True,5,209522745|1MQf4z9K19YDVnAifjPhV7vUPyf1jiuQYD|209522746|1BaSQVRBzdpMc81Lq5u4xteVDUiMfRm8iE|208951658,transaction|wallet|transaction|wallet|transaction,|0.0297127|0.000903577|0.0231488|-0.000360489
209525931,4,transaction,187813482,False,True,5,209525931|12X3PEw4XJ3yqyHrCXDXKYbTyQY3XN6t82|209522270|15N4JRzhMyfAGBoo69eFamKfYJvWsDXoss|187813482,transaction|wallet|transaction|wallet|transaction,|0.0292426|-0.000250429|0.0196421|-0.00232437
209918443,4,transaction,208921758,False,True,5,209918443|1LSQew989dTVtLxXxBP49Bgpx2NVSWGfEM|96197454|1DaotFLZQnt3exqQfkXpL4tzPHbrRqbmQq|208921758,transaction|wallet|transaction|wallet|transaction,|-0.349936|-0.0026705|-0.968758|-0.00333321
210638701,4,transaction,211082415,False,True,5,210638701|16NSm4pYiGZ5KGnTrzoTAQnpJ3BTgEYtAw|210638704|189U83xH4jcpXfUNy24HXsCNi7JJbpxXo6|211082415,transaction|wallet|transaction|wallet|transaction,|0.0154465|-0.00323799|-0.965658|-0.00275901
99180842,4,transaction,98972797,False,True,5,99180842|15XPupAvDGWsqHFmnZP6JPC4Bfm71fUW55|99182135|1LXxDS1hpVXxrJRTihz3V31UTigxTQi8Kv|98972797,transaction|wallet|transaction|wallet|transaction,|0.0286066|0.000738949|0.0277668|0.000359744
99191146,4,transaction,98961129,False,True,5,99191146|1LcnN4SwcrHmue5Q5bM8DURRUfckahHrTQ|99191151|1Gq1yYrC8ovxK39YmkwPFkN4mHtaxCWokj|98961129,transaction|wallet|transaction|wallet|transaction,|0.0285252|0.000470728|0.029341|0.000599384
99191418,4,transaction,98972882,False,True,5,99191418|1ADwq8aVzCVWHysRwJm887a1EECzPR2mBb|98972871|15JHfV2CyPH7s4tdVPNP9ARDMwPmPVPM4c|98972882,transaction|wallet|transaction|wallet|transaction,|0.0198125|-0.00601107|-0.893958|-0.000963479
368749102,4,transaction,368808768,False,True,5,368749102|1KeTPLVH9viTa3ALZUWbB7MiNTdo7bhcnj|368745825|121jUSgC9UFxtrP5U5nHmMRuLM3GubnTak|368808768,transaction|wallet|transaction|wallet|transaction,|0.0291545|0.000852883|0.0283732|0.000455469
372670818,4,transaction,368750371,False,True,5,372670818|1JZyc4dGC1iUHrsve6Q1cmZBFPrvoeeLhx|368775548|1BoEbKwDbWMXJzVhQsYBugSouTc6SgWysM|368750371,transaction|wallet|transaction|wallet|transaction,|-0.0194597|-0.00375473|0.0201641|0.00060004
372726107,4,transaction,308659285,False,True,5,372726107|1BMx7ZWxY1nVW2T481LHk4Bx311mt1HQPA|368755413|1DSdqVmryk76oMdU1ahxxs1p7Q1t4VhqgN|308659285,transaction|wallet|transaction|wallet|transaction,|0.0281316|-0.00363201|0.0108646|-0.00061366
372726401,4,transaction,311861787,False,True,5,372726401|1JQN4ThctNN2himNjnQ6rvdFhWMrLJkcYH|266113017|1CajuZVtXZBqaMMvGA3Fvkg9Z2RJpTHp6G|311861787,transaction|wallet|transaction|wallet|transaction,|0.0265041|0.00082776|0.0286942|0.000427723
372726695,4,transaction,368790611,False,True,5,372726695|17aFxZVYwMdDaMSQZrkVDTqs4oogRjobqb|372672230|15M1TU8CFLzaoX9r9ZWCsxDYY9gNJvUaDr|368790611,transaction|wallet|transaction|wallet|transaction,|-0.177203|-0.00245112|-0.968781|0.00191957
372726776,4,transaction,372684773,False,True,5,372726776|172oez7RAkfRZdndvHAkfCw3GSHiDX8ZzN|372684775|14uGQ6ZSGQimhKDHYmMAWSdsn5j9rNnEfK|372684773,transaction|wallet|transaction|wallet|transaction,|0.0300947|0.000703752|0.0284728|0.000512928
363337440,4,transaction,335954897,False,True,5,363337440|15HFFCXksYeSVwZAynjpetfXJoWew1wJTn|336429828|1BrbkSduoLHgFXbYz5B8WyyrbDYUDXPj6X|335954897,transaction|wallet|transaction|wallet|transaction,|-0.111715|-0.00250357|-0.967266|-0.00375289
276992171,4,transaction,269166195,False,True,5,276992171|1NvzGmcU4QXeMuPD8oDUutoiLT1RQTSJVP|269167057|1EJcQ1yPn5QQCmuQKvrGmC3nnspVtMhzKA|269166195,transaction|wallet|transaction|wallet|transaction,|0.0233034|-0.00135884|0.0134035|-0.00336984
85000157,4,transaction,117102045,False,True,5,85000157|1CM2TuD18LM8uMHZa2azNEZcsF7Hw57GH7|85000162|13ToMcDzUACd6aZ6pf4AKRCyCiV7tUtLYA|117102045,transaction|wallet|transaction|wallet|transaction,|0.0124726|-0.00173044|-0.968297|-0.00165668
163808019,4,transaction,163708871,False,True,5,163808019|1Pxeh8yzFTnsBijMvsAVMBJYyxBXmiJdd|163808022|1B1hYinqyWix9U65Nm6iGcj2z6tZK9mhwN|163708871,transaction|wallet|transaction|wallet|transaction,|-0.869907|-0.00414795|-0.96863|-0.00367361
299172428,4,transaction,143557368,False,True,5,299172428|1BY5s5B9mwMw16NwQufY3B9cs5MHCqZNfm|204199745|15ML7UktewyF8pYJnbZ2pnurbU8fmmw2Ee|143557368,transaction|wallet|transaction|wallet|transaction,|-0.0362472|-0.000754744|-0.968766|-0.00335774
383048751,4,transaction,382882788,False,True,5,383048751|13jw4ZFdXJgzo7hUwicpSPz279LKZ7q6Sm|386208900|18YWuWx2xHMnnAD32oqcK6KLofiyaqUrRo|382882788,transaction|wallet|transaction|wallet|transaction,|0.0272918|0.00207621|0.0258707|-0.00265762
386321759,4,transaction,333856268,False,True,5,386321759|183B7jEXbLuu355hbwNa74mpWcHj4Sd1bC|321374574|1A8kGxr7UoZZLQiV1bbGoB8zjoudX4B2u8|333856268,transaction|wallet|transaction|wallet|transaction,|0.00716221|-0.00118685|-0.968746|-0.00148803
58507158,4,transaction,355181828,False,True,5,58507158|1Kgc4L9MtD3GDsXkWqRbbdTh63pWxsAAzY|355092074|1MfYjossPuAXUvHfZoVXBue5mYH2R5cwsm|355181828,transaction|wallet|transaction|wallet|transaction,|0.0211882|-0.00279027|0.0209241|-0.00403303
122932784,4,transaction,355221872,False,True,5,122932784|1HTukdygEmLwVrDVTDFXNxb6PgUwhJeLmV|233996912|1CEmTaqB3d4E8sYMpHxxTXYjZ3FgV66Wbs|355221872,transaction|wallet|transaction|wallet|transaction,|-0.85559|-0.00527504|0.017104|-0.00341526
274526557,4,transaction,355002344,False,True,5,274526557|19A413brWh4FiD5kbZa48Nz4c5KQS6kZCK|355115779|13cV9kjn9CKC8KEYPNL5GQqWDacAL4SroR|355002344,transaction|wallet|transaction|wallet|transaction,|0.0296417|-0.00471166|-0.945602|-0.0064263
355008037,4,transaction,226277187,False,True,5,355008037|19iRk8HKujgUKNMa46suFcM4XU8APtumoH|355092392|1Dp4srGB8YWq833pzJC7JC2QcUk8ZcsKiT|226277187,transaction|wallet|transaction|wallet|transaction,|0.0302436|-0.00359097|0.0216077|0.000563383
355008601,4,transaction,226277187,False,True,5,355008601|19iRk8HKujgUKNMa46suFcM4XU8APtumoH|355092392|1Dp4srGB8YWq833pzJC7JC2QcUk8ZcsKiT|226277187,transaction|wallet|transaction|wallet|transaction,|0.0302436|-0.00359097|0.0216077|0.000563383
355090366,4,transaction,355124647,False,True,5,355090366|1ArMtsN3KWpGbChfEFFVrH6U7DBQzeTZv3|355005442|1ApCJ6ahn4UAYpQdfGAjERALFePyergudt|355124647,transaction|wallet|transaction|wallet|transaction,|-0.0157085|-0.0024102|-0.953267|-0.00426236
355090375,4,transaction,355124275,False,True,5,355090375|1KxT9gcQcrs8V8Ssxwr2gJtYC9nrWXBG8F|355006906|14NL4box1hC2DZMps66g4XDwX278vcPSip|355124275,transaction|wallet|transaction|wallet|transaction,|-0.968781|0.0621027|-0.968781|0.019936
355092389,4,transaction,226277187,False,True,5,355092389|12yLhoFpVosYoQ45aEibhyeh4iU7Umxe4y|355092392|1Dp4srGB8YWq833pzJC7JC2QcUk8ZcsKiT|226277187,transaction|wallet|transaction|wallet|transaction,|0.0302944|-0.00359097|0.0216077|0.000563383
355092783,4,transaction,355124110,False,True,5,355092783|15C4iGjiERw2ZwaTrhsRmsgSFBydKjPoQd|355124108|1EVmeeBuxj5jzUitfAjAiSYZwM6A6owyFS|355124110,transaction|wallet|transaction|wallet|transaction,|0.0274984|0.000951707|0.0239041|-0.000254929
355102309,4,transaction,226277188,False,True,5,355102309|1NcwxYbesLnQ12htrcC3ESYUu4gQDZ5LGd|355102310|19sbgKqb3FDf86iD18cv2XWNhf1vroQy8r|226277188,transaction|wallet|transaction|wallet|transaction,|0.0300484|-0.00522169|-0.0666687|-0.002011
355102434,4,transaction,355002344,False,True,5,355102434|19A413brWh4FiD5kbZa48Nz4c5KQS6kZCK|355115779|13cV9kjn9CKC8KEYPNL5GQqWDacAL4SroR|355002344,transaction|wallet|transaction|wallet|transaction,|0.0296417|-0.00471166|-0.945602|-0.0064263
355236712,4,transaction,355002344,False,True,5,355236712|19A413brWh4FiD5kbZa48Nz4c5KQS6kZCK|355115779|13cV9kjn9CKC8KEYPNL5GQqWDacAL4SroR|355002344,transaction|wallet|transaction|wallet|transaction,|0.0296417|-0.00471166|-0.945602|-0.0064263
355293540,4,transaction,355002344,False,True,5,355293540|1GXoUw4zaSizk2re4GXVYbEioMm48TQb7C|355115779|13cV9kjn9CKC8KEYPNL5GQqWDacAL4SroR|355002344,transaction|wallet|transaction|wallet|transaction,|0.0296574|-0.00471166|-0.945602|-0.0064263
67584867,4,transaction,74031817,False,True,5,67584867|12ivRoovqCoG7vTfakTfJWVda65NP78U1N|67584869|1AvqoRuLaTSqXTL3ixsF7uzG2R2TH4AVnh|74031817,transaction|wallet|transaction|wallet|transaction,|0.0222696|-0.000635386|0.0222445|-0.00110745
70328739,4,transaction,54804205,False,True,5,70328739|1EYVJNjFAXbD7b2e1e4DrDiRmHRzVa2MXk|69314529|1BfXkhxgAr6hipVG56cn1UY6Uw983J6Yve|54804205,transaction|wallet|transaction|wallet|transaction,|0.0291975|0.00566056|-0.426002|-0.00423402
70383882,4,transaction,67673786,False,True,5,70383882|1KVbqXuJMPfVCyXxhNmiftANoJQE4112HM|55719563|15RA1aiuMV9yiwFo6bxXJ9Nf1RkV61WrTy|67673786,transaction|wallet|transaction|wallet|transaction,|-0.872826|-0.0010246|-0.968781|-0.0010581
70406447,4,transaction,64879505,False,True,5,70406447|1FUSGdPSxm9u6wkSvVeSLEiLvZ8bgvG8se|67681867|15aFoYpwoQoxgawrSeCKbsbE1NQtbUQBtA|64879505,transaction|wallet|transaction|wallet|transaction,|0.0186005|-0.00523114|-0.593701|-0.00531629
70424581,4,transaction,64879505,False,True,5,70424581|1FUSGdPSxm9u6wkSvVeSLEiLvZ8bgvG8se|67681867|15aFoYpwoQoxgawrSeCKbsbE1NQtbUQBtA|64879505,transaction|wallet|transaction|wallet|transaction,|0.0186005|-0.00523114|-0.593701|-0.00531629
76863076,4,transaction,36750199,False,True,5,76863076|17wJgWixe7kGmWYp8Vied8eY7SSEvRjJts|200579209|3LxmL9UCFMGs3ofnZMyPqxcS8cYZHaiGcP|36750199,transaction|wallet|transaction|wallet|transaction,|-0.0999734|-0.0047608|0.015362|-0.000782907
97150074,4,transaction,199941804,False,True,5,97150074|12UBU5qprpkGBXZqBmrd2mhaLSMKW6cMpd|199941790|1N7Cjp8ACbXUekSkAamXm1t1i46nbuF29c|199941804,transaction|wallet|transaction|wallet|transaction,|0.0164546|-0.00178084|-0.96538|-0.00328085
202828595,4,transaction,200508539,False,True,5,202828595|18i4uuys996YbdZA7EvUSuqy6w4gQ4Cq9K|200628939|1CxDFBKUw7d49iqbXuywhijAq7NyUec8Tk|200508539,transaction|wallet|transaction|wallet|transaction,|0.0244289|0.000874668|0.0115585|-0.000826687
39724214,4,transaction,29021504,False,True,5,39724214|1PysLsp4ZNZNtHCSNyCCkJNF8RRCv71hfV|30076884|1MqGMBK4jAc4sAnXmhoM9ASkHGsjdwqQmQ|29021504,transaction|wallet|transaction|wallet|transaction,|0.0187336|-0.0056206|-0.275153|-0.00192288
39728377,4,transaction,29021504,False,True,5,39728377|1FRhFAEh3on7fdrm16hjgzqhkTvTCibgch|30076884|1MqGMBK4jAc4sAnXmhoM9ASkHGsjdwqQmQ|29021504,transaction|wallet|transaction|wallet|transaction,|0.0192967|-0.0056206|-0.275153|-0.00192288
12830021,4,transaction,1048060,False,True,5,12830021|1AFYvYUanMgUq9fWRaaRFZ3KF4hLXPtQcg|112967869|19K92xKLCUVBtKKhQaaKHXD6wXSppVGDZj|1048060,transaction|wallet|transaction|wallet|transaction,|-0.968781|-0.00821549|-0.968781|0.021824
115723125,4,transaction,56566464,False,True,5,115723125|16UbvGL4tnwN1N2NEPFJefkqmZXPXnv3xo|59039132|1J3wcVsNeGw4xnGbeSwzVGMVXyNF4d7SPR|56566464,transaction|wallet|transaction|wallet|transaction,|0.0285562|0.00100556|0.0252076|-0.000215143
115723389,4,transaction,115204727,False,True,5,115723389|1NGD8Dv1De8iY3iLf6EsjUnTSK3BiX8XYi|115915381|129LLBgHkR7Ac69uXJf5agSPMyC9kEjr8i|115204727,transaction|wallet|transaction|wallet|transaction,|-0.0386356|-0.00312185|-0.968781|0.000728428
116107405,4,transaction,4876198,False,True,5,116107405|19s4PWc7wgud9qPv7L4pKVfRcYEsMZ6WR9|34667453|1BcdGX8KRJnp1UVQDvjQBrcDzniWXff1SS|4876198,transaction|wallet|transaction|wallet|transaction,|-0.0655596|-0.00444439|0.012049|-0.000590205
151195593,4,transaction,148889046,False,True,5,151195593|18uDAboVJfajC7fdnQ5s4uMXWYfHrma33e|148889057|17DK5dTJjMatwkrYB8PK2nyaTrZnoVnsvp|148889046,transaction|wallet|transaction|wallet|transaction,|0.0249207|-0.00128365|0.0209227|-0.000609785
151206980,4,transaction,148541145,False,True,5,151206980|149nRhKahSB7ddXeH71Ak5qY4Eek7QCQhU|30700346|1MynQdmpcHsKSRdmrWCahHWmg9jpRZR176|148541145,transaction|wallet|transaction|wallet|transaction,|0.0292914|-0.00329021|-0.0829205|-0.00116611
151211046,4,transaction,12401126,False,True,5,151211046|1MjZ8bv2gCK842DJAUbB4xczTo2r4HKoFy|148561385|1HJA9BB1mrLCcCRN4NHAAtbQtLapUYUGjd|12401126,transaction|wallet|transaction|wallet|transaction,|-0.885928|-0.0100355|-0.964705|0.00368941
151752242,4,transaction,20543946,False,True,5,151752242|18X7ZvjM6zxFzSCzA8DT1EUhwaY5K2xQyq|7867126|17wyX4w5KgjXGhr1RhGumTjfXQyKW1aa3S|20543946,transaction|wallet|transaction|wallet|transaction,|-0.845633|-0.00113118|-0.968781|-0.00253218
12661090,4,transaction,13213841,False,True,5,12661090|1N1d3YqKxKEgjMwt9Jj7azz1eR6Tz3bGFs|12661092|16G1S9hvaJZQwHUGhGB4oznumzBpBjuH5Y|13213841,transaction|wallet|transaction|wallet|transaction,|0.0179337|-0.00390044|-0.0531899|-0.00130752
12661305,4,transaction,12665081,False,True,5,12661305|1Ph6pAZbKo8rR6GdLiFUdsUxstevVwH8D6|12661310|1JDS6teqSE1iuMGwVwkQdE6jhGJnuDYQZk|12665081,transaction|wallet|transaction|wallet|transaction,|0.0262151|0.00121653|0.0198277|-0.00113094
12661812,4,transaction,4590307,False,True,5,12661812|1GQJ9WL7bTyzqYtkxGFFYfLyWL8p6UCWYs|12661813|1LhNbnc3wezEPR8R1CTavk3BXdGLBvoeGa|4590307,transaction|wallet|transaction|wallet|transaction,|0.0306695|-0.00358081|-0.47225|-0.00232071
12780483,4,transaction,13243972,False,True,5,12780483|12hkgpzmiNtjphLFV5ER1KPmdsPECyyGcy|12780487|1ARk3sV52uKUeGCxUU6gigQYGTjfDAH5iX|13243972,transaction|wallet|transaction|wallet|transaction,|-0.0379772|-0.00624624|-0.911152|-0.00154018
71988426,4,transaction,34202672,False,True,5,71988426|1MkXbRhbcHo2qEgxezK2QTZv1SaZrP9LKs|16303938|1PTQjeposD1XJMijj9jRAZE4vYkT48YLGQ|34202672,transaction|wallet|transaction|wallet|transaction,|0.0295166|-0.00212765|-0.440793|-0.00184864
71989369,4,transaction,70804318,False,True,5,71989369|1Eziyq5LPL5Ra1FiT72TcTPVktwfVGtsfu|71450735|17iuZcX7VmkbnQPNhJaoG7jZRZquJ2aKAb|70804318,transaction|wallet|transaction|wallet|transaction,|0.0263504|0.00140056|0.0183651|-0.00127909
72292587,4,transaction,72008237,False,True,5,72292587|1GuC89CEgKb1rEqqZK2qiQ2nACJvtm2Ge5|72008232|1DPaBRrk2bSsyVrwVwEAfqzGozDyCh2Q8A|72008237,transaction|wallet|transaction|wallet|transaction,|0.0202463|-0.00378051|0.0190811|-0.000745296
72297314,4,transaction,71456857,False,True,5,72297314|1FJoDkZdhQAB4hsDG3CBGMHb2UxLod59Xv|71999214|1JhsBFETNyMDpsd6XLPrjvERkUFFg1MTPN|71456857,transaction|wallet|transaction|wallet|transaction,|0.0132759|-0.00451875|-0.0788063|-0.000979424
72601509,4,transaction,70760389,False,True,5,72601509|18HCb1AdTVcFyyFd3uSMrkXGMwCjUj7L3|72314628|144LtfoFNdmcc23BP9c3GEF4QDLXBvRZ6n|70760389,transaction|wallet|transaction|wallet|transaction,|0.0188493|-0.0039359|-0.0230623|-0.000862539
72629711,4,transaction,71761595,False,True,5,72629711|18iR8gJVbC2jnuQziLpUkCnHRb2JwwPm4J|72294245|1AEYj81gtenQ33UBgkS9ArWtGVxwtAQHpc|71761595,transaction|wallet|transaction|wallet|transaction,|0.0279093|0.00287455|0.0276765|-0.00187775
72640345,4,transaction,71464861,False,True,5,72640345|16v5ahgB5brGLTuRaYr9KpWCHD6sbYQjza|72302225|158QJq76ZzN12TDgbTy43DA9CvAFim69Qo|71464861,transaction|wallet|transaction|wallet|transaction,|0.0248768|0.00380212|0.0114592|-0.00483951
72641071,4,transaction,72409542,False,True,5,72641071|1FHh6L5FWKJ67aLAaSypCAMMcQXn3C9L9p|72409541|1Q46TGDc3wyvnqDMgMRDU8oVKx2koeW2Sv|72409542,transaction|wallet|transaction|wallet|transaction,|0.0254448|0.00193545|-0.022424|-0.00567806
73154819,4,transaction,70782097,False,True,5,73154819|1JCTAe1M9azwAyfzutXm1mL5P2Cko272v2|71462499|1CX5WFQtt2rineg1Lf3ut281kEFtjyxVM|70782097,transaction|wallet|transaction|wallet|transaction,|0.0206203|-0.00277004|0.0190802|-0.00129467
73220440,4,transaction,73040985,False,True,5,73220440|16SDrLU77a5BsRAt8tcYUSZrAkhErVC6du|73220479|1ChnDjkpHcoyiQ3Vk2U8XvvDXSnAirFoRR|73040985,transaction|wallet|transaction|wallet|transaction,|0.00287157|-0.00531551|-0.25828|-0.00469023
73231155,4,transaction,12370187,False,True,5,73231155|16xS3vWrMjKXBWmTo2gvYKorUbWMCvxq5P|73231161|1DBk6NkGtHcjuZidWqu4HawfzTwbW3p47J|12370187,transaction|wallet|transaction|wallet|transaction,|-0.956527|-0.00437412|-0.968758|-0.00279894
113Y1qyts1FNejKhJJbXciDnasM9yT1EfZ,4,wallet,1672DJUMTLqxLJNbxC1JBRoTRZhFHKdgHa,False,True,5,113Y1qyts1FNejKhJJbXciDnasM9yT1EfZ|84748910|1FHV7A6ar3w8A1MpSKEVwZff4N3VTDtA6S|84332819|1672DJUMTLqxLJNbxC1JBRoTRZhFHKdgHa,wallet|transaction|wallet|transaction|wallet,|0.00103676|0.0267431|0.000343591|0.00796735
122PuEnPGyVJ6rLmVBHpxywLeCvhozCHGh,4,wallet,18st1SFGuh2vx8f6TGC4UczuDvvC81b1e1,False,True,5,122PuEnPGyVJ6rLmVBHpxywLeCvhozCHGh|372826571|1Q5QqKRpQYxJcCZoiYXnqc1KkU8LpbLAwm|372749761|18st1SFGuh2vx8f6TGC4UczuDvvC81b1e1,wallet|transaction|wallet|transaction|wallet,|0.000606894|0.0233929|0.000524312|0.00788194
126iVJut2nHUXeMoikE44Fo5mLdFMRVv5K,4,wallet,1CfTBEgz7Bm4Pxkd7tfSqB1GmjgrdLzLkB,False,True,5,126iVJut2nHUXeMoikE44Fo5mLdFMRVv5K|209058193|14EDRcJT46HNDE3AJGp9QjJoKh1KiDDXqb|208938499|1CfTBEgz7Bm4Pxkd7tfSqB1GmjgrdLzLkB,wallet|transaction|wallet|transaction|wallet,|0.00055337|0.0240346|0.000270426|0.00783569
12FMf4Gj85eYPLWmuVAndnjgL55vUsBJrG,4,wallet,1QDDgh22Jc7RftDBeWYQK5KUV51usFsjvx,False,True,5,12FMf4Gj85eYPLWmuVAndnjgL55vUsBJrG|161958397|148iteTcgjsZaR5AaYZ7dt33H5AoJeiRBo|254232010|1QDDgh22Jc7RftDBeWYQK5KUV51usFsjvx,wallet|transaction|wallet|transaction|wallet,|-0.00320616|0.021002|-0.00296852|0.00710583
12KywPgC1KgDDsWRv2MsEhafYCTKogAST8,4,wallet,17tmTHgkB5C8Mpreo4NyDDXNaRC1AvTNib,False,True,5,12KywPgC1KgDDsWRv2MsEhafYCTKogAST8|372678485|1Cdm1xeWWsq7bkM555a9GLEvygWzhcFiyA|372678483|17tmTHgkB5C8Mpreo4NyDDXNaRC1AvTNib,wallet|transaction|wallet|transaction|wallet,|0.000716478|0.0290952|0.000553519|0.00789857
12LyDmU8LdQaLNcgTY4ouQzMrgrqfdAdna,4,wallet,3964G36rzvtYRdAULprDVzQsQLPrfWWhQi,False,True,5,12LyDmU8LdQaLNcgTY4ouQzMrgrqfdAdna|114675613|1ANXWpxRLq9BATf34J8tqP21hMngjnkqh|49875113|3964G36rzvtYRdAULprDVzQsQLPrfWWhQi,wallet|transaction|wallet|transaction|wallet,|0.000571012|0.0153636|-0.000885844|0.0080719
12M9LCLUBbfGFgWvpMnY4aoSR72e4YZEiy,4,wallet,1KPoYUgtf99QRyaxmHPgdSMG2jt1aLNCaq,False,True,5,12M9LCLUBbfGFgWvpMnY4aoSR72e4YZEiy|241503295|1W5kyNEyQdwVduZ6kK9VrAmVwa3uavfcz|241494998|1KPoYUgtf99QRyaxmHPgdSMG2jt1aLNCaq,wallet|transaction|wallet|transaction|wallet,|0.000598043|0.0207882|0.000374645|0.00776726
12YVLSfnpNgkpuzN3FprkNc8Q7Au1zQjZn,4,wallet,1Y9Yx28wHJ9eLY9aR5QzYH5JPtDjgWUfT,False,True,5,12YVLSfnpNgkpuzN3FprkNc8Q7Au1zQjZn|378409158|13FYRNQFeKPvv6WKmR49rSUn5oBoQEKtks|378060826|1Y9Yx28wHJ9eLY9aR5QzYH5JPtDjgWUfT,wallet|transaction|wallet|transaction|wallet,|0.00118336|0.0296965|0.000472128|0.00759357
12oqQzioksAqvgkth2bJSMAxHqMtaPkzfH,4,wallet,1Vmk6FDSeNvzUxr3KLCC3DiiNbJZprKBe,False,True,5,12oqQzioksAqvgkth2bJSMAxHqMtaPkzfH|190006225|124ybw1QjNKcBTtKg6HkaSXsU8vS1qR8W3|32726678|1Vmk6FDSeNvzUxr3KLCC3DiiNbJZprKBe,wallet|transaction|wallet|transaction|wallet,|-0.000163287|-0.432141|-0.00483793|-0.80199
13AMnPm5swdSo8TcxiNVnL1eHLBwTEWkWi,4,wallet,1F8cRm4sGziYVWJtwzVmtcS9jzu6ARYBAp,False,True,5,13AMnPm5swdSo8TcxiNVnL1eHLBwTEWkWi|61317530|1NsQP6bu7gBxLN8GYengGjhPTpuHahp8oA|8695835|1F8cRm4sGziYVWJtwzVmtcS9jzu6ARYBAp,wallet|transaction|wallet|transaction|wallet,|-0.00070864|0.0287057|-0.00219622|0.00624067
13eGZRd58X9SmARBerDhJV4TYvoCwyVPnL,4,wallet,1Q3SEEJ4qVnRmbg86uWsy1gcuFd1bHncGf,False,True,5,13eGZRd58X9SmARBerDhJV4TYvoCwyVPnL|283178275|1NYCuYueGDP4yk9c3AXJjtbNo5Nimh4ggW|269560449|1Q3SEEJ4qVnRmbg86uWsy1gcuFd1bHncGf,wallet|transaction|wallet|transaction|wallet,|0.0072186|-0.968781|0.00295508|-0.968781
13v1xjM7tiNysi4CGrco5AmDtqc3GVR51k,4,wallet,12cgpFdJViXbwHbhrA3TuW1EGnL25Zqc3P,False,True,5,13v1xjM7tiNysi4CGrco5AmDtqc3GVR51k|73405613|12j3zc9YSxnRfnQ4iZBvW9zEDv2hqXyD8s|34978872|12cgpFdJViXbwHbhrA3TuW1EGnL25Zqc3P,wallet|transaction|wallet|transaction|wallet,|0.0067448|-0.968781|0.0173259|-0.968781
14AeKdYbsdAjTuotE4zep9erZgL3Q9JrkD,4,wallet,1FjHrXdENAZms7bTeNjwHZ8faPkC9Zw9CS,False,True,5,14AeKdYbsdAjTuotE4zep9erZgL3Q9JrkD|234169263|12TcFnW3nrBG4Ahu3Mzvqjzk345GvRkGoX|64103261|1FjHrXdENAZms7bTeNjwHZ8faPkC9Zw9CS,wallet|transaction|wallet|transaction|wallet,|-0.00142643|-0.764665|-0.00037697|0.0074212
14Sha1J6pSUJPuA23pExYi22CB2sphUVz4,4,wallet,19DQVWDdWxBUuSCU7bE329tqV1NYMxYvnq,False,True,5,14Sha1J6pSUJPuA23pExYi22CB2sphUVz4|269118746|193RgpseMZzLShkWNPcsPJ9nVeH8LNTAQn|268806590|19DQVWDdWxBUuSCU7bE329tqV1NYMxYvnq,wallet|transaction|wallet|transaction|wallet,|0.010005|-0.968781|0.00409257|-0.968781
14p3sTzV3ikZhZo5Cnru9ob4crF2fn3JES,4,wallet,17UNAwpL6QAvx2Ye14NVCJ5w9Vi3bW64TP,False,True,5,14p3sTzV3ikZhZo5Cnru9ob4crF2fn3JES|209682050|17htBuQvt459DxbiMgK22r9Vprjn3t7i7L|32023895|17UNAwpL6QAvx2Ye14NVCJ5w9Vi3bW64TP,wallet|transaction|wallet|transaction|wallet,|0.00204808|0.028824|-0.00358093|-0.0190597
154WbyPSJPfS4ksay17pZg7P3nubEAf8Bp,4,wallet,12AuxuNWcMkvUPog6zxhFBY2yEsttW8hSm,False,True,5,154WbyPSJPfS4ksay17pZg7P3nubEAf8Bp|29216210|14Bzim7WVmChZntRTwDznKhWfz672pnmUF|5733497|12AuxuNWcMkvUPog6zxhFBY2yEsttW8hSm,wallet|transaction|wallet|transaction|wallet,|-0.00114512|-0.968781|-0.00353926|0.00668097
15AHFVdj9nJyxuZNSh2nDAkxPompNoDZeb,4,wallet,19kjj55Chvn4t4nv2PdCBhpvqzdb1xv3js,False,True,5,15AHFVdj9nJyxuZNSh2nDAkxPompNoDZeb|9796280|1BCFb9SGo3G661AE8tjKTtvDnMVuwbdzt3|10773622|19kjj55Chvn4t4nv2PdCBhpvqzdb1xv3js,wallet|transaction|wallet|transaction|wallet,|0.000763476|-0.968781|-0.00152707|0.00843751
15TXyoBeeeirMyt7eyPrbdPDbKuq5ZZQ3C,4,wallet,1NXmhZSsR4vCmt3D7W4MRbBYpMDnTYJaT1,False,True,5,15TXyoBeeeirMyt7eyPrbdPDbKuq5ZZQ3C|96938193|1FKT2v7z72hXm3JtJcBjuUEgbSkux6DJoq|17303883|1NXmhZSsR4vCmt3D7W4MRbBYpMDnTYJaT1,wallet|transaction|wallet|transaction|wallet,|-0.000603259|0.0288541|-0.00266045|0.00695926
15YsCaghWpstC6FRcuMbpzAufhwXVsQEke,4,wallet,36Mq6wWb1ds92q9x5R51aoqaz5rc28udpD,False,True,5,15YsCaghWpstC6FRcuMbpzAufhwXVsQEke|73436475|145E7DJNQjFAT2rwvdqbYDA3Gcc7xpo4uq|72015849|36Mq6wWb1ds92q9x5R51aoqaz5rc28udpD,wallet|transaction|wallet|transaction|wallet,|0.000864863|0.00764585|-0.00103134|0.00819701
15awF74GqmnSQcqoDsMB1xY2P5nLij17aG,4,transaction,288089195,False,True,5,15awF74GqmnSQcqoDsMB1xY2P5nLij17aG|288401420|1LU4SqRr18uSYchuHFgrk2VUyYNaH2Kk9b|288401071|288089195,wallet|transaction|wallet|transaction|transaction,|0.00114703|0.0290446|0.000892997|-0.0313798
161uuFYKzKaNupTop6tRvFEFLZvUFrAWdt,4,wallet,19Jq7AssQczgxQdpxgmYiFVD8t2vKuVVUZ,False,True,5,161uuFYKzKaNupTop6tRvFEFLZvUFrAWdt|355102469|1A9wXnMdHa1GCfUzcYMdX7eYEpxQNZq4Yd|355109280|19Jq7AssQczgxQdpxgmYiFVD8t2vKuVVUZ,wallet|transaction|wallet|transaction|wallet,|-0.00347608|-0.946811|-0.00150833|0.00767469
16Dt2AsozzUrVApehZtFUYatiG2LTnrMtj,4,wallet,1QDDgh22Jc7RftDBeWYQK5KUV51usFsjvx,False,True,5,16Dt2AsozzUrVApehZtFUYatiG2LTnrMtj|161958397|148iteTcgjsZaR5AaYZ7dt33H5AoJeiRBo|254232010|1QDDgh22Jc7RftDBeWYQK5KUV51usFsjvx,wallet|transaction|wallet|transaction|wallet,|-0.00320616|0.021002|-0.00296852|0.00710583
16EWVNgruRqCqFrWtwjMKDqZRwHcsg1VBv,4,wallet,1569tRSELMUVFyL91RyRSQr9uGfTp8Db3Q,False,True,5,16EWVNgruRqCqFrWtwjMKDqZRwHcsg1VBv|115726373|1JR1Wt5tc6HQh3hLSQb6REFmjdK94t9jkh|1119474|1569tRSELMUVFyL91RyRSQr9uGfTp8Db3Q,wallet|transaction|wallet|transaction|wallet,|0.00473285|-0.798075|-0.0051347|-0.966874
16a6acv5vbGpKVk17LLMSP3rrhCbPNZwyQ,4,wallet,1762XHHLtrkJoyoJCnf1X7ypQ9Xrw6cdxt,False,True,5,16a6acv5vbGpKVk17LLMSP3rrhCbPNZwyQ|241512596|12oTxdyBz6RPXLMZFdaYhjn4HRBsa6bHb9|240298507|1762XHHLtrkJoyoJCnf1X7ypQ9Xrw6cdxt,wallet|transaction|wallet|transaction|wallet,|0.00125447|0.0296533|0.000594556|0.00766253
175T5Z6CZBXKHLu9Fxf4Z9jYnsQsd85hky,4,wallet,1DxRvJuyiTbTXGiQVGfjnLDi3Lsa75xzui,False,True,5,175T5Z6CZBXKHLu9Fxf4Z9jYnsQsd85hky|378151922|1om4hkVmTn8gE52vs9uPgs4qoybV9g2e8|344453848|1DxRvJuyiTbTXGiQVGfjnLDi3Lsa75xzui,wallet|transaction|wallet|transaction|wallet,|-0.00157341|0.00231153|0.00109962|0.00778723
17AukWbejGNSeAmR7GtCCpsdHiAYFWVJG2,4,wallet,1F8am3N3Ss4Ht7mbmKRG4o8ZYj9MYEk6qz,False,True,5,17AukWbejGNSeAmR7GtCCpsdHiAYFWVJG2|1744684|154jDYLehMtuqQrTdkFDaLYztBFG5UctEd|200032559|1F8am3N3Ss4Ht7mbmKRG4o8ZYj9MYEk6qz,wallet|transaction|wallet|transaction|wallet,|-0.00079006|-0.968781|0.00253299|-0.968206
17ffWirkPwzAwi82kqdzocHvZ34BZyzpqL,4,wallet,1MeFBRNnT91GY227gh1iwuxbMP9sL59w1K,False,True,5,17ffWirkPwzAwi82kqdzocHvZ34BZyzpqL|30180254|12SUDbsVPQToMcfSahpWELJS32EvzMd1Tm|30179367|1MeFBRNnT91GY227gh1iwuxbMP9sL59w1K,wallet|transaction|wallet|transaction|wallet,|-0.00150436|0.0242455|-0.000474453|0.00822604
17gqENPQKuSD8duDSXubJEwjhLKxNdPdrY,4,wallet,13xyyTymEp91gQr9iQ3AfTJX5LYe1LCxFK,False,True,5,17gqENPQKuSD8duDSXubJEwjhLKxNdPdrY|30179462|17uJBzLLnv9E1oP7t1Fh8TeBmUsi8BrALD|30179369|13xyyTymEp91gQr9iQ3AfTJX5LYe1LCxFK,wallet|transaction|wallet|transaction|wallet,|0.000813574|0.0242129|-0.000474632|0.00822604
17y1YvgzjVGaZs1yAKNrpTszbAXUi8XSqb,4,wallet,14oJWXN66rJEczwDnWj3fRZ3UJq5bUyiHt,False,True,5,17y1YvgzjVGaZs1yAKNrpTszbAXUi8XSqb|336436020|1EYqejuA5FbqUmcxwsKtTb82kyXmNoqenv|331496023|14oJWXN66rJEczwDnWj3fRZ3UJq5bUyiHt,wallet|transaction|wallet|transaction|wallet,|0.000870287|0.0283607|0.000478357|0.00792229
188nmTCRevpJSMVHhS8wAj239QgbMqZjy4,4,wallet,1HrTtf4tCy9STMZyvDiuwcZhivAHndz7FR,False,True,5,188nmTCRevpJSMVHhS8wAj239QgbMqZjy4|30179618|12ngaHHBJFj5PbMRYqQtgWUGUW3vuERipw|30179328|1HrTtf4tCy9STMZyvDiuwcZhivAHndz7FR,wallet|transaction|wallet|transaction|wallet,|0.00139812|0.0241812|-0.000477701|0.00822562
18tWUyN12VfkTFyTmu1ceiRa8HQvVapNDu,4,wallet,17eVypNeX782JBjn8tJi2KdHqsj1B5MAK4,False,True,5,18tWUyN12VfkTFyTmu1ceiRa8HQvVapNDu|294510766|1AR5z7Sch8Tbi7q9D33Txn4wV5Jqk6f2gy|294376159|17eVypNeX782JBjn8tJi2KdHqsj1B5MAK4,wallet|transaction|wallet|transaction|wallet,|0.00161758|0.0289539|0.000706166|0.0282341
1927jdMauuzfZ4zWxuNZM1F4MGuJA7UZQk,4,wallet,1Q8YhgGgC7Movu8HgBH2gQEAE7bZWWLGot,False,True,5,1927jdMauuzfZ4zWxuNZM1F4MGuJA7UZQk|209052730|19D8Gb8eW6xsoLmSzF1zWPEf4hJkUGzfkj|9565016|1Q8YhgGgC7Movu8HgBH2gQEAE7bZWWLGot,wallet|transaction|wallet|transaction|wallet,|0.000949889|0.0290649|-0.00230786|0.00710648
194RQ6KtrNYW3gg3ogjaFMU43UHGZY5443,4,wallet,1885WREVsCXfP6BvnoPoEaaYukS1ZW7U8j,False,True,5,194RQ6KtrNYW3gg3ogjaFMU43UHGZY5443|139230603|1GdaQuCte1sD7iQbP9QYaKLvK8iS5nmGML|152610799|1885WREVsCXfP6BvnoPoEaaYukS1ZW7U8j,wallet|transaction|wallet|transaction|wallet,|-0.00108305|0.0240581|-0.000156015|0.00805867
19E49RfNrnWYhh411QrHoB5pMf68kwk4SX,4,wallet,1294YBChtMxM1S36kHA12psHi8Ny6iDpWj,False,True,5,19E49RfNrnWYhh411QrHoB5pMf68kwk4SX|71450697|12cBJfbVg5QmUM2cKPpC5jjFiVwVQweZDJ|70782417|1294YBChtMxM1S36kHA12psHi8Ny6iDpWj,wallet|transaction|wallet|transaction|wallet,|0.00120011|0.0201346|-0.000645906|0.00824994
19zm69Hy6o3mi1sYx5SCXTc4XMYjdtxdEr,4,wallet,13wdkDasM1KcscU89hKGbLXmguebkX18JT,False,True,5,19zm69Hy6o3mi1sYx5SCXTc4XMYjdtxdEr|99636195|13WwySyNYefSW8Rmkb4g1UjAdnNDstPvtS|99497255|13wdkDasM1KcscU89hKGbLXmguebkX18JT,wallet|transaction|wallet|transaction|wallet,|-0.00073275|0.0289261|0.000544667|0.00787455
1A7qUFDbaPSRxWhP8HnJXDzUHFycDVgp7z,4,wallet,1H1z8H9F6YSmpgc3dZ2zy811CEHLLbGRVP,False,True,5,1A7qUFDbaPSRxWhP8HnJXDzUHFycDVgp7z|362960728|1Jj3t3nnxfRE6Y2q6oQongPaRRV11TaSo3|362855605|1H1z8H9F6YSmpgc3dZ2zy811CEHLLbGRVP,wallet|transaction|wallet|transaction|wallet,|0.000776589|0.0291264|0.000615478|0.00779074
1AGrgp2XNdXyw45rfyEEMpgG6Gr3UySfBZ,4,wallet,1FLiLtQMASJPAx77ZkFkxyQb5F7p3fBuqf,False,True,5,1AGrgp2XNdXyw45rfyEEMpgG6Gr3UySfBZ|241503808|18ejknucGKiFEN25E1DMsUG8qovFKroqTr|241489128|1FLiLtQMASJPAx77ZkFkxyQb5F7p3fBuqf,wallet|transaction|wallet|transaction|wallet,|0.00112343|0.0293526|0.000826299|0.00770968
1AM6YETwLM8JenQRgBq3cs94Pu9GThJfGP,4,wallet,1HRU1SUf19U5WwDWW4bT2cM6K4zsBcj8V6,False,True,5,1AM6YETwLM8JenQRgBq3cs94Pu9GThJfGP|149138176|1KPQzVGhH7DDCMzZEgY6q7J2YgsQvLorfW|29679152|1HRU1SUf19U5WwDWW4bT2cM6K4zsBcj8V6,wallet|transaction|wallet|transaction|wallet,|-0.00230491|-0.315071|-0.00245151|0.00582427
1AT3GEcR3ma3Lm4N36M6VeAEgswejcTwoR,4,wallet,1EKk6fL3V83jgMxdWn2uSDy1G5LeL1DD4x,False,True,5,1AT3GEcR3ma3Lm4N36M6VeAEgswejcTwoR|368746953|1Jkxo5FrdB8G4spD1qbXoVBcRYQHjGot54|313670795|1EKk6fL3V83jgMxdWn2uSDy1G5LeL1DD4x,wallet|transaction|wallet|transaction|wallet,|0.00183141|0.0291185|-0.00285295|0.00695133
1BXCcT9kdmVhAjrzFqZxamBY19jzEuhmGo,4,wallet,1JEKpMhJRPTCcFyyszL5b6BQ6TyPiDM2Eo,False,True,5,1BXCcT9kdmVhAjrzFqZxamBY19jzEuhmGo|355007628|1HxH7CR9GctTim9d4dA6pP5aw9RmdSrh83|344777079|1JEKpMhJRPTCcFyyszL5b6BQ6TyPiDM2Eo,wallet|transaction|wallet|transaction|wallet,|0.000823438|0.0227301|0.000140429|0.00815302
1BrcvKpXXT9HqaWeafTsvtW7493gGz1p5x,4,wallet,1Lnt32vFqwz7WkqS1KXN2xwX2DZ4Nj4j1m,False,True,5,1BrcvKpXXT9HqaWeafTsvtW7493gGz1p5x|68952830|18gnkZshPaYRvF7NWjZDW4vQE25MwLUvNM|53769934|1Lnt32vFqwz7WkqS1KXN2xwX2DZ4Nj4j1m,wallet|transaction|wallet|transaction|wallet,|0.0065245|-0.968781|0.020946|-0.968781
1CjFP9w321hu8Ety2e7wxCVoGrMQuSBnED,4,wallet,1CvZ8CA8jrPVzZ216BAx3q9tt7eWaDhM8b,False,True,5,1CjFP9w321hu8Ety2e7wxCVoGrMQuSBnED|209091416|1EX2H8gP7P9qSDc9waCHFcG5QsDjy3DTMd|208930302|1CvZ8CA8jrPVzZ216BAx3q9tt7eWaDhM8b,wallet|transaction|wallet|transaction|wallet,|0.000701636|0.0284206|0.000485003|0.00784975
1DH9yCUA33vRi8QaN5jUVsfJs2ioJ9aiXS,4,wallet,1DYmQndRngYDJKK9xdxshFHdR5WbHJpqwv,False,True,5,1DH9yCUA33vRi8QaN5jUVsfJs2ioJ9aiXS|339093790|1Goct8xVqHcgVNy8C24ktUtzSFY5ZRmEvT|339553711|1DYmQndRngYDJKK9xdxshFHdR5WbHJpqwv,wallet|transaction|wallet|transaction|wallet,|0.000546128|0.0239889|0.000916034|0.0169987
1DdVAqggrsAudYfGd1TGHbnTs17jeK888k,4,wallet,1GD8w96xgtHkZLfyqEYbXAsFrM5Vfuim8W,False,True,5,1DdVAqggrsAudYfGd1TGHbnTs17jeK888k|157636225|1AD8LZh1XqWSDySmbWxwpifRyPoG3ysatV|157622934|1GD8w96xgtHkZLfyqEYbXAsFrM5Vfuim8W,wallet|transaction|wallet|transaction|wallet,|0.000571877|0.0275248|-0.00223055|0.00786829
1DfDNE5Y4tdukqJ9qtsoWdZfV4KFHUtvSB,4,wallet,1FmdoeTYx82j8iAJxPgUKPsJ4FmhvTmeg7,False,True,5,1DfDNE5Y4tdukqJ9qtsoWdZfV4KFHUtvSB|306911718|1372KT5myi66VchhmmKyN5VL84KxJYAjBp|129110519|1FmdoeTYx82j8iAJxPgUKPsJ4FmhvTmeg7,wallet|transaction|wallet|transaction|wallet,|0.000634849|0.0279914|0.000567287|0.00783169
1ETvkrDgzAzNKXwzEFQVr1S42CMe2tqhPb,4,wallet,1B3k6vUs1LFNkDvfdkBcAmT3EWszruyTRc,False,True,5,1ETvkrDgzAzNKXwzEFQVr1S42CMe2tqhPb|30179461|198RB7eq3K97J8mjgshG9kiUTKJMNTDSNP|30179376|1B3k6vUs1LFNkDvfdkBcAmT3EWszruyTRc,wallet|transaction|wallet|transaction|wallet,|-0.00111178|0.024898|-0.000224292|0.00822616
1EUkwfqQfqjAkGzQ8q5Ep745uuzL89UXn4,4,wallet,1NL8ag76hUxkUxQDThezdw1Cy7jQ72WmN9,False,True,5,1EUkwfqQfqjAkGzQ8q5Ep745uuzL89UXn4|56767080|16Vvs712orq1kbKBQkerXf2sdEq1ffs4eN|57056468|1NL8ag76hUxkUxQDThezdw1Cy7jQ72WmN9,wallet|transaction|wallet|transaction|wallet,|-0.000328034|-0.968773|-0.00335422|0.00701815
1EafVDYF8D292BRErRcRfJcUMm5P1kw1wW,4,wallet,147qD1wif5CqPdtmgsaobtvuPX3D7zvMj7,False,True,5,1EafVDYF8D292BRErRcRfJcUMm5P1kw1wW|240772643|1EfVgwUcTCjKk88jeVMx62T3XnFkxkCUqo|240790220|147qD1wif5CqPdtmgsaobtvuPX3D7zvMj7,wallet|transaction|wallet|transaction|wallet,|0.000958592|0.0278314|0.000435561|0.0076471
1EtPrGFjikndxppP43E2RC4nErLiTGPA8u,4,wallet,3DnByQ6HVhcFLj452uxWDZ7ZefSxQ6SsWE,False,True,5,1EtPrGFjikndxppP43E2RC4nErLiTGPA8u|69410407|1FWibSQeYmj4rYr8VzGGAJPsizw9XMVpUT|34565586|3DnByQ6HVhcFLj452uxWDZ7ZefSxQ6SsWE,wallet|transaction|wallet|transaction|wallet,|0.00828305|-0.968781|0.00738266|-0.968781
1EyhRLKWXkor6eZ7nUdsRudkuD5DVc9doc,4,wallet,1v8jFTTwUunXhRYa4Rd5iJkwpw5axWM2p,False,True,5,1EyhRLKWXkor6eZ7nUdsRudkuD5DVc9doc|226629847|1DaKGsHBy7us9DfF5dVV8jWFVZB4TK7zzo|204022971|1v8jFTTwUunXhRYa4Rd5iJkwpw5axWM2p,wallet|transaction|wallet|transaction|wallet,|0.000230938|0.0292603|0.000340015|0.0154714
1F46SjXCbQJzoHUv6fWbLKxJoyWYXSfoGa,4,wallet,1MRVmD1V2xBD8QGFVhXc2xXP5sJv5BH7Wd,False,True,5,1F46SjXCbQJzoHUv6fWbLKxJoyWYXSfoGa|99191240|1BsUNUGM5MQF6Es1qZbt7xjA5YiSiJ7t8X|98975509|1MRVmD1V2xBD8QGFVhXc2xXP5sJv5BH7Wd,wallet|transaction|wallet|transaction|wallet,|0.000650227|0.0290308|0.000441313|0.00783819
1FAorvBoBSZaL22xttUDuKtzEPNvpgKPU8,4,wallet,1G54cXKbykFFqiyQU42FxC8abN6WJgx5mJ,False,True,5,1FAorvBoBSZaL22xttUDuKtzEPNvpgKPU8|339110575|1K8Ubmt2gpoYc1aXM6fjjj3QbP6mggW3LG|201869681|1G54cXKbykFFqiyQU42FxC8abN6WJgx5mJ,wallet|transaction|wallet|transaction|wallet,|-0.00102618|0.00886929|-0.000508726|0.00773168
1FXerNAX7ERwnMemWkCB9wVaBFX3ApzARn,4,wallet,15UatGqMZYSPovwqVnxCJCGkjBeYnKnRmW,False,True,5,1FXerNAX7ERwnMemWkCB9wVaBFX3ApzARn|355110893|1ADghQ8RQxVXdVWwJtvE7yZkuXCgB6bkRG|355110886|15UatGqMZYSPovwqVnxCJCGkjBeYnKnRmW,wallet|transaction|wallet|transaction|wallet,|-0.00200883|0.0212469|0.000286579|0.00815868
1G2BKjjy2YSaZteV626k8Ka4WorkfkmRqt,4,wallet,17SUc92vuoigYrUyTUARecAP6Zy1zm6iPz,False,True,5,1G2BKjjy2YSaZteV626k8Ka4WorkfkmRqt|268885335|1J6a7T5trMyWXQmEMjuaezZYCuPC6Vy3e6|268874025|17SUc92vuoigYrUyTUARecAP6Zy1zm6iPz,wallet|transaction|wallet|transaction|wallet,|-0.00346291|0.0235373|0.00130388|0.00797564
1G6NkMxM1upv2JBGroK8S9F53ojzyQmMpL,4,wallet,13vHWR3iLsHeYwT42RnuKYNBoVPrKKZgRv,False,True,5,1G6NkMxM1upv2JBGroK8S9F53ojzyQmMpL|195823686|1EF9P3YBSbdbVGMPuHSmGFN7oHJtLjzLTG|372818519|13vHWR3iLsHeYwT42RnuKYNBoVPrKKZgRv,wallet|transaction|wallet|transaction|wallet,|0.00310373|-0.968781|-0.000475734|-0.968781
1GPxCxkToLStr66tsM4LjNAt5LPBuT19nP,4,wallet,1PkCbt1Hd9r5RPaffYRUzhapGm6mtwJBXE,False,True,5,1GPxCxkToLStr66tsM4LjNAt5LPBuT19nP|372691618|1BHn94jmtvVnSws1djX6gGamtSAhWHk5YH|372691611|1PkCbt1Hd9r5RPaffYRUzhapGm6mtwJBXE,wallet|transaction|wallet|transaction|wallet,|-0.000294954|0.0282555|0.000533998|0.00790536
1GUshP8y2SUvgZTzHoHYbZ2Ptom6PuZYE,4,wallet,1DcKaxwc7TKvo1wHtoNANJsC7UJt5xgHpa,False,True,5,1GUshP8y2SUvgZTzHoHYbZ2Ptom6PuZYE|240791672|1Eb9HU5LGfky7JjPf9AJXWjVqayM2WiSiS|238608154|1DcKaxwc7TKvo1wHtoNANJsC7UJt5xgHpa,wallet|transaction|wallet|transaction|wallet,|0.00166821|0.0292761|-0.00360605|0.00613564
1Gay4Z6kUcJ8waMVzbmGCXDXyNtaBzc9r2,4,wallet,1FP5MzNddgvi2HYYsPceAcupR2cT9zdSHq,False,True,5,1Gay4Z6kUcJ8waMVzbmGCXDXyNtaBzc9r2|55801561|1Ji6jBwrWdfBN63KD4JvEmmokrKy5VG7bX|55735705|1FP5MzNddgvi2HYYsPceAcupR2cT9zdSHq,wallet|transaction|wallet|transaction|wallet,|-0.00517401|-0.96521|-0.00198379|0.00769627
1GorT8vTi45H1wZJRzvQF56c1A51RYqz1q,4,wallet,1Gjt3wkSsP9svuQTg92vgxXfqeDuvjFJuv,False,True,5,1GorT8vTi45H1wZJRzvQF56c1A51RYqz1q|355102403|35MTYxR1aPYdbWo9P7thHf4GYJZvf2cd2D|238506100|1Gjt3wkSsP9svuQTg92vgxXfqeDuvjFJuv,wallet|transaction|wallet|transaction|wallet,|0.00249931|0.0294563|-0.00218475|0.00688529
1GzutoyZtS27d74gxzm2L9fm6jMnaA6vK4,4,wallet,13Lu1vew3J4PpiLx8mtzegGPXfaJkXsmCB,False,True,5,1GzutoyZtS27d74gxzm2L9fm6jMnaA6vK4|209727886|1FHghrWapHdKChkMneTreyfY2DBGHDzusW|209104007|13Lu1vew3J4PpiLx8mtzegGPXfaJkXsmCB,wallet|transaction|wallet|transaction|wallet,|0.0034501|-0.934301|-0.000959128|-0.968781
1H8LGXv7UKSUm2MYP5qAPQnuUKu8CzAbLE,4,wallet,1EGGwN4k86SYr2jAWUpG8Z33tvRv3gSBQB,False,True,5,1H8LGXv7UKSUm2MYP5qAPQnuUKu8CzAbLE|9787027|13QFJtGYc3zL6xVF2mH8ttqbSK1qg7oD1k|7864711|1EGGwN4k86SYr2jAWUpG8Z33tvRv3gSBQB,wallet|transaction|wallet|transaction|wallet,|-0.00255534|-0.968781|-0.00121924|0.00463748
1H8Wx44AfokJNNM71VgLUE5CtNLK11RWvK,4,wallet,36Mq6wWb1ds92q9x5R51aoqaz5rc28udpD,False,True,5,1H8Wx44AfokJNNM71VgLUE5CtNLK11RWvK|73436475|145E7DJNQjFAT2rwvdqbYDA3Gcc7xpo4uq|72015849|36Mq6wWb1ds92q9x5R51aoqaz5rc28udpD,wallet|transaction|wallet|transaction|wallet,|0.000864863|0.00764585|-0.00103134|0.00819701
1HXhSdbCHG2psLhDA3c18nLVM2qnfwZfTF,4,wallet,1KCNRirfMZJ8ePbstjBZruungtAwjdfJHF,False,True,5,1HXhSdbCHG2psLhDA3c18nLVM2qnfwZfTF|210635984|16MsDB4hEJGabYmqkWbNoSSz9V2VRtHLyZ|51018430|1KCNRirfMZJ8ePbstjBZruungtAwjdfJHF,wallet|transaction|wallet|transaction|wallet,|0.0014348|0.0288131|0.000532389|0.00784636
1Hy8WS1JjLgixL19Se5tXd98TPpnmvgKXH,4,wallet,38dWYjJim5CEhABQxYLxdFjxAATcCxjdnE,False,True,5,1Hy8WS1JjLgixL19Se5tXd98TPpnmvgKXH|175467844|17qzS84md7jf5JpRLdaLe5i7AoDSpQba7r|111174830|38dWYjJim5CEhABQxYLxdFjxAATcCxjdnE,wallet|transaction|wallet|transaction|wallet,|0.000689358|0.0227447|-0.00049457|0.00757402
1J78rdoMqf9YiTtAmGQF46X3vFTDXQBJoW,4,wallet,1LxXTxJ323f9w6Wm3fHE7tpPinyCN49YCU,False,True,5,1J78rdoMqf9YiTtAmGQF46X3vFTDXQBJoW|378255660|1LwvStMXKVYGoKgXMWH9KkCiCUEQLJmV4u|378073029|1LxXTxJ323f9w6Wm3fHE7tpPinyCN49YCU,wallet|transaction|wallet|transaction|wallet,|0.000735909|0.0246573|0.000465482|0.00777119
1JGmSA9LUwp2G3Rt42bb6QRZCnyBpRMLe,4,wallet,12LgL765QvvRqk9buAy9iLFwz7cLRPmSeP,False,True,5,1JGmSA9LUwp2G3Rt42bb6QRZCnyBpRMLe|269502435|1GBdQKJcvZNo7dKDCTXT18goQtFcfgNsNJ|201786771|12LgL765QvvRqk9buAy9iLFwz7cLRPmSeP,wallet|transaction|wallet|transaction|wallet,|0.00245428|0.0287611|-0.00421932|0.00612593
1JnBBHa2N1kXHnd72Ukr3wNRVfbptAhQ2N,4,wallet,1PePwbpKFg6Cp5TPtjJefrxyfqPivbAM3V,False,True,5,1JnBBHa2N1kXHnd72Ukr3wNRVfbptAhQ2N|378058636|18HRJCXvZtfP6gTqWBcHxNVrhu6Ep8AquG|378047219|1PePwbpKFg6Cp5TPtjJefrxyfqPivbAM3V,wallet|transaction|wallet|transaction|wallet,|0.00134006|0.0297801|0.000879914|0.0076164
1JoqgsPaTmfAyTb8DdZ41kjJ12USqpj7LK,4,wallet,1P93d9EwLD6NYUy22NXkBxJV6JR5jUuFkH,False,True,5,1JoqgsPaTmfAyTb8DdZ41kjJ12USqpj7LK|372723972|1B7RktshPPVJYYsDPMgJMHajU5AijW339i|311749569|1P93d9EwLD6NYUy22NXkBxJV6JR5jUuFkH,wallet|transaction|wallet|transaction|wallet,|-0.00419557|-0.485409|-0.000846922|0.00760877
1KacrxgxFiYE1rjKB8PNEAbUZQp9uJGX9p,4,wallet,14M5AVgCgS3x4SaSPbDa6945q3NGSonjrF,False,True,5,1KacrxgxFiYE1rjKB8PNEAbUZQp9uJGX9p|12715329|13tMVAmUbwc8WkLMh4ufBEU1XUD8Fu6DGw|12665098|14M5AVgCgS3x4SaSPbDa6945q3NGSonjrF,wallet|transaction|wallet|transaction|wallet,|-0.00199968|-0.968781|-0.00157675|0.005458
1Kp8dYpisNkDzamaWdh8zDhhfCGk26dQ7Q,4,wallet,1F47pLzQkmmmv49TCC6B8nTvTYZwnBXiV,False,True,5,1Kp8dYpisNkDzamaWdh8zDhhfCGk26dQ7Q|139233124|19pbmALF1QgVNbvQ6hXfV6TCs8GEg7ygrT|51551341|1F47pLzQkmmmv49TCC6B8nTvTYZwnBXiV,wallet|transaction|wallet|transaction|wallet,|0.000166804|-0.0302039|-0.00209582|0.00751978
1KyvjyH8QZReT2xuuX1VkN1HgME7VS3XDs,4,wallet,1BGbYAkX58ZwdXkAbBhgAbtBj6Veksa2H1,False,True,5,1KyvjyH8QZReT2xuuX1VkN1HgME7VS3XDs|72288093|1JJDgcHtfjEwNXoBJ5Ck4LNr2ig7Kj2juj|70781861|1BGbYAkX58ZwdXkAbBhgAbtBj6Veksa2H1,wallet|transaction|wallet|transaction|wallet,|-0.000909179|-0.968737|-0.00189829|0.00776917
1L8Vyw46QDoxhHZs6f8WBUxpepfQvBwav1,4,wallet,3PN5VaLzSWdDmsWuuQK11N2KMaxS6PxqLA,False,True,5,1L8Vyw46QDoxhHZs6f8WBUxpepfQvBwav1|34535382|17aYU7z8J1RohsMq79bh1qm4nLJEdXPeZX|13623410|3PN5VaLzSWdDmsWuuQK11N2KMaxS6PxqLA,wallet|transaction|wallet|transaction|wallet,|-0.000909925|0.0125898|-0.00135317|0.00839436
1LW6sdaMkzuYa7mFTg7mmvgzj4pBeiL6Yk,4,wallet,16aD9RURyfv5AxJDzsN9vXufmty6Q7DPVe,False,True,5,1LW6sdaMkzuYa7mFTg7mmvgzj4pBeiL6Yk|69713600|1fXeAYHNspZ8T183yNx8zBX7DXFxDtVZo|69302157|16aD9RURyfv5AxJDzsN9vXufmty6Q7DPVe,wallet|transaction|wallet|transaction|wallet,|0.00103316|0.0219661|-0.000750571|0.00804609
1LZUW8YV9LywwFk6tZRAgLTaQqdd7eWbcc,4,wallet,1DkJGC8NrPU5dWiZ5B8wX1UQKJ694UTbo,False,True,5,1LZUW8YV9LywwFk6tZRAgLTaQqdd7eWbcc|116902242|15UvP4ptbpUc1xi6dY38XmNFoZfFhBXkUx|114515765|1DkJGC8NrPU5dWiZ5B8wX1UQKJ694UTbo,wallet|transaction|wallet|transaction|wallet,|0.000964016|0.0231097|-0.000606835|0.00823289
1LcmBtabkmai9qh2mDJ1ubC8KnzwixiEKM,4,transaction,39446116,False,True,5,1LcmBtabkmai9qh2mDJ1ubC8KnzwixiEKM|288513620|19zr5kBXKFuNFtevb4DCXXfawbN9nmHVC6|288273807|39446116,wallet|transaction|wallet|transaction|transaction,|0.00669417|-0.966281|-0.00185454|0.00148866
1MH4LSx53UPTdqt4CFM215giRSWHrraX4i,4,wallet,1KWxuvPpYmUsxz3qnpRtJSD5QAd5gBjSZb,False,True,5,1MH4LSx53UPTdqt4CFM215giRSWHrraX4i|234169860|1GPj54G15Z2LJpaVionQsCLxFkLU5Ad457|234151304|1KWxuvPpYmUsxz3qnpRtJSD5QAd5gBjSZb,wallet|transaction|wallet|transaction|wallet,|0.00025785|0.0300269|0.00107265|0.00757706
1MNGdEvUuX793VyHn3QkTtpMXEDjzLbwvL,4,wallet,131fyJPFqpYgS9qyFiiqNYiTBh6GoETueL,False,True,5,1MNGdEvUuX793VyHn3QkTtpMXEDjzLbwvL|191347647|1JPebcuXkcCjeg4c8gDLEyJhLeNK9tTgy6|87494797|131fyJPFqpYgS9qyFiiqNYiTBh6GoETueL,wallet|transaction|wallet|transaction|wallet,|0.00109842|0.0261382|-0.000176042|0.0080089
1MdWCUoQr7E9uQErLp6BT19fVfqEY1Bqsm,4,wallet,19Jq7AssQczgxQdpxgmYiFVD8t2vKuVVUZ,False,True,5,1MdWCUoQr7E9uQErLp6BT19fVfqEY1Bqsm|355195891|1C5tM1PWfyE8vqnw8T53EVai9rHZzhWocq|355109280|19Jq7AssQczgxQdpxgmYiFVD8t2vKuVVUZ,wallet|transaction|wallet|transaction|wallet,|0.0016697|0.0275143|-0.00150833|0.00767469
1NJK7cuotubN9NbsU9NjS2sBDa8KxkLijf,4,wallet,15Y4vhtyPrtEYGZmvPk3U2SPB5sNZFLvz3,False,True,5,1NJK7cuotubN9NbsU9NjS2sBDa8KxkLijf|99206910|1MAFhWSnuJ6hP4SSR9LbvZNQzRct677nb4|99191735|15Y4vhtyPrtEYGZmvPk3U2SPB5sNZFLvz3,wallet|transaction|wallet|transaction|wallet,|0.00268885|-0.593588|-0.00420883|0.00263661
1NNWUppsXsiEDQ9LcRaHYZNTV4FQ7XwL1A,4,transaction,72325326,False,True,5,1NNWUppsXsiEDQ9LcRaHYZNTV4FQ7XwL1A|71297856|1BRi8qPyajMdVLLTjjuME1Qc4UEvFLxwx3|72325322|72325326,wallet|transaction|wallet|transaction|transaction,|-0.00391927|0.0270657|0.00404018|-0.0522896
1Nb3KuzW6BimSKLrniirdE2PHBsNwoZBfQ,4,wallet,1MNhQXurHFdyAavNFhRwWSrAD7Sx97Mt94,False,True,5,1Nb3KuzW6BimSKLrniirdE2PHBsNwoZBfQ|11306533|1LCu8c8PUQA2nMyvYefZiGq93DJKXZZgTS|195422155|1MNhQXurHFdyAavNFhRwWSrAD7Sx97Mt94,wallet|transaction|wallet|transaction|wallet,|0.00114328|0.0203166|-0.000694394|0.00832975
1Ndyi8xzhLnY9JttqHYeTDyN9WMRwiBEWd,4,transaction,208910380,False,True,5,1Ndyi8xzhLnY9JttqHYeTDyN9WMRwiBEWd|209478843|18utyFupZpoRam1mRY67SCs37ng2LkNdNc|27653479|208910380,wallet|transaction|wallet|transaction|transaction,|-0.00401187|-0.739505|-0.00432387|0.020148
1NusPrMQX8bPsM5ZK4W2Sc7xbXapsXx7rv,4,wallet,1FLiLtQMASJPAx77ZkFkxyQb5F7p3fBuqf,False,True,5,1NusPrMQX8bPsM5ZK4W2Sc7xbXapsXx7rv|241503808|18ejknucGKiFEN25E1DMsUG8qovFKroqTr|241489128|1FLiLtQMASJPAx77ZkFkxyQb5F7p3fBuqf,wallet|transaction|wallet|transaction|wallet,|0.00112343|0.0293526|0.000826299|0.00770968
1PGEycxo1gJVF8KixmoVLqYLnQk1m3a2WU,4,transaction,238247439,False,True,5,1PGEycxo1gJVF8KixmoVLqYLnQk1m3a2WU|241537485|144VfB9NF21wwNMhqhgfGQCyJDEh722U5p|238223712|238247439,wallet|transaction|wallet|transaction|transaction,|0.00529677|-0.0189602|-0.000353366|0.249996
27742555,3,wallet,13LLpbhPXaRXe2iwgkaRZPdkHoLR8E7UtR,False,True,4,27742555|1MQQmV5PdHQMgdS3yzGiAReP4kahFWs5CZ|113518012|13LLpbhPXaRXe2iwgkaRZPdkHoLR8E7UtR,transaction|wallet|transaction|wallet,|0.0284275|-0.00300175|0.00630486
94654130,3,wallet,1HsuECjWNQmVL5K4jUjGA2xz77zjMXMHBQ,False,True,4,94654130|17HivXjD3M37ukmmMof8uiWtW5pLCMW8Mn|94498568|1HsuECjWNQmVL5K4jUjGA2xz77zjMXMHBQ,transaction|wallet|transaction|wallet,|0.0301862|-0.000544071|0.0263894
94654134,3,wallet,1F13YwHww9kYVpBzatUoAiLF4moPUHhFzd,False,True,4,94654134|1C478sndNEt14bt3xQHBWzabuuoEQaYavN|94366773|1F13YwHww9kYVpBzatUoAiLF4moPUHhFzd,transaction|wallet|transaction|wallet,|0.0242726|0.000753015|0.00754267
189798829,3,wallet,13T5PsAtCPRjWzw1cf6xRpKGPbMXpjHSBr,False,True,4,189798829|1Gp3xJe4WyMikeXJ533jCeAxy7K8Ritdz3|189798835|13T5PsAtCPRjWzw1cf6xRpKGPbMXpjHSBr,transaction|wallet|transaction|wallet,|-0.968764|0.00216499|-0.968781
191789118,3,wallet,1K3HgKBxgpVaHLsSpchVVvQCMZs1nw4fPw,False,True,4,191789118|1Hw7y1Bntk3kc5FYUjWbbLDccHtceAQtTk|190053764|1K3HgKBxgpVaHLsSpchVVvQCMZs1nw4fPw,transaction|wallet|transaction|wallet,|0.024536|-0.00336522|0.00667632
175046937,3,wallet,14ynG2Zff4ZB1nbHZm4ZrTpiJPnqodeSQY,False,True,4,175046937|1DtQvSAAK4vNgsQ74zA3bE4CFnDQmj5YVR|117536420|14ynG2Zff4ZB1nbHZm4ZrTpiJPnqodeSQY,transaction|wallet|transaction|wallet,|0.0251579|0.000643522|0.0075841
175405586,3,wallet,1CbXbBmuqCzi3d6otHEYsBjhoZ1XUYrD17,False,True,4,175405586|1vmqho6EyeBNB3k2zxYajDihctDBtGf7L|175061416|1CbXbBmuqCzi3d6otHEYsBjhoZ1XUYrD17,transaction|wallet|transaction|wallet,|0.0240177|0.00022018|0.00760853
175405815,3,wallet,1K1Paj5k8fkRCuQAvnjHWu97CQBbcQvKmY,False,True,4,175405815|1BZjszTnBvZFgu8LjQxkZ2dQR4sf6Rba64|175042800|1K1Paj5k8fkRCuQAvnjHWu97CQBbcQvKmY,transaction|wallet|transaction|wallet,|0.0204151|0.00089255|0.00752753
175757673,3,wallet,3Ecz3yLvt8oC7eYoLx2JHGuuvUHKM4BaXw,False,True,4,175757673|1MsHU6V48qSbnCXH4d4WwQchqMPUnwpVoT|175574352|3Ecz3yLvt8oC7eYoLx2JHGuuvUHKM4BaXw,transaction|wallet|transaction|wallet,|-0.966797|-0.00374037|-0.0693674
179039634,3,wallet,1F54F3YEUDBTR8yrKhxcES2yxZWrPkuHQs,False,True,4,179039634|12SzAeT4vprf3EjKCmLHHDtdtu2AyLgLH4|198221240|1F54F3YEUDBTR8yrKhxcES2yxZWrPkuHQs,transaction|wallet|transaction|wallet,|0.0265487|0.000693768|0.00758469
226629469,3,wallet,1AntAvWeK9sQVUK6HZVacEv8hJNqYqScmk,False,True,4,226629469|1Jr37rxhKsnEfsQmdLsHATBuPEVZbocFHK|226591521|1AntAvWeK9sQVUK6HZVacEv8hJNqYqScmk,transaction|wallet|transaction|wallet,|-0.222114|-0.00299627|0.0286851
234166489,3,wallet,1ETbaTcveb2J6KrCvCVXWeB8rvDx6Amtkk,False,True,4,234166489|1Arki7pkZS4jTPbkiEgpwxiSEGx3PN9EVW|6184520|1ETbaTcveb2J6KrCvCVXWeB8rvDx6Amtkk,transaction|wallet|transaction|wallet,|0.025414|-0.00294518|0.00676739
234559578,3,wallet,1HY9AJAK2giomdYpXPnsa6wCk7sQxbAy5H,False,True,4,234559578|15fnA72U4vzmbqv8T43o8PJBiRNmH2wyXb|234714174|1HY9AJAK2giomdYpXPnsa6wCk7sQxbAy5H,transaction|wallet|transaction|wallet,|-0.513945|-0.00282595|0.0171709
234560113,3,wallet,13rD6M1EKjqyGJRqHtjX2YnDGyqFaYLj86,False,True,4,234560113|14WKSHZdqqBmewn8nK8okXYkeK3eZu4cDg|234181138|13rD6M1EKjqyGJRqHtjX2YnDGyqFaYLj86,transaction|wallet|transaction|wallet,|0.0246831|0.000417173|0.00765115
234574630,3,wallet,1peGsiJivoR7oHJkkyXoZcY2kAYytLbf6,False,True,4,234574630|1F3Ut52G3p5qsaW4ynVrGGW5QLf5nhwdx3|234661332|1peGsiJivoR7oHJkkyXoZcY2kAYytLbf6,transaction|wallet|transaction|wallet,|0.0164454|0.000318229|0.00767016
234574632,3,wallet,17k6QkPLL7AgcsSdLZ9CjysE9fbDeb8Nba,False,True,4,234574632|12RtXkhno25eS2A3tU4C6Ps9t8TngH1oVX|234834140|17k6QkPLL7AgcsSdLZ9CjysE9fbDeb8Nba,transaction|wallet|transaction|wallet,|-0.013625|-0.000480145|0.00768584
7783087,3,wallet,13GHRaovmKYQtPbckpnFhtPUbTLjzcwUkf,False,True,4,7783087|1HPRtUDkrkmWqNbLjS7P3pcx9t7ymTe57V|339058403|13GHRaovmKYQtPbckpnFhtPUbTLjzcwUkf,transaction|wallet|transaction|wallet,|0.0263403|0.000490576|0.00769484
339057155,3,wallet,3MEbqyNoUEddy8AvytRWKYJgnZ1y8d5uy1,False,True,4,339057155|1AHwzByyxQT3Dm5NkEN4bY8NZEMeQtnDbz|339057158|3MEbqyNoUEddy8AvytRWKYJgnZ1y8d5uy1,transaction|wallet|transaction|wallet,|0.027096|0.000330001|0.00765687
339057349,3,wallet,1JzWmaKroPhmTXeJRc7GmAUhQZK4kTaweT,False,True,4,339057349|1DNCzhL5A11mHoUXcX5N7u8fawPiGezHGB|339057351|1JzWmaKroPhmTXeJRc7GmAUhQZK4kTaweT,transaction|wallet|transaction|wallet,|0.0258049|0.000447959|0.00770003
339057505,3,wallet,12SDpXvezLw94KpC5Ezz8tXe53yqsE4Cre,False,True,4,339057505|1ArZufVwoygS6BgjuVZifSD9MkNXF95hcr|339057507|12SDpXvezLw94KpC5Ezz8tXe53yqsE4Cre,transaction|wallet|transaction|wallet,|0.0255343|0.000445426|0.00770462
339057962,3,wallet,137Wa3DJThod2qY7H3SwBwEZZmkypchfzX,False,True,4,339057962|1ELqWpKNGK83FUsJuJQY4C3NkN1HFBas2T|339057963|137Wa3DJThod2qY7H3SwBwEZZmkypchfzX,transaction|wallet|transaction|wallet,|0.0262986|0.000446618|0.00769138
339093920,3,wallet,1P8vES2MpBU11ECuqvi2KbD5WZw6aZgxnT,False,True,4,339093920|1J3z8PMnUiG7Brv3N8vprprhTaodQzEsnz|220134222|1P8vES2MpBU11ECuqvi2KbD5WZw6aZgxnT,transaction|wallet|transaction|wallet,|0.0291493|0.000858098|0.00767916
339094219,3,wallet,33eHY9jb6rPEkWrwbZY8K5evEsECAoGBeX,False,True,4,339094219|1CLsU3mEEi1WoJK4oPf4fBUtrcbARaKcC3|339094221|33eHY9jb6rPEkWrwbZY8K5evEsECAoGBeX,transaction|wallet|transaction|wallet,|0.0281124|0.000614315|0.00768471
339095197,3,wallet,1JENymRc89THW9KMinnJM6Te7Tmayzks61,False,True,4,339095197|1BCJT92oUB652a7dJWTNpnXMzq9ZT7pfD|339095199|1JENymRc89THW9KMinnJM6Te7Tmayzks61,transaction|wallet|transaction|wallet,|0.0288679|0.000738502|0.00767946
339095214,3,wallet,1FtPSyjie5bGDqsGtH2n19hFvd71SjPHdH,False,True,4,339095214|1752TWFHDsJRApgMAYw2pv8BXmvvggRBes|226625856|1FtPSyjie5bGDqsGtH2n19hFvd71SjPHdH,transaction|wallet|transaction|wallet,|0.0266368|-0.00561768|-0.964275
339096343,3,wallet,1E5Rfw1kRFPRgyjpZieagkmqZM3LoAVkc,False,True,4,339096343|1HwqaXghUZi5jG8UXek9u9mLcVhcWjkQUF|339083963|1E5Rfw1kRFPRgyjpZieagkmqZM3LoAVkc,transaction|wallet|transaction|wallet,|0.0237276|0.000273436|0.00770915
339096348,3,wallet,1jFSL2Ng2efuSqbew8UnNjoWa448NDzrJ,False,True,4,339096348|18Eb3gMvVDEAbetaxoydt7JEcUXg5diXP2|339060115|1jFSL2Ng2efuSqbew8UnNjoWa448NDzrJ,transaction|wallet|transaction|wallet,|0.001423|0.000258178|0.00765389
339096356,3,wallet,1GSuvgnGQj6p5oqvUd6DFnoCpdaFPrxFH4,False,True,4,339096356|19BYzAVLLev4vYV18KztyGS1b8MKQnRo2c|339063176|1GSuvgnGQj6p5oqvUd6DFnoCpdaFPrxFH4,transaction|wallet|transaction|wallet,|0.025147|0.000438899|0.00769776
339120984,3,wallet,1FtPSyjie5bGDqsGtH2n19hFvd71SjPHdH,False,True,4,339120984|1752TWFHDsJRApgMAYw2pv8BXmvvggRBes|226625856|1FtPSyjie5bGDqsGtH2n19hFvd71SjPHdH,transaction|wallet|transaction|wallet,|0.0266368|-0.00561768|-0.964275
339642966,3,wallet,1DyDTcKMrB8x7ZpeyDrWfsgKsfzzWas1ES,False,True,4,339642966|1EWKrswwVjN3rfZXq59zFosktekKsSXV3D|339642967|1DyDTcKMrB8x7ZpeyDrWfsgKsfzzWas1ES,transaction|wallet|transaction|wallet,|0.024501|0.000564754|0.00770098
15235793,3,wallet,18Fosr6jSCVDcrUDLLevegDkrUHk4h5tYt,False,True,4,15235793|19dNBPkmxtJmCCs9wvrGyaAKrYVWTr6V7s|14969345|18Fosr6jSCVDcrUDLLevegDkrUHk4h5tYt,transaction|wallet|transaction|wallet,|0.0298753|-0.00123885|-0.968781
15235799,3,wallet,1DNywpCpgdBurPpkK8XqBxuFSPcbLLky1X,False,True,4,15235799|193LUh82c22XqxD1DuJHAzcAfRkyUw85b9|15199978|1DNywpCpgdBurPpkK8XqBxuFSPcbLLky1X,transaction|wallet|transaction|wallet,|0.0277987|0.000610739|0.00771815
15236007,3,wallet,156RsL92UHS8B7i3B7U1hdPU3Cf51ND9kv,False,True,4,15236007|1ADVdL9GaqJtxg9f6SqdXz1wrBiG5nEJup|15092612|156RsL92UHS8B7i3B7U1hdPU3Cf51ND9kv,transaction|wallet|transaction|wallet,|0.0241176|0.000288725|0.00772756
15236494,3,wallet,14tNuPzkjGwpFRN2oNBZDKXa4VBE1CrZwc,False,True,4,15236494|1H6ypkJ1aXhecEgwM8rcb9GZjuBY4GSuWJ|14063348|14tNuPzkjGwpFRN2oNBZDKXa4VBE1CrZwc,transaction|wallet|transaction|wallet,|0.0251432|-0.00283757|0.00680697
241537041,3,wallet,19dhPh2yqNketwY3y1xicsvnF6pcX1vEX6,False,True,4,241537041|1AqyB3AkXUWW1bwqcE3DjfspP5Vong9Vum|238337095|19dhPh2yqNketwY3y1xicsvnF6pcX1vEX6,transaction|wallet|transaction|wallet,|0.0270286|-0.00157243|0.00730467
241537638,3,wallet,189njsRRMPLuUNYNqMB8ts3RktSxVFdSk1,False,True,4,241537638|1BucskXDXiPusbBLLuMFKCViEB5RoU7gnL|238191643|189njsRRMPLuUNYNqMB8ts3RktSxVFdSk1,transaction|wallet|transaction|wallet,|0.0284286|-0.000532836|0.00744754
241537655,3,wallet,19dhPh2yqNketwY3y1xicsvnF6pcX1vEX6,False,True,4,241537655|1Fr2hRZFm1Zfbgq1grMgAfKk2GTPCpSvxH|238337095|19dhPh2yqNketwY3y1xicsvnF6pcX1vEX6,transaction|wallet|transaction|wallet,|0.0269073|-0.00157243|0.00730467
243780683,3,wallet,17MaLwZozFxsAH9XJMypC7S4hp5FqdhJQY,False,True,4,243780683|1KyXhQCijGdWEjHMH38G5bUVrB5YY5Zdmt|238205198|17MaLwZozFxsAH9XJMypC7S4hp5FqdhJQY,transaction|wallet|transaction|wallet,|0.0282938|-0.00166753|0.0071072
243780808,3,wallet,14rmLkC6Bej7FkQQ8wP98zsJer1YDKPw85,False,True,4,243780808|186ruave9TN5xEZTP2tLGbNc37g2cQsj4W|238247335|14rmLkC6Bej7FkQQ8wP98zsJer1YDKPw85,transaction|wallet|transaction|wallet,|0.0282938|0.00059706|0.00773293
244629168,3,wallet,16dxymxBo4shTCwbKYcoogYNAex9Dp4uWm,False,True,4,244629168|1AwtvfXfV7eZuqMXWyiy53THtPAw3BQVjZ|241507377|16dxymxBo4shTCwbKYcoogYNAex9Dp4uWm,transaction|wallet|transaction|wallet,|0.0283481|0.00060752|0.00773543
297098648,3,wallet,1LoR48uDFQ3MZVX7DZz9eQfyjvYSx8MSiu,False,True,4,297098648|1AqyCDYatN2hxnmYJGugbgftPerJ9xkNEr|291271105|1LoR48uDFQ3MZVX7DZz9eQfyjvYSx8MSiu,transaction|wallet|transaction|wallet,|0.0287018|-0.00123248|0.00748026
378066434,3,wallet,1PTR2yxafrrXES1ju8J2pLss992xjaGZQZ,False,True,4,378066434|12JorEyJptuF8Xm1ACBP8K1vQWtEEnAdAk|308263588|1PTR2yxafrrXES1ju8J2pLss992xjaGZQZ,transaction|wallet|transaction|wallet,|0.0281987|-0.00256282|0.00695056
378151922,3,wallet,1DxRvJuyiTbTXGiQVGfjnLDi3Lsa75xzui,False,True,4,378151922|1om4hkVmTn8gE52vs9uPgs4qoybV9g2e8|344453848|1DxRvJuyiTbTXGiQVGfjnLDi3Lsa75xzui,transaction|wallet|transaction|wallet,|0.00231153|0.00109962|0.00778723
378249003,3,wallet,173o6k1HoC3YTCKV5i3rW9fq6fhHHzZLHz,False,True,4,378249003|1AG2JBtWiXVZ3Z28BUX9d6btoJM9oBNG27|331228202|173o6k1HoC3YTCKV5i3rW9fq6fhHHzZLHz,transaction|wallet|transaction|wallet,|0.0294109|-0.000400215|0.00751311
378249399,3,wallet,1PTR2yxafrrXES1ju8J2pLss992xjaGZQZ,False,True,4,378249399|12JorEyJptuF8Xm1ACBP8K1vQWtEEnAdAk|308263588|1PTR2yxafrrXES1ju8J2pLss992xjaGZQZ,transaction|wallet|transaction|wallet,|0.0281987|-0.00256282|0.00695056
378250397,3,wallet,1621cNyGnnRN7coAaA1wV2sEzW5BigxsSU,False,True,4,378250397|115M8hMMDvJPdGsTidQosvpUgDzE564Q9A|171153608|1621cNyGnnRN7coAaA1wV2sEzW5BigxsSU,transaction|wallet|transaction|wallet,|0.0293981|-0.00050661|0.0075146
378250957,3,wallet,1DzUaymsG6iMSir8WHKKbpQzsyG7YT293z,False,True,4,378250957|1HG8Kq57yUJPG4btXqvWejhLWbkoB13KeH|378162704|1DzUaymsG6iMSir8WHKKbpQzsyG7YT293z,transaction|wallet|transaction|wallet,|0.0136692|-0.000709087|0.00756991
378251094,3,wallet,1M7EbpT6paptMg6fuYSQkFfMFUQaYeUwCg,False,True,4,378251094|1DUXXJBccfVUnvsW5ZoheYNUo81A6UTx6S|29371514|1M7EbpT6paptMg6fuYSQkFfMFUQaYeUwCg,transaction|wallet|transaction|wallet,|0.0236914|0.00039947|0.00777733
378251284,3,wallet,1BYwzWpYT1LrBdanADEooemXffpSkBKDrP,False,True,4,378251284|1LdGB8E8d9dkxjnv7YSStGdXLBAK7BRtvG|378161499|1BYwzWpYT1LrBdanADEooemXffpSkBKDrP,transaction|wallet|transaction|wallet,|0.0277781|0.000546515|0.00776404
378251619,3,wallet,1GNtMfAo1iMaHbRfNgGk4ATHoRvF9V2bb,False,True,4,378251619|18RDytZT7d3btp3aCxdtVyMVsNTboGH3GA|378177546|1GNtMfAo1iMaHbRfNgGk4ATHoRvF9V2bb,transaction|wallet|transaction|wallet,|0.0201405|0.000440776|0.00779384
378256202,3,wallet,1BYwzWpYT1LrBdanADEooemXffpSkBKDrP,False,True,4,378256202|1LdGB8E8d9dkxjnv7YSStGdXLBAK7BRtvG|378161499|1BYwzWpYT1LrBdanADEooemXffpSkBKDrP,transaction|wallet|transaction|wallet,|0.0277781|0.000546515|0.00776404
378601867,3,wallet,15gpxEpKYnYjk4HNtaE9tKFixHNLT2rmV8,False,True,4,378601867|1FFmdPSQChhFiFa36fk9Q9Y9GND3hnDQC8|378417863|15gpxEpKYnYjk4HNtaE9tKFixHNLT2rmV8,transaction|wallet|transaction|wallet,|0.029124|-0.00239661|0.00697231
390420061,3,wallet,1MJbf6yJJ6j1ZyYe7oN9jxxDPsVi5sBvcL,False,True,4,390420061|1EjHBLqXqrMUjXHX4U8Vj1WniLdxV5M3Yf|390244908|1MJbf6yJJ6j1ZyYe7oN9jxxDPsVi5sBvcL,transaction|wallet|transaction|wallet,|-0.963608|-0.000169903|-0.968781
390498113,3,wallet,1QHvCNC8BDk8e9mpr51NeN1GsGGSmooU48,False,True,4,390498113|1JfiG16VK2DGLUaqk8Fg9cnUJiHTd77nyq|227832969|1QHvCNC8BDk8e9mpr51NeN1GsGGSmooU48,transaction|wallet|transaction|wallet,|-0.680949|-0.00470242|-0.0546004
390498171,3,wallet,15pj7CYEuVtfbWdi9GY8xXWKskhAapsQDG,False,True,4,390498171|1AJVZxX2bLpvi8PpMwUib5kn8ZXuaV3mJu|241129515|15pj7CYEuVtfbWdi9GY8xXWKskhAapsQDG,transaction|wallet|transaction|wallet,|-0.207479|0.000485331|-0.968771
390577552,3,wallet,1FHeK3j8UM2z8N81Pbu8z4ezm628JsXyRU,False,True,4,390577552|1JCmMDLjqRpgZY2CifehH4AoHEMwy9GZgB|162295800|1FHeK3j8UM2z8N81Pbu8z4ezm628JsXyRU,transaction|wallet|transaction|wallet,|0.0289177|0.000490189|0.00773424
390578692,3,wallet,1H5bZcVTreuAvfkMirwE3kgtPLKeu7x9jy,False,True,4,390578692|15xFzQ4cZcjXQTvkc6QLGCXfctHwXdZdHr|390345988|1H5bZcVTreuAvfkMirwE3kgtPLKeu7x9jy,transaction|wallet|transaction|wallet,|-0.968781|0.0124125|-0.968781
249236899,3,wallet,1KTWoQSEpxkYnqBFgFUMpTsJ31PaVZmHCb,False,True,4,249236899|1HCrhrG4DgnarZFhNNSXwi9ybWQmrzKv6V|248888440|1KTWoQSEpxkYnqBFgFUMpTsJ31PaVZmHCb,transaction|wallet|transaction|wallet,|0.0290542|0.000599951|0.00778121
249336360,3,wallet,1H3cXg4w53MoaEELcWsW8NnPqMAdimZ3FW,False,True,4,249336360|14kHC63LVteaWj6hRPNcZWH7JugGcRxiEL|248887450|1H3cXg4w53MoaEELcWsW8NnPqMAdimZ3FW,transaction|wallet|transaction|wallet,|0.0288515|-0.00187761|0.00728488
249338762,3,wallet,1EFbYDVC6Exw5RNwUxdH558j3fT8sdZyKk,False,True,4,249338762|177tn2ibvpxYqJufPNuZuGoB5SThPDc1z|248888577|1EFbYDVC6Exw5RNwUxdH558j3fT8sdZyKk,transaction|wallet|transaction|wallet,|0.0243968|0.000554234|0.00778234
250413117,3,wallet,1FeRGGQExRvYSA47aNzcR8ZVXHH1QVFtVx,False,True,4,250413117|18uz8B3MHV6HpUCLBL1wYo2DfcMoBBo6zG|248887402|1FeRGGQExRvYSA47aNzcR8ZVXHH1QVFtVx,transaction|wallet|transaction|wallet,|0.0259949|-0.00048095|0.007653
363079549,3,wallet,1F17kgbjj2G3hQ6kpU9XZ3hNKt9UkEDBZy,False,True,4,363079549|13PKV7jc3cXMyubj2LEkNL36xrrx9JZgGs|362965635|1F17kgbjj2G3hQ6kpU9XZ3hNKt9UkEDBZy,transaction|wallet|transaction|wallet,|0.0278734|0.000515044|0.00782841
209050859,3,wallet,1C6U2caHrcYZkgpqxjMxZ6yvAgjPCkCUsZ,False,True,4,209050859|14wdxjRQNwbQAbkVJR5rrYHM8ZFexaLcy2|82608842|1C6U2caHrcYZkgpqxjMxZ6yvAgjPCkCUsZ,transaction|wallet|transaction|wallet,|0.0289708|-0.00367236|0.00626439
209053064,3,wallet,1KCNRirfMZJ8ePbstjBZruungtAwjdfJHF,False,True,4,209053064|16MsDB4hEJGabYmqkWbNoSSz9V2VRtHLyZ|51018430|1KCNRirfMZJ8ePbstjBZruungtAwjdfJHF,transaction|wallet|transaction|wallet,|0.0288131|0.000532389|0.00784636
209054313,3,wallet,1KCNRirfMZJ8ePbstjBZruungtAwjdfJHF,False,True,4,209054313|1PZgKyEU14od6bowy5yPrzy9aD4E7g3mFV|51018430|1KCNRirfMZJ8ePbstjBZruungtAwjdfJHF,transaction|wallet|transaction|wallet,|0.0289342|0.000532389|0.00784636
209522526,3,wallet,1HEgFvUrWoHh7rXMbQfTvmYxU8SUN6MLqw,False,True,4,209522526|1CcHeRZGZUjvfnE7CaLgWjDP6iccvWUZ6B|209522527|1HEgFvUrWoHh7rXMbQfTvmYxU8SUN6MLqw,transaction|wallet|transaction|wallet,|0.013907|-0.00285402|-0.0110608
209946182,3,wallet,1Q4oGNAaeEcM6UpantSE6xxxiuj8pZTDu6,False,True,4,209946182|1JtzaQLhbdscW4mPGPmjAV5VCbdDixwtmN|65263113|1Q4oGNAaeEcM6UpantSE6xxxiuj8pZTDu6,transaction|wallet|transaction|wallet,|0.0275188|-0.00221863|0.00725651
209946889,3,wallet,1Q4oGNAaeEcM6UpantSE6xxxiuj8pZTDu6,False,True,4,209946889|15EYFApnotyaetyD4EEdWLf2nFU7ZXybQe|65263113|1Q4oGNAaeEcM6UpantSE6xxxiuj8pZTDu6,transaction|wallet|transaction|wallet,|0.0275649|-0.00221863|0.00725651
99175888,3,wallet,1DGThuQ6XqQ385W5NFEPc1kdb8YPoZrqnJ,False,True,4,99175888|1Cz6xyMqXjpVKWQB8XNDLyoKJnFwM52xLw|99175889|1DGThuQ6XqQ385W5NFEPc1kdb8YPoZrqnJ,transaction|wallet|transaction|wallet,|0.0289515|0.000555456|0.00786316
99191240,3,wallet,1MRVmD1V2xBD8QGFVhXc2xXP5sJv5BH7Wd,False,True,4,99191240|1BsUNUGM5MQF6Es1qZbt7xjA5YiSiJ7t8X|98975509|1MRVmD1V2xBD8QGFVhXc2xXP5sJv5BH7Wd,transaction|wallet|transaction|wallet,|0.0290308|0.000441313|0.00783819
313646496,3,wallet,18seVnazx4U63KVJE887zMWsJUYVKuRucX,False,True,4,313646496|1Hu7bvCmpAMfSvvwSS8sfGb43i53hR2fhe|323274680|18seVnazx4U63KVJE887zMWsJUYVKuRucX,transaction|wallet|transaction|wallet,|-0.411044|-0.0035907|-0.0145968
368746484,3,wallet,1EKk6fL3V83jgMxdWn2uSDy1G5LeL1DD4x,False,True,4,368746484|1KNZfnY2RJkVqZGGZ2XrTbew76k8QjsYMT|313670795|1EKk6fL3V83jgMxdWn2uSDy1G5LeL1DD4x,transaction|wallet|transaction|wallet,|0.0288621|-0.00285295|0.00695133
372725878,3,wallet,1Q4qnuHcWeCFYeVkJ5QoiHDpj9a6kUWs2U,False,True,4,372725878|1DhpJ4mmeEfbKZuhNuwUid5avpLiFRandb|372671156|1Q4qnuHcWeCFYeVkJ5QoiHDpj9a6kUWs2U,transaction|wallet|transaction|wallet,|0.0292889|0.000622123|0.00788116
372725884,3,wallet,1Q4qnuHcWeCFYeVkJ5QoiHDpj9a6kUWs2U,False,True,4,372725884|173caA2Vm2Y77B2tovS84rrHFRJ5uehC2A|372671156|1Q4qnuHcWeCFYeVkJ5QoiHDpj9a6kUWs2U,transaction|wallet|transaction|wallet,|0.0276541|0.000622123|0.00788116
372726149,3,wallet,19HEhV6EKQ3B5jGYyCqdXRosdcKhgbk2Vx,False,True,4,372726149|1KM1jEXXJq6LXohLmT2EoRrys653DExzQX|368741023|19HEhV6EKQ3B5jGYyCqdXRosdcKhgbk2Vx,transaction|wallet|transaction|wallet,|0.0277628|-0.000771701|0.00760323
372726702,3,wallet,1Cs6JzR6DHaPXCsVzjC65wZ7E3Bh6cSEGM,False,True,4,372726702|1CqCFUnMZa8XYQ7n56L8oyVPAtzNEMH39G|372696706|1Cs6JzR6DHaPXCsVzjC65wZ7E3Bh6cSEGM,transaction|wallet|transaction|wallet,|0.0194706|0.000560999|0.00791913
372812145,3,wallet,1K78mAuqH8cX5HZGqgN9mukjRc8ANUXsXA,False,True,4,372812145|1EQfFexXuKdi4W2fawGnJPFh9G9W9ocaNx|372728275|1K78mAuqH8cX5HZGqgN9mukjRc8ANUXsXA,transaction|wallet|transaction|wallet,|0.0284835|0.000415891|0.00789344
262479651,3,wallet,13DjRPm7EQGPxdpamzuG6HxEiJbiNQweYw,False,True,4,262479651|19sUScEdky5zKjgwxKWt2unZba1SbYEJZS|273248735|13DjRPm7EQGPxdpamzuG6HxEiJbiNQweYw,transaction|wallet|transaction|wallet,|0.0288265|0.000563592|0.007909
87474785,3,wallet,12v6yTLFj45SAiyqE67KFQoABjZNRFCGpp,False,True,4,87474785|1GA1LKt9vAMdXuCeAyMXR1YPd4FDK8e19t|268794150|12v6yTLFj45SAiyqE67KFQoABjZNRFCGpp,transaction|wallet|transaction|wallet,|0.0277389|0.000337034|0.00795531
269511424,3,wallet,1KK9bqcaNd4kocVZtgZnrxKa51hVK7yhdh,False,True,4,269511424|17AF2eZG6G1FUor77J6hgvww1ind8WGLze|268916245|1KK9bqcaNd4kocVZtgZnrxKa51hVK7yhdh,transaction|wallet|transaction|wallet,|0.0287902|0.000424504|0.0079661
276938352,3,wallet,1QB1cpWNbYuQ7MK4rg2PbdEoEaod4fF6P9,False,True,4,276938352|1Nn5CnHsTkptP2UMTMeKtujbFhAFnmzqkn|268886525|1QB1cpWNbYuQ7MK4rg2PbdEoEaod4fF6P9,transaction|wallet|transaction|wallet,|0.0256327|0.000787675|0.00799274
283190987,3,wallet,1Bqdtk4gBvzvWpHhthfBL2VUL2HB9fFU7K,False,True,4,283190987|14qu3LpLeHez2QkegCSFBVhVzJ1y3AsJeE|269578648|1Bqdtk4gBvzvWpHhthfBL2VUL2HB9fFU7K,transaction|wallet|transaction|wallet,|0.0276312|0.000378639|0.00796884
283192691,3,wallet,12N7QUn8LqTUkSP76yqrv9U9FBLEW6YCQz,False,True,4,283192691|1AGsZ8mt8azWjrJypLMCpkvhGmZqYaGgpu|269555711|12N7QUn8LqTUkSP76yqrv9U9FBLEW6YCQz,transaction|wallet|transaction|wallet,|0.0214708|0.000628829|0.00799704
283195181,3,wallet,1LFjQw13qyknvmWhwKaWxxoE2LAh9xHJ4o,False,True,4,283195181|13BDk2P1g5XgJp2HUfqSV6bQhFBXJnUD2i|276961374|1LFjQw13qyknvmWhwKaWxxoE2LAh9xHJ4o,transaction|wallet|transaction|wallet,|0.0256737|0.000192672|0.00795949
85002291,3,wallet,1MFXYK1XucKFfhPhW9HDHD3vsM9BKey4qm,False,True,4,85002291|1HAwUBPn6mnvuseR29DN8Xm7gJQmHdLKpS|85000328|1MFXYK1XucKFfhPhW9HDHD3vsM9BKey4qm,transaction|wallet|transaction|wallet,|-0.968781|0.00821459|-0.968781
85626501,3,wallet,39HSySuqMBCmZi7scW8MaGsFdL6wimcvww,False,True,4,85626501|1Duf7hj3ozRckgttwy83mHdvSMun6k71cW|84758091|39HSySuqMBCmZi7scW8MaGsFdL6wimcvww,transaction|wallet|transaction|wallet,|0.0251946|-0.00213805|-0.000277698
294461448,3,wallet,1FRGg5ULa8wekhJQe5tnVwRcMNGh72YyFB,False,True,4,294461448|1J3zb6abPd6onUppAS6wkEtdgDSeW5J2eB|294329515|1FRGg5ULa8wekhJQe5tnVwRcMNGh72YyFB,transaction|wallet|transaction|wallet,|0.0272002|0.000641555|0.00804162
294478105,3,wallet,1K14cwNxqfAKNNJM78d5rtW6XSFUDftZUe,False,True,4,294478105|16rLm3YDKgh6H95AKK8mkTDWr9yshMZhdZ|10773179|1K14cwNxqfAKNNJM78d5rtW6XSFUDftZUe,transaction|wallet|transaction|wallet,|0.0292325|-0.00160658|0.00757527
294484659,3,wallet,1K14cwNxqfAKNNJM78d5rtW6XSFUDftZUe,False,True,4,294484659|1MZrPZn8TUoSEC5sFofviXBUqtffZrXHoa|10773179|1K14cwNxqfAKNNJM78d5rtW6XSFUDftZUe,transaction|wallet|transaction|wallet,|0.0292336|-0.00160658|0.00757527
294581070,3,wallet,1Q3cNkYh3nRQZhtxbqdaPzcBRX1wTYrGao,False,True,4,294581070|18b1BtHnhjhpXjpUFLhViLHDht9Q6yQxqy|294271272|1Q3cNkYh3nRQZhtxbqdaPzcBRX1wTYrGao,transaction|wallet|transaction|wallet,|0.028325|0.000175208|0.00798064
139273998,3,wallet,16cExDE9HyHHyEvgL1usQ5mLDzzQshGNEB,False,True,4,139273998|1PE3yaxiSydQgzDouxDU1LBh8oWz3ZSSju|216971322|16cExDE9HyHHyEvgL1usQ5mLDzzQshGNEB,transaction|wallet|transaction|wallet,|0.0222235|0.000601053|0.00806493
139276539,3,wallet,3AhpkBp2xR2h1JLnob71aZvyT8TN5tFxjt,False,True,4,139276539|1LgaPeemHLYfqqQZ7p3QG7TYhoU6ZPiJaN|139243285|3AhpkBp2xR2h1JLnob71aZvyT8TN5tFxjt,transaction|wallet|transaction|wallet,|-0.968781|0.0186101|-0.968781
163654972,3,wallet,12yus3i538kEVjXereEMHcKpRSYRKkvoAM,False,True,4,163654972|1BDRf8caLLmGJghmfdbz4WXhPrwLLoTorp|163654973|12yus3i538kEVjXereEMHcKpRSYRKkvoAM,transaction|wallet|transaction|wallet,|0.018344|-0.00101426|0.00785464
163807102,3,wallet,1PZDmCMfvu8z3dTzVbCBKZK61f4EWCCtAp,False,True,4,163807102|13hxJDJjMGXGXm5GWNtaHmtrYFkychJYyz|163711912|1PZDmCMfvu8z3dTzVbCBKZK61f4EWCCtAp,transaction|wallet|transaction|wallet,|0.0247568|-0.000660658|0.00792629
299044844,3,wallet,1LWtYBde4L6kNqQozP84vNjGmriG2wA9Ly,False,True,4,299044844|1Hf6VoZ4sEb4Ghg7ymRRTfMqhU8PPFpcPA|298720673|1LWtYBde4L6kNqQozP84vNjGmriG2wA9Ly,transaction|wallet|transaction|wallet,|0.028677|-0.0029079|0.007074
299172430,3,wallet,1Ap6CJKJhkDNMxJNumpibsS6SzRaM8BMXi,False,True,4,299172430|17Qi4U1Vvj7UhaKBvceZhzyfL5EyZAGYqR|299175508|1Ap6CJKJhkDNMxJNumpibsS6SzRaM8BMXi,transaction|wallet|transaction|wallet,|0.0176959|-0.000495344|0.00795895
58506728,3,wallet,19VKhHijceoaRjQAoNKjaMiQ1gTZb7dfUn,False,True,4,58506728|1ByabSAM8LLEdtsYXWn6DVmW3YWU5uUUQk|153718713|19VKhHijceoaRjQAoNKjaMiQ1gTZb7dfUn,transaction|wallet|transaction|wallet,|0.027255|-0.00182551|0.00762618
355004152,3,wallet,189h8XwQeHe4kxKf5GP2qZK9iUS9cRRSKa,False,True,4,355004152|17PKwsTWJPqZfZskSk7aXwc4UKD34VW8Dv|355004153|189h8XwQeHe4kxKf5GP2qZK9iUS9cRRSKa,transaction|wallet|transaction|wallet,|0.0217856|-0.000850111|0.00799251
355007581,3,wallet,15AvLetQyqsfR9xbF5M25VXU7aSyYBK2vk,False,True,4,355007581|1CPzwgjVSUgkNmkqRVjvTM5DXg442TCyHZ|355007582|15AvLetQyqsfR9xbF5M25VXU7aSyYBK2vk,transaction|wallet|transaction|wallet,|0.0254567|0.000117689|0.00813538
355090229,3,wallet,172R8jhVDnSE8KTqQpTbmUqhfRQaz87yhw,False,True,4,355090229|15DogNEvcdnaMhXGXcD4RjTrhd8H1ecigX|255588914|172R8jhVDnSE8KTqQpTbmUqhfRQaz87yhw,transaction|wallet|transaction|wallet,|0.0282159|-0.00117609|0.00788265
355090509,3,wallet,1AP4cUQEaTpivVgHTPNUP4EbpMs5L4URBS,False,True,4,355090509|1HPe3uM5ciCuaxbeLU5xNLSzYDGQ9vcj9c|355005780|1AP4cUQEaTpivVgHTPNUP4EbpMs5L4URBS,transaction|wallet|transaction|wallet,|-0.968588|-0.00328761|-0.967574
355091552,3,wallet,1C3txwu5hoVHCLnKyEJyGj45avtjyP898j,False,True,4,355091552|15VyQPB7phJkr8iPVh1psJYCrzPChtrsFX|355091556|1C3txwu5hoVHCLnKyEJyGj45avtjyP898j,transaction|wallet|transaction|wallet,|0.0248786|-0.000141561|0.0080958
355091558,3,wallet,1Nh99ko4fkrE9gwxWAM6sXLUYupf8W1bAF,False,True,4,355091558|1G4zmKEYb8jpqZVoyxf7FazgCV9uUKfpuz|355029095|1Nh99ko4fkrE9gwxWAM6sXLUYupf8W1bAF,transaction|wallet|transaction|wallet,|0.0210388|-0.000860959|0.0125414
355092070,3,wallet,17mFV4MGXQrrewaEZkTJoFi2rDTScJqHkA,False,True,4,355092070|1EPBMFwX7zNu8mXDMwGa3hVX4PM5v6L1qc|355092073|17mFV4MGXQrrewaEZkTJoFi2rDTScJqHkA,transaction|wallet|transaction|wallet,|-0.310819|-0.000671893|0.00797677
355102430,3,wallet,1FLJgWPsEFMvkugMxsmL8rGfHqfmaxm5Pj,False,True,4,355102430|17CpJ9bXexfFw9BUt6ovqaFC4iiMcpmvxM|355102432|1FLJgWPsEFMvkugMxsmL8rGfHqfmaxm5Pj,transaction|wallet|transaction|wallet,|0.0250766|0.000511557|0.00815564
92508031,3,wallet,15kU9Afs3Bwr9KXiQ3fSaP5UApCyd8x1ry,False,True,4,92508031|1AcrVa8Pq5BVJL5SNVtvaGWQ6FxHCFoUrn|92508034|15kU9Afs3Bwr9KXiQ3fSaP5UApCyd8x1ry,transaction|wallet|transaction|wallet,|0.0248255|-0.00106663|0.00791723
288430422,3,wallet,36C2TxA7z1wEAEMHE66ERQ4GJF8uEbrWZY,False,True,4,288430422|148iVzBvB3XkK8DmmYAofxiAv8oJnd6RkZ|8127945|36C2TxA7z1wEAEMHE66ERQ4GJF8uEbrWZY,transaction|wallet|transaction|wallet,|0.0192052|-0.00413749|-0.968752
288475823,3,wallet,1CNip7Z7shjERZ7K845TdgDMtfq65oNfmb,False,True,4,288475823|1J87a8pTvt26H9V4nRGDV2yMZQZKJJ87n2|154119083|1CNip7Z7shjERZ7K845TdgDMtfq65oNfmb,transaction|wallet|transaction|wallet,|0.0280153|-0.00286111|0.00718504
67572674,3,wallet,1NxNC85efna1L3SGra7zSJTKniuZPmrw1a,False,True,4,67572674|1Mwm6Hnma13nvcQSxTijVCBawtBuRwwXby|70410916|1NxNC85efna1L3SGra7zSJTKniuZPmrw1a,transaction|wallet|transaction|wallet,|0.0241531|-0.00032714|0.00817096
67657849,3,wallet,3KgYwQXrKqvYBtuGwQnuR9vYcVXjKMBRaN,False,True,4,67657849|1Mo9AdE18T7TkZNLJwfuPcqAbus4skWDDT|57127103|3KgYwQXrKqvYBtuGwQnuR9vYcVXjKMBRaN,transaction|wallet|transaction|wallet,|0.0255816|-0.000879824|0.00806552
69330928,3,wallet,19B6Pfd1Mqqww4XdV1A3FVXNtzxRgDfswq,False,True,4,69330928|1JyUEbhpaeso1WaQXrTfxSFMpBd7m3ZxpW|54836677|19B6Pfd1Mqqww4XdV1A3FVXNtzxRgDfswq,transaction|wallet|transaction|wallet,|-0.968555|0.000291556|-0.968781
70328737,3,wallet,1FP5MzNddgvi2HYYsPceAcupR2cT9zdSHq,False,True,4,70328737|1Ht86srvAgQRRNYWTqoV5j1Zg8Qh6CumV8|55735705|1FP5MzNddgvi2HYYsPceAcupR2cT9zdSHq,transaction|wallet|transaction|wallet,|-0.0546855|-0.00198379|0.00769627
30204891,3,wallet,1LB55CiF2spr2nZnRoMUyHAYpqrh8xTXPG,False,True,4,30204891|1NMZhhgWndRYeodFRaThDWSYFkfDBMVVCF|28910861|1LB55CiF2spr2nZnRoMUyHAYpqrh8xTXPG,transaction|wallet|transaction|wallet,|0.0246479|-0.00064072|0.00813365
39747107,3,wallet,14PfjVegUuf2GhBaW44ogLVtssGzkDnzjv,False,True,4,39747107|1CsaarDVnrxCMucL84idbUfJzXv4QWhRDy|28902293|14PfjVegUuf2GhBaW44ogLVtssGzkDnzjv,transaction|wallet|transaction|wallet,|0.0259618|-0.00118345|0.00797462
12830001,3,wallet,1LuPrdLe66AYJpNQukNDHcQ7yD7dhiVLZ7,False,True,4,12830001|17c8h7Zj3ymXcmJDaCubvz2YGtQpoLesja|114741864|1LuPrdLe66AYJpNQukNDHcQ7yD7dhiVLZ7,transaction|wallet|transaction|wallet,|0.0226771|-0.000425547|0.00823832
12830017,3,wallet,18deH174o3NUAvhNjWh66N42fNS4nHDqLQ,False,True,4,12830017|1GoqSZd9YrYZoxQQbiYuyarYetPHpFgEpD|115607026|18deH174o3NUAvhNjWh66N42fNS4nHDqLQ,transaction|wallet|transaction|wallet,|0.0227324|-0.000404626|0.00824279
12830801,3,wallet,1AspeaxLUGXm7s3gPU1Aaf2ndW5sK6Cvbo,False,True,4,12830801|14myAm4kbVugVEmCoX9W8mi4wTLDYiMQtP|115202285|1AspeaxLUGXm7s3gPU1Aaf2ndW5sK6Cvbo,transaction|wallet|transaction|wallet,|0.0236616|-0.000608265|0.00815707
31319568,3,wallet,38kNXiL5V9wcMEq5Y7cnkmWagxxtWawSHJ,False,True,4,31319568|1GZUQvetM42AKAFopSaFtqMphYd94N3zLu|66750274|38kNXiL5V9wcMEq5Y7cnkmWagxxtWawSHJ,transaction|wallet|transaction|wallet,|0.0103289|-0.00201008|0.00834543
40467487,3,wallet,1G5NPbfiPsr2sxQtC6Xiu3ikFkwZV49Uh1,False,True,4,40467487|1278sruFP5a4edT6YoVcCjWhgdRq6oUyo9|4732368|1G5NPbfiPsr2sxQtC6Xiu3ikFkwZV49Uh1,transaction|wallet|transaction|wallet,|0.0267643|-0.00236234|0.00834864
116052901,3,wallet,1DUtnMjwarcE4YvQUecKkPdKbHMoF4iTc1,False,True,4,116052901|1oJ7YFfZM8x6qVZyqL3xQy4kdV4EMLnHT|26532670|1DUtnMjwarcE4YvQUecKkPdKbHMoF4iTc1,transaction|wallet|transaction|wallet,|0.0293412|-0.00196338|0.00587118
116053428,3,wallet,1FzE7ok2AoW9jGvLp5aLhBmvYGt3eaxjbT,False,True,4,116053428|14GnDvAcGbXC6xCaXrfY49imkDCDJKfELM|21426992|1FzE7ok2AoW9jGvLp5aLhBmvYGt3eaxjbT,transaction|wallet|transaction|wallet,|0.0223762|-0.000444174|0.00823945
116069421,3,wallet,1F8cRm4sGziYVWJtwzVmtcS9jzu6ARYBAp,False,True,4,116069421|12bpZw4RGJKKnCMaCavWUyrRh9ebgWY76n|8695835|1F8cRm4sGziYVWJtwzVmtcS9jzu6ARYBAp,transaction|wallet|transaction|wallet,|0.0287145|-0.00219622|0.00624067
116075693,3,wallet,1JKcQAwKRJSgmYYbpSzfdMYYjmvfusDgyA,False,True,4,116075693|1GaEhDayETot75aXF5rkQp9tAoYd7PUBHg|114681814|1JKcQAwKRJSgmYYbpSzfdMYYjmvfusDgyA,transaction|wallet|transaction|wallet,|0.0241829|-0.0003106|0.00824142
116112202,3,wallet,18iUjpf4Whg4Gcsdwkt6phj418GaA4BPQU,False,True,4,116112202|13Tfe2SSNVdAwcSzv5bpBfi6dZDgjqirko|115630232|18iUjpf4Whg4Gcsdwkt6phj418GaA4BPQU,transaction|wallet|transaction|wallet,|0.0239505|-0.000230789|0.00824207
116115792,3,wallet,1F8cRm4sGziYVWJtwzVmtcS9jzu6ARYBAp,False,True,4,116115792|1BU6xHWgLs6Hz5EZ33fhAC2Bc4W9PbY1V8|8695835|1F8cRm4sGziYVWJtwzVmtcS9jzu6ARYBAp,transaction|wallet|transaction|wallet,|0.0287241|-0.00219622|0.00624067
149129504,3,wallet,1EaNBcUcze2YujJBSR4Bqv3nqxGWM8FPap,False,True,4,149129504|1FNJoykXA63uvmw581Xedp5DMrYN6Uoury|8373032|1EaNBcUcze2YujJBSR4Bqv3nqxGWM8FPap,transaction|wallet|transaction|wallet,|0.0290859|-0.00183091|0.00543624
149662178,3,wallet,13663QiVJNo5zjvpAEkxHxNpdmMXUjv7yS,False,True,4,149662178|12dptRwYZA2XRvRPryBsgLkA7r9Pdqjhko|10773646|13663QiVJNo5zjvpAEkxHxNpdmMXUjv7yS,transaction|wallet|transaction|wallet,|0.0285462|-0.000212491|0.00841284
151193455,3,wallet,1EGGwN4k86SYr2jAWUpG8Z33tvRv3gSBQB,False,True,4,151193455|1PQmCJeAKUubBSWXvEU1Bjf7ZHGrUQqGU9|7864711|1EGGwN4k86SYr2jAWUpG8Z33tvRv3gSBQB,transaction|wallet|transaction|wallet,|0.0246416|-0.00121924|0.00463748
162419259,3,wallet,18WiBkmTZCEPex98PugLNUyi4WQGzYUmsx,False,True,4,162419259|1EV1iXjmDqMEQS82rSg5zmAr1LLxbrvX6R|12112057|18WiBkmTZCEPex98PugLNUyi4WQGzYUmsx,transaction|wallet|transaction|wallet,|0.0238522|-0.0025585|0.00842375
162424247,3,wallet,1EaNBcUcze2YujJBSR4Bqv3nqxGWM8FPap,False,True,4,162424247|1F2JhoRVPeB98U5jGQ46eAgnoV5n9BV8w2|8373032|1EaNBcUcze2YujJBSR4Bqv3nqxGWM8FPap,transaction|wallet|transaction|wallet,|0.0291855|-0.00183091|0.00543624
96925114,3,wallet,345pEV1yZfofxdigeRh3C8FiergefkNRiC,False,True,4,96925114|1MqypzBKAk9sxuahDzKt7YUQT8CT6gsuwP|23344709|345pEV1yZfofxdigeRh3C8FiergefkNRiC,transaction|wallet|transaction|wallet,|0.0255368|-0.00146148|0.00789016
96929850,3,wallet,12BRiG2j2Wt2JAmdY6TfVyBGZ9oGfMAuaD,False,True,4,96929850|15aCuYCqMAW2V3PmmLN5i6FehCiQrxBYZ4|96928354|12BRiG2j2Wt2JAmdY6TfVyBGZ9oGfMAuaD,transaction|wallet|transaction|wallet,|0.023629|-0.00135714|0.00804311
96975033,3,wallet,1CfCoeuUv3GMbmxAxTvqcQ5Wxk7149t5H3,False,True,4,96975033|132ByMwkhz7WhZdtoho5ztA8mWfiDeW5s2|12843031|1CfCoeuUv3GMbmxAxTvqcQ5Wxk7149t5H3,transaction|wallet|transaction|wallet,|0.0034591|-0.00154117|0.00844514
12661226,3,wallet,13bwNjYYESRwk6XNswq6HHA16xqcZN5SQk,False,True,4,12661226|152RbjQxTKi8WPa23gAUuScquYCu5gzLDG|13214987|13bwNjYYESRwk6XNswq6HHA16xqcZN5SQk,transaction|wallet|transaction|wallet,|0.0135874|-0.000866681|0.00819623
12662269,3,wallet,1Ni98E2et2Z5sib25F4ew3fJEWK3EkSuVW,False,True,4,12662269|1FXvymTcLMTpUyXzkFzyhe1ZMEVomWQgwf|12999570|1Ni98E2et2Z5sib25F4ew3fJEWK3EkSuVW,transaction|wallet|transaction|wallet,|0.0119007|-0.00201353|0.00793481
12662336,3,wallet,1LJjyoDGvpvxHnPiMhAt59yLirY6fZSNAh,False,True,4,12662336|1PMrKZH3F7L6PcsTUoYf9nipSe2ip2qWZU|12662340|1LJjyoDGvpvxHnPiMhAt59yLirY6fZSNAh,transaction|wallet|transaction|wallet,|0.0220465|-0.00218752|0.00772005
12673136,3,wallet,1E5QHGsqgrFaMwQEkmwnUWV3fuJvEFvC31,False,True,4,12673136|1ABg7HLx3viW4sjj3ViCUkxr6HqQ5qJT4P|12661072|1E5QHGsqgrFaMwQEkmwnUWV3fuJvEFvC31,transaction|wallet|transaction|wallet,|0.0293027|-0.00123775|0.00473756
12780436,3,wallet,1GHsHZUDVAKyuKXdgeuDZUJFf9kW44Bib4,False,True,4,12780436|12FUHMzKbFhvWNLPvPvk5Ci3uw6RKRiGrW|12776876|1GHsHZUDVAKyuKXdgeuDZUJFf9kW44Bib4,transaction|wallet|transaction|wallet,|0.0154504|-0.00202501|0.0032028
71748770,3,wallet,12k5vD8uYy4cB72S7N6EvmE3d1eLEHSYpp,False,True,4,71748770|13Wb1vBXdbF7CimibvbcsArqmyt9CecUEt|70781785|12k5vD8uYy4cB72S7N6EvmE3d1eLEHSYpp,transaction|wallet|transaction|wallet,|0.0259454|-0.0021421|0.00771326
71987847,3,wallet,323YzRkeEnLVDvPCS3hRgM6cN34DsJGDgV,False,True,4,71987847|1HSoJiWP21LqCimAaR17UA2BPjWDRt32zn|71811939|323YzRkeEnLVDvPCS3hRgM6cN34DsJGDgV,transaction|wallet|transaction|wallet,|0.0248594|-0.000637442|0.00835204
71988925,3,wallet,17Wau7YAJfDGf3pRsEpyF4cV9EJbDXSBfp,False,True,4,71988925|1CuA5oovqTnzddkW3fBjesap6cNYddbFeC|70807890|17Wau7YAJfDGf3pRsEpyF4cV9EJbDXSBfp,transaction|wallet|transaction|wallet,|0.0230608|-0.000732839|0.00823092
71988968,3,wallet,197TrcrBn8yLc3Sf8j9P53HTaXHTaZUMY6,False,True,4,71988968|1KGTmaaa8G8i8J3vdNfAU9sP6h1SXLDjsV|71462116|197TrcrBn8yLc3Sf8j9P53HTaXHTaZUMY6,transaction|wallet|transaction|wallet,|0.0163146|-0.00109035|0.00820637
73000845,3,wallet,1JcWawH8dUg7wBg2EskWu89X1C53pLqvKX,False,True,4,73000845|1FzfRNPPF5UY6YRVVbPuwUaVhy3mcgLbVo|72630297|1JcWawH8dUg7wBg2EskWu89X1C53pLqvKX,transaction|wallet|transaction|wallet,|0.00710863|-0.00120196|0.00805527
73003525,3,wallet,1AFZQ2GdfDuwk6Yecgb49Z4QWGhmaF5zvX,False,True,4,73003525|158meK2xYj5vTVkSXiv3Qcq4W4SZGfxUSD|72735773|1AFZQ2GdfDuwk6Yecgb49Z4QWGhmaF5zvX,transaction|wallet|transaction|wallet,|0.0173958|-0.00064975|0.00826681
73003879,3,wallet,173gF6qBLGjvgWz9XrZbyk9jbyxN13B6Jq,False,True,4,73003879|13vu3tia1Y1A9WU6owjoLw3RnPqMGmSLyB|72651665|173gF6qBLGjvgWz9XrZbyk9jbyxN13B6Jq,transaction|wallet|transaction|wallet,|-0.968781|-0.000338942|-0.968781
73436475,3,wallet,36Mq6wWb1ds92q9x5R51aoqaz5rc28udpD,False,True,4,73436475|145E7DJNQjFAT2rwvdqbYDA3Gcc7xpo4uq|72015849|36Mq6wWb1ds92q9x5R51aoqaz5rc28udpD,transaction|wallet|transaction|wallet,|0.00764585|-0.00103134|0.00819701
164710543,3,wallet,182e744mKBPaZmU9eZDeCP6iaJpW8SJgiS,False,True,4,164710543|1LowN6gVUeFRBKkprbVmvEtHRFQi51MCTW|155845073|182e744mKBPaZmU9eZDeCP6iaJpW8SJgiS,transaction|wallet|transaction|wallet,|0.0190927|-0.000628144|0.00840288
219565918,3,wallet,3JXy2hFgyrV3QYhcAfPUYGiL3HSZeAjyFM,False,True,4,219565918|1CSDp8QwRh19ScpszJ64WCsFofrqhoGxBa|218047791|3JXy2hFgyrV3QYhcAfPUYGiL3HSZeAjyFM,transaction|wallet|transaction|wallet,|-0.232127|-0.00270751|-0.0125885
11C2wvhHd5BEAcUnvisfQrBi87g2J63TV,3,transaction,94120314,False,True,4,11C2wvhHd5BEAcUnvisfQrBi87g2J63TV|94297154|12wDHq1Faq6AqYJmCLqrbz6gXpBziwwB2B|94120314,wallet|transaction|wallet|transaction,|-0.00147745|-0.170421|-0.00196338
12QnsysFgXJ4mUP8WCPCVBi38CBHgxvxW3,3,transaction,12665081,False,True,4,12QnsysFgXJ4mUP8WCPCVBi38CBHgxvxW3|12661310|1JDS6teqSE1iuMGwVwkQdE6jhGJnuDYQZk|12665081,wallet|transaction|wallet|transaction,|0.00121653|0.0198277|-0.00113094
12SS3XKwT1fxCQo1ZjCqTt1iheQUHFosJm,3,transaction,12661644,False,True,4,12SS3XKwT1fxCQo1ZjCqTt1iheQUHFosJm|12662334|13qfrue894XyizGmaWq58e8d3VEBLVSE7j|12661644,wallet|transaction|wallet|transaction,|0.00112584|0.0186182|-0.00194955
12TZtnj5ywAURL2wesWBkqyPdKcs1smTf5,3,transaction,355098142,False,True,4,12TZtnj5ywAURL2wesWBkqyPdKcs1smTf5|355110991|1NPmH6RbpWvamdv88cq8dMrwrTwumExyFE|355098142,wallet|transaction|wallet|transaction,|0.000828534|0.0263762|0.00023073
12ZgeytYEfSJf3S28FegkBErxBciwbcPAR,3,transaction,242934464,False,True,4,12ZgeytYEfSJf3S28FegkBErxBciwbcPAR|194581614|1M9RnwcgZD36GdgtggHv4dgGutT6bA3gnf|242934464,wallet|transaction|wallet|transaction,|-0.0024443|-0.968186|-0.00207874
12iBytyEBLetMuX7y92jNogjkLoizejCTf,3,transaction,335609583,False,True,4,12iBytyEBLetMuX7y92jNogjkLoizejCTf|372970048|1DRbLTBgcQwCzhkz7BVdtScZJHcXw1TfCT|335609583,wallet|transaction|wallet|transaction,|-0.00113127|0.027594|0.000235021
12vQ6E7SbKMACkLSvdudaxvB1BT7uNUpTM,3,transaction,272163521,False,True,4,12vQ6E7SbKMACkLSvdudaxvB1BT7uNUpTM|272292592|1KHnUpiJq5p63wMnRy1VQRJ9L1iLbzRH8a|272163521,wallet|transaction|wallet|transaction,|0.000761092|0.0246716|-0.00196886
12xXS1QCNim8KLtUL67VysxmnFA2rd9uKD,3,transaction,98902486,False,True,4,12xXS1QCNim8KLtUL67VysxmnFA2rd9uKD|99245166|1MeqCgUkEu6Vaf9HLnTPsVgbvY9TWRSW5P|98902486,wallet|transaction|wallet|transaction,|0.00107473|0.0289758|0.00071314
133UQg2tgAwQQva2kP6rGGcaWssJTGqBxg,3,transaction,19246172,False,True,4,133UQg2tgAwQQva2kP6rGGcaWssJTGqBxg|72686308|1GNDTmLwjwCDcLDgcqs9e8PiwuDK7XxoEF|19246172,wallet|transaction|wallet|transaction,|-0.0011431|-0.269221|-0.00388226
13G8Jj2ST3FSU8usq8LqGyJQbi1Muo9ib7,3,transaction,13311663,False,True,4,13G8Jj2ST3FSU8usq8LqGyJQbi1Muo9ib7|58664206|1LX7GAm3RxyBhikE1aZEYGCagFqBaXs9i2|13311663,wallet|transaction|wallet|transaction,|-0.00687119|-0.872522|-0.000267953
13swdzVgAqHWKCAgejX1Kqr68ZKzvsWHYW,3,transaction,339064942,False,True,4,13swdzVgAqHWKCAgejX1Kqr68ZKzvsWHYW|339064834|15vm4pprunhwZUnc4NtkvWTCG416H1Gda6|339064942,wallet|transaction|wallet|transaction,|-0.00222319|0.0256772|0.000470281
1437cUeECbfW1KaQzpJTRunDnTP1LifEtZ,3,transaction,138182641,False,True,4,1437cUeECbfW1KaQzpJTRunDnTP1LifEtZ|13290886|1E8NnVYKkN21rpr6DhGBZxPSpK16TgZkaP|138182641,wallet|transaction|wallet|transaction,|-0.00624004|-0.866515|-0.00115314
148miPtpwJQ48tgDcRRMUffWoVjyzBdtEh,3,transaction,379046067,False,True,4,148miPtpwJQ48tgDcRRMUffWoVjyzBdtEh|336437136|12QRP71BUw7xBMwLZ9AEUyMscXWqppDyhz|379046067,wallet|transaction|wallet|transaction,|0.000298619|0.0184668|0.000427276
14DJ2AKFntaCpGzT1q2JNut5sQprs1BQBA,3,transaction,269599775,False,True,4,14DJ2AKFntaCpGzT1q2JNut5sQprs1BQBA|269599771|19XGkrdfpHy7xKkLeExFFXf4cJ96XD8hM4|269599775,wallet|transaction|wallet|transaction,|-0.000466973|0.0292752|0.000685155
14VisL6uJYtF8suriF1wjJfFPTffua89yv,3,transaction,355095710,False,True,4,14VisL6uJYtF8suriF1wjJfFPTffua89yv|355095705|12eo3VVuobH1m8SkejFVVezUh3Q5D1kSYf|355095710,wallet|transaction|wallet|transaction,|0.00565177|-0.968781|0.0696237
14b9bpTgf7DxeokHabbWGtBaf76seknMt5,3,transaction,115056829,False,True,4,14b9bpTgf7DxeokHabbWGtBaf76seknMt5|100075384|1DUSYE8wiwXqJGM36cayd6TmWzxybieyFG|115056829,wallet|transaction|wallet|transaction,|-0.00057137|0.0240108|0.000520825
14rZw61CjPMvDanG2R2pyn6LHmBBmsQrm2,3,transaction,355004666,False,True,4,14rZw61CjPMvDanG2R2pyn6LHmBBmsQrm2|355004661|1FecGWDLWiHYH2HZRnY9AvGsnZkPrwkHQe|355004666,wallet|transaction|wallet|transaction,|-0.00272506|-0.967463|-0.0028238
156hr4RNsANVvaXBpyZxSzSfJGAeidGnWM,3,transaction,312469997,False,True,4,156hr4RNsANVvaXBpyZxSzSfJGAeidGnWM|372673770|1PZAMeist9MKFJDTnLgCTavDUf2RWkKcJc|312469997,wallet|transaction|wallet|transaction,|0.00100356|0.0283506|0.000508219
15C4iGjiERw2ZwaTrhsRmsgSFBydKjPoQd,3,transaction,355124110,False,True,4,15C4iGjiERw2ZwaTrhsRmsgSFBydKjPoQd|355124108|1EVmeeBuxj5jzUitfAjAiSYZwM6A6owyFS|355124110,wallet|transaction|wallet|transaction,|0.000951707|0.0239041|-0.000254929
15QucPTAwbKutMpcBDoWti4UpWnLeUB98L,3,transaction,12776767,False,True,4,15QucPTAwbKutMpcBDoWti4UpWnLeUB98L|12780353|18dWdBKaCpjtGtndQ497arDLXUWLXD1T2m|12776767,wallet|transaction|wallet|transaction,|-0.00249997|0.0104171|-0.0046629
15ahvubjdW3X5reCRydTceYUkoUxgPiLUR,3,transaction,356902018,False,True,4,15ahvubjdW3X5reCRydTceYUkoUxgPiLUR|363528680|1C45AkCFRAZwmMxGJqLWJ72KJn8aTUQy1X|356902018,wallet|transaction|wallet|transaction,|-0.00129193|0.0281497|-0.000730664
15dKuw1knjv8qm1VxeLNSUqrkws82s5PG5,3,transaction,339058549,False,True,4,15dKuw1knjv8qm1VxeLNSUqrkws82s5PG5|339094214|1KrycbahyJKzFDtJdF3838xZR3xyikHkPy|339058549,wallet|transaction|wallet|transaction,|0.00088352|0.0257934|-0.000793248
162714kvzBmmRik7JSb9rzGC9EnF5UFwMX,3,transaction,98975273,False,True,4,162714kvzBmmRik7JSb9rzGC9EnF5UFwMX|99206831|15SM4bhGtDEzxSG4XztA1zeNm91QScXCcY|98975273,wallet|transaction|wallet|transaction,|0.000946075|0.029952|0.000400752
16NSm4pYiGZ5KGnTrzoTAQnpJ3BTgEYtAw,3,transaction,211082415,False,True,4,16NSm4pYiGZ5KGnTrzoTAQnpJ3BTgEYtAw|210638704|189U83xH4jcpXfUNy24HXsCNi7JJbpxXo6|211082415,wallet|transaction|wallet|transaction,|-0.00323799|-0.965658|-0.00275901
16ZQVbjJH81keu7HqjT69T8EgCtmZzRP4y,3,transaction,241507480,False,True,4,16ZQVbjJH81keu7HqjT69T8EgCtmZzRP4y|238546004|17R9No7yNpgrQ41fqZvRmnNqcVfatFrt6Z|241507480,wallet|transaction|wallet|transaction,|-0.000118852|0.0188996|0.000119001
17sA1yvLeJpP25XfMX3AGjhgrojwzYfH7y,3,transaction,226277187,False,True,4,17sA1yvLeJpP25XfMX3AGjhgrojwzYfH7y|355092392|1Dp4srGB8YWq833pzJC7JC2QcUk8ZcsKiT|226277187,wallet|transaction|wallet|transaction,|-0.00359097|0.0216077|0.000563383
17tV4BuGBV6yLxtnaGNeQx27qy4t3X4Pub,3,transaction,49025732,False,True,4,17tV4BuGBV6yLxtnaGNeQx27qy4t3X4Pub|54465449|1CJmdGTk8M3S4n1sWA3e2QjNiDqJ5r3qUy|49025732,wallet|transaction|wallet|transaction,|-0.00162774|0.0183806|0.000980079
17vZpVtS5CQPjZBUdq1ZDZebBV49QxcdZd,3,transaction,290313048,False,True,4,17vZpVtS5CQPjZBUdq1ZDZebBV49QxcdZd|360401482|1EVfaxiANiE9yCH4Uzpc3J8HCUqM72Lho1|290313048,wallet|transaction|wallet|transaction,|0.00143453|0.0286191|-0.00331688
18N32VTpWKzR1PjPRXNngjxwJVBEAmfbeb,3,transaction,238247439,False,True,4,18N32VTpWKzR1PjPRXNngjxwJVBEAmfbeb|241513499|1Q92CMv5xX3ZeqnPKZWdrkXezX8iWtDeE7|238247439,wallet|transaction|wallet|transaction,|-0.0013386|0.0281439|-0.00232351
18X7ZvjM6zxFzSCzA8DT1EUhwaY5K2xQyq,3,transaction,20543946,False,True,4,18X7ZvjM6zxFzSCzA8DT1EUhwaY5K2xQyq|7867126|17wyX4w5KgjXGhr1RhGumTjfXQyKW1aa3S|20543946,wallet|transaction|wallet|transaction,|-0.00113118|-0.968781|-0.00253218
18gtsvEmoV5wA2rBk6q9cJn6V7WGw6dewE,3,transaction,378047224,False,True,4,18gtsvEmoV5wA2rBk6q9cJn6V7WGw6dewE|378255036|1Eq1vcHC4GJcfsW1KUyubEZAj6pXbWRyxb|378047224,wallet|transaction|wallet|transaction,|0.00115237|0.0277649|0.000604242
194Fgd59NmPWh5ydYGzZCaSzrSZxXdDJLr,3,transaction,175122972,False,True,4,194Fgd59NmPWh5ydYGzZCaSzrSZxXdDJLr|175472351|1QEKqvAJffvzE5aHvDbxVNWVq98U5Yutf3|175122972,wallet|transaction|wallet|transaction,|-0.00129342|-0.956744|-0.000958741
19638JLC6XEzAY32voToAHjgrvw9XvZf9K,3,transaction,96995895,False,True,4,19638JLC6XEzAY32voToAHjgrvw9XvZf9K|96995890|1PMYeF6gokwEtm4LFYe7x8DkgSLqKt68n4|96995895,wallet|transaction|wallet|transaction,|-0.000971615|0.021883|-0.000885308
197s6kUPfweD8N4hTJ71TzM6yakS1NXyKD,3,transaction,288093871,False,True,4,197s6kUPfweD8N4hTJ71TzM6yakS1NXyKD|288296401|14L5Wjk7VHPWDxmGnFgjhuhfJNUnpFaVcS|288093871,wallet|transaction|wallet|transaction,|-0.00277746|0.0221861|-0.000389695
19X1ZDPV1neY7bH2VSxArUWmvTkQAmJy75,3,transaction,175482902,False,True,4,19X1ZDPV1neY7bH2VSxArUWmvTkQAmJy75|175789563|1Ltu12rjXpr7SE7VRBntNoV71Vs4qbKWWp|175482902,wallet|transaction|wallet|transaction,|-0.000115663|-0.819507|-0.00313976
19ouoxaugCU8eXFYE1xuz1HmRTf2JVgkmN,3,transaction,399663395,False,True,4,19ouoxaugCU8eXFYE1xuz1HmRTf2JVgkmN|346091909|1PRmyj1DdefKgEqsFw77zjqDdgY5zxabCd|399663395,wallet|transaction|wallet|transaction,|-0.00346026|0.0176655|0.000834286
19qSUk2YQBpqXZECjEdHU3LXR5CeDCrNVc,3,transaction,3278955,False,True,4,19qSUk2YQBpqXZECjEdHU3LXR5CeDCrNVc|234149919|1N3NaeeDoZXCaArKv4bxmYo1PMjGzv9QHd|3278955,wallet|transaction|wallet|transaction,|-0.0024555|-0.0432511|-0.000103951
19tD7f6o9whavMSxWUyXJE5ytegyH25tcN,3,transaction,99200944,False,True,4,19tD7f6o9whavMSxWUyXJE5ytegyH25tcN|99676516|19QT9yrazMZw7FWnrkV9bs64wpVwbDPzyS|99200944,wallet|transaction|wallet|transaction,|0.00127694|0.0289596|0.000593632
1ABigCQYGYXPGRChRX8JkJxXEfuCDVdeEg,3,transaction,84728970,False,True,4,1ABigCQYGYXPGRChRX8JkJxXEfuCDVdeEg|85005013|1GtJ2khS81coFVZV529zhx6DZX3th1bGTE|84728970,wallet|transaction|wallet|transaction,|-0.00344291|0.0251067|-0.00191489
1ACNnGMgcguSiujMV1Uss9W7ujo4Yej4BU,3,transaction,199950633,False,True,4,1ACNnGMgcguSiujMV1Uss9W7ujo4Yej4BU|200471824|12wUyjLfUyCU7MJYx2ZfYXHs5HMDMAt6Yz|199950633,wallet|transaction|wallet|transaction,|-0.00139686|-0.968616|-0.00273955
1ADwq8aVzCVWHysRwJm887a1EECzPR2mBb,3,transaction,98972882,False,True,4,1ADwq8aVzCVWHysRwJm887a1EECzPR2mBb|98972871|15JHfV2CyPH7s4tdVPNP9ARDMwPmPVPM4c|98972882,wallet|transaction|wallet|transaction,|-0.00601107|-0.893958|-0.000963479
1AJcpoHeymvR1zGqDMFu8SWcEerG5xfg4M,3,transaction,175411114,False,True,4,1AJcpoHeymvR1zGqDMFu8SWcEerG5xfg4M|175758689|18bXZqpPALGN22hLrmPoCXN2iPUm2NM2L2|175411114,wallet|transaction|wallet|transaction,|-0.000228435|0.0271845|-0.000544906
1ASkefTZYKsR1gYXPZnG4vYCuMdxwnEcyL,3,transaction,99249033,False,True,4,1ASkefTZYKsR1gYXPZnG4vYCuMdxwnEcyL|99249284|1AngP1zxaHapPWUp4s4Bwq9ACR2R7hKXCq|99249033,wallet|transaction|wallet|transaction,|-0.00111586|-0.965223|-0.00549102
1Ankd48sB4LStxg1caZuUCjQcqMhdLLj6L,3,transaction,189805129,False,True,4,1Ankd48sB4LStxg1caZuUCjQcqMhdLLj6L|189805127|148TMmBdUKUP3ABarNVtLJnXkPaFwzzyxr|189805129,wallet|transaction|wallet|transaction,|-0.0010246|-0.0319541|0.000392944
1B2mkRV1S1NW3z3iLFzBNBhkHnUi5KiutF,3,transaction,272106011,False,True,4,1B2mkRV1S1NW3z3iLFzBNBhkHnUi5KiutF|272106010|17ueFNsaNfMZcnzvgTBWA1ABEryGVzyqJX|272106011,wallet|transaction|wallet|transaction,|0.00112563|0.0278366|0.000366479
1BMjQqBC2rxyCcM36q9xmkmMh2F3gAntnG,3,transaction,12678093,False,True,4,1BMjQqBC2rxyCcM36q9xmkmMh2F3gAntnG|12678089|14qJ8xbTfqocucVyApNBc2U2Ep1nLBVcFY|12678093,wallet|transaction|wallet|transaction,|-0.00171816|-0.968492|-0.0048109
1BNRSo9eskbpZzKPScHHp3j4QRUsdxLEg4,3,transaction,13582003,False,True,4,1BNRSo9eskbpZzKPScHHp3j4QRUsdxLEg4|12664490|121cTqQTUb8mQmaGVjdtvQmtoHk9Eg4KDu|13582003,wallet|transaction|wallet|transaction,|-0.00315985|-0.00954163|-0.00380096
1BRPy6XgiYMrbYUgCsxPrPC2TbwsTBj6MN,3,transaction,238293043,False,True,4,1BRPy6XgiYMrbYUgCsxPrPC2TbwsTBj6MN|238222610|1Gu1Dc2sTtVGiavC8DLB7gASNgYAPXVmYn|238293043,wallet|transaction|wallet|transaction,|-0.00464711|-0.900885|-0.00473061
1BS2baifcjeBXRBq8Nn1ApsuERxectbr9H,3,transaction,339088477,False,True,4,1BS2baifcjeBXRBq8Nn1ApsuERxectbr9H|339095203|1HUSdQuMDsYuj3SjwwoBR5WM6HcTsY5Wqv|339088477,wallet|transaction|wallet|transaction,|0.000173897|0.0194905|-0.00189725
1BnSgXni8RoQ2f87h82DSj2bHW9B9wWj7j,3,transaction,205969019,False,True,4,1BnSgXni8RoQ2f87h82DSj2bHW9B9wWj7j|346376762|1GckreXjEhb2o9PbCQwzso63uwLKTGCbCx|205969019,wallet|transaction|wallet|transaction,|-0.00073263|-0.96878|-0.0019764
1Bo7FuiVd3qFzks4xqt5MC4xdMnwMgS1wd,3,transaction,160770234,False,True,4,1Bo7FuiVd3qFzks4xqt5MC4xdMnwMgS1wd|232656419|13MtFizs6X3y5kG35MLKFUcf8s2ZGsYW25|160770234,wallet|transaction|wallet|transaction,|-0.000859022|-0.968777|-0.00403196
1C7Y6bp6URUPhVEQT83wno2wTsFYYyfnmW,3,transaction,211118681,False,True,4,1C7Y6bp6URUPhVEQT83wno2wTsFYYyfnmW|210642706|1GAy1qPgHkboWegAezYH5NYGu1QYGkieRY|211118681,wallet|transaction|wallet|transaction,|0.000642866|0.0292095|0.000771821
1CM2TuD18LM8uMHZa2azNEZcsF7Hw57GH7,3,transaction,117102045,False,True,4,1CM2TuD18LM8uMHZa2azNEZcsF7Hw57GH7|85000162|13ToMcDzUACd6aZ6pf4AKRCyCiV7tUtLYA|117102045,wallet|transaction|wallet|transaction,|-0.00173044|-0.968297|-0.00165668
1CQeeF2rEFdNjKhSq1PzPCC4okRrcYvh15,3,transaction,175754499,False,True,4,1CQeeF2rEFdNjKhSq1PzPCC4okRrcYvh15|179369359|177CxS4KTwSmusbZsuvMkhX9pNgu7oM3yC|175754499,wallet|transaction|wallet|transaction,|-0.00341803|0.0170817|-0.00138703
1CSt6qGLpgc5XcAocUNLj7fhF7BTGkwkk3,3,transaction,72712935,False,True,4,1CSt6qGLpgc5XcAocUNLj7fhF7BTGkwkk3|73220628|16KCU2P5pjjn8oPJA4n5EeLdMFsYNkNcNE|72712935,wallet|transaction|wallet|transaction,|-0.000350624|0.0153827|-0.000747979
1DbJUJXpoufwjCNPqMmRunxwFUDuDwdhQZ,3,transaction,22376572,False,True,4,1DbJUJXpoufwjCNPqMmRunxwFUDuDwdhQZ|51762733|1MVbNgvLoeN77h6aeZptgmJ3v7YHoHCqdV|22376572,wallet|transaction|wallet|transaction,|-0.00177327|-0.96851|-0.000585258
1Dt5E7nKWunyaovqixUCCQs6YyADqsLcSh,3,transaction,4414026,False,True,4,1Dt5E7nKWunyaovqixUCCQs6YyADqsLcSh|104640764|1N4BzCmL8oQ2tkPg1fF18WHiKg3bQCWdb2|4414026,wallet|transaction|wallet|transaction,|0.00160348|-0.968781|-0.00141004
1EKMtbWSdRryfVqQM17BW2uDVBAwVQwCBr,3,transaction,105985875,False,True,4,1EKMtbWSdRryfVqQM17BW2uDVBAwVQwCBr|107083981|14uXJTJQS6vcwAXuBreWYkA84SamtKBXkJ|105985875,wallet|transaction|wallet|transaction,|0.000678629|0.0245172|0.00139186
1ET5nYBfiUqhLtpUoFd1MgpvhWzkRTq1YY,3,transaction,61327591,False,True,4,1ET5nYBfiUqhLtpUoFd1MgpvhWzkRTq1YY|92724844|18SvEyWtCUhxVwQV54snBsp3S4YS9c3Riz|61327591,wallet|transaction|wallet|transaction,|-0.00717372|-0.887268|-0.000900805
1EfaUk4CzJr36J3Nuw3BRNkHfo7gB8BJTd,3,transaction,91844922,False,True,4,1EfaUk4CzJr36J3Nuw3BRNkHfo7gB8BJTd|91845019|1BE3e8QUkHt4H9PbfsVYAaM88FXJtMT7A2|91844922,wallet|transaction|wallet|transaction,|0.00141528|0.0232837|-0.000385433
1EitoeKAUzWZuybhoGbPao8XwbfMTj6w2Z,3,transaction,99675390,False,True,4,1EitoeKAUzWZuybhoGbPao8XwbfMTj6w2Z|100075829|1Cv6trvjmfj8m13assPpgEEY47kQLnBFPd|99675390,wallet|transaction|wallet|transaction,|0.00182411|0.0270911|-0.000833511
1Eziyq5LPL5Ra1FiT72TcTPVktwfVGtsfu,3,transaction,70804318,False,True,4,1Eziyq5LPL5Ra1FiT72TcTPVktwfVGtsfu|71450735|17iuZcX7VmkbnQPNhJaoG7jZRZquJ2aKAb|70804318,wallet|transaction|wallet|transaction,|0.00140056|0.0183651|-0.00127909
1F89dRDA37hkg3gHZCfom6gShm9SmNbcLF,3,transaction,378064478,False,True,4,1F89dRDA37hkg3gHZCfom6gShm9SmNbcLF|378252179|1L2VxhkG5CYSU9dWLgTVSYHDAUPYM37wbw|378064478,wallet|transaction|wallet|transaction,|-0.00158471|0.0249414|0.000664175
1FEsoMTRk9LFrrn4TT1SVhE6g6oo6TpK2S,3,transaction,237880926,False,True,4,1FEsoMTRk9LFrrn4TT1SVhE6g6oo6TpK2S|339642994|1GnPXMn1qSLT7WugYw4WWV5rQZCGewcMgN|237880926,wallet|transaction|wallet|transaction,|-0.00223997|0.0228119|0.000274956
1FT5U4KKxMavFJrrFDt6hLWPCvQEtsU3Hp,3,transaction,346099498,False,True,4,1FT5U4KKxMavFJrrFDt6hLWPCvQEtsU3Hp|280526433|1ByqSru5E3Nrwhvsq5tyXHzbHNMsAUuE5W|346099498,wallet|transaction|wallet|transaction,|0.000954151|0.0251718|-0.0010936
1FU8h6WDyeoMKATLRHNWe4iABWLikuqBL7,3,transaction,372526908,False,True,4,1FU8h6WDyeoMKATLRHNWe4iABWLikuqBL7|312232042|1FAqzSdh28qSs4rQpPcSa8ATYiCawoncVz|372526908,wallet|transaction|wallet|transaction,|-0.000827461|0.0238006|-0.000683993
1FW2VB4NVmmH6q2MfuCuSxPhp6juXE7f3y,3,transaction,339114911,False,True,4,1FW2VB4NVmmH6q2MfuCuSxPhp6juXE7f3y|5807241|1N9kWJzgfx5oFsQm6oDJvwyhW6xNdKS4Ta|339114911,wallet|transaction|wallet|transaction,|-0.00400874|-0.965562|-0.00372273
1G6zM9DMC2bBLN9SNvaq8osjsEKz5Gbenx,3,transaction,355089532,False,True,4,1G6zM9DMC2bBLN9SNvaq8osjsEKz5Gbenx|355003247|1QGKb31PyP8eta7ZuHiaQdrmbJLdWqiYzK|355089532,wallet|transaction|wallet|transaction,|-0.00235355|0.0145918|-0.00262728
1GDEhvVbDBaR6Wro6GXve3xp2gDKtDpRQr,3,transaction,336436758,False,True,4,1GDEhvVbDBaR6Wro6GXve3xp2gDKtDpRQr|272518718|17ZHeMc3H7fW23qRC9kYR7NXtTDrCPr4BZ|336436758,wallet|transaction|wallet|transaction,|-0.00529522|-0.968547|-0.00529522
1GScPnyf6ehkBZTr5V33qBd5BynAX9obBz,3,transaction,99284734,False,True,4,1GScPnyf6ehkBZTr5V33qBd5BynAX9obBz|99369455|1HcLBj5z4rhLQ2eou3pVQsNDwYsokUtidr|99284734,wallet|transaction|wallet|transaction,|-0.000380605|0.0285165|0.000452548
1GU1B4cjFP6YshJgU4er2HqfHAB5t2K3fb,3,transaction,13035014,False,True,4,1GU1B4cjFP6YshJgU4er2HqfHAB5t2K3fb|79902301|1HU8qwuC7F41exWRqotUGjfHu2R67ru4Gr|13035014,wallet|transaction|wallet|transaction,|-0.0022589|-0.968662|-0.00193241
1GgNM14LmR6JmJ3T65Wd6hgk9kdK2GU81X,3,transaction,13224031,False,True,4,1GgNM14LmR6JmJ3T65Wd6hgk9kdK2GU81X|12666422|15JnsPYizBRVTTMKCJGwmGbrRAMFbJAJQq|13224031,wallet|transaction|wallet|transaction,|0.000366688|0.00184005|-0.00100228
1H4jX8G6nTuue6Y6pbj8ioEA2odnYSuKQM,3,transaction,96583393,False,True,4,1H4jX8G6nTuue6Y6pbj8ioEA2odnYSuKQM|96583198|1F2gYmWhFXSencWLXb6zmaqFJ8UFxUiU3G|96583393,wallet|transaction|wallet|transaction,|-0.00346407|0.0251278|-0.000520438
1HLGbik88uLbJGnCoYJF1h5qTFaUV8Aiv6,3,transaction,378096047,False,True,4,1HLGbik88uLbJGnCoYJF1h5qTFaUV8Aiv6|378325428|1Mhqr4VnwoHXkisSFj8xce8o9qhXtvNXNa|378096047,wallet|transaction|wallet|transaction,|-0.00372326|-0.446896|-0.00764349
1HTkSYKPPmpqUkvE32A9Y9RxPPxe3x2k2P,3,transaction,189858264,False,True,4,1HTkSYKPPmpqUkvE32A9Y9RxPPxe3x2k2P|355006736|18FkgoDde9JUZdtNyyELTuyn1Es2WWWYEZ|189858264,wallet|transaction|wallet|transaction,|0.00151893|0.0220187|-0.000533104
1HYBbz3KZLCimD7SLra9UeA5TqwkPXm5zX,3,transaction,2226596,False,True,4,1HYBbz3KZLCimD7SLra9UeA5TqwkPXm5zX|84317444|156FHHdMo1FSKsGxgFA4NSVR9fF5Ttmyvw|2226596,wallet|transaction|wallet|transaction,|0.00105765|-0.968781|0.00143033
1HmoD9inGrSdnNQ8oisqRq67cGF2zxzkdq,3,transaction,200623725,False,True,4,1HmoD9inGrSdnNQ8oisqRq67cGF2zxzkdq|44081248|1H7VLW9mxaUeyvif95e7BkruHguJjgurMs|200623725,wallet|transaction|wallet|transaction,|-0.000894994|0.0264611|0.000543058
1J33riwcPtmCVPdtnhh95dM6fiypg4dgDb,3,transaction,71145488,False,True,4,1J33riwcPtmCVPdtnhh95dM6fiypg4dgDb|71762280|19qS7kLg1dXUP8tdmbsQzb7DEYfypmNDQE|71145488,wallet|transaction|wallet|transaction,|0.000536978|0.00857311|-0.000941813
1JDYnj2gSwpSz32wAoTyTv6MuZYVUvmGy6,3,transaction,8960994,False,True,4,1JDYnj2gSwpSz32wAoTyTv6MuZYVUvmGy6|9605827|1KGKmruH7wCELy8MQfwDv3vFm2EhXDGPwm|8960994,wallet|transaction|wallet|transaction,|-0.000559211|0.0283237|0.000267357
1JQN4ThctNN2himNjnQ6rvdFhWMrLJkcYH,3,transaction,311861787,False,True,4,1JQN4ThctNN2himNjnQ6rvdFhWMrLJkcYH|266113017|1CajuZVtXZBqaMMvGA3Fvkg9Z2RJpTHp6G|311861787,wallet|transaction|wallet|transaction,|0.00082776|0.0286942|0.000427723
1JQfujkbY8z3jNq4LAMQ5fAhznp73j6TZD,3,transaction,339083961,False,True,4,1JQfujkbY8z3jNq4LAMQ5fAhznp73j6TZD|339103434|1LC1HCSYwM4erBY17XbrpyPSjEt8mXMKMx|339083961,wallet|transaction|wallet|transaction,|-0.00261804|-0.00436217|-0.000318438
1JXHrzoTzzfXBVjX1Dp1aGvrRjtHfjRimr,3,transaction,316856344,False,True,4,1JXHrzoTzzfXBVjX1Dp1aGvrRjtHfjRimr|126700672|1LbEVNFyw5K1k959iyfDRj9jsnCMjkCnKk|316856344,wallet|transaction|wallet|transaction,|-0.00254309|-0.964233|-0.00257346
1JYbEg3bRiajmPPghpGh8BKayZafrUwNVz,3,transaction,390076579,False,True,4,1JYbEg3bRiajmPPghpGh8BKayZafrUwNVz|390332178|1DkD4K5sLzXfgTsXGGJgyvR5Mr1F7yzNv6|390076579,wallet|transaction|wallet|transaction,|0.000658959|0.0210047|0.000452667
1JgyupKg1AoJyBoKm6iNpsqKcRXCTarcrL,3,transaction,88056278,False,True,4,1JgyupKg1AoJyBoKm6iNpsqKcRXCTarcrL|179377388|138Lx2G9gN1XZxkztRkZ6ZGMqQo1gQhhKM|88056278,wallet|transaction|wallet|transaction,|-0.00269517|-0.968776|-0.00075534
1JhyYwqm3hJAKJTaohAbCUe34Nzbx1g4Bz,3,transaction,372723979,False,True,4,1JhyYwqm3hJAKJTaohAbCUe34Nzbx1g4Bz|372825372|1L52zU2sLZJuFhzYnA3Lduki3qxCXokQgy|372723979,wallet|transaction|wallet|transaction,|0.005027|0.00493193|-0.00171903
1JzPqsUEaTHgkRj2qVDkrcXBA3tTnSQdxW,3,transaction,159059397,False,True,4,1JzPqsUEaTHgkRj2qVDkrcXBA3tTnSQdxW|179479390|1Kj4wdndyyoYW8ehuBQQpqmoNoi1MwLRCS|159059397,wallet|transaction|wallet|transaction,|-0.00259781|-0.968779|-0.00223422
1K1rfuXK5FJjc2aH4g9mPDXHYpsE1ZL8Qo,3,transaction,268777486,False,True,4,1K1rfuXK5FJjc2aH4g9mPDXHYpsE1ZL8Qo|268893786|1HHy767hCsZmE7pFcyXYJk3kq3zWEV96Go|268777486,wallet|transaction|wallet|transaction,|-0.000219762|0.0141265|0.000234097
1KVnumTwkzxTruffQn4S47cCNLSsDBr8n,3,transaction,288280822,False,True,4,1KVnumTwkzxTruffQn4S47cCNLSsDBr8n|288449905|13zJ2DoqmYkHkx1pEjd3Xqv6wAH5Xuw4mA|288280822,wallet|transaction|wallet|transaction,|-0.00300786|0.0247618|0.000103444
1KjZWsyc3YXVLMkfoJT2kL28vtUTeWqRGp,3,transaction,331564743,False,True,4,1KjZWsyc3YXVLMkfoJT2kL28vtUTeWqRGp|331564747|14T5Pqe62pqP1oQerun8UGfxoXKkQQDKav|331564743,wallet|transaction|wallet|transaction,|0.0013524|0.0276517|-0.00146171
1KwKLJTCWUQZwtBhgBQi5cwgnUip7L68z1,3,transaction,346381953,False,True,4,1KwKLJTCWUQZwtBhgBQi5cwgnUip7L68z1|378320266|3QyUSB4eRYePHcvpS6k6YDMBUDGXRSSMPc|346381953,wallet|transaction|wallet|transaction,|0.000343323|0.0296186|0.00162348
1KzzfsytshZkS279B1YuuK3tHTdPVRo98d,3,transaction,209822245,False,True,4,1KzzfsytshZkS279B1YuuK3tHTdPVRo98d|209824604|115MJQAQ4zT3LTw8sH7VbEh5dH7hqCRuvp|209822245,wallet|transaction|wallet|transaction,|0.000774771|0.0266181|0.0005261
1L3QW4S46ofCxBfeNb37q8uSBPv2hZ2y3J,3,transaction,199951117,False,True,4,1L3QW4S46ofCxBfeNb37q8uSBPv2hZ2y3J|199951116|18ab4GzenJrxKyz4SQq9hrCR7RjQZ8AZsw|199951117,wallet|transaction|wallet|transaction,|-0.00523487|-0.314802|-0.0019519
1L5Fa9sAjpmH9X7CorqnzJWi6Wo9SeH2Ft,3,transaction,17301640,False,True,4,1L5Fa9sAjpmH9X7CorqnzJWi6Wo9SeH2Ft|158373311|1LPkxJBrtvZvSRwaUkmXQrJtLwxUNkSRsd|17301640,wallet|transaction|wallet|transaction,|0.000643432|-0.0544418|-0.00205034
1LCePW5Liqg3kuJFgWkVU3NRtsjtjzzbwz,3,transaction,174774267,False,True,4,1LCePW5Liqg3kuJFgWkVU3NRtsjtjzzbwz|175433937|17WZo15h71VJwMTdzbkJsyNEJHymASqheC|174774267,wallet|transaction|wallet|transaction,|-0.00106788|0.0189212|0.000319064
1LXKUtNH2L6ALNKy6T1bWSCtQYhexJNViX,3,transaction,81543749,False,True,4,1LXKUtNH2L6ALNKy6T1bWSCtQYhexJNViX|194348508|1EmccN6xqtfRZ6UdtQfe1YE1ecRyLv5jbC|81543749,wallet|transaction|wallet|transaction,|0.000348032|0.0164201|-0.000778168
1LZm4gA2kJzKJvKBNmKKmfjwqLY61fen7M,3,transaction,99201090,False,True,4,1LZm4gA2kJzKJvKBNmKKmfjwqLY61fen7M|100075510|1AJhPaYoAU4YaZNvSdMWmPNT6dqSNbmC8y|99201090,wallet|transaction|wallet|transaction,|0.000963777|0.0254857|0.000478029
1Lk5Eax35hRrossE8bW3ZHsecsrtXWu6E7,3,transaction,190014509,False,True,4,1Lk5Eax35hRrossE8bW3ZHsecsrtXWu6E7|190434068|1KJrajDEsMkh7VJtS1xnVaxh38fjVw25k3|190014509,wallet|transaction|wallet|transaction,|-0.000319749|0.029057|-0.00046134
1Lmhvx9dwm3NpXXiCNwADWhJ4NNMYmmLAe,3,transaction,105427123,False,True,4,1Lmhvx9dwm3NpXXiCNwADWhJ4NNMYmmLAe|105590319|1PcEvtTPQZZoe6WQvwoB45SvJiu45WYLiB|105427123,wallet|transaction|wallet|transaction,|-0.00243956|-0.933691|-0.00122958
1LxVj9P2maFj6HFEeeNTHjp8GS5vpuDdoN,3,transaction,28361537,False,True,4,1LxVj9P2maFj6HFEeeNTHjp8GS5vpuDdoN|355006827|167Z2EoWDshBAVpcTnv63tCf8pVuS1C7K4|28361537,wallet|transaction|wallet|transaction,|0.000349134|-0.968781|0.000160694
1MPfnTCCwNVg9BSLvjA4X3zAboZUCJyxYp,3,transaction,337725330,False,True,4,1MPfnTCCwNVg9BSLvjA4X3zAboZUCJyxYp|382880021|1H5EtCycWr5bpwqZnuE5LdKba5ABwQuW87|337725330,wallet|transaction|wallet|transaction,|-0.00351536|0.021163|-0.000125796
1MTJ3FbQQhkLof4FZRqUDZuwUGYHFvuRxk,3,transaction,294602321,False,True,4,1MTJ3FbQQhkLof4FZRqUDZuwUGYHFvuRxk|85004953|1NgNNa6hFEoFYj9CnpYK4mX3v5GwEK1fiS|294602321,wallet|transaction|wallet|transaction,|0.000149161|0.0258625|0.000748366
1NHphiEmNRDKo2TAPaVgEKRC4GRARC4gua,3,transaction,6214724,False,True,4,1NHphiEmNRDKo2TAPaVgEKRC4GRARC4gua|269545885|145V8ooJtacSCorUAMa9Y73qseTquHNayG|6214724,wallet|transaction|wallet|transaction,|0.00206167|-0.968781|0.0267996
1NM8CWRYdjTf5ncFbZjgGM5Gobf7QGLu4k,3,transaction,355006792,False,True,4,1NM8CWRYdjTf5ncFbZjgGM5Gobf7QGLu4k|355092833|16YmwMBtFELz5XZeGg1qhtYcbsz8cEve6e|355006792,wallet|transaction|wallet|transaction,|0.0844696|-0.968781|0.135577
1NUUk8W6mxxFXPbrVdKd363yu55hZPPxCX,3,transaction,490419,False,True,4,1NUUk8W6mxxFXPbrVdKd363yu55hZPPxCX|14537263|18DTRuYEe9t6HaifkhA7sVUwmQjYTgfCkv|490419,wallet|transaction|wallet|transaction,|-0.00195396|-0.968781|-0.00409564
1NcwxYbesLnQ12htrcC3ESYUu4gQDZ5LGd,3,transaction,226277188,False,True,4,1NcwxYbesLnQ12htrcC3ESYUu4gQDZ5LGd|355102310|19sbgKqb3FDf86iD18cv2XWNhf1vroQy8r|226277188,wallet|transaction|wallet|transaction,|-0.00522169|-0.0666687|-0.002011
1NfBUat6BUSsXW7SArgNR6f53JE3kynRs8,3,transaction,378194007,False,True,4,1NfBUat6BUSsXW7SArgNR6f53JE3kynRs8|378194239|18fEXCXxx2BGtWS7iQdB8yw23eDWdCdbR9|378194007,wallet|transaction|wallet|transaction,|0.000804394|0.0253099|0.000518858
1NsmnLZtTCBLfkLpkPR991en44dAh7ie2w,3,transaction,209161715,False,True,4,1NsmnLZtTCBLfkLpkPR991en44dAh7ie2w|209680773|12vjovNSZLK1z8KchXHBo1QvUmTuZEcEJs|209161715,wallet|transaction|wallet|transaction,|0.00171426|-0.942731|-0.000795662
1P8b9wgiN39GPuhi5ZaCZPeSd81HayL5EN,3,transaction,71160951,False,True,4,1P8b9wgiN39GPuhi5ZaCZPeSd81HayL5EN|71759115|12gCtPjEMzRtSRyMNaBWTKQ2bcdvAPnXdy|71160951,wallet|transaction|wallet|transaction,|0.000354111|0.0250565|-0.00028652
1P9BzzezfjuPnttdwgFae9ZiMUDqd1y6vj,3,transaction,175754507,False,True,4,1P9BzzezfjuPnttdwgFae9ZiMUDqd1y6vj|49025731|1NaRxwBnkKajaumCCDBmchSTAKNaJNJwpJ|175754507,wallet|transaction|wallet|transaction,|-0.00304645|-0.958119|-0.00344169
1PAx7MjxfyhsDdLvHbQoHYE13hNMFFRdfs,3,transaction,209086584,False,True,4,1PAx7MjxfyhsDdLvHbQoHYE13hNMFFRdfs|209802609|1DtXu2JhdfxUQuZF8y3CmQ4xnhmzBtpzqg|209086584,wallet|transaction|wallet|transaction,|0.000494063|-0.388128|-0.00269622
1PHA4QXDvNzuUZ9i6xETfqsTwUAxhz3y7R,3,transaction,94299586,False,True,4,1PHA4QXDvNzuUZ9i6xETfqsTwUAxhz3y7R|94299583|1GyyYFqHd7bJdZr8CWumYXn5p7ToAuZGBd|94299586,wallet|transaction|wallet|transaction,|0.000580251|0.0274962|-0.0008246
372726753,2,transaction,328197794,False,True,3,372726753|1KotN1EX4nsCzBygcUTecBpHfevKv4UHwM|328197794,transaction|wallet|transaction,|-0.968781|0.00351414
299158314,2,transaction,248903223,False,True,3,299158314|12k7kXAo7JjcHTnoPxpYsYQRVDAZaM4Jfq|248903223,transaction|wallet|transaction,|0.01819|0.00082913
97069571,2,transaction,248903223,False,True,3,97069571|12k7kXAo7JjcHTnoPxpYsYQRVDAZaM4Jfq|248903223,transaction|wallet|transaction,|0.01819|0.00082913
155674580,2,transaction,331501694,False,True,3,155674580|1HfEepHZagyXjPEg71A7VTA8QHX28fJHD7|331501694,transaction|wallet|transaction,|-0.0144602|-0.00435558
113UD7kW6Tm6eGUSdx1nxbyJUXDmPgh9YY,2,wallet,33VWLFSqBtsHGyNSK4WzwNyNJGUtNB9AFd,False,True,3,113UD7kW6Tm6eGUSdx1nxbyJUXDmPgh9YY|105826996|33VWLFSqBtsHGyNSK4WzwNyNJGUtNB9AFd,wallet|transaction|wallet,|-0.00373229|0.00844312
121DWzW6dfYGoMJXRDrHA74t5JPUyrtLCb,2,wallet,3Gp3jmqBdLyXo8k7ZGF9H7GpNaBJAN8pKy,False,True,3,121DWzW6dfYGoMJXRDrHA74t5JPUyrtLCb|84375386|3Gp3jmqBdLyXo8k7ZGF9H7GpNaBJAN8pKy,wallet|transaction|wallet,|-0.000387877|0.00801295
124wkTiD8UieQBmBQmk9Ko3PsvU53d5oLu,2,wallet,37U1BcQvTAfgkSJnFegekjdKJ5SFUAg4Hy,False,True,3,124wkTiD8UieQBmBQmk9Ko3PsvU53d5oLu|332563582|37U1BcQvTAfgkSJnFegekjdKJ5SFUAg4Hy,wallet|transaction|wallet,|-0.0025194|-0.0124951
125cDvGg4c7ySbfmmrsdTmaRpcg8E7uRZD,2,wallet,32re8L1jQXDPqKwv86hHAi9sv3mWSXvRX6,False,True,3,125cDvGg4c7ySbfmmrsdTmaRpcg8E7uRZD|20219869|32re8L1jQXDPqKwv86hHAi9sv3mWSXvRX6,wallet|transaction|wallet,|-0.00233224|0.00746447
126t2Uo8SoUn7djGxjzbENQQbzsfSiiAXf,2,wallet,1BGbYAkX58ZwdXkAbBhgAbtBj6Veksa2H1,False,True,3,126t2Uo8SoUn7djGxjzbENQQbzsfSiiAXf|70781861|1BGbYAkX58ZwdXkAbBhgAbtBj6Veksa2H1,wallet|transaction|wallet,|-0.00189829|0.00776917
12A6GH9vPBqvTMyLkfFWzEUXwx3xAu92Mt,2,wallet,354nJAzZaw3CGbqNtNEPPh7w9WZvCgxark,False,True,3,12A6GH9vPBqvTMyLkfFWzEUXwx3xAu92Mt|268861287|354nJAzZaw3CGbqNtNEPPh7w9WZvCgxark,wallet|transaction|wallet,|-0.000393808|0.00785398
12CiFhPEPSL4f5S8H9F4msLSLi6fRXjwX8,2,wallet,34NjWR9fqJ3avmrAyCR8B8gzCWt1Uvpo9v,False,True,3,12CiFhPEPSL4f5S8H9F4msLSLi6fRXjwX8|268883403|34NjWR9fqJ3avmrAyCR8B8gzCWt1Uvpo9v,wallet|transaction|wallet,|0.000710934|0.00798714
12EHhxkFooMedrdRJ65BLSwr5i1scvBF1n,2,wallet,3E2UTxF4UWnFEALt7vkw8HjqrADcxdQxVs,False,True,3,12EHhxkFooMedrdRJ65BLSwr5i1scvBF1n|36909940|3E2UTxF4UWnFEALt7vkw8HjqrADcxdQxVs,wallet|transaction|wallet,|-0.00265884|0.00718856
12ELn46LqXT8oFw5mNY4jEdRvJg2y5vucy,2,wallet,3E6Co8q5YgvAgQ1cCKUUCdmUNemXSzkovJ,False,True,3,12ELn46LqXT8oFw5mNY4jEdRvJg2y5vucy|311608482|3E6Co8q5YgvAgQ1cCKUUCdmUNemXSzkovJ,wallet|transaction|wallet,|-0.000158548|0.00788105
12HfAuEKueBu9jXubbJSBcdwmLMPp35JmG,2,wallet,1EM8iWUu9RffFMskjWsJCm9n7jQoHLBwtG,False,True,3,12HfAuEKueBu9jXubbJSBcdwmLMPp35JmG|218064667|1EM8iWUu9RffFMskjWsJCm9n7jQoHLBwtG,wallet|transaction|wallet,|-0.00104812|0.00845015
12J6wagoZ8aF4Eup2VWCGzGBMQfcgEpuoN,2,wallet,1pakSUc3WaV81TZYib2cTjYo6TEyUiMnt,False,True,3,12J6wagoZ8aF4Eup2VWCGzGBMQfcgEpuoN|234166793|1pakSUc3WaV81TZYib2cTjYo6TEyUiMnt,wallet|transaction|wallet,|0.00026226|0.00764459
12MdsVrFK6nPMKiNMzcy4NS6G9yb9qTsRR,2,wallet,3A26kSTGQDZJ2pprrBCzdQSC6uNoMyGRUm,False,True,3,12MdsVrFK6nPMKiNMzcy4NS6G9yb9qTsRR|16713136|3A26kSTGQDZJ2pprrBCzdQSC6uNoMyGRUm,wallet|transaction|wallet,|-0.00422576|-0.967025
12NFtZWbH2fQEVhWwTHyzZ4E94zyd7eHGp,2,wallet,37fRSUGZ5CpR1RBg5yQNjmA5S7kkqCQnbn,False,True,3,12NFtZWbH2fQEVhWwTHyzZ4E94zyd7eHGp|355110328|37fRSUGZ5CpR1RBg5yQNjmA5S7kkqCQnbn,wallet|transaction|wallet,|-0.000694871|0.00801694
12RQsZMjE2UWCw2Xy6FC2ZMP9E5edqUCQt,2,wallet,33iAE9e7qj4EcVPEEhgcgo7VFU6GVZ23aF,False,True,3,12RQsZMjE2UWCw2Xy6FC2ZMP9E5edqUCQt|180219451|33iAE9e7qj4EcVPEEhgcgo7VFU6GVZ23aF,wallet|transaction|wallet,|-0.00330448|0.0080083
12U7bTXXgEWHf4RV8tmK3Dkz7biZkGv3xL,2,wallet,3EUAw6AckQpmGAZvvXfmCL5Cqq7Y7iuVQ9,False,True,3,12U7bTXXgEWHf4RV8tmK3Dkz7biZkGv3xL|53784539|3EUAw6AckQpmGAZvvXfmCL5Cqq7Y7iuVQ9,wallet|transaction|wallet,|-0.00126857|0.00803661
12XYAxCT8K7whxCbZyd1RcfJVVf8UGgnVP,2,wallet,3FfKvRjCg3Ev3Li5Ly5ybZL2itAn2TCjji,False,True,3,12XYAxCT8K7whxCbZyd1RcfJVVf8UGgnVP|286848744|3FfKvRjCg3Ev3Li5Ly5ybZL2itAn2TCjji,wallet|transaction|wallet,|-0.000545949|0.0077427
12bNPHjSjpFtUQEkahABvfV6Ax2BAhhV49,2,wallet,3BcjbK3E2HgJz4CGmhVrVfwstwx5ne1HXz,False,True,3,12bNPHjSjpFtUQEkahABvfV6Ax2BAhhV49|268867552|3BcjbK3E2HgJz4CGmhVrVfwstwx5ne1HXz,wallet|transaction|wallet,|-0.000283599|0.00785774
12f68DZGgGs8zoQ9VfHKE5htPjNt7kqdns,2,wallet,1NEUmjCD2ua8axUsd6gXGkef4hG8NvP2MP,False,True,3,12f68DZGgGs8zoQ9VfHKE5htPjNt7kqdns|368783589|1NEUmjCD2ua8axUsd6gXGkef4hG8NvP2MP,wallet|transaction|wallet,|-0.00166622|0.00740266
12gxr2cGBGjTc5bzVccaiTeZ1fQvatvixj,2,wallet,3KJZQfhizVoFKWvtipmQh85L5sygtNvqJS,False,True,3,12gxr2cGBGjTc5bzVccaiTeZ1fQvatvixj|10174843|3KJZQfhizVoFKWvtipmQh85L5sygtNvqJS,wallet|transaction|wallet,|-0.0014618|0.00829887
12h3U7AHZgzSAa67k1gqWAjCHreLauYpwz,2,wallet,14zrtnkHAqvPoy9wDvY14a8eNgAuYHiWA1,False,True,3,12h3U7AHZgzSAa67k1gqWAjCHreLauYpwz|272088225|14zrtnkHAqvPoy9wDvY14a8eNgAuYHiWA1,wallet|transaction|wallet,|0.000356197|0.00793892
12h6piHLNNjwnxMpxzBp76qjjrrgqvYCTo,2,wallet,36x1zwGQ9Nt5nmG5Ejt2PAdk1Exib6iyGk,False,True,3,12h6piHLNNjwnxMpxzBp76qjjrrgqvYCTo|355505391|36x1zwGQ9Nt5nmG5Ejt2PAdk1Exib6iyGk,wallet|transaction|wallet,|-0.00126207|0.00816905
12jvaTJifZparc5znmwvJ8a3tDR6WWmic7,2,wallet,1FHHmHTjx66tLn845hTh6Pkxhim66GrRg7,False,True,3,12jvaTJifZparc5znmwvJ8a3tDR6WWmic7|105860380|1FHHmHTjx66tLn845hTh6Pkxhim66GrRg7,wallet|transaction|wallet,|-0.000689119|0.00837135
12m5fFEzafQBZ1dt14xymUjBafMNUCXvUL,2,wallet,3EWcy1SBK15BRSfT4VKD4NTeoxk6vaubYL,False,True,3,12m5fFEzafQBZ1dt14xymUjBafMNUCXvUL|191598956|3EWcy1SBK15BRSfT4VKD4NTeoxk6vaubYL,wallet|transaction|wallet,|-0.000881582|0.00819337
12mFwCqExS7Qmtt5GS4XpaTeF49UtmcY5F,2,wallet,1FGAyrXFBGcRsYJ5B38QXG9GpuwAihwCX7,False,True,3,12mFwCqExS7Qmtt5GS4XpaTeF49UtmcY5F|372690435|1FGAyrXFBGcRsYJ5B38QXG9GpuwAihwCX7,wallet|transaction|wallet,|0.00046891|0.00790626
12nhRTVECSfuPibeSCnD5SQ4WLfLgaTX7U,2,wallet,1C6n14vvVenUw4zK1UCU1wLSqA5CohBVKb,False,True,3,12nhRTVECSfuPibeSCnD5SQ4WLfLgaTX7U|322493613|1C6n14vvVenUw4zK1UCU1wLSqA5CohBVKb,wallet|transaction|wallet,|0.000546515|0.00787467
12qjhAXXR9vBkVZpocxtr77yAsXSAXp3PZ,2,wallet,156RsL92UHS8B7i3B7U1hdPU3Cf51ND9kv,False,True,3,12qjhAXXR9vBkVZpocxtr77yAsXSAXp3PZ|15085796|156RsL92UHS8B7i3B7U1hdPU3Cf51ND9kv,wallet|transaction|wallet,|0.000288904|0.00772756
12r8dVf71NBf3CSpAcdhfZ3S9DYeyRhWRn,2,wallet,3N9Y7e4tNA8kAYikBeC9c8PZzMMfpXZPCU,False,True,3,12r8dVf71NBf3CSpAcdhfZ3S9DYeyRhWRn|99676831|3N9Y7e4tNA8kAYikBeC9c8PZzMMfpXZPCU,wallet|transaction|wallet,|-0.00016275|0.00789535
12rEzrcDvdCveLjXxDaFrMadb5iQtBAXHk,2,wallet,3J69EhL5eZqK8WFL1tqtmyWVR7g43oiNAJ,False,True,3,12rEzrcDvdCveLjXxDaFrMadb5iQtBAXHk|53782276|3J69EhL5eZqK8WFL1tqtmyWVR7g43oiNAJ,wallet|transaction|wallet,|-0.00135127|0.00823843
12sjQctohASpKV8nWHyvB4wxjcjdFc516D,2,wallet,3HyqUfX7m7PNPxqgN3KkajodvFJf1y1DvX,False,True,3,12sjQctohASpKV8nWHyvB4wxjcjdFc516D|312223867|3HyqUfX7m7PNPxqgN3KkajodvFJf1y1DvX,wallet|transaction|wallet,|-0.000113547|0.00778931
12tq7NaYLZKjZmEKehzT92pr7fspeFWtSJ,2,wallet,1BvqnYGMuchyqYc211aZn6SZFDcSamxX2j,False,True,3,12tq7NaYLZKjZmEKehzT92pr7fspeFWtSJ|92748480|1BvqnYGMuchyqYc211aZn6SZFDcSamxX2j,wallet|transaction|wallet,|0.000151575|0.00815427
12uqXBJdpwySK4yZA5RBoWioJt5sE2CwDd,2,wallet,3J48nQyU4G6qitwTCwe22LPCwHNv57occd,False,True,3,12uqXBJdpwySK4yZA5RBoWioJt5sE2CwDd|268867035|3J48nQyU4G6qitwTCwe22LPCwHNv57occd,wallet|transaction|wallet,|-0.000212431|0.00787979
1345K8cctj3Zf5teUJZG8Lg8WzA5ViC26T,2,wallet,1Lqd4EbSVhmXEgJkEhmZWe9U9ncuaoVS8E,False,True,3,1345K8cctj3Zf5teUJZG8Lg8WzA5ViC26T|28802162|1Lqd4EbSVhmXEgJkEhmZWe9U9ncuaoVS8E,wallet|transaction|wallet,|-0.000717103|0.00819421
134HwgYHxCWW21C7eZCEbZaeu4UR2fZkoZ,2,wallet,3HXRMd8696BAY515LdG8gL9psf1R2CzqB9,False,True,3,134HwgYHxCWW21C7eZCEbZaeu4UR2fZkoZ|288602158|3HXRMd8696BAY515LdG8gL9psf1R2CzqB9,wallet|transaction|wallet,|-0.00213015|0.00824231
134WLp1zZELK7rUYPScs2kMsmmfMCJVxec,2,wallet,1KFnQbRs43ZNUfwQbZi6m9fzoD6n2qfARr,False,True,3,134WLp1zZELK7rUYPScs2kMsmmfMCJVxec|272430225|1KFnQbRs43ZNUfwQbZi6m9fzoD6n2qfARr,wallet|transaction|wallet,|0.000462323|0.00794458
134YXML9nCZnz86AbGzsGmSQZNNvEuGB31,2,wallet,1C3oPGtLYULE37y5UAKnk5CXhKnNYS4Z9Q,False,True,3,134YXML9nCZnz86AbGzsGmSQZNNvEuGB31|269459065|1C3oPGtLYULE37y5UAKnk5CXhKnNYS4Z9Q,wallet|transaction|wallet,|0.000808597|0.00799567
135oSUXCXb848eqHeughAXDT8cTjqrrc99,2,wallet,16NnsE9xJDD8xYeuPb19nruVaToj4PAC1t,False,True,3,135oSUXCXb848eqHeughAXDT8cTjqrrc99|299041249|16NnsE9xJDD8xYeuPb19nruVaToj4PAC1t,wallet|transaction|wallet,|-0.000222743|0.00796622
136vFELaBg11sBHvHD5fCuS9H6ZdeKjG2j,2,wallet,38vbSqnhBzt6eciTmyPiY7i7NSfcHbHGTW,False,True,3,136vFELaBg11sBHvHD5fCuS9H6ZdeKjG2j|355109541|38vbSqnhBzt6eciTmyPiY7i7NSfcHbHGTW,wallet|transaction|wallet,|-0.00391531|0.0204257
13Bf2nNFDkb77pFP2aG3gi4WNnaDKpMHmS,2,wallet,3GvttFqFUwXGZAQbjXAJgR5a7MV1vp4Urx,False,True,3,13Bf2nNFDkb77pFP2aG3gi4WNnaDKpMHmS|84373476|3GvttFqFUwXGZAQbjXAJgR5a7MV1vp4Urx,wallet|transaction|wallet,|-0.000169903|0.00797826
13DThMtvDTxzXxCo8gw9iqv8Bv4bnw8Kiu,2,wallet,1AGaZBXxxzTPJcnNgNENk99XJtxKcR1DfS,False,True,3,13DThMtvDTxzXxCo8gw9iqv8Bv4bnw8Kiu|372672184|1AGaZBXxxzTPJcnNgNENk99XJtxKcR1DfS,wallet|transaction|wallet,|0.000415564|0.00790048
13ELjt94DzHR1zbhx9UrcMpq6RxSJY9u2N,2,wallet,3KpiN29mcqrZrtyFtTtqQ5aTiGBHvkKH56,False,True,3,13ELjt94DzHR1zbhx9UrcMpq6RxSJY9u2N|180533541|3KpiN29mcqrZrtyFtTtqQ5aTiGBHvkKH56,wallet|transaction|wallet,|-0.000414848|0.0079928
13JgiSiJ3bMSognhNkmC6pud95U2H3asTg,2,wallet,3FfKvRjCg3Ev3Li5Ly5ybZL2itAn2TCjji,False,True,3,13JgiSiJ3bMSognhNkmC6pud95U2H3asTg|286848744|3FfKvRjCg3Ev3Li5Ly5ybZL2itAn2TCjji,wallet|transaction|wallet,|-0.000545949|0.0077427
13Jk6kLeaMBYzwjdQHnYqVTY58G6oasVM5,2,wallet,14Fs5nBjPGBaBWdN4Yb1WTdbUjNciHZ8cB,False,True,3,13Jk6kLeaMBYzwjdQHnYqVTY58G6oasVM5|288617215|14Fs5nBjPGBaBWdN4Yb1WTdbUjNciHZ8cB,wallet|transaction|wallet,|-0.000207812|0.00817782
13JvVZDmJwzrBihU47qApspxxhdsq1FRvG,2,wallet,1PL4ZHs4FQYqxhsVbPhKfdpN2AbtobmVr6,False,True,3,13JvVZDmJwzrBihU47qApspxxhdsq1FRvG|336436976|1PL4ZHs4FQYqxhsVbPhKfdpN2AbtobmVr6,wallet|transaction|wallet,|0.000524163|0.00792241
13Mo9yuMuAoVLyTwgm5y3nGERhi2waBKhD,2,wallet,1NNF4aaAnNqUknRfwBArA55XafPuZyYWzG,False,True,3,13Mo9yuMuAoVLyTwgm5y3nGERhi2waBKhD|114509390|1NNF4aaAnNqUknRfwBArA55XafPuZyYWzG,wallet|transaction|wallet,|-0.000310272|0.00820702
13PCEtMLKCfMn2GgzKYvXxRZABCF1yyMhv,2,wallet,3AjyJBNoUfdozUAA9RWx4oqzgxj5j9YigN,False,True,3,13PCEtMLKCfMn2GgzKYvXxRZABCF1yyMhv|92516400|3AjyJBNoUfdozUAA9RWx4oqzgxj5j9YigN,wallet|transaction|wallet,|-0.00101623|0.00797236
13PJ8cjLBxyLmDGuJqYWuvbkAruSsvR2bk,2,wallet,3M7Ls2aCy5cBWyU4VBtUo8iBrBJRAyh4UL,False,True,3,13PJ8cjLBxyLmDGuJqYWuvbkAruSsvR2bk|54803353|3M7Ls2aCy5cBWyU4VBtUo8iBrBJRAyh4UL,wallet|transaction|wallet,|-0.00242993|0.00825119
13PKV7jc3cXMyubj2LEkNL36xrrx9JZgGs,2,wallet,1F17kgbjj2G3hQ6kpU9XZ3hNKt9UkEDBZy,False,True,3,13PKV7jc3cXMyubj2LEkNL36xrrx9JZgGs|362965635|1F17kgbjj2G3hQ6kpU9XZ3hNKt9UkEDBZy,wallet|transaction|wallet,|0.000515044|0.00782841
13Rd2eLbYhq9gpsNFTtEEDbNPy4FRuewPN,2,wallet,3Px4L3nHxrfWM7xRUV3ayjtvuhkkMBeTMH,False,True,3,13Rd2eLbYhq9gpsNFTtEEDbNPy4FRuewPN|122221510|3Px4L3nHxrfWM7xRUV3ayjtvuhkkMBeTMH,wallet|transaction|wallet,|0.000134945|0.00790048
13RoJMh7Vks8wYEey2xkQjg3tVFNsXsZZV,2,wallet,3J4rgQFhQD5PrkDNTnd2n27m4N4EG67JiW,False,True,3,13RoJMh7Vks8wYEey2xkQjg3tVFNsXsZZV|268856987|3J4rgQFhQD5PrkDNTnd2n27m4N4EG67JiW,wallet|transaction|wallet,|-0.000419438|0.00797677
13SfLs8t2GbsCgKsp3jKKib5hBYRjD7nc3,2,wallet,3AvigXeWpSD9rupoo9grBfqn5WJ79v91rM,False,True,3,13SfLs8t2GbsCgKsp3jKKib5hBYRjD7nc3|28808235|3AvigXeWpSD9rupoo9grBfqn5WJ79v91rM,wallet|transaction|wallet,|-0.00155038|0.00779188
13TvQ9Rt1ehhsneSsHDiiJ2XrEE6DxyHpj,2,wallet,1A5oQd6VeCighpmM5nLTRWq8EXKPPriYtd,False,True,3,13TvQ9Rt1ehhsneSsHDiiJ2XrEE6DxyHpj|179028011|1A5oQd6VeCighpmM5nLTRWq8EXKPPriYtd,wallet|transaction|wallet,|0.000391781|0.00761688
13UfDKU2JFTevjMoj6eyoXqUgv8r7qS8vG,2,wallet,1Aqh1BQQam643YQSRdB46uxa3EViEEEvuL,False,True,3,13UfDKU2JFTevjMoj6eyoXqUgv8r7qS8vG|98975505|1Aqh1BQQam643YQSRdB46uxa3EViEEEvuL,wallet|transaction|wallet,|0.000488818|0.00786853
13VzkXPURxj5aZmpMcavouqMFJMrEMxoeA,2,wallet,3PYgjeCdDCg6vsrmUDGRKacaWRMKFEGHvi,False,True,3,13VzkXPURxj5aZmpMcavouqMFJMrEMxoeA|165594204|3PYgjeCdDCg6vsrmUDGRKacaWRMKFEGHvi,wallet|transaction|wallet,|-0.000339925|0.00796723
13W7ypPeSAANDvdDKy6x3hW1Ymqv5YqTfM,2,wallet,3NL96MvCPV7onvc1PV2MsBzJGLHL6egwmS,False,True,3,13W7ypPeSAANDvdDKy6x3hW1Ymqv5YqTfM|313613074|3NL96MvCPV7onvc1PV2MsBzJGLHL6egwmS,wallet|transaction|wallet,|-0.000737637|0.0079273
13Wb1vBXdbF7CimibvbcsArqmyt9CecUEt,2,wallet,12k5vD8uYy4cB72S7N6EvmE3d1eLEHSYpp,False,True,3,13Wb1vBXdbF7CimibvbcsArqmyt9CecUEt|70781785|12k5vD8uYy4cB72S7N6EvmE3d1eLEHSYpp,wallet|transaction|wallet,|-0.0021421|0.00771326
13aWVf2fNYceWUMBZnWCJvGLN6pz8XWv8D,2,wallet,3EJvgztcJzTrtMq1GNTRAV5AL2Cm4FSFsm,False,True,3,13aWVf2fNYceWUMBZnWCJvGLN6pz8XWv8D|85005396|3EJvgztcJzTrtMq1GNTRAV5AL2Cm4FSFsm,wallet|transaction|wallet,|-0.00341645|0.00626868
13dtAaWV3RVJA2DtjvPfi3qfRjhB5HGo8J,2,wallet,3Fzzji5nFaSptmYL8bNsm3KcpYm3qnxqBS,False,True,3,13dtAaWV3RVJA2DtjvPfi3qfRjhB5HGo8J|658042|3Fzzji5nFaSptmYL8bNsm3KcpYm3qnxqBS,wallet|transaction|wallet,|-0.001165|0.00828964
13e9a4yM6oGJ9TBnmSrvGBBELkf19E8CEp,2,wallet,35GkXyiDEDtnioqKwyCh6hLBSYzDNgwyDd,False,True,3,13e9a4yM6oGJ9TBnmSrvGBBELkf19E8CEp|32293580|35GkXyiDEDtnioqKwyCh6hLBSYzDNgwyDd,wallet|transaction|wallet,|-0.0019508|-0.968781
13fBrzqGwZ4TPToADrR4pJFyAKmzjj2Kuk,2,wallet,3NGEaUcni4jrk8v2JNLpEFUxrtQ1ogh8fT,False,True,3,13fBrzqGwZ4TPToADrR4pJFyAKmzjj2Kuk|171324635|3NGEaUcni4jrk8v2JNLpEFUxrtQ1ogh8fT,wallet|transaction|wallet,|-0.00122157|-0.284404
13fDrLd5HszbFo2x9XyyA4B9RwjSESkJSL,2,wallet,1HSmP4M1om4Sp4iLUG4nfYbW2ZGKmqs4yo,False,True,3,13fDrLd5HszbFo2x9XyyA4B9RwjSESkJSL|106001669|1HSmP4M1om4Sp4iLUG4nfYbW2ZGKmqs4yo,wallet|transaction|wallet,|-0.000356019|0.00838649
13hxJDJjMGXGXm5GWNtaHmtrYFkychJYyz,2,wallet,1PZDmCMfvu8z3dTzVbCBKZK61f4EWCCtAp,False,True,3,13hxJDJjMGXGXm5GWNtaHmtrYFkychJYyz|163711912|1PZDmCMfvu8z3dTzVbCBKZK61f4EWCCtAp,wallet|transaction|wallet,|-0.000660658|0.00792629
13iLRr2kvgLQjV5scUComTsNR5o95pDXQy,2,wallet,1G61nH4CjpUHnS3Ra6FdsqVpUEdyk5rRLe,False,True,3,13iLRr2kvgLQjV5scUComTsNR5o95pDXQy|30179360|1G61nH4CjpUHnS3Ra6FdsqVpUEdyk5rRLe,wallet|transaction|wallet,|-0.00039354|0.00822604
13jLZMueuXM5x6MKfT2nUt9pCffsDo7Ydw,2,wallet,3CRLRBFQ8wVkTor4JJWHoHuuq6VPLofipq,False,True,3,13jLZMueuXM5x6MKfT2nUt9pCffsDo7Ydw|85005003|3CRLRBFQ8wVkTor4JJWHoHuuq6VPLofipq,wallet|transaction|wallet,|-0.0010269|0.00801909
13jbU1M8ZCyzrVYDokZkqrD9D42tbXgfkJ,2,wallet,3JCNfkGzxrygtZpzu1gA9to1fsFG1ghTag,False,True,3,13jbU1M8ZCyzrVYDokZkqrD9D42tbXgfkJ|92107945|3JCNfkGzxrygtZpzu1gA9to1fsFG1ghTag,wallet|transaction|wallet,|-0.00120038|0.00791562
13jmHuv9exM1NTJpYKfJhq6RLoKbTKQXMW,2,wallet,3Fzzji5nFaSptmYL8bNsm3KcpYm3qnxqBS,False,True,3,13jmHuv9exM1NTJpYKfJhq6RLoKbTKQXMW|658042|3Fzzji5nFaSptmYL8bNsm3KcpYm3qnxqBS,wallet|transaction|wallet,|-0.001165|0.00828964
13k4mJ8TopNEiq9oU9PwKc5Av27DtMu7DM,2,wallet,14p7rnu6LkJgE2hMHaWH5W1UHc8BHrAPAX,False,True,3,13k4mJ8TopNEiq9oU9PwKc5Av27DtMu7DM|269561973|14p7rnu6LkJgE2hMHaWH5W1UHc8BHrAPAX,wallet|transaction|wallet,|0.000334412|0.00794995
13mNQEazD6yMbLyKvoeS6ViUndXxPEfUu9,2,wallet,3M7Ls2aCy5cBWyU4VBtUo8iBrBJRAyh4UL,False,True,3,13mNQEazD6yMbLyKvoeS6ViUndXxPEfUu9|54803353|3M7Ls2aCy5cBWyU4VBtUo8iBrBJRAyh4UL,wallet|transaction|wallet,|-0.00242993|0.00825119
13mcDLgoUHZPpfE8sVVzSY24pPRyHpUiBx,2,wallet,13m2oCmZyj4vRGRpfqyRZgxfiX1ZmKQxKT,False,True,3,13mcDLgoUHZPpfE8sVVzSY24pPRyHpUiBx|241518508|13m2oCmZyj4vRGRpfqyRZgxfiX1ZmKQxKT,wallet|transaction|wallet,|-0.00206125|0.0141498
13moibcQyBaSJKTuomYe25877ZCXfoq5wV,2,wallet,38EYLMdPwKuVSQjYJqcAepoopyb5wGbM91,False,True,3,13moibcQyBaSJKTuomYe25877ZCXfoq5wV|97457576|38EYLMdPwKuVSQjYJqcAepoopyb5wGbM91,wallet|transaction|wallet,|-0.000492513|0.00782996
13nQyYDQJWKrtYSgT9xJgAyw8mjZgLhwyx,2,wallet,1Gch5PEkGASLr2dTc8dxudemry6JVofgi7,False,True,3,13nQyYDQJWKrtYSgT9xJgAyw8mjZgLhwyx|99676504|1Gch5PEkGASLr2dTc8dxudemry6JVofgi7,wallet|transaction|wallet,|0.000486881|0.00788295
13nqKUgJz5Ya7vvCaEqKri4JTwzBdvAkgb,2,wallet,1Ga1KPvEVGcPDMJFcJeDE1P8xYCNjkzsJA,False,True,3,13nqKUgJz5Ya7vvCaEqKri4JTwzBdvAkgb|308075880|1Ga1KPvEVGcPDMJFcJeDE1P8xYCNjkzsJA,wallet|transaction|wallet,|0.000443429|0.00790685
13oxPxDyosVC89BTqoezURRYjNmqfyLad4,2,wallet,3J48nQyU4G6qitwTCwe22LPCwHNv57occd,False,True,3,13oxPxDyosVC89BTqoezURRYjNmqfyLad4|268867035|3J48nQyU4G6qitwTCwe22LPCwHNv57occd,wallet|transaction|wallet,|-0.000212431|0.00787979
13pdSX4fZEE6JjG3ScHaCtm86BC81HwQsx,2,wallet,17wJk7DM4gzLLv115Gv1xtbA4pcgAMNY7f,False,True,3,13pdSX4fZEE6JjG3ScHaCtm86BC81HwQsx|248889354|17wJk7DM4gzLLv115Gv1xtbA4pcgAMNY7f,wallet|transaction|wallet,|0.000645757|0.00779796
13rLnA6RGwRuTvkwLMHqHd9KeD11Ay4d1V,2,wallet,1Nqwfa6TrWEs3Xi1NmZNRKPsHvo1F7RsHQ,False,True,3,13rLnA6RGwRuTvkwLMHqHd9KeD11Ay4d1V|372688009|1Nqwfa6TrWEs3Xi1NmZNRKPsHvo1F7RsHQ,wallet|transaction|wallet,|0.000505805|0.00790459
13rMCvQCqemL662UpCTUye5DGpFd3xkP9q,2,wallet,1Q9qrxvpbPgDCbJuxQXPVQrRG4pN6zD8W1,False,True,3,13rMCvQCqemL662UpCTUye5DGpFd3xkP9q|372690570|1Q9qrxvpbPgDCbJuxQXPVQrRG4pN6zD8W1,wallet|transaction|wallet,|0.000432909|0.00790548
13sUDtNdkdZ9yDrjzsjsbB7YvdeUmpad4s,2,wallet,3E8w5bcG3Zdb27cwpsnFFs6i2c5kdjCNah,False,True,3,13sUDtNdkdZ9yDrjzsjsbB7YvdeUmpad4s|130377008|3E8w5bcG3Zdb27cwpsnFFs6i2c5kdjCNah,wallet|transaction|wallet,|-0.000419706|0.00798649
13trBMdWruprvWHdnjuUKRgbpaJNzvCcNF,2,wallet,37eLhmL47dJEnKQdfyqUn4RzcD2r75X8zB,False,True,3,13trBMdWruprvWHdnjuUKRgbpaJNzvCcNF|30165216|37eLhmL47dJEnKQdfyqUn4RzcD2r75X8zB,wallet|transaction|wallet,|-0.00199011|0.00745642
13uLRvvnHAffXN3w9GJyMRTpyW3BDKWnaT,2,wallet,1GEFpVA3UuXmXfEZNTs6L5kzCFHPHo4v6P,False,True,3,13uLRvvnHAffXN3w9GJyMRTpyW3BDKWnaT|390045476|1GEFpVA3UuXmXfEZNTs6L5kzCFHPHo4v6P,wallet|transaction|wallet,|0.000504583|0.00778335
13uWS2mUm5GbybQnjPrUp9HaTDdwCnEx33,2,wallet,15fSfdSNBrZhHDCDyu5iHAshXnxtPp3mBd,False,True,3,13uWS2mUm5GbybQnjPrUp9HaTDdwCnEx33|100075806|15fSfdSNBrZhHDCDyu5iHAshXnxtPp3mBd,wallet|transaction|wallet,|0.000522286|0.00788343
13vYdngnDCUNAcu7PtJdbKwzAdy9Ls4VD1,2,wallet,1ETGQ1uBThN9ZCFRBpYV2U6QkmXJbwzWcJ,False,True,3,13vYdngnDCUNAcu7PtJdbKwzAdy9Ls4VD1|335858227|1ETGQ1uBThN9ZCFRBpYV2U6QkmXJbwzWcJ,wallet|transaction|wallet,|0.000380963|0.00791836
13w24MKsYhBwysjqtnzg5sc3wVwanz2Ypm,2,wallet,3A6hmSKv46tdsD8kNGLja6Cn3Q56YjjfCb,False,True,3,13w24MKsYhBwysjqtnzg5sc3wVwanz2Ypm|43840946|3A6hmSKv46tdsD8kNGLja6Cn3Q56YjjfCb,wallet|transaction|wallet,|-0.00249609|0.00830311
13wNmsdwcUT5D9zhcA1fFYfgA5oUpM4Zw6,2,wallet,39AMNWADwmDk8PF3gehQ5DnpaXSRFDJ3UH,False,True,3,13wNmsdwcUT5D9zhcA1fFYfgA5oUpM4Zw6|22204803|39AMNWADwmDk8PF3gehQ5DnpaXSRFDJ3UH,wallet|transaction|wallet,|-0.00174809|0.00844949
13wtHzS3xQfLY11MGKadfL3pnDWiGAqU6H,2,wallet,354nJAzZaw3CGbqNtNEPPh7w9WZvCgxark,False,True,3,13wtHzS3xQfLY11MGKadfL3pnDWiGAqU6H|268861287|354nJAzZaw3CGbqNtNEPPh7w9WZvCgxark,wallet|transaction|wallet,|-0.000393808|0.00785398
145dvAkRnpejWf2hdgH1LBbspN9ZeBHGst,2,wallet,3JhcKB7Bs7A2w9QAejRqwYzihVKp1Ay57z,False,True,3,145dvAkRnpejWf2hdgH1LBbspN9ZeBHGst|33843382|3JhcKB7Bs7A2w9QAejRqwYzihVKp1Ay57z,wallet|transaction|wallet,|-0.00212917|0.00832617
14A45agMAvsLwKuL7VCp63PFEE7RkBvsFT,2,wallet,1HrTsNpwdAUJYQUrbYcT3dPCRnKTaaZ3ap,False,True,3,14A45agMAvsLwKuL7VCp63PFEE7RkBvsFT|97009610|1HrTsNpwdAUJYQUrbYcT3dPCRnKTaaZ3ap,wallet|transaction|wallet,|-0.000596374|0.00819987
14BMwudyCf9sbgzzVsLDfKEYAbmWAfKuyk,2,wallet,3JZXwKuGCr5pJcCAgjqqrcRKkBSqQS6Ncg,False,True,3,14BMwudyCf9sbgzzVsLDfKEYAbmWAfKuyk|46862458|3JZXwKuGCr5pJcCAgjqqrcRKkBSqQS6Ncg,wallet|transaction|wallet,|-0.00170335|0.00761944
14BnZZWz9JnX5TeR4vPjcFvge6u6v2UJQ7,2,wallet,3NGEaUcni4jrk8v2JNLpEFUxrtQ1ogh8fT,False,True,3,14BnZZWz9JnX5TeR4vPjcFvge6u6v2UJQ7|268860742|3NGEaUcni4jrk8v2JNLpEFUxrtQ1ogh8fT,wallet|transaction|wallet,|-0.00526965|-0.284404
14C3nas8FP7q8vozF1WVQHR5e3zR8DMCJP,2,wallet,3J9bJ2oJto9mx2prkG1HwaUcH6ucUzxQtP,False,True,3,14C3nas8FP7q8vozF1WVQHR5e3zR8DMCJP|179193468|3J9bJ2oJto9mx2prkG1HwaUcH6ucUzxQtP,wallet|transaction|wallet,|-0.00372767|0.00799531
14D2pPnYSHccrgMyS66v328CY4244Bu7uK,2,wallet,34fFNFGhJ7MSd9MAwCQm3n2pYMMbTPX8pb,False,True,3,14D2pPnYSHccrgMyS66v328CY4244Bu7uK|272096174|34fFNFGhJ7MSd9MAwCQm3n2pYMMbTPX8pb,wallet|transaction|wallet,|-0.00174403|0.00797498
14Gvvz8kYM5edxBV1Qyym7WhpMaka4whn5,2,wallet,3CRLRBFQ8wVkTor4JJWHoHuuq6VPLofipq,False,True,3,14Gvvz8kYM5edxBV1Qyym7WhpMaka4whn5|85005003|3CRLRBFQ8wVkTor4JJWHoHuuq6VPLofipq,wallet|transaction|wallet,|-0.0010269|0.00801909
14HvJYCc9R5bnRyn1dknWYwowSGfFqkxWg,2,wallet,3JS8qCf6RHXWe2LMNJJ8y8keku6mw3SHen,False,True,3,14HvJYCc9R5bnRyn1dknWYwowSGfFqkxWg|332563581|3JS8qCf6RHXWe2LMNJJ8y8keku6mw3SHen,wallet|transaction|wallet,|0.000438452|0.00793141
14KDiUsnRZ3ymPonMwpHLB4WryUYVAZjgF,2,wallet,3CYQR53n8CxDRZMNtkt1AGo8mCByMxuCXq,False,True,3,14KDiUsnRZ3ymPonMwpHLB4WryUYVAZjgF|268856573|3CYQR53n8CxDRZMNtkt1AGo8mCByMxuCXq,wallet|transaction|wallet,|-0.000452757|0.00784385
14LUkqfnHn7QK6THosmTjhymMPGA4nZ5Uq,2,wallet,1gfXxPddiWeY2R2or7DS8Gp5sCk19fjAU,False,True,3,14LUkqfnHn7QK6THosmTjhymMPGA4nZ5Uq|269105344|1gfXxPddiWeY2R2or7DS8Gp5sCk19fjAU,wallet|transaction|wallet,|0.000320733|0.00797409
14SWuu6KRrDvNEp5AxnBm3g6f8QS1FaZJG,2,wallet,15B7kFQ5nGS9X9hv63Pcz9RRSz9AUpi6br,False,True,3,14SWuu6KRrDvNEp5AxnBm3g6f8QS1FaZJG|269584820|15B7kFQ5nGS9X9hv63Pcz9RRSz9AUpi6br,wallet|transaction|wallet,|0.000451386|0.00796646
14WKSHZdqqBmewn8nK8okXYkeK3eZu4cDg,2,wallet,13rD6M1EKjqyGJRqHtjX2YnDGyqFaYLj86,False,True,3,14WKSHZdqqBmewn8nK8okXYkeK3eZu4cDg|234181138|13rD6M1EKjqyGJRqHtjX2YnDGyqFaYLj86,wallet|transaction|wallet,|0.000417173|0.00765115
14XegGUCfzJ5GBrcDMmAWwzECQQFRM6nnt,2,wallet,37yqJKYK71LVJB6JzwS8dcdPeC5yyzPvkZ,False,True,3,14XegGUCfzJ5GBrcDMmAWwzECQQFRM6nnt|199956136|37yqJKYK71LVJB6JzwS8dcdPeC5yyzPvkZ,wallet|transaction|wallet,|-0.00372881|0.00596595
14cqgCTzFCkqCvuAtYVRLouafL2rWfmH8x,2,wallet,3BXHgUeTgsz6QeKcrhauKGjor5u63GGfW6,False,True,3,14cqgCTzFCkqCvuAtYVRLouafL2rWfmH8x|268849739|3BXHgUeTgsz6QeKcrhauKGjor5u63GGfW6,wallet|transaction|wallet,|0.000285029|0.00794756
14fBp5tzRjo85FEKPvnESrSq8GYvQvmGmb,2,wallet,38EYLMdPwKuVSQjYJqcAepoopyb5wGbM91,False,True,3,14fBp5tzRjo85FEKPvnESrSq8GYvQvmGmb|97457576|38EYLMdPwKuVSQjYJqcAepoopyb5wGbM91,wallet|transaction|wallet,|-0.000492513|0.00782996
14fGeTASTGoe8K9YNBQqig9CQzqRCmUWsY,2,wallet,3DtNfqejMTKqxGf7ZJexB7tcEjvx1yPX3X,False,True,3,14fGeTASTGoe8K9YNBQqig9CQzqRCmUWsY|46490456|3DtNfqejMTKqxGf7ZJexB7tcEjvx1yPX3X,wallet|transaction|wallet,|-0.00546089|0.00818098
14korkmAU46dguJQxeUko2ZPNYBZFN4UeH,2,wallet,3J69EhL5eZqK8WFL1tqtmyWVR7g43oiNAJ,False,True,3,14korkmAU46dguJQxeUko2ZPNYBZFN4UeH|53782276|3J69EhL5eZqK8WFL1tqtmyWVR7g43oiNAJ,wallet|transaction|wallet,|-0.00135127|0.00823843
14n2xUHDgV1A3UJfh6D57CXgJKrusMQnRt,2,wallet,38iUqLcg3ask7kc59Th4jYm1RTJmjq9VND,False,True,3,14n2xUHDgV1A3UJfh6D57CXgJKrusMQnRt|285935806|38iUqLcg3ask7kc59Th4jYm1RTJmjq9VND,wallet|transaction|wallet,|0.00450599|-0.968781
14nNWt7dQ8PtSAxRLpTzdJiJ4gPuXDsBdi,2,wallet,3Gt3DqohjE3YUnZ58u4BoQRTxwoBtTZSGC,False,True,3,14nNWt7dQ8PtSAxRLpTzdJiJ4gPuXDsBdi|116442078|3Gt3DqohjE3YUnZ58u4BoQRTxwoBtTZSGC,wallet|transaction|wallet,|-0.00196415|0.00755847
14qiedTYtne9hTwyFEf2UQKLwEAdPPfpXh,2,wallet,32c559vEPj1q8mjhnYok3qD5G33NJR49ok,False,True,3,14qiedTYtne9hTwyFEf2UQKLwEAdPPfpXh|272501089|32c559vEPj1q8mjhnYok3qD5G33NJR49ok,wallet|transaction|wallet,|-0.00496757|0.00797099
14rWrJkP1QFDer5LDHPRe2b5GYNCuo4VVP,2,wallet,3K1UvCA5gDJd2r3MAwHKntYo4vKUSZbhe8,False,True,3,14rWrJkP1QFDer5LDHPRe2b5GYNCuo4VVP|85004958|3K1UvCA5gDJd2r3MAwHKntYo4vKUSZbhe8,wallet|transaction|wallet,|-0.0027408|-0.964714
14tg1SRvtNnh2bzKeHVd4hn6TeoLsq4NVb,2,wallet,1MRYrjPEDV2MMfYYwYuL1uEYB8SC7jgkG7,False,True,3,14tg1SRvtNnh2bzKeHVd4hn6TeoLsq4NVb|30179358|1MRYrjPEDV2MMfYYwYuL1uEYB8SC7jgkG7,wallet|transaction|wallet,|-0.000475168|0.00822592
14vfPuBFF9EhMPfJ7Y4U7SthQNPwkyDuv4,2,wallet,3Hq8LMA4WEEHJR2pr9biroJYJnyhbheBP6,False,True,3,14vfPuBFF9EhMPfJ7Y4U7SthQNPwkyDuv4|269134288|3Hq8LMA4WEEHJR2pr9biroJYJnyhbheBP6,wallet|transaction|wallet,|-0.00439569|-0.967848
14wn6vb7jQ4s6BFnAFVYmk5CCGmPXqXynT,2,wallet,3HpLMNiZiVDENKTvUzADfwKdk2AZbpB59T,False,True,3,14wn6vb7jQ4s6BFnAFVYmk5CCGmPXqXynT|84354631|3HpLMNiZiVDENKTvUzADfwKdk2AZbpB59T,wallet|transaction|wallet,|-0.00065273|0.00783283
14xrgmKo8aRTWSx67SMbDXC7j1V37r9UVt,2,wallet,3MLQ7vy59DBF7zf8rcFiJPWddABL7RFg8g,False,True,3,14xrgmKo8aRTWSx67SMbDXC7j1V37r9UVt|312228916|3MLQ7vy59DBF7zf8rcFiJPWddABL7RFg8g,wallet|transaction|wallet,|-0.000248551|0.00776464
14ySZQsK7ww2rVcPv4GTG4qXArFNgukfDZ,2,wallet,3KJZQfhizVoFKWvtipmQh85L5sygtNvqJS,False,True,3,14ySZQsK7ww2rVcPv4GTG4qXArFNgukfDZ|10174843|3KJZQfhizVoFKWvtipmQh85L5sygtNvqJS,wallet|transaction|wallet,|-0.0014618|0.00829887
151XjgdPXrq7q1Hka2xgKEnsUnEqcrGW6p,2,wallet,1FP5MzNddgvi2HYYsPceAcupR2cT9zdSHq,False,True,3,151XjgdPXrq7q1Hka2xgKEnsUnEqcrGW6p|54700839|1FP5MzNddgvi2HYYsPceAcupR2cT9zdSHq,wallet|transaction|wallet,|-0.00209394|0.00769627
152g9b3faLLZHw7oZrw1WrnLFUi5S4hKd9,2,wallet,33wrgQ7kYaTAcPcujppvAaTDyhW2pr7zB3,False,True,3,152g9b3faLLZHw7oZrw1WrnLFUi5S4hKd9|332328678|33wrgQ7kYaTAcPcujppvAaTDyhW2pr7zB3,wallet|transaction|wallet,|-0.00169131|0.00794369
156KnmJAR8zoNFur76PLNMWEHCGeiq8sec,2,wallet,3PYgjeCdDCg6vsrmUDGRKacaWRMKFEGHvi,False,True,3,156KnmJAR8zoNFur76PLNMWEHCGeiq8sec|165594204|3PYgjeCdDCg6vsrmUDGRKacaWRMKFEGHvi,wallet|transaction|wallet,|-0.000339925|0.00796723
156SzJF2fSE8YZUjLSRWRWjhGDXzmPX7HX,2,wallet,36cyUSRqGziUDgKb69d9VsSehTyFKUhcHt,False,True,3,156SzJF2fSE8YZUjLSRWRWjhGDXzmPX7HX|99675806|36cyUSRqGziUDgKb69d9VsSehTyFKUhcHt,wallet|transaction|wallet,|0.00500131|-0.968781
158W92YqUUwW54RAyVHNB9koaVkJ1TTCmi,2,wallet,16ECuRD6zkYStkwMwhDarbrUgFwbhCsNk7,False,True,3,158W92YqUUwW54RAyVHNB9koaVkJ1TTCmi|305080357|16ECuRD6zkYStkwMwhDarbrUgFwbhCsNk7,wallet|transaction|wallet,|0.000504702|0.00775713
15CwCzUbEwu75vbGCPF991QYGaU6jcmH8C,2,wallet,3BiiTmwjAHocFPzycBavHhqcx2H1KAXzjn,False,True,3,15CwCzUbEwu75vbGCPF991QYGaU6jcmH8C|249970724|3BiiTmwjAHocFPzycBavHhqcx2H1KAXzjn,wallet|transaction|wallet,|-0.00534078|-0.951144
15FMAQBCxynQadYeX3isG4em77zxMvrcgA,2,wallet,3NeBmKtVT2kSp5KJgvWeWDCTA8YAniCXGv,False,True,3,15FMAQBCxynQadYeX3isG4em77zxMvrcgA|84375106|3NeBmKtVT2kSp5KJgvWeWDCTA8YAniCXGv,wallet|transaction|wallet,|-0.000641286|0.00783396
15HY6EBvRDaHP3WtfquyRrVYsYt4nNAgxK,2,wallet,3LaRQoAg2cshSSGM2FMRbhxemN6MQ1bYf6,False,True,3,15HY6EBvRDaHP3WtfquyRrVYsYt4nNAgxK|219204636|3LaRQoAg2cshSSGM2FMRbhxemN6MQ1bYf6,wallet|transaction|wallet,|-0.00201419|0.0078584
15Javmn5ANijQTBf5rTfkaW49jaeRPumoK,2,wallet,3E6Co8q5YgvAgQ1cCKUUCdmUNemXSzkovJ,False,True,3,15Javmn5ANijQTBf5rTfkaW49jaeRPumoK|311608482|3E6Co8q5YgvAgQ1cCKUUCdmUNemXSzkovJ,wallet|transaction|wallet,|-0.000158548|0.00788105
15M8cfg6ut8g3ELSesCgLK1bB9QR6yeBiV,2,wallet,3B8ciXmRUt8mS5kPKe9GibnhEG8hs2GXsq,False,True,3,15M8cfg6ut8g3ELSesCgLK1bB9QR6yeBiV|268861802|3B8ciXmRUt8mS5kPKe9GibnhEG8hs2GXsq,wallet|transaction|wallet,|-0.000758827|0.00782204
15NUbEbq3vtnhb9DvLH3CZiTKWM8yra7zv,2,wallet,3ChFoZk6oFEwR7bD7MSzh8XmKibMySidXx,False,True,3,15NUbEbq3vtnhb9DvLH3CZiTKWM8yra7zv|288365473|3ChFoZk6oFEwR7bD7MSzh8XmKibMySidXx,wallet|transaction|wallet,|-0.00151771|0.00823617
15NUyxpaD3NtccY551nn25qog7i3HNWLPF,2,wallet,1Atr2GT9BEiurnyhPNnodk9Gnn8MQhVxrb,False,True,3,15NUyxpaD3NtccY551nn25qog7i3HNWLPF|331539586|1Atr2GT9BEiurnyhPNnodk9Gnn8MQhVxrb,wallet|transaction|wallet,|0.000416011|0.00792974
15TWsFFHuq2HPVjkmQEpWE9CHbNZr3ZSNk,2,wallet,3PYgjeCdDCg6vsrmUDGRKacaWRMKFEGHvi,False,True,3,15TWsFFHuq2HPVjkmQEpWE9CHbNZr3ZSNk|165594204|3PYgjeCdDCg6vsrmUDGRKacaWRMKFEGHvi,wallet|transaction|wallet,|-0.000339925|0.00796723
15Up4Mqap1LVGiSgwqHW9wZYUTpGD2HVBK,2,wallet,1GaCKGEVxJRbCsQZS7r9L3wHUJr9c6u9Bv,False,True,3,15Up4Mqap1LVGiSgwqHW9wZYUTpGD2HVBK|272481944|1GaCKGEVxJRbCsQZS7r9L3wHUJr9c6u9Bv,wallet|transaction|wallet,|0.000448078|0.00794244
15XqFYZNP9aBdumeGnH5GQzk7sydTuQroz,2,wallet,36R7qiChQvX2Jc38U2k9LNXzVbZFd2NPtt,False,True,3,15XqFYZNP9aBdumeGnH5GQzk7sydTuQroz|100075391|36R7qiChQvX2Jc38U2k9LNXzVbZFd2NPtt,wallet|transaction|wallet,|-0.00404286|0.00631583
15XryLQoUZaR8faF629rYjg9thHVRF3RRJ,2,wallet,3JiQjbfo1dzL2x4AHbZmqMYsP2PQNT9Fd3,False,True,3,15XryLQoUZaR8faF629rYjg9thHVRF3RRJ|10864015|3JiQjbfo1dzL2x4AHbZmqMYsP2PQNT9Fd3,wallet|transaction|wallet,|-0.0010514|0.00802648
15dtKtxmyANac1uuspy7vnJhFC9HZdHzpV,2,wallet,1GsJZyXrp9LkV4ZNjSmWtuxsU4xXneMRjj,False,True,3,15dtKtxmyANac1uuspy7vnJhFC9HZdHzpV|105881091|1GsJZyXrp9LkV4ZNjSmWtuxsU4xXneMRjj,wallet|transaction|wallet,|0.000267625|0.00842714
15dvPHV86hstLfo3WmQuF9CW4tuusxFCKu,2,wallet,36XCkQ8GcAU3FkbcJJt5C86CqqHKcA1XGu,False,True,3,15dvPHV86hstLfo3WmQuF9CW4tuusxFCKu|156195659|36XCkQ8GcAU3FkbcJJt5C86CqqHKcA1XGu,wallet|transaction|wallet,|-0.000231951|0.00787014
15fEjetaRTXEZZK1PPG3iYZhFzRy3MV47U,2,wallet,3JDKhmXneN7H7bF9XsGg88y3P8afD7hV5k,False,True,3,15fEjetaRTXEZZK1PPG3iYZhFzRy3MV47U|16812328|3JDKhmXneN7H7bF9XsGg88y3P8afD7hV5k,wallet|transaction|wallet,|-0.00277275|0.00703782
15g2ZDL8nG9ZiPLxGm4wMy1gumcVHJTfRj,2,wallet,38vbSqnhBzt6eciTmyPiY7i7NSfcHbHGTW,False,True,3,15g2ZDL8nG9ZiPLxGm4wMy1gumcVHJTfRj|355109541|38vbSqnhBzt6eciTmyPiY7i7NSfcHbHGTW,wallet|transaction|wallet,|-0.00391531|0.0204257
15gC5hn2xAWenJLugcjRpEkdYPjHjNnQgh,2,wallet,1BafUwjBjhxDkyEkpbexyQ18VpxUsXHqVR,False,True,3,15gC5hn2xAWenJLugcjRpEkdYPjHjNnQgh|191247960|1BafUwjBjhxDkyEkpbexyQ18VpxUsXHqVR,wallet|transaction|wallet,|0.000163615|0.00760549
15gLXAmh6o9UnrEb6mCZ5XMGhSM1EDD2jJ,2,wallet,3DtNfqejMTKqxGf7ZJexB7tcEjvx1yPX3X,False,True,3,15gLXAmh6o9UnrEb6mCZ5XMGhSM1EDD2jJ|46490456|3DtNfqejMTKqxGf7ZJexB7tcEjvx1yPX3X,wallet|transaction|wallet,|-0.00546089|0.00818098
15kRWVagxpKLdwYtGAsfbN82z5rp6EAePE,2,wallet,3NVzXgRYdqLgP6DPR1WiQ8G2t1mnHMzwWK,False,True,3,15kRWVagxpKLdwYtGAsfbN82z5rp6EAePE|105603035|3NVzXgRYdqLgP6DPR1WiQ8G2t1mnHMzwWK,wallet|transaction|wallet,|-0.0017862|0.00800931
15kbfCvgBDWGS3aRNbxTesPFcpbA2KVa3N,2,wallet,38iUqLcg3ask7kc59Th4jYm1RTJmjq9VND,False,True,3,15kbfCvgBDWGS3aRNbxTesPFcpbA2KVa3N|285935806|38iUqLcg3ask7kc59Th4jYm1RTJmjq9VND,wallet|transaction|wallet,|0.00450599|-0.968781
15mCsrnUkDdwAWuVGdN9BvisgsEVHfvYdQ,2,wallet,19RmGmMwSW6LfEi8MsJoWxvBkgEVHruDdM,False,True,3,15mCsrnUkDdwAWuVGdN9BvisgsEVHfvYdQ|95601913|19RmGmMwSW6LfEi8MsJoWxvBkgEVHruDdM,wallet|transaction|wallet,|-0.000272632|0.00811559
15sD5fZQDXsktA3wxUoDqwtjCpb69qDHfo,2,wallet,38vbSqnhBzt6eciTmyPiY7i7NSfcHbHGTW,False,True,3,15sD5fZQDXsktA3wxUoDqwtjCpb69qDHfo|355109541|38vbSqnhBzt6eciTmyPiY7i7NSfcHbHGTW,wallet|transaction|wallet,|-0.00391531|0.0204257
15xLLnHWtHF36nLpwoHekdo4jBhXbjVTuu,2,wallet,3GJJG3QfCQNWdM6eTgDHHgTWLB1C7DLscq,False,True,3,15xLLnHWtHF36nLpwoHekdo4jBhXbjVTuu|215597095|3GJJG3QfCQNWdM6eTgDHHgTWLB1C7DLscq,wallet|transaction|wallet,|0.00453937|-0.968781
15ycsC7UpvfSU4VttmNZjKi2yHQ49Qf15Q,2,wallet,18WTrBqYfHZhJMnQPxajgXHCZZeajocwgz,False,True,3,15ycsC7UpvfSU4VttmNZjKi2yHQ49Qf15Q|113844937|18WTrBqYfHZhJMnQPxajgXHCZZeajocwgz,wallet|transaction|wallet,|0.000508219|0.00787777
15ymh2rm9QBHsRoitKUtSwKfWC4kYFMG1s,2,wallet,1H8czAQ2GNn3rWrVeS8gmBwpFn6JEgdy2g,False,True,3,15ymh2rm9QBHsRoitKUtSwKfWC4kYFMG1s|99677329|1H8czAQ2GNn3rWrVeS8gmBwpFn6JEgdy2g,wallet|transaction|wallet,|0.000855446|0.00789607
15zVt1RHEqY7mab2uEY9zzcvhgLy8bnGem,2,wallet,19g8cjCdS6soU7vMnbMy3qdgGrG7NqopN,False,True,3,15zVt1RHEqY7mab2uEY9zzcvhgLy8bnGem|269034952|19g8cjCdS6soU7vMnbMy3qdgGrG7NqopN,wallet|transaction|wallet,|0.000602305|0.00799453
15zziB545BcQEfsTWVpGpcr1hPj6G2GsEZ,2,wallet,1Kkh3pPHSKzjKqamg5tSXkzaAHbueCtyXW,False,True,3,15zziB545BcQEfsTWVpGpcr1hPj6G2GsEZ|331497168|1Kkh3pPHSKzjKqamg5tSXkzaAHbueCtyXW,wallet|transaction|wallet,|0.000404507|0.00792974
165ec86X7CoLpuTBD48shJC4iUb31ePwdM,2,wallet,1Y9Yx28wHJ9eLY9aR5QzYH5JPtDjgWUfT,False,True,3,165ec86X7CoLpuTBD48shJC4iUb31ePwdM|378060826|1Y9Yx28wHJ9eLY9aR5QzYH5JPtDjgWUfT,wallet|transaction|wallet,|0.000472128|0.00759357
16B5vBKbuu9wCYbQMzRE8tCoUMkWUpYAwy,2,wallet,38xLJAkgCqX7GF5gJWQzJ4VvVdYdZMbkio,False,True,3,16B5vBKbuu9wCYbQMzRE8tCoUMkWUpYAwy|50405501|38xLJAkgCqX7GF5gJWQzJ4VvVdYdZMbkio,wallet|transaction|wallet,|-0.0051651|0.00747049
16BGv2aadHyZYbdnUd89RgpnVyfYJKuKgo,2,wallet,3CNEQcWkDFdkXcgZocy2Jda2rtoAucHKc3,False,True,3,16BGv2aadHyZYbdnUd89RgpnVyfYJKuKgo|32754708|3CNEQcWkDFdkXcgZocy2Jda2rtoAucHKc3,wallet|transaction|wallet,|-0.00102141|0.0080117
16BvqYBiA7jc6pGou3wcZNLUWw2e9AQz3N,2,wallet,3Gt3DqohjE3YUnZ58u4BoQRTxwoBtTZSGC,False,True,3,16BvqYBiA7jc6pGou3wcZNLUWw2e9AQz3N|116442078|3Gt3DqohjE3YUnZ58u4BoQRTxwoBtTZSGC,wallet|transaction|wallet,|-0.00196415|0.00755847
16JkzxJt6donL7HgSip1N3Qe7sWPyPuUei,2,wallet,14dFNzhXT5CENxCUthUHXzBqXuG9ReZT7x,False,True,3,16JkzxJt6donL7HgSip1N3Qe7sWPyPuUei|266111977|14dFNzhXT5CENxCUthUHXzBqXuG9ReZT7x,wallet|transaction|wallet,|-0.00214154|0.00655991
16KDz1hdNf3WWC3sZzhxc3cbJDuyHuQkvV,2,wallet,3M7Ls2aCy5cBWyU4VBtUo8iBrBJRAyh4UL,False,True,3,16KDz1hdNf3WWC3sZzhxc3cbJDuyHuQkvV|54803353|3M7Ls2aCy5cBWyU4VBtUo8iBrBJRAyh4UL,wallet|transaction|wallet,|-0.00242993|0.00825119
16M66BF9MyzfzKDgaRe3nHhjw2tHb29q9M,2,wallet,374EtBwRArYyUCncDegs41dXtjPLHRenfx,False,True,3,16M66BF9MyzfzKDgaRe3nHhjw2tHb29q9M|15629510|374EtBwRArYyUCncDegs41dXtjPLHRenfx,wallet|transaction|wallet,|-0.00121194|0.00844276
16MsDB4hEJGabYmqkWbNoSSz9V2VRtHLyZ,2,wallet,1KCNRirfMZJ8ePbstjBZruungtAwjdfJHF,False,True,3,16MsDB4hEJGabYmqkWbNoSSz9V2VRtHLyZ|51018430|1KCNRirfMZJ8ePbstjBZruungtAwjdfJHF,wallet|transaction|wallet,|0.000532389|0.00784636
16PXkAiXnbVzR8pykGPaicQ5N11j6aGwKk,2,wallet,1Hpd9GRm47nSHCj6QxxWNHuTQ2EEmtJMjp,False,True,3,16PXkAiXnbVzR8pykGPaicQ5N11j6aGwKk|148784265|1Hpd9GRm47nSHCj6QxxWNHuTQ2EEmtJMjp,wallet|transaction|wallet,|-0.000712663|0.00814468
16QXzShAHuS8ycdW5Z19aKAWst1HY2VhCQ,2,wallet,3FWnLwy8tUGTrNhP1jCgsSq8wnKkWSWRCr,False,True,3,16QXzShAHuS8ycdW5Z19aKAWst1HY2VhCQ|70047035|3FWnLwy8tUGTrNhP1jCgsSq8wnKkWSWRCr,wallet|transaction|wallet,|-0.00199267|0.00743824
16SopwFbeuQzn1jdXD2x7ukXqLRvgeskYD,2,wallet,1Mbeeo8riHQJhG4BzUcitto2epk8je3AGe,False,True,3,16SopwFbeuQzn1jdXD2x7ukXqLRvgeskYD|234488147|1Mbeeo8riHQJhG4BzUcitto2epk8je3AGe,wallet|transaction|wallet,|-0.00341538|-0.968776
16VPXQWup54MCCHucJRt2xDpGuuN1EHZme,2,wallet,37TE9LvzjhLaXpo8D677b9UTFDNsCZ6Jff,False,True,3,16VPXQWup54MCCHucJRt2xDpGuuN1EHZme|54705516|37TE9LvzjhLaXpo8D677b9UTFDNsCZ6Jff,wallet|transaction|wallet,|0.00150484|-0.968781
16WUfFamZ5QgeRXWjGJQUseVAdynKzCRVR,2,wallet,37eLhmL47dJEnKQdfyqUn4RzcD2r75X8zB,False,True,3,16WUfFamZ5QgeRXWjGJQUseVAdynKzCRVR|30165216|37eLhmL47dJEnKQdfyqUn4RzcD2r75X8zB,wallet|transaction|wallet,|-0.00199011|0.00745642
16dfSaTjKbaQc1wveKRJcaLoZ6sJA1H3or,2,wallet,3NeBmKtVT2kSp5KJgvWeWDCTA8YAniCXGv,False,True,3,16dfSaTjKbaQc1wveKRJcaLoZ6sJA1H3or|84375106|3NeBmKtVT2kSp5KJgvWeWDCTA8YAniCXGv,wallet|transaction|wallet,|-0.000641286|0.00783396
16ePrYmo4j68cEFoV4sHRodqqp9ScNkQMT,2,wallet,33iAE9e7qj4EcVPEEhgcgo7VFU6GVZ23aF,False,True,3,16ePrYmo4j68cEFoV4sHRodqqp9ScNkQMT|180219451|33iAE9e7qj4EcVPEEhgcgo7VFU6GVZ23aF,wallet|transaction|wallet,|-0.00330448|0.0080083
16eWqgH1K9yUYKduhsMn9SMYWr94CEkYDn,2,wallet,1FfzsHYGvkX8C3bovYDS8pHDZMR5RwrWGG,False,True,3,16eWqgH1K9yUYKduhsMn9SMYWr94CEkYDn|355110282|1FfzsHYGvkX8C3bovYDS8pHDZMR5RwrWGG,wallet|transaction|wallet,|0.00144437|0.024401
16j5NhoUhMefDnaznJSQHYHG6PxMkAJbnb,2,wallet,3DWZmFW3sc2ZW1JQSQaXMQbQDbeECz4KLK,False,True,3,16j5NhoUhMefDnaznJSQHYHG6PxMkAJbnb|26229388|3DWZmFW3sc2ZW1JQSQaXMQbQDbeECz4KLK,wallet|transaction|wallet,|-0.00356859|-0.968757
16jVSBKJH6bX7gy679cCeCqNU2u3kTgLbU,2,wallet,3HngeM7gnf22qDtnLXomcWYma8ccLxPy5g,False,True,3,16jVSBKJH6bX7gy679cCeCqNU2u3kTgLbU|176127022|3HngeM7gnf22qDtnLXomcWYma8ccLxPy5g,wallet|transaction|wallet,|0.000311762|0.00793242
16nkjf3j4e2X2Z2rSs9Bp5ZNfdbPCoS64R,2,wallet,16UfHzxYmeM3A3ThD5zZM9X7mFHpTArkQM,False,True,3,16nkjf3j4e2X2Z2rSs9Bp5ZNfdbPCoS64R|372687760|16UfHzxYmeM3A3ThD5zZM9X7mFHpTArkQM,wallet|transaction|wallet,|0.000444412|0.00790459
16nnERq4nhjUWJaEmpRjLwGL3gg6VLTHBP,2,wallet,35GkXyiDEDtnioqKwyCh6hLBSYzDNgwyDd,False,True,3,16nnERq4nhjUWJaEmpRjLwGL3gg6VLTHBP|73747118|35GkXyiDEDtnioqKwyCh6hLBSYzDNgwyDd,wallet|transaction|wallet,|-0.00192583|-0.968781
16rkthP97SsnbXmqvEjMBjPrnM3K7FTGzb,2,wallet,3Lgu3jswwLq7X3VVqikrYtPrfkJEjFZ3EK,False,True,3,16rkthP97SsnbXmqvEjMBjPrnM3K7FTGzb|31409359|3Lgu3jswwLq7X3VVqikrYtPrfkJEjFZ3EK,wallet|transaction|wallet,|-0.00270718|0.00854224
16shRdrgSCDnjA6j5Z6VELkDrWfWH4uVdf,2,wallet,38xLJAkgCqX7GF5gJWQzJ4VvVdYdZMbkio,False,True,3,16shRdrgSCDnjA6j5Z6VELkDrWfWH4uVdf|50405501|38xLJAkgCqX7GF5gJWQzJ4VvVdYdZMbkio,wallet|transaction|wallet,|-0.0051651|0.00747049
16z8Jt7HP9pGJX7WSf3AJVAGcArzjG9KJK,2,wallet,3Bqn3zYu1yb5MVuEGAjxQHgZULiBNhBL43,False,True,3,16z8Jt7HP9pGJX7WSf3AJVAGcArzjG9KJK|54798281|3Bqn3zYu1yb5MVuEGAjxQHgZULiBNhBL43,wallet|transaction|wallet,|-0.00308272|0.00826567
172q8bv8kGyHfqTYMQfqTUUY4srodYsna,2,wallet,3JhcKB7Bs7A2w9QAejRqwYzihVKp1Ay57z,False,True,3,172q8bv8kGyHfqTYMQfqTUUY4srodYsna|33843382|3JhcKB7Bs7A2w9QAejRqwYzihVKp1Ay57z,wallet|transaction|wallet,|-0.00212917|0.00832617
173nBhuxZ7HvsNZwx4BJv1HN3XtcxeHQmW,2,wallet,3DDeXJHT1r6ZsrdhePjoqSpS38g6umcudk,False,True,3,173nBhuxZ7HvsNZwx4BJv1HN3XtcxeHQmW|52295340|3DDeXJHT1r6ZsrdhePjoqSpS38g6umcudk,wallet|transaction|wallet,|-0.00155202|0.00791073
17476UdHQugw9BbsVeURGhtVRGZuptJFF6,2,wallet,36cyUSRqGziUDgKb69d9VsSehTyFKUhcHt,False,True,3,17476UdHQugw9BbsVeURGhtVRGZuptJFF6|141940697|36cyUSRqGziUDgKb69d9VsSehTyFKUhcHt,wallet|transaction|wallet,|0.00324699|-0.968781
1749JCseTY8ihzChYcRdnUL8hto1Aquyi9,2,wallet,1Mbeeo8riHQJhG4BzUcitto2epk8je3AGe,False,True,3,1749JCseTY8ihzChYcRdnUL8hto1Aquyi9|268964943|1Mbeeo8riHQJhG4BzUcitto2epk8je3AGe,wallet|transaction|wallet,|-0.00329849|-0.968776
175a2tJ1dMNVkQyz8DXEK7raJBQdRDPwFC,2,wallet,3J4rgQFhQD5PrkDNTnd2n27m4N4EG67JiW,False,True,3,175a2tJ1dMNVkQyz8DXEK7raJBQdRDPwFC|268856987|3J4rgQFhQD5PrkDNTnd2n27m4N4EG67JiW,wallet|transaction|wallet,|-0.000419438|0.00797677
177tn2ibvpxYqJufPNuZuGoB5SThPDc1z,2,wallet,1EFbYDVC6Exw5RNwUxdH558j3fT8sdZyKk,False,True,3,177tn2ibvpxYqJufPNuZuGoB5SThPDc1z|248888577|1EFbYDVC6Exw5RNwUxdH558j3fT8sdZyKk,wallet|transaction|wallet,|0.000554234|0.00778234
178boHbuM2cmYwsDUn6mPbnzc2RYah15nW,2,wallet,1Q4oGNAaeEcM6UpantSE6xxxiuj8pZTDu6,False,True,3,178boHbuM2cmYwsDUn6mPbnzc2RYah15nW|65263113|1Q4oGNAaeEcM6UpantSE6xxxiuj8pZTDu6,wallet|transaction|wallet,|-0.00221863|0.00725651
179Yy9135STLZY3yHzcYTRrgMEh6dW5cbc,2,wallet,3FWnLwy8tUGTrNhP1jCgsSq8wnKkWSWRCr,False,True,3,179Yy9135STLZY3yHzcYTRrgMEh6dW5cbc|70047035|3FWnLwy8tUGTrNhP1jCgsSq8wnKkWSWRCr,wallet|transaction|wallet,|-0.00199267|0.00743824
17A4W5L1eFqtCsUMcrrGWbyG8HZgh11Q3n,2,wallet,38xLJAkgCqX7GF5gJWQzJ4VvVdYdZMbkio,False,True,3,17A4W5L1eFqtCsUMcrrGWbyG8HZgh11Q3n|50405501|38xLJAkgCqX7GF5gJWQzJ4VvVdYdZMbkio,wallet|transaction|wallet,|-0.0051651|0.00747049
17AF2eZG6G1FUor77J6hgvww1ind8WGLze,2,wallet,1KK9bqcaNd4kocVZtgZnrxKa51hVK7yhdh,False,True,3,17AF2eZG6G1FUor77J6hgvww1ind8WGLze|268916245|1KK9bqcaNd4kocVZtgZnrxKa51hVK7yhdh,wallet|transaction|wallet,|0.000424504|0.0079661
17Cj2cC895nXTYPeNZTippwMS9Ep4FCXTH,2,wallet,1KrdCnagCbKsUZ9VcsLyv3S4kE5pSLyejz,False,True,3,17Cj2cC895nXTYPeNZTippwMS9Ep4FCXTH|105990534|1KrdCnagCbKsUZ9VcsLyv3S4kE5pSLyejz,wallet|transaction|wallet,|0.000189006|0.00815457
17EVB3ax3YDyFWNExbMUc1rpKhzuLU9fn7,2,wallet,3PFyHMfUPNk48VBBhSTH68RhdijtiL4MuZ,False,True,3,17EVB3ax3YDyFWNExbMUc1rpKhzuLU9fn7|312221897|3PFyHMfUPNk48VBBhSTH68RhdijtiL4MuZ,wallet|transaction|wallet,|-0.00127536|0.00792539
17GEHLcmzYkf1SamSzWU671BJCY8gWiwv,2,wallet,3KAVtXX7JsWDiiqtRCoBkf3nDWPgYogvqW,False,True,3,17GEHLcmzYkf1SamSzWU671BJCY8gWiwv|1061125|3KAVtXX7JsWDiiqtRCoBkf3nDWPgYogvqW,wallet|transaction|wallet,|-0.00203967|0.00856787
17LaLUbodUfDhcjRWw94UnRieU5nXXzmKN,2,wallet,3PeK3kfXJEFihTSYM3svfAzTWHvoxidL4M,False,True,3,17LaLUbodUfDhcjRWw94UnRieU5nXXzmKN|165065715|3PeK3kfXJEFihTSYM3svfAzTWHvoxidL4M,wallet|transaction|wallet,|0.00210387|0.00799263
17MRSHbjbJFMe1DQEPvFDQfau9UJbDBex5,2,wallet,1QGXSA1q3EY5wDkUaxttPQ8A5p2upM79zA,False,True,3,17MRSHbjbJFMe1DQEPvFDQfau9UJbDBex5|339057200|1QGXSA1q3EY5wDkUaxttPQ8A5p2upM79zA,wallet|transaction|wallet,|0.000375658|0.00770116
17MrmTtxYKLKVaHRmN2HrfdyPUKzoxgoAH,2,wallet,1E3JNa5kApdE7u2PXoy5iarRxJg86UnSMZ,False,True,3,17MrmTtxYKLKVaHRmN2HrfdyPUKzoxgoAH|331612533|1E3JNa5kApdE7u2PXoy5iarRxJg86UnSMZ,wallet|transaction|wallet,|0.000585318|0.0079273
17N8nQ9uhLa4pCGTjExDfTjhSWUurAVVbN,2,wallet,3J9bJ2oJto9mx2prkG1HwaUcH6ucUzxQtP,False,True,3,17N8nQ9uhLa4pCGTjExDfTjhSWUurAVVbN|179193468|3J9bJ2oJto9mx2prkG1HwaUcH6ucUzxQtP,wallet|transaction|wallet,|-0.00372767|0.00799531
17NJi3uHkUQh14UJotyvRghdNwjGrujrty,2,wallet,183ovys1yCLeG5JZLR4LVJbvNumZH5HWPY,False,True,3,17NJi3uHkUQh14UJotyvRghdNwjGrujrty|355110890|183ovys1yCLeG5JZLR4LVJbvNumZH5HWPY,wallet|transaction|wallet,|0.000186354|0.00813365
17PM71HYkWteFPnp8wYmkWgPVj4Zzi5B5b,2,wallet,34fFNFGhJ7MSd9MAwCQm3n2pYMMbTPX8pb,False,True,3,17PM71HYkWteFPnp8wYmkWgPVj4Zzi5B5b|272096174|34fFNFGhJ7MSd9MAwCQm3n2pYMMbTPX8pb,wallet|transaction|wallet,|-0.00174403|0.00797498
17QWxAj8ZuQaTqF4of2s2TZUVWibUu42Cf,2,wallet,3EY6wuRCovA5FP8BBRbbUa9DcthGQGh7H9,False,True,3,17QWxAj8ZuQaTqF4of2s2TZUVWibUu42Cf|92107631|3EY6wuRCovA5FP8BBRbbUa9DcthGQGh7H9,wallet|transaction|wallet,|-0.0027667|0.0082106
17XYfF5XBShrZncyDkcrE24Drqdxw4HZuM,2,wallet,174keH2SA717UUVaAjQHUn4jR4WLTs2bAP,False,True,3,17XYfF5XBShrZncyDkcrE24Drqdxw4HZuM|368814314|174keH2SA717UUVaAjQHUn4jR4WLTs2bAP,wallet|transaction|wallet,|0.000553519|0.00789833
17XrMXtT6oH3FVAs1aWbmkPx52S6oAeDJd,2,wallet,3FfKvRjCg3Ev3Li5Ly5ybZL2itAn2TCjji,False,True,3,17XrMXtT6oH3FVAs1aWbmkPx52S6oAeDJd|286848744|3FfKvRjCg3Ev3Li5Ly5ybZL2itAn2TCjji,wallet|transaction|wallet,|-0.000545949|0.0077427
17Ywe1viFpgPGdPnUcsksSJ716ZpCmqMze,2,wallet,3B8ciXmRUt8mS5kPKe9GibnhEG8hs2GXsq,False,True,3,17Ywe1viFpgPGdPnUcsksSJ716ZpCmqMze|268861802|3B8ciXmRUt8mS5kPKe9GibnhEG8hs2GXsq,wallet|transaction|wallet,|-0.000758827|0.00782204
17eoRPx7wvBcAeJtX2QxEFuwda5nYJ3T7d,2,wallet,1G3CVzLyzCkB2Q9i5aEEcmBsyqJRAw3Afm,False,True,3,17eoRPx7wvBcAeJtX2QxEFuwda5nYJ3T7d|92672488|1G3CVzLyzCkB2Q9i5aEEcmBsyqJRAw3Afm,wallet|transaction|wallet,|0.000970781|0.0271822
17jKdYSeZvcx1G9eX8pBsebeE99XcdPD6,2,wallet,3MLQ7vy59DBF7zf8rcFiJPWddABL7RFg8g,False,True,3,17jKdYSeZvcx1G9eX8pBsebeE99XcdPD6|312228916|3MLQ7vy59DBF7zf8rcFiJPWddABL7RFg8g,wallet|transaction|wallet,|-0.000248551|0.00776464
17kwCE68hcrb3nwYH7QBUYRGs9Zu9Xxdva,2,wallet,3Q5ZhKqQA7rEEuSH2JkKikEPqxCVVNqRSm,False,True,3,17kwCE68hcrb3nwYH7QBUYRGs9Zu9Xxdva|268864369|3Q5ZhKqQA7rEEuSH2JkKikEPqxCVVNqRSm,wallet|transaction|wallet,|-0.00011763|0.00799966
17mpUu126YjqKQa2U8NpjQVoUPDRphzCKx,2,wallet,36vH7nUh69H3PoWB8APXDF98KLihQhhr2h,False,True,3,17mpUu126YjqKQa2U8NpjQVoUPDRphzCKx|100075809|36vH7nUh69H3PoWB8APXDF98KLihQhhr2h,wallet|transaction|wallet,|-0.00317556|0.00790721
17mtt18Kh3k3CgrzzND9vEsDj3TKEMCLy4,2,wallet,35GkXyiDEDtnioqKwyCh6hLBSYzDNgwyDd,False,True,3,17mtt18Kh3k3CgrzzND9vEsDj3TKEMCLy4|73747118|35GkXyiDEDtnioqKwyCh6hLBSYzDNgwyDd,wallet|transaction|wallet,|-0.00192583|-0.968781
17oKqQikF56BgSk9iRe6cbUAh6oAhnbzE7,2,wallet,37LoVCnwrReQFybkWTfd87GvsXwQE8UfaX,False,True,3,17oKqQikF56BgSk9iRe6cbUAh6oAhnbzE7|99676600|37LoVCnwrReQFybkWTfd87GvsXwQE8UfaX,wallet|transaction|wallet,|-0.00012821|0.00789523
17pztZW7y6iKmvaVEQda6J4cUiAZZGbfAq,2,wallet,3A6JRz4aaf2bMKJrcBkBLxHe9QmWKZEjzu,False,True,3,17pztZW7y6iKmvaVEQda6J4cUiAZZGbfAq|321252663|3A6JRz4aaf2bMKJrcBkBLxHe9QmWKZEjzu,wallet|transaction|wallet,|-0.000327349|0.00778008
17q6JwnYgsyXEYRXi4dZx47JhDEVzrPdaS,2,wallet,1KDftwJyWxTEMr7nCzzU2aDxr88nc643ev,False,True,3,17q6JwnYgsyXEYRXi4dZx47JhDEVzrPdaS|99676153|1KDftwJyWxTEMr7nCzzU2aDxr88nc643ev,wallet|transaction|wallet,|0.000514865|0.00788218
17t8fm1ZnrfcL58mhD5vkhQs4m226sKbQW,2,wallet,1Lim2Sw8BG9LsBkQkhZMEFixBdk5jPnFjF,False,True,3,17t8fm1ZnrfcL58mhD5vkhQs4m226sKbQW|378232302|1Lim2Sw8BG9LsBkQkhZMEFixBdk5jPnFjF,wallet|transaction|wallet,|0.000741392|0.00762415
17tRkZH3C2FmbCWGqsJLc1zy4jzm6x7JRg,2,wallet,19Eksj9LqyeQHEg25SFCSCufnwgtVyRajE,False,True,3,17tRkZH3C2FmbCWGqsJLc1zy4jzm6x7JRg|372684851|19Eksj9LqyeQHEg25SFCSCufnwgtVyRajE,wallet|transaction|wallet,|-0.00362626|-0.850852
17tUu1tGp8okTL12BDDb12p2jzQJjCmhC3,2,wallet,1AYbuvjGJmnmCC11hLbS3NWuEKWPDFyxa4,False,True,3,17tUu1tGp8okTL12BDDb12p2jzQJjCmhC3|13114107|1AYbuvjGJmnmCC11hLbS3NWuEKWPDFyxa4,wallet|transaction|wallet,|-0.000726789|0.00756139
17ufDb9gh1V7YpVmxHQy8D2MBNeFXe56L5,2,wallet,173o6k1HoC3YTCKV5i3rW9fq6fhHHzZLHz,False,True,3,17ufDb9gh1V7YpVmxHQy8D2MBNeFXe56L5|331228202|173o6k1HoC3YTCKV5i3rW9fq6fhHHzZLHz,wallet|transaction|wallet,|-0.000400215|0.00751311
17v9w4hEifwhzUVTr2zscJn8Jjse4woWf9,2,wallet,3J48nQyU4G6qitwTCwe22LPCwHNv57occd,False,True,3,17v9w4hEifwhzUVTr2zscJn8Jjse4woWf9|268867035|3J48nQyU4G6qitwTCwe22LPCwHNv57occd,wallet|transaction|wallet,|-0.000212431|0.00787979
17vqfc46U12fo2jToeEQ4qbN6AbSkNjKfy,2,wallet,3P4ZdUZE55w8Wc26ogG9N1zSpBCAfEAGBo,False,True,3,17vqfc46U12fo2jToeEQ4qbN6AbSkNjKfy|139102978|3P4ZdUZE55w8Wc26ogG9N1zSpBCAfEAGBo,wallet|transaction|wallet,|-0.00187212|0.00821114
17wt5FfSnR9HpsRhad9Tm937W68K4Fa2WX,2,wallet,3M7Ls2aCy5cBWyU4VBtUo8iBrBJRAyh4UL,False,True,3,17wt5FfSnR9HpsRhad9Tm937W68K4Fa2WX|54803353|3M7Ls2aCy5cBWyU4VBtUo8iBrBJRAyh4UL,wallet|transaction|wallet,|-0.00242993|0.00825119
17yWG2hY5cgG3N2mCBmkrvBNem9trPbWn4,2,wallet,1MDCyGRhfAjASagGV97HbdvgtYxhp2p81W,False,True,3,17yWG2hY5cgG3N2mCBmkrvBNem9trPbWn4|208915908|1MDCyGRhfAjASagGV97HbdvgtYxhp2p81W,wallet|transaction|wallet,|0.000512213|0.00784171
17yeAhFrqJjjxnHyiVj76NV6f8LbZofEqo,2,wallet,1HperC2FY4bNTamyGZzkHpKC47y7mNyBEk,False,True,3,17yeAhFrqJjjxnHyiVj76NV6f8LbZofEqo|84336006|1HperC2FY4bNTamyGZzkHpKC47y7mNyBEk,wallet|transaction|wallet,|0.000255078|0.00797671
17yvrDuYiQkWxofwocJziVkju6dsgHq868,2,wallet,3656kvgPgpLC55LrL2gmPesZjcmxcAmgCL,False,True,3,17yvrDuYiQkWxofwocJziVkju6dsgHq868|21189498|3656kvgPgpLC55LrL2gmPesZjcmxcAmgCL,wallet|transaction|wallet,|-0.00146785|0.00786048
17zeUsRJY71MGikdvxTJF7Z31YBCxsDQbA,2,wallet,1bsSNnB7XjgAxPziBqzvaQVmPfzqTckQc,False,True,3,17zeUsRJY71MGikdvxTJF7Z31YBCxsDQbA|288470582|1bsSNnB7XjgAxPziBqzvaQVmPfzqTckQc,wallet|transaction|wallet,|-0.00026685|0.00814652
17zowQjhSrcX9y2gojS52LCg7QsS1iA7wY,2,wallet,3EWcy1SBK15BRSfT4VKD4NTeoxk6vaubYL,False,True,3,17zowQjhSrcX9y2gojS52LCg7QsS1iA7wY|155316665|3EWcy1SBK15BRSfT4VKD4NTeoxk6vaubYL,wallet|transaction|wallet,|-0.00280669|0.00819337
182VafmyMHgTEfj1PhJUQEhifsFd7pRKEZ,2,wallet,19ShJe47goU2YQuPrEMJVh3gzn81NgGYPo,False,True,3,182VafmyMHgTEfj1PhJUQEhifsFd7pRKEZ|54809336|19ShJe47goU2YQuPrEMJVh3gzn81NgGYPo,wallet|transaction|wallet,|-0.001183|0.00799465
186rkxxfDK4fp5SN46YrRetSoLCJHHBZdM,2,wallet,3A7w9AByxG29h46ktdx7Rd1DmjvRhZYD8b,False,True,3,186rkxxfDK4fp5SN46YrRetSoLCJHHBZdM|75067966|3A7w9AByxG29h46ktdx7Rd1DmjvRhZYD8b,wallet|transaction|wallet,|-0.000211596|0.007864
186ruave9TN5xEZTP2tLGbNc37g2cQsj4W,2,wallet,14rmLkC6Bej7FkQQ8wP98zsJer1YDKPw85,False,True,3,186ruave9TN5xEZTP2tLGbNc37g2cQsj4W|238247335|14rmLkC6Bej7FkQQ8wP98zsJer1YDKPw85,wallet|transaction|wallet,|0.00059706|0.00773293
188TVRXDfLYJM7qn5z8o5QUqEMu6hePjPV,2,wallet,3EHYjUtJZrwxRkduDoJRVyfWJBvHfUTUdf,False,True,3,188TVRXDfLYJM7qn5z8o5QUqEMu6hePjPV|268866997|3EHYjUtJZrwxRkduDoJRVyfWJBvHfUTUdf,wallet|transaction|wallet,|-0.000293076|0.00786299
188q8C9S7qxJwARzeKc5e1ZNPiEaipEfjJ,2,wallet,3GT3okpdMpfykcTA6FqbK6PqGSi8Zvt8di,False,True,3,188q8C9S7qxJwARzeKc5e1ZNPiEaipEfjJ|54771400|3GT3okpdMpfykcTA6FqbK6PqGSi8Zvt8di,wallet|transaction|wallet,|-0.00136295|0.00791687
18APouAVF3M5axHBMCSDAvyXP2eGF76HQC,2,wallet,3B8mqBvXUW7fGH6GZUtjJXCaAvordmrnbK,False,True,3,18APouAVF3M5axHBMCSDAvyXP2eGF76HQC|85005017|3B8mqBvXUW7fGH6GZUtjJXCaAvordmrnbK,wallet|transaction|wallet,|-0.000406474|0.00801533
18GsUmBCkVJ7vS5Etp7F4KkC1GvNtMty78,2,wallet,1G5cTpFygcqCd8169TWeBsqwL8MZ1MsMR3,False,True,3,18GsUmBCkVJ7vS5Etp7F4KkC1GvNtMty78|161535084|1G5cTpFygcqCd8169TWeBsqwL8MZ1MsMR3,wallet|transaction|wallet,|-0.00047788|0.00820202
18H2NS8ngY6iDSJnKkG2qmMhkZUTUk1G3L,2,wallet,37yNFX6gTNWmAPqX14wWCp36sqyuEXdNTn,False,True,3,18H2NS8ngY6iDSJnKkG2qmMhkZUTUk1G3L|3641234|37yNFX6gTNWmAPqX14wWCp36sqyuEXdNTn,wallet|transaction|wallet,|0.00209007|-0.968781
18H5BXvuc9Cbn38EJgzFR4wCc63za95gVw,2,wallet,3A6JRz4aaf2bMKJrcBkBLxHe9QmWKZEjzu,False,True,3,18H5BXvuc9Cbn38EJgzFR4wCc63za95gVw|321252663|3A6JRz4aaf2bMKJrcBkBLxHe9QmWKZEjzu,wallet|transaction|wallet,|-0.000327349|0.00778008
18QWu3xvx9TiNZQXKwLbFxno21x5AknfAt,2,wallet,3MpNYBkoJB9GNhbWnAbneaxrbWVXvG7swj,False,True,3,18QWu3xvx9TiNZQXKwLbFxno21x5AknfAt|43105608|3MpNYBkoJB9GNhbWnAbneaxrbWVXvG7swj,wallet|transaction|wallet,|-0.00171223|0.00762266
18RD8uAqu8EUuZqkwkVFEXnV1L4s3jTPHi,2,wallet,3NUXMwZ7oUkW9RPNm161pNsnXHLEAQj1Am,False,True,3,18RD8uAqu8EUuZqkwkVFEXnV1L4s3jTPHi|52898234|3NUXMwZ7oUkW9RPNm161pNsnXHLEAQj1Am,wallet|transaction|wallet,|-0.001533|0.00778431
18RDZp7KuZsf6YZut7aVj18W9kTxDrGEgN,2,wallet,3656kvgPgpLC55LrL2gmPesZjcmxcAmgCL,False,True,3,18RDZp7KuZsf6YZut7aVj18W9kTxDrGEgN|21189498|3656kvgPgpLC55LrL2gmPesZjcmxcAmgCL,wallet|transaction|wallet,|-0.00146785|0.00786048
18RyhXj3oeYAHQEE8gmMm1C4154YMj5RSa,2,wallet,371vQhHcNAK6nqtngJ3H4NFXaGxmqRvNk3,False,True,3,18RyhXj3oeYAHQEE8gmMm1C4154YMj5RSa|288471753|371vQhHcNAK6nqtngJ3H4NFXaGxmqRvNk3,wallet|transaction|wallet,|-0.00179678|0.00824052
18SjLkW6SitT1MNoxnPDT8PhME3veDfd5N,2,wallet,3Hs9hCmafZK1AZ15CpVUp71HbqghfoVe6z,False,True,3,18SjLkW6SitT1MNoxnPDT8PhME3veDfd5N|99676710|3Hs9hCmafZK1AZ15CpVUp71HbqghfoVe6z,wallet|transaction|wallet,|0.000119328|0.00786942
18UnaA7JQonyVWWDTTjGuq5finVwfVQ8SP,2,wallet,1CaTe8t7T2gHhoYGLTwLmahgMeyv1FSece,False,True,3,18UnaA7JQonyVWWDTTjGuq5finVwfVQ8SP|30179404|1CaTe8t7T2gHhoYGLTwLmahgMeyv1FSece,wallet|transaction|wallet,|-0.000474006|0.00822616
18V8TsX7vrfxNizPh3R9ZEjfJn9toXJn4K,2,wallet,3B8mqBvXUW7fGH6GZUtjJXCaAvordmrnbK,False,True,3,18V8TsX7vrfxNizPh3R9ZEjfJn9toXJn4K|85005017|3B8mqBvXUW7fGH6GZUtjJXCaAvordmrnbK,wallet|transaction|wallet,|-0.000406474|0.00801533
18VseARNK1JTrWV1sB5P3vhQSaxsbZp5HM,2,wallet,3Hq8LMA4WEEHJR2pr9biroJYJnyhbheBP6,False,True,3,18VseARNK1JTrWV1sB5P3vhQSaxsbZp5HM|269134288|3Hq8LMA4WEEHJR2pr9biroJYJnyhbheBP6,wallet|transaction|wallet,|-0.00439569|-0.967848
18cjPUBLoDh4uzZrvcY3uFzo1iKFh6rhML,2,wallet,1B9Je8HxbLevUUFMVLtp28oPESXBpFAQfk,False,True,3,18cjPUBLoDh4uzZrvcY3uFzo1iKFh6rhML|99677165|1B9Je8HxbLevUUFMVLtp28oPESXBpFAQfk,wallet|transaction|wallet,|0.000492245|0.00788182
18dQ4s3d5gxyfxDQ6SZ6gpZ2f9jhqDSFF6,2,wallet,3Ejv9Jyd1SroaqAXJTp7StCjHB8navGmXX,False,True,3,18dQ4s3d5gxyfxDQ6SZ6gpZ2f9jhqDSFF6|197467212|3Ejv9Jyd1SroaqAXJTp7StCjHB8navGmXX,wallet|transaction|wallet,|-0.00125879|-0.968781
18fVmoXu9ZEJDBrz3MjM5pAVRXdmkYPJzj,2,wallet,38EYLMdPwKuVSQjYJqcAepoopyb5wGbM91,False,True,3,18fVmoXu9ZEJDBrz3MjM5pAVRXdmkYPJzj|97457576|38EYLMdPwKuVSQjYJqcAepoopyb5wGbM91,wallet|transaction|wallet,|-0.000492513|0.00782996
18ipzJpW1oW55tD4YPkmJU2RcpnVvU6zYL,2,wallet,3KpiN29mcqrZrtyFtTtqQ5aTiGBHvkKH56,False,True,3,18ipzJpW1oW55tD4YPkmJU2RcpnVvU6zYL|180533541|3KpiN29mcqrZrtyFtTtqQ5aTiGBHvkKH56,wallet|transaction|wallet,|-0.000414848|0.0079928
18jVDdcGSzAjhwsGyWYaS4LVzx4hTsRMeY,2,wallet,3Ad3HDr3fK2VBbJE1uLLXTttgm2txUaTLb,False,True,3,18jVDdcGSzAjhwsGyWYaS4LVzx4hTsRMeY|10174186|3Ad3HDr3fK2VBbJE1uLLXTttgm2txUaTLb,wallet|transaction|wallet,|-0.00159746|0.00770479
18jYQC2pWkxfo695k4ZbZv1nzoxqut8AnH,2,wallet,3CYQR53n8CxDRZMNtkt1AGo8mCByMxuCXq,False,True,3,18jYQC2pWkxfo695k4ZbZv1nzoxqut8AnH|268856573|3CYQR53n8CxDRZMNtkt1AGo8mCByMxuCXq,wallet|transaction|wallet,|-0.000452757|0.00784385
18oRjLipGtMX94Y1H7QC2CHzQ8KagjUk2F,2,wallet,18yekCdkoEe3AZhYBu2gNt2xA9v13hWZzc,False,True,3,18oRjLipGtMX94Y1H7QC2CHzQ8KagjUk2F|157264112|18yekCdkoEe3AZhYBu2gNt2xA9v13hWZzc,wallet|transaction|wallet,|0.000270784|0.008035
18qL6ifBj3XU4j3E7HVC55JhFNnPXJPEv8,2,wallet,18zegLk6NLi5sWS24Mic8MPTbcrXF9wiuh,False,True,3,18qL6ifBj3XU4j3E7HVC55JhFNnPXJPEv8|378120377|18zegLk6NLi5sWS24Mic8MPTbcrXF9wiuh,wallet|transaction|wallet,|0.000508666|0.00777954
18uieCYizT2zrg1zgivdrgUnUc4Y5EPUJZ,2,wallet,37yNFX6gTNWmAPqX14wWCp36sqyuEXdNTn,False,True,3,18uieCYizT2zrg1zgivdrgUnUc4Y5EPUJZ|3641234|37yNFX6gTNWmAPqX14wWCp36sqyuEXdNTn,wallet|transaction|wallet,|0.00209007|-0.968781
18uz8B3MHV6HpUCLBL1wYo2DfcMoBBo6zG,2,wallet,1FeRGGQExRvYSA47aNzcR8ZVXHH1QVFtVx,False,True,3,18uz8B3MHV6HpUCLBL1wYo2DfcMoBBo6zG|248887402|1FeRGGQExRvYSA47aNzcR8ZVXHH1QVFtVx,wallet|transaction|wallet,|-0.00048095|0.007653
18vztPfkPCVsGqfuQrsjhTyN5HdVqoYuLU,2,wallet,32b53Lq7oxvaRYNCtBWS5Qjr5DY71CbQe7,False,True,3,18vztPfkPCVsGqfuQrsjhTyN5HdVqoYuLU|10174881|32b53Lq7oxvaRYNCtBWS5Qjr5DY71CbQe7,wallet|transaction|wallet,|-0.0018712|0.00747108
191tAAapWjwFcwxHAHHknUyFfcri9GdGX1,2,wallet,1AvePXwiVZL83a6uDVkrV19E6GKKdV5frh,False,True,3,191tAAapWjwFcwxHAHHknUyFfcri9GdGX1|50466764|1AvePXwiVZL83a6uDVkrV19E6GKKdV5frh,wallet|transaction|wallet,|-0.00247294|0.00765353
195qRoksLUVhwtQgLi9HCiv4A8j448okhi,2,wallet,1K1Hg3uQpfDfSkSwjzk7UKUu2uSmSgiPkW,False,True,3,195qRoksLUVhwtQgLi9HCiv4A8j448okhi|214136652|1K1Hg3uQpfDfSkSwjzk7UKUu2uSmSgiPkW,wallet|transaction|wallet,|0.000160068|0.00799179
198y2kcP8ZpH1CZy7CdMTdVkP1bMGaTdbE,2,wallet,3FMxEmNfDycwELFCkkYezWth5uhKfQo7s8,False,True,3,198y2kcP8ZpH1CZy7CdMTdVkP1bMGaTdbE|9259519|3FMxEmNfDycwELFCkkYezWth5uhKfQo7s8,wallet|transaction|wallet,|-0.00203758|0.00764674
199bqTUxZrsKDNQgzdLc4DsMHPJFgt2z6e,2,wallet,3A6hmSKv46tdsD8kNGLja6Cn3Q56YjjfCb,False,True,3,199bqTUxZrsKDNQgzdLc4DsMHPJFgt2z6e|43840946|3A6hmSKv46tdsD8kNGLja6Cn3Q56YjjfCb,wallet|transaction|wallet,|-0.00249609|0.00830311
19EAaWSoaWRDiZauoVVeBPKJhtBGPb65P8,2,wallet,3Cv2EaPvvWy7vBJd7xLr843yfFq7yTktK8,False,True,3,19EAaWSoaWRDiZauoVVeBPKJhtBGPb65P8|74699742|3Cv2EaPvvWy7vBJd7xLr843yfFq7yTktK8,wallet|transaction|wallet,|-0.00167981|0.00827384
19EDfydRhWT5g29in9zsNV3UQ8A2gkHQ3w,2,wallet,3Cx8gc4vCLECe6rQCU35vj3zArzXuRmHmX,False,True,3,19EDfydRhWT5g29in9zsNV3UQ8A2gkHQ3w|130377005|3Cx8gc4vCLECe6rQCU35vj3zArzXuRmHmX,wallet|transaction|wallet,|-0.000266731|0.00791401
19JjfZ9Um4KPesUMz8oQYKWoCRhuB6cEKm,2,wallet,3PYgjeCdDCg6vsrmUDGRKacaWRMKFEGHvi,False,True,3,19JjfZ9Um4KPesUMz8oQYKWoCRhuB6cEKm|165594204|3PYgjeCdDCg6vsrmUDGRKacaWRMKFEGHvi,wallet|transaction|wallet,|-0.000339925|0.00796723
19L1NpgikXQCv2gvAkTcjUmfpZCJYZw7E1,2,wallet,3Chr55oWTDpFRGyLseKRhiK1yEDJ47UQtA,False,True,3,19L1NpgikXQCv2gvAkTcjUmfpZCJYZw7E1|99932170|3Chr55oWTDpFRGyLseKRhiK1yEDJ47UQtA,wallet|transaction|wallet,|-0.000415146|0.00785559
19M9u625mqzaRdBwPLcrr9U8fEkmiGedqc,2,wallet,3MYQcQyGhqA9G2PKznbQ6Uz5bFGmphNbUC,False,True,3,19M9u625mqzaRdBwPLcrr9U8fEkmiGedqc|84334516|3MYQcQyGhqA9G2PKznbQ6Uz5bFGmphNbUC,wallet|transaction|wallet,|-0.000937104|0.00802672
19NYaooEZaXdQtKrCfHQobr2HhddpuAU7n,2,wallet,1J3Smm5WYimCuGD71fJG8nuN4fdvGDQdy7,False,True,3,19NYaooEZaXdQtKrCfHQobr2HhddpuAU7n|269587293|1J3Smm5WYimCuGD71fJG8nuN4fdvGDQdy7,wallet|transaction|wallet,|0.000406325|0.00796622
19NsqhAw2bqCCTQJt2zT46uyzP3fjniVCi,2,wallet,3FwE1kUuvPwGqPwXR7EKnENPUhDchZAWBP,False,True,3,19NsqhAw2bqCCTQJt2zT46uyzP3fjniVCi|204054358|3FwE1kUuvPwGqPwXR7EKnENPUhDchZAWBP,wallet|transaction|wallet,|-0.00220585|0.00829023
19PoNLoYzkDmFkg2Kj6qmyZQTpgmgeGPDp,2,wallet,1Lg3kXnpK5dQkXauX8FxiEcttKUQApmbjw,False,True,3,19PoNLoYzkDmFkg2Kj6qmyZQTpgmgeGPDp|339057170|1Lg3kXnpK5dQkXauX8FxiEcttKUQApmbjw,wallet|transaction|wallet,|0.000790387|0.00767767
19WAscwHmhCW557yHsdtGR4ySySYfduiWs,2,wallet,333zYHQNFDcgDaiwVumDAqdcZVvvQdG9h9,False,True,3,19WAscwHmhCW557yHsdtGR4ySySYfduiWs|61988163|333zYHQNFDcgDaiwVumDAqdcZVvvQdG9h9,wallet|transaction|wallet,|-0.00139463|0.00825816
19YYhajoivhaB2QbTxykKx8w4Em2oNeUoj,2,wallet,3BiiTmwjAHocFPzycBavHhqcx2H1KAXzjn,False,True,3,19YYhajoivhaB2QbTxykKx8w4Em2oNeUoj|249970724|3BiiTmwjAHocFPzycBavHhqcx2H1KAXzjn,wallet|transaction|wallet,|-0.00534078|-0.951144
19ZmzvkHn1atACaisixBS5pch5tRjXRpqp,2,wallet,3Gp3jmqBdLyXo8k7ZGF9H7GpNaBJAN8pKy,False,True,3,19ZmzvkHn1atACaisixBS5pch5tRjXRpqp|84375386|3Gp3jmqBdLyXo8k7ZGF9H7GpNaBJAN8pKy,wallet|transaction|wallet,|-0.000387877|0.00801295
19cc9dE3m3r3Y7YiCFA2qjYCYCDZpeJq88,2,wallet,3HXRMd8696BAY515LdG8gL9psf1R2CzqB9,False,True,3,19cc9dE3m3r3Y7YiCFA2qjYCYCDZpeJq88|288602158|3HXRMd8696BAY515LdG8gL9psf1R2CzqB9,wallet|transaction|wallet,|-0.00213015|0.00824231
19dD3ooPn6vnAVu6Qgg8pGSA1QEL4Ue2kQ,2,wallet,32b53Lq7oxvaRYNCtBWS5Qjr5DY71CbQe7,False,True,3,19dD3ooPn6vnAVu6Qgg8pGSA1QEL4Ue2kQ|10174881|32b53Lq7oxvaRYNCtBWS5Qjr5DY71CbQe7,wallet|transaction|wallet,|-0.0018712|0.00747108
19jFzmUHbfA8e4RvWy36o5dG7As1BRDAhi,2,wallet,3JHv4H3k8f73ERGX3ux5oJG3srDBhhMKhB,False,True,3,19jFzmUHbfA8e4RvWy36o5dG7As1BRDAhi|25563902|3JHv4H3k8f73ERGX3ux5oJG3srDBhhMKhB,wallet|transaction|wallet,|-0.00240099|0.00752831
19jm3XvrkgUujFsebAQP3rEoTbQuxwwi2p,2,wallet,16wnVeNANLFSfD6ZXJnSTrwrzffjZXb1B9,False,True,3,19jm3XvrkgUujFsebAQP3rEoTbQuxwwi2p|99676520|16wnVeNANLFSfD6ZXJnSTrwrzffjZXb1B9,wallet|transaction|wallet,|0.000411808|0.007873
19tAwQzDeRfev8qS46uTEDJMsiFopRfHJE,2,wallet,3APUu6Y2HZM5aDTsJy7Y7Fxs1ecc8YNUjB,False,True,3,19tAwQzDeRfev8qS46uTEDJMsiFopRfHJE|331566935|3APUu6Y2HZM5aDTsJy7Y7Fxs1ecc8YNUjB,wallet|transaction|wallet,|0.00038892|0.00788832
19vAiYatot8wRfKsmBVqMyv57DvuPHgNGW,2,wallet,3NL96MvCPV7onvc1PV2MsBzJGLHL6egwmS,False,True,3,19vAiYatot8wRfKsmBVqMyv57DvuPHgNGW|313613074|3NL96MvCPV7onvc1PV2MsBzJGLHL6egwmS,wallet|transaction|wallet,|-0.000737637|0.0079273
19wbNFk6XsUwQYzYLb3NLeutSB7rP7LpAY,2,wallet,14phcfjxMt74r1k9Ez2XGwSzhoR7ECiEzQ,False,True,3,19wbNFk6XsUwQYzYLb3NLeutSB7rP7LpAY|372695283|14phcfjxMt74r1k9Ez2XGwSzhoR7ECiEzQ,wallet|transaction|wallet,|0.000475943|0.00792098
1A25uinGtsmon3oWBiwGKvGFjG1WrRXQtf,2,wallet,32r9FFx6C4JTrazjtA8YY7GcidDyHyuvpk,False,True,3,1A25uinGtsmon3oWBiwGKvGFjG1WrRXQtf|92108374|32r9FFx6C4JTrazjtA8YY7GcidDyHyuvpk,wallet|transaction|wallet,|-0.00118786|0.00789571
1A57YXLWQ5k6qfSykymNy5SDdMRzfqKXf1,2,wallet,3MLQ7vy59DBF7zf8rcFiJPWddABL7RFg8g,False,True,3,1A57YXLWQ5k6qfSykymNy5SDdMRzfqKXf1|312228916|3MLQ7vy59DBF7zf8rcFiJPWddABL7RFg8g,wallet|transaction|wallet,|-0.000248551|0.00776464
1A7oVGzsXa3rmbbLALtgM9cSWV23K9iwKX,2,wallet,1KJbKr1kah13PD9J1Vtd1DZYLhfb6AFkyx,False,True,3,1A7oVGzsXa3rmbbLALtgM9cSWV23K9iwKX|334612261|1KJbKr1kah13PD9J1Vtd1DZYLhfb6AFkyx,wallet|transaction|wallet,|0.000433803|0.00792199
1A9Jf6BybobfzqN1ffgiWEz1QNnPdFsQS2,2,wallet,1NEogPJMYE7hybZUH2gNiqq1dDcR7rQ1YS,False,True,3,1A9Jf6BybobfzqN1ffgiWEz1QNnPdFsQS2|99677488|1NEogPJMYE7hybZUH2gNiqq1dDcR7rQ1YS,wallet|transaction|wallet,|0.000563383|0.00787902
1AAmHswpMMpeRQ6NtWL3eT9EGwHkTCoKGn,2,wallet,1Fs8G3G2wNAwVQasYUYhS9BexR9iiUNTJB,False,True,3,1AAmHswpMMpeRQ6NtWL3eT9EGwHkTCoKGn|331611467|1Fs8G3G2wNAwVQasYUYhS9BexR9iiUNTJB,wallet|transaction|wallet,|0.000459999|0.00793004
1ABDVpvZGwbHm9dmvwVAr1zRRWuGZVAYNx,2,wallet,1LtU8QE86HSs6voaFN4YKYfv8YapLSZdBk,False,True,3,1ABDVpvZGwbHm9dmvwVAr1zRRWuGZVAYNx|268911484|1LtU8QE86HSs6voaFN4YKYfv8YapLSZdBk,wallet|transaction|wallet,|0.000433266|0.00797033
1ABg7HLx3viW4sjj3ViCUkxr6HqQ5qJT4P,2,wallet,1E5QHGsqgrFaMwQEkmwnUWV3fuJvEFvC31,False,True,3,1ABg7HLx3viW4sjj3ViCUkxr6HqQ5qJT4P|12661072|1E5QHGsqgrFaMwQEkmwnUWV3fuJvEFvC31,wallet|transaction|wallet,|-0.00123775|0.00473756
1AEAGhm5tBQnfrHPV7WLrLENbyj1pFDdhR,2,wallet,1DUtnMjwarcE4YvQUecKkPdKbHMoF4iTc1,False,True,3,1AEAGhm5tBQnfrHPV7WLrLENbyj1pFDdhR|26532670|1DUtnMjwarcE4YvQUecKkPdKbHMoF4iTc1,wallet|transaction|wallet,|-0.00196338|0.00587118
1AHwzByyxQT3Dm5NkEN4bY8NZEMeQtnDbz,2,wallet,3MEbqyNoUEddy8AvytRWKYJgnZ1y8d5uy1,False,True,3,1AHwzByyxQT3Dm5NkEN4bY8NZEMeQtnDbz|339057158|3MEbqyNoUEddy8AvytRWKYJgnZ1y8d5uy1,wallet|transaction|wallet,|0.000330001|0.00765687
1ALwQZkdnh7qwJWsmLiFQufXqYKbAy8FMj,2,wallet,3FqvEGJho61zE8hAeRi8sbNS9dcE7Fhg83,False,True,3,1ALwQZkdnh7qwJWsmLiFQufXqYKbAy8FMj|71359357|3FqvEGJho61zE8hAeRi8sbNS9dcE7Fhg83,wallet|transaction|wallet,|-0.00145584|0.00778323
1ANwMSWEkHbsW25nVLmUdwZVK4ZxhQKHb5,2,wallet,3PFyHMfUPNk48VBBhSTH68RhdijtiL4MuZ,False,True,3,1ANwMSWEkHbsW25nVLmUdwZVK4ZxhQKHb5|312221897|3PFyHMfUPNk48VBBhSTH68RhdijtiL4MuZ,wallet|transaction|wallet,|-0.00127536|0.00792539
1APMyySxba6yKBCxvWXZnQFdHdwiXVi8af,2,wallet,3NGEaUcni4jrk8v2JNLpEFUxrtQ1ogh8fT,False,True,3,1APMyySxba6yKBCxvWXZnQFdHdwiXVi8af|171324635|3NGEaUcni4jrk8v2JNLpEFUxrtQ1ogh8fT,wallet|transaction|wallet,|-0.00122157|-0.284404
1AUyYrRx8XDozSbHy3C9zsw4dNh1cHTcPJ,2,wallet,33zenZqmEw4K2ZfGgUUeXgJoWFavedbCe9,False,True,3,1AUyYrRx8XDozSbHy3C9zsw4dNh1cHTcPJ|84195141|33zenZqmEw4K2ZfGgUUeXgJoWFavedbCe9,wallet|transaction|wallet,|-0.00141311|0.00833839
1AVQKoVwELD9cKeFsR8V17RVzR7XQgYSz6,2,wallet,3DWZmFW3sc2ZW1JQSQaXMQbQDbeECz4KLK,False,True,3,1AVQKoVwELD9cKeFsR8V17RVzR7XQgYSz6|74815310|3DWZmFW3sc2ZW1JQSQaXMQbQDbeECz4KLK,wallet|transaction|wallet,|-0.00416762|-0.968757
1AZn5b7ANQtyER1EKbUVR8EeTy2kgrBY8X,2,wallet,1FsN1eGpjSU4vief6zpo9eoRJu8Yr99kku,False,True,3,1AZn5b7ANQtyER1EKbUVR8EeTy2kgrBY8X|320558688|1FsN1eGpjSU4vief6zpo9eoRJu8Yr99kku,wallet|transaction|wallet,|-0.00169152|0.00769413
1AbWfzcNWkWercip3tnhd7zoQ54Fa5dXDB,2,wallet,1D6yk9W5HfhUB1JnVWdfsvQCa36yZcQUY8,False,True,3,1AbWfzcNWkWercip3tnhd7zoQ54Fa5dXDB|84328724|1D6yk9W5HfhUB1JnVWdfsvQCa36yZcQUY8,wallet|transaction|wallet,|0.000445694|0.00797772
1AgcsQXbSVH2ckKQEyZXjLsBMxdqvcU4WZ,2,wallet,36Rw5dLA6Hig9toWmEi6qQZ99HqttBSvas,False,True,3,1AgcsQXbSVH2ckKQEyZXjLsBMxdqvcU4WZ|100075816|36Rw5dLA6Hig9toWmEi6qQZ99HqttBSvas,wallet|transaction|wallet,|-0.000277638|0.0078997
1AggCdjQa19kKWSAC67BwX5TeRt1P8LSAu,2,wallet,3NVzXgRYdqLgP6DPR1WiQ8G2t1mnHMzwWK,False,True,3,1AggCdjQa19kKWSAC67BwX5TeRt1P8LSAu|105603035|3NVzXgRYdqLgP6DPR1WiQ8G2t1mnHMzwWK,wallet|transaction|wallet,|-0.0017862|0.00800931
1Anvp8UfG8LYPTEsNuvo3ARa48EMoYS5Yh,2,wallet,1DqYzJv3u26ooYgXRuxBeZdj9SSWaaUueA,False,True,3,1Anvp8UfG8LYPTEsNuvo3ARa48EMoYS5Yh|272125155|1DqYzJv3u26ooYgXRuxBeZdj9SSWaaUueA,wallet|transaction|wallet,|0.000425845|0.0079577
1AqCQ1QNi1sQT85sPnLuUSi4vKWhn3n5eH,2,wallet,3JACnBpt8kjFLKK84H6xzYwT4DyVJgb2Mm,False,True,3,1AqCQ1QNi1sQT85sPnLuUSi4vKWhn3n5eH|85005009|3JACnBpt8kjFLKK84H6xzYwT4DyVJgb2Mm,wallet|transaction|wallet,|-0.000226945|0.00801367
1AqyCDYatN2hxnmYJGugbgftPerJ9xkNEr,2,wallet,1LoR48uDFQ3MZVX7DZz9eQfyjvYSx8MSiu,False,True,3,1AqyCDYatN2hxnmYJGugbgftPerJ9xkNEr|291271105|1LoR48uDFQ3MZVX7DZz9eQfyjvYSx8MSiu,wallet|transaction|wallet,|-0.00123248|0.00748026
1Atvv6rpK6L1S2RvdMBKcD2qT4rir9bTWY,2,wallet,1AR8z3GkQSSY5n2jECS6cKF5gc16wZzNeH,False,True,3,1Atvv6rpK6L1S2RvdMBKcD2qT4rir9bTWY|268981796|1AR8z3GkQSSY5n2jECS6cKF5gc16wZzNeH,wallet|transaction|wallet,|0.00036481|0.00797021
1AvTkdCqH4HU2JXJB2XjBHn5b2jMWJuzem,2,wallet,39q3XCCSGUoJfzrcLRRVqECx82Q8BfGNL3,False,True,3,1AvTkdCqH4HU2JXJB2XjBHn5b2jMWJuzem|100075232|39q3XCCSGUoJfzrcLRRVqECx82Q8BfGNL3,wallet|transaction|wallet,|0.000229508|0.00782865
1Ax4RLGnNhPcKiNPdTbrR8vFUXgDarqLev,2,wallet,18iDoAtnVkLe4G8638LnCt6nTfssqy6E5r,False,True,3,1Ax4RLGnNhPcKiNPdTbrR8vFUXgDarqLev|85004979|18iDoAtnVkLe4G8638LnCt6nTfssqy6E5r,wallet|transaction|wallet,|0.000273377|0.0079785
1AyDEfUkrFofAw1vv3SYP4FLj2qJ2Hjt8V,2,wallet,36cyUSRqGziUDgKb69d9VsSehTyFKUhcHt,False,True,3,1AyDEfUkrFofAw1vv3SYP4FLj2qJ2Hjt8V|99675806|36cyUSRqGziUDgKb69d9VsSehTyFKUhcHt,wallet|transaction|wallet,|0.00500131|-0.968781
1AzHUucgxDXgE117Jmy9XDvCWoRHdrgPTK,2,wallet,3NL96MvCPV7onvc1PV2MsBzJGLHL6egwmS,False,True,3,1AzHUucgxDXgE117Jmy9XDvCWoRHdrgPTK|313613074|3NL96MvCPV7onvc1PV2MsBzJGLHL6egwmS,wallet|transaction|wallet,|-0.000737637|0.0079273
1B2jTjA3JkHo4qK9GZDbZje9oMm1MqBHB5,2,wallet,1DBKsXbqpTEiTR55EtjPQ1FvupHwnXMwqb,False,True,3,1B2jTjA3JkHo4qK9GZDbZje9oMm1MqBHB5|105429227|1DBKsXbqpTEiTR55EtjPQ1FvupHwnXMwqb,wallet|transaction|wallet,|-0.000549734|0.00836754
1B2n2KNLhrMLGmdo5hDsPs2saxTGRVwuHb,2,wallet,16nJv2Z4fysytUEm4YT9FhyFKST4Yu8mWk,False,True,3,1B2n2KNLhrMLGmdo5hDsPs2saxTGRVwuHb|269576078|16nJv2Z4fysytUEm4YT9FhyFKST4Yu8mWk,wallet|transaction|wallet,|0.00041312|0.00796556
1B7Xk16meGnzvXgGuZdnvV69PU7TrRgi8R,2,wallet,3Bqn3zYu1yb5MVuEGAjxQHgZULiBNhBL43,False,True,3,1B7Xk16meGnzvXgGuZdnvV69PU7TrRgi8R|54798281|3Bqn3zYu1yb5MVuEGAjxQHgZULiBNhBL43,wallet|transaction|wallet,|-0.00308272|0.00826567
1BBDYHZX7Dg3p82hVDLrZpm4sXP9qHwngY,2,wallet,32b53Lq7oxvaRYNCtBWS5Qjr5DY71CbQe7,False,True,3,1BBDYHZX7Dg3p82hVDLrZpm4sXP9qHwngY|10174881|32b53Lq7oxvaRYNCtBWS5Qjr5DY71CbQe7,wallet|transaction|wallet,|-0.0018712|0.00747108
1BDiuDvqNnVaok6TyQMVgG2KMsVe6r6e38,2,wallet,1FWUUsTZ7bLHQ5CwpS1swzvYxqTUXMVwE4,False,True,3,1BDiuDvqNnVaok6TyQMVgG2KMsVe6r6e38|363311380|1FWUUsTZ7bLHQ5CwpS1swzvYxqTUXMVwE4,wallet|transaction|wallet,|0.000568569|0.00782365
1BESnGhEGSEqGYBzQkzN4Pyig3yWv4NXM5,2,wallet,3Ad3HDr3fK2VBbJE1uLLXTttgm2txUaTLb,False,True,3,1BESnGhEGSEqGYBzQkzN4Pyig3yWv4NXM5|10174186|3Ad3HDr3fK2VBbJE1uLLXTttgm2txUaTLb,wallet|transaction|wallet,|-0.00159746|0.00770479
1BFS2WDiykufUH2BWRQXV5yJLUvpBUHtq5,2,wallet,1MTbAvaj4RSDGAEmzQNR16SPjki9JEsTuS,False,True,3,1BFS2WDiykufUH2BWRQXV5yJLUvpBUHtq5|269103134|1MTbAvaj4RSDGAEmzQNR16SPjki9JEsTuS,wallet|transaction|wallet,|0.000320435|0.00797373
1BHCEHjsQWhKapa76BRTCzCXWkqkc9s5cJ,2,wallet,3JVyn4mR5v3hQhZeVuLa9XDLFBoxMJJ8nT,False,True,3,1BHCEHjsQWhKapa76BRTCzCXWkqkc9s5cJ|46847242|3JVyn4mR5v3hQhZeVuLa9XDLFBoxMJJ8nT,wallet|transaction|wallet,|-0.00141051|0.00788432
1BHXtf8r9KXbcNiPSFGB2K7qY4iv9QDEEs,2,wallet,3NeBmKtVT2kSp5KJgvWeWDCTA8YAniCXGv,False,True,3,1BHXtf8r9KXbcNiPSFGB2K7qY4iv9QDEEs|84375106|3NeBmKtVT2kSp5KJgvWeWDCTA8YAniCXGv,wallet|transaction|wallet,|-0.000641286|0.00783396
1BHwiP8ih6PWbV8mcoTAgnzocVVFCzbFBa,2,wallet,1Ae7mQbzMwRoAmSHzeGZzexYdzdv3wknYj,False,True,3,1BHwiP8ih6PWbV8mcoTAgnzocVVFCzbFBa|174763973|1Ae7mQbzMwRoAmSHzeGZzexYdzdv3wknYj,wallet|transaction|wallet,|0.000298053|0.00761086
1BK2hcTHQ5vjhYCQK2Wh3r5n3mnWnJzkg3,2,wallet,3HSyBtR7sX1KbnPeGs3TLDTC8qWC7YpXKx,False,True,3,1BK2hcTHQ5vjhYCQK2Wh3r5n3mnWnJzkg3|268868308|3HSyBtR7sX1KbnPeGs3TLDTC8qWC7YpXKx,wallet|transaction|wallet,|-0.000422686|0.00785738
1BKntmEEppSFfJmQa7YXYgbPDxftuJiFcw,2,wallet,3E8w5bcG3Zdb27cwpsnFFs6i2c5kdjCNah,False,True,3,1BKntmEEppSFfJmQa7YXYgbPDxftuJiFcw|130377008|3E8w5bcG3Zdb27cwpsnFFs6i2c5kdjCNah,wallet|transaction|wallet,|-0.000419706|0.00798649
1BP88EJrMLJ716LfMkJknRnVQib522eHrV,2,wallet,14etBfvXLY57JsfFhQu8rnmxZYXNc8JQcn,False,True,3,1BP88EJrMLJ716LfMkJknRnVQib522eHrV|269109520|14etBfvXLY57JsfFhQu8rnmxZYXNc8JQcn,wallet|transaction|wallet,|0.000466138|0.00797409
1BPJBmkNB29cNYRxv187qTw3Ur7uFKetHd,2,wallet,142baMDa4B8yWtdsJ6mD9F8ysUVfBLTZvD,False,True,3,1BPJBmkNB29cNYRxv187qTw3Ur7uFKetHd|372884386|142baMDa4B8yWtdsJ6mD9F8ysUVfBLTZvD,wallet|transaction|wallet,|0.000479251|0.00790912
1BRJBxTRjTSNUAXYmPAb9jTnwzrV9JFrb,2,wallet,1LhJTrSYVuQehv5Mfj2KZr8yw2u31pNT1h,False,True,3,1BRJBxTRjTSNUAXYmPAb9jTnwzrV9JFrb|269533128|1LhJTrSYVuQehv5Mfj2KZr8yw2u31pNT1h,wallet|transaction|wallet,|0.0003573|0.00796783
1BSmS2wNaPqqi7tZZwjoRSZA5D8gZRQM6E,2,wallet,13xW3BkHQuwHCrusKzJTEDRUohQnUZfPA7,False,True,3,1BSmS2wNaPqqi7tZZwjoRSZA5D8gZRQM6E|94110640|13xW3BkHQuwHCrusKzJTEDRUohQnUZfPA7,wallet|transaction|wallet,|0.00113028|0.00748706
1BSrgSVrFdz9k7fJoLrzHm1NynKxtYPtpE,2,wallet,37fRSUGZ5CpR1RBg5yQNjmA5S7kkqCQnbn,False,True,3,1BSrgSVrFdz9k7fJoLrzHm1NynKxtYPtpE|355110328|37fRSUGZ5CpR1RBg5yQNjmA5S7kkqCQnbn,wallet|transaction|wallet,|-0.000694871|0.00801694
1BWqn3FR1mEi76yXwPoK2qwy54Ug9yNxwB,2,wallet,1CTGiL4MumFqaP7TkxEffVJCe33SQMN5vm,False,True,3,1BWqn3FR1mEi76yXwPoK2qwy54Ug9yNxwB|268939658|1CTGiL4MumFqaP7TkxEffVJCe33SQMN5vm,wallet|transaction|wallet,|0.000331759|0.00796872
1BYAd8KHu2uymJ34muhuUbHB3gWJLr2Sc3,2,wallet,3MYQcQyGhqA9G2PKznbQ6Uz5bFGmphNbUC,False,True,3,1BYAd8KHu2uymJ34muhuUbHB3gWJLr2Sc3|84334516|3MYQcQyGhqA9G2PKznbQ6Uz5bFGmphNbUC,wallet|transaction|wallet,|-0.000937104|0.00802672
1BaTRCtx3WPStM6j3dWBw8e6KEa1EkRpJN,2,wallet,32re8L1jQXDPqKwv86hHAi9sv3mWSXvRX6,False,True,3,1BaTRCtx3WPStM6j3dWBw8e6KEa1EkRpJN|20219869|32re8L1jQXDPqKwv86hHAi9sv3mWSXvRX6,wallet|transaction|wallet,|-0.00233224|0.00746447
1BebPD71iM6BVyibAq3FJ5DXFA3YZZyBhA,2,wallet,1MMKSmKzx9oKwm8V5xRVk3cCMqWnMGVB4q,False,True,3,1BebPD71iM6BVyibAq3FJ5DXFA3YZZyBhA|100075377|1MMKSmKzx9oKwm8V5xRVk3cCMqWnMGVB4q,wallet|transaction|wallet,|0.000469953|0.00787389
1Bhu1CWnxWUAdjpH5kqsqMrFFyHfRmTUzX,2,wallet,36ZWzWsrFgwBqhw5oZh1ow8QBVFaQ1geVB,False,True,3,1Bhu1CWnxWUAdjpH5kqsqMrFFyHfRmTUzX|7154509|36ZWzWsrFgwBqhw5oZh1ow8QBVFaQ1geVB,wallet|transaction|wallet,|-0.00321558|0.00803989
1BhvK9skUACT2fa8FwhCftHbNyQVeq8W5q,2,wallet,34gBuya6FPwX18kZgxw7FZ6WqpDc9y3h5A,False,True,3,1BhvK9skUACT2fa8FwhCftHbNyQVeq8W5q|100785151|34gBuya6FPwX18kZgxw7FZ6WqpDc9y3h5A,wallet|transaction|wallet,|0.000153452|0.00788057
1BjcsfVtrrJS2rK4ENnk18JZJmQRxZrpjR,2,wallet,3QSH1F39FWPsppABMxcaXBqAGR8fUG39Q4,False,True,3,1BjcsfVtrrJS2rK4ENnk18JZJmQRxZrpjR|99677409|3QSH1F39FWPsppABMxcaXBqAGR8fUG39Q4,wallet|transaction|wallet,|0.00877792|0.0078938
1Bqt2xqTR8oLv2QhkMHLBvGnCVZuDmhPDg,2,wallet,3FwE1kUuvPwGqPwXR7EKnENPUhDchZAWBP,False,True,3,1Bqt2xqTR8oLv2QhkMHLBvGnCVZuDmhPDg|204054358|3FwE1kUuvPwGqPwXR7EKnENPUhDchZAWBP,wallet|transaction|wallet,|-0.00220585|0.00829023
1Bs2JUQ8Qfra3UmHHPg5aUTgYgSAHqxQbU,2,wallet,1Gu51m6ghnKjgsx4x7atP8hxU3QD5DcYR7,False,True,3,1Bs2JUQ8Qfra3UmHHPg5aUTgYgSAHqxQbU|276947541|1Gu51m6ghnKjgsx4x7atP8hxU3QD5DcYR7,wallet|transaction|wallet,|0.000398099|0.007967
1Bs3AyRHQGxErktf8CcENn4NTj83cWE3ja,2,wallet,335yM1sWJm4srihFRERo2npPQ2LBSkSk2t,False,True,3,1Bs3AyRHQGxErktf8CcENn4NTj83cWE3ja|272100307|335yM1sWJm4srihFRERo2npPQ2LBSkSk2t,wallet|transaction|wallet,|-0.000154912|0.0079661
1BuX7aP2xGuPCeBkdNtNF36Gm8TabqWmq5,2,wallet,12xNfTGcMZQkMpUSfBhk87ppFfVU8HB1xp,False,True,3,1BuX7aP2xGuPCeBkdNtNF36Gm8TabqWmq5|331497162|12xNfTGcMZQkMpUSfBhk87ppFfVU8HB1xp,wallet|transaction|wallet,|0.000731528|0.00793928
1BufbaafG4tZgBhMGkWePsMsyD91sVFxQN,2,wallet,32r9FFx6C4JTrazjtA8YY7GcidDyHyuvpk,False,True,3,1BufbaafG4tZgBhMGkWePsMsyD91sVFxQN|92108374|32r9FFx6C4JTrazjtA8YY7GcidDyHyuvpk,wallet|transaction|wallet,|-0.00118786|0.00789571
1Bui6rYpNE2HxhThmeo4pXEueXM5obmpyu,2,wallet,1MM27v8bBjhn3Aai9L4uLq8mLSCNtsR7Vp,False,True,3,1Bui6rYpNE2HxhThmeo4pXEueXM5obmpyu|243780891|1MM27v8bBjhn3Aai9L4uLq8mLSCNtsR7Vp,wallet|transaction|wallet,|0.000484794|0.0077247
1BvEuVTvZeMHcaV4VhmwqEW3vCXXfy2j78,2,wallet,365ujxouwm25vT277KAW2eKG7EbXuZNdkS,False,True,3,1BvEuVTvZeMHcaV4VhmwqEW3vCXXfy2j78|36965025|365ujxouwm25vT277KAW2eKG7EbXuZNdkS,wallet|transaction|wallet,|-0.00141877|0.00830489
1C19nAjBrYAsYeXdeHfKMtrd6Jtx6FjZu6,2,wallet,3BcjbK3E2HgJz4CGmhVrVfwstwx5ne1HXz,False,True,3,1C19nAjBrYAsYeXdeHfKMtrd6Jtx6FjZu6|268867552|3BcjbK3E2HgJz4CGmhVrVfwstwx5ne1HXz,wallet|transaction|wallet,|-0.000283599|0.00785774
1C3LmxSHgKdhodo9CzYqbcKhZcRFesMe81,2,wallet,3PeK3kfXJEFihTSYM3svfAzTWHvoxidL4M,False,True,3,1C3LmxSHgKdhodo9CzYqbcKhZcRFesMe81|165065715|3PeK3kfXJEFihTSYM3svfAzTWHvoxidL4M,wallet|transaction|wallet,|0.00210387|0.00799263
1C9UPvZRpHRtWQdoZybWsWXVfpAMgy7hLJ,2,wallet,3KpiN29mcqrZrtyFtTtqQ5aTiGBHvkKH56,False,True,3,1C9UPvZRpHRtWQdoZybWsWXVfpAMgy7hLJ|180533541|3KpiN29mcqrZrtyFtTtqQ5aTiGBHvkKH56,wallet|transaction|wallet,|-0.000414848|0.0079928
1CEEZ7fbjvRRf4xVzr6apvdTuQurE4rNKq,2,wallet,1EeJpCkZWcrZ5nujQgvvvoFFh1BXGMLdjW,False,True,3,1CEEZ7fbjvRRf4xVzr6apvdTuQurE4rNKq|288594853|1EeJpCkZWcrZ5nujQgvvvoFFh1BXGMLdjW,wallet|transaction|wallet,|-0.000276208|0.00814128
1CGXHyT5dKETKnE98MQf3xCBUVqrQC7S9D,2,wallet,3B8ciXmRUt8mS5kPKe9GibnhEG8hs2GXsq,False,True,3,1CGXHyT5dKETKnE98MQf3xCBUVqrQC7S9D|268861802|3B8ciXmRUt8mS5kPKe9GibnhEG8hs2GXsq,wallet|transaction|wallet,|-0.000758827|0.00782204
1CGh4xex2bkeJTbuBHCkyD1fuD9JsSsvvf,2,wallet,37938kKJtDDGg8biWAXZLD1bZhhgyVv3xM,False,True,3,1CGh4xex2bkeJTbuBHCkyD1fuD9JsSsvvf|23377758|37938kKJtDDGg8biWAXZLD1bZhhgyVv3xM,wallet|transaction|wallet,|-0.00253719|0.00825119
1CGvVZEiWVPnQrVH5xZD4xVwbCBkADxo86,2,wallet,165fSUpk8pw6ySM13mJkbMBjA4uT4vQYRF,False,True,3,1CGvVZEiWVPnQrVH5xZD4xVwbCBkADxo86|28202941|165fSUpk8pw6ySM13mJkbMBjA4uT4vQYRF,wallet|transaction|wallet,|-0.000276774|0.00814164
1CJybHYqzQXUVmi1qNY256PBcM7XbhxKdW,2,wallet,13afVuyJcvDhdgK4yN6zWedErNTSYskjfX,False,True,3,1CJybHYqzQXUVmi1qNY256PBcM7XbhxKdW|177939569|13afVuyJcvDhdgK4yN6zWedErNTSYskjfX,wallet|transaction|wallet,|0.000459999|0.02114
1CL8vnASCjhv26tJ52bhu2P4tpfUvqwMx6,2,wallet,1oNnTR7dA8jRDpwmtXg64Q2NeoJm2z65Y,False,True,3,1CL8vnASCjhv26tJ52bhu2P4tpfUvqwMx6|15006053|1oNnTR7dA8jRDpwmtXg64Q2NeoJm2z65Y,wallet|transaction|wallet,|-0.00287661|0.00684667
1CQBsgNNqo4Z93DhUADC1v8vP1fdRsmwZR,2,wallet,3DWZmFW3sc2ZW1JQSQaXMQbQDbeECz4KLK,False,True,3,1CQBsgNNqo4Z93DhUADC1v8vP1fdRsmwZR|26229388|3DWZmFW3sc2ZW1JQSQaXMQbQDbeECz4KLK,wallet|transaction|wallet,|-0.00356859|-0.968757
1CQzu2pP7pCDdCPHED28mVY8ZgTBSjUutA,2,wallet,34RjVG2iTbqpCnDomYYQi58wFUaM8eSN58,False,True,3,1CQzu2pP7pCDdCPHED28mVY8ZgTBSjUutA|85004968|34RjVG2iTbqpCnDomYYQi58wFUaM8eSN58,wallet|transaction|wallet,|-0.00118774|0.00772983
1CT8vdjV4VcmKHwGXBLjbTJU5A7WBuBhVp,2,wallet,3HRmgDX1ZT3kESUiRtnHMGFM1rUHotvkyZ,False,True,3,1CT8vdjV4VcmKHwGXBLjbTJU5A7WBuBhVp|145992719|3HRmgDX1ZT3kESUiRtnHMGFM1rUHotvkyZ,wallet|transaction|wallet,|-0.00067842|0.00799876
1CTiGAkNARoZYajt5xESKN25HxBmhXNQVE,2,wallet,3PeK3kfXJEFihTSYM3svfAzTWHvoxidL4M,False,True,3,1CTiGAkNARoZYajt5xESKN25HxBmhXNQVE|165065715|3PeK3kfXJEFihTSYM3svfAzTWHvoxidL4M,wallet|transaction|wallet,|0.00210387|0.00799263
1CUT1eS3k79dqtzo4QjUscvaBjkYfJonnz,2,wallet,36x1zwGQ9Nt5nmG5Ejt2PAdk1Exib6iyGk,False,True,3,1CUT1eS3k79dqtzo4QjUscvaBjkYfJonnz|355110975|36x1zwGQ9Nt5nmG5Ejt2PAdk1Exib6iyGk,wallet|transaction|wallet,|-0.00230491|0.00816905
1CWzYbHpu13cqFwo2pFH52xt2uQy1kdcrc,2,wallet,37yNFX6gTNWmAPqX14wWCp36sqyuEXdNTn,False,True,3,1CWzYbHpu13cqFwo2pFH52xt2uQy1kdcrc|3641234|37yNFX6gTNWmAPqX14wWCp36sqyuEXdNTn,wallet|transaction|wallet,|0.00209007|-0.968781
1CXvgCReP29rsTSchy3HmXxC4J2aptWjbW,2,wallet,1GjpYppQJkgK5C4GNFoN79189MQJC488C3,False,True,3,1CXvgCReP29rsTSchy3HmXxC4J2aptWjbW|30179861|1GjpYppQJkgK5C4GNFoN79189MQJC488C3,wallet|transaction|wallet,|-0.000278741|0.00821126
1CZXpKdHdJkeojC8sQLoAAa1PFBaCk3SKM,2,wallet,36ykJjn5hamKQWjcbKVtApSjrsRBZBBL2A,False,True,3,1CZXpKdHdJkeojC8sQLoAAa1PFBaCk3SKM|55508593|36ykJjn5hamKQWjcbKVtApSjrsRBZBBL2A,wallet|transaction|wallet,|-0.0036642|-0.968156
1CaZPJWVc5Y9ntimdJUG8DvMSZi58X3r6J,2,wallet,155SrU1P53GxiWGvwqqYHymaZ3YpDDQSXn,False,True,3,1CaZPJWVc5Y9ntimdJUG8DvMSZi58X3r6J|100074896|155SrU1P53GxiWGvwqqYHymaZ3YpDDQSXn,wallet|transaction|wallet,|0.000830531|0.00789845
1CiRfgo3vaCCPBPPtXJFPk2e4oPATTNg1v,2,wallet,19cjUwuZcMvwpoN6Z32ono6H6NxUpuT5tg,False,True,3,1CiRfgo3vaCCPBPPtXJFPk2e4oPATTNg1v|96578321|19cjUwuZcMvwpoN6Z32ono6H6NxUpuT5tg,wallet|transaction|wallet,|-0.000685871|0.00819963
1CqeSrL7xQyCLsXosdJr74nA1YPehZrYmN,2,wallet,12JuAnroQFQYcqBic4ksqqgLEvWgtz5htX,False,True,3,1CqeSrL7xQyCLsXosdJr74nA1YPehZrYmN|269584838|12JuAnroQFQYcqBic4ksqqgLEvWgtz5htX,wallet|transaction|wallet,|0.000281602|0.0079667
1CrvrLTaGYof3v3L5UjkH8GpfeA4kM5iGy,2,wallet,3P486udnNAi3qpvdJ7HJaVGKyMQznmBnQw,False,True,3,1CrvrLTaGYof3v3L5UjkH8GpfeA4kM5iGy|312108743|3P486udnNAi3qpvdJ7HJaVGKyMQznmBnQw,wallet|transaction|wallet,|-0.000762999|0.00792962
1CuqubCb1USMYc3M5Eh54RhnM23tW5mvKE,2,wallet,34S2Gk5vsghXr8VaahBvfT7aAeZQoHjzpF,False,True,3,1CuqubCb1USMYc3M5Eh54RhnM23tW5mvKE|54767813|34S2Gk5vsghXr8VaahBvfT7aAeZQoHjzpF,wallet|transaction|wallet,|-0.00310764|0.00827169
1Cxo3NSXay2ix57jPQBiKEovy9p6GryJFd,2,wallet,1MheRW53oTQmi8u2bvhT8TYMSwXvzu87RM,False,True,3,1Cxo3NSXay2ix57jPQBiKEovy9p6GryJFd|272117579|1MheRW53oTQmi8u2bvhT8TYMSwXvzu87RM,wallet|transaction|wallet,|-0.00287485|-0.804022
1Cz5ZyR9zzLxGKjV4sYBduw5E4tGiP6ARJ,2,wallet,17gVqCsqvfGVVdK99xFBTKA2WzfobEBVxV,False,True,3,1Cz5ZyR9zzLxGKjV4sYBduw5E4tGiP6ARJ|30179457|17gVqCsqvfGVVdK99xFBTKA2WzfobEBVxV,wallet|transaction|wallet,|0.000248551|0.00827658
1Cz6xyMqXjpVKWQB8XNDLyoKJnFwM52xLw,2,wallet,1DGThuQ6XqQ385W5NFEPc1kdb8YPoZrqnJ,False,True,3,1Cz6xyMqXjpVKWQB8XNDLyoKJnFwM52xLw|99175889|1DGThuQ6XqQ385W5NFEPc1kdb8YPoZrqnJ,wallet|transaction|wallet,|0.000555456|0.00786316
1D1GFwsstXPp9RQiA2axNAJVRFdNvG3G6e,2,wallet,1AvjzxAFnLJDEsYNi9jXVvQz2RwWLiTpKj,False,True,3,1D1GFwsstXPp9RQiA2axNAJVRFdNvG3G6e|368757024|1AvjzxAFnLJDEsYNi9jXVvQz2RwWLiTpKj,wallet|transaction|wallet,|0.000418782|0.00789595
1D1GKA7mWyKyAaNKPZUWVfQx18EQQvEeL9,2,wallet,3QQVwiJmB8me7apwnzMuLosdRXU2mooAgB,False,True,3,1D1GKA7mWyKyAaNKPZUWVfQx18EQQvEeL9|288367102|3QQVwiJmB8me7apwnzMuLosdRXU2mooAgB,wallet|transaction|wallet,|-0.000883102|0.00800771
1D4KQj3eQRS3zypgZY4M97bqhWvcdZgFE4,2,wallet,3BXHgUeTgsz6QeKcrhauKGjor5u63GGfW6,False,True,3,1D4KQj3eQRS3zypgZY4M97bqhWvcdZgFE4|268849739|3BXHgUeTgsz6QeKcrhauKGjor5u63GGfW6,wallet|transaction|wallet,|0.000285029|0.00794756
1D4QYTp4kVnQoQ8jNDzwqFiJBcHysK4ScV,2,wallet,3AXRsxKrCYSDMqHWsvKguikFD2PJXGPi9s,False,True,3,1D4QYTp4kVnQoQ8jNDzwqFiJBcHysK4ScV|84374815|3AXRsxKrCYSDMqHWsvKguikFD2PJXGPi9s,wallet|transaction|wallet,|-0.000582606|0.00785899
1D8TbddCtt5C1rs8pnfLtVeYMc5eKTEJ8g,2,wallet,371vQhHcNAK6nqtngJ3H4NFXaGxmqRvNk3,False,True,3,1D8TbddCtt5C1rs8pnfLtVeYMc5eKTEJ8g|288471753|371vQhHcNAK6nqtngJ3H4NFXaGxmqRvNk3,wallet|transaction|wallet,|-0.00179678|0.00824052
1DCMVoybDHetxJJSW1ZW5qaTE1HN3z396b,2,wallet,3CZYvurcXQqvahRhZwr43hkxyUNAzdKDNb,False,True,3,1DCMVoybDHetxJJSW1ZW5qaTE1HN3z396b|198982902|3CZYvurcXQqvahRhZwr43hkxyUNAzdKDNb,wallet|transaction|wallet,|-0.00372222|0.0177507
1DG9CMgeoPKnatDkpxdW8ok3pTKx1Eqk13,2,wallet,12BRiG2j2Wt2JAmdY6TfVyBGZ9oGfMAuaD,False,True,3,1DG9CMgeoPKnatDkpxdW8ok3pTKx1Eqk13|96928354|12BRiG2j2Wt2JAmdY6TfVyBGZ9oGfMAuaD,wallet|transaction|wallet,|-0.00135714|0.00804311
1DHcJjecWDupUb47bQXddFPZPUAwfVQn2K,2,wallet,3QNDwVZAsPyFNe184gYLYyDuDd8otjveBc,False,True,3,1DHcJjecWDupUb47bQXddFPZPUAwfVQn2K|199938132|3QNDwVZAsPyFNe184gYLYyDuDd8otjveBc,wallet|transaction|wallet,|-0.00291988|0.00830787
1DJ4hmg138FegR9ArRCgnWC7Tw167NCWPA,2,wallet,36gaepNQtPSWo3HhzrDpuNM1U1he8NqzRS,False,True,3,1DJ4hmg138FegR9ArRCgnWC7Tw167NCWPA|53783490|36gaepNQtPSWo3HhzrDpuNM1U1he8NqzRS,wallet|transaction|wallet,|-0.00118685|0.00799149
1DLBMrNPinECaCMBXz27Re8sCTRkPnu4np,2,wallet,3HpLMNiZiVDENKTvUzADfwKdk2AZbpB59T,False,True,3,1DLBMrNPinECaCMBXz27Re8sCTRkPnu4np|84354631|3HpLMNiZiVDENKTvUzADfwKdk2AZbpB59T,wallet|transaction|wallet,|-0.00065273|0.00783283
1DMFfYxFkSL9mNVpXYnRuqrPNj7nCbphro,2,wallet,33C2qq1b5Z48MiWdBdAU5LPoYbYxnsLhfs,False,True,3,1DMFfYxFkSL9mNVpXYnRuqrPNj7nCbphro|311254062|33C2qq1b5Z48MiWdBdAU5LPoYbYxnsLhfs,wallet|transaction|wallet,|-0.00552264|0.00792164
1DPDZCtQE5s5FyNbXwVY41bYN38fpbfkCL,2,wallet,3C6reLfecuatRN29trgoJvb1V7RBosqEkC,False,True,3,1DPDZCtQE5s5FyNbXwVY41bYN38fpbfkCL|288365828|3C6reLfecuatRN29trgoJvb1V7RBosqEkC,wallet|transaction|wallet,|-0.0022718|0.00828022
1DQhujDv2ruseDj8z4mjiYYpvXrD6EBJiB,2,wallet,192y8Uh18wTr21bpTHLPkowvM3ARBcddGT,False,True,3,1DQhujDv2ruseDj8z4mjiYYpvXrD6EBJiB|246043602|192y8Uh18wTr21bpTHLPkowvM3ARBcddGT,wallet|transaction|wallet,|-0.000115871|0.00806481
1DQsb7Dw2MdGtiYQ7wkfWcGxJZxtDqZi78,2,wallet,3Ad3HDr3fK2VBbJE1uLLXTttgm2txUaTLb,False,True,3,1DQsb7Dw2MdGtiYQ7wkfWcGxJZxtDqZi78|10174186|3Ad3HDr3fK2VBbJE1uLLXTttgm2txUaTLb,wallet|transaction|wallet,|-0.00159746|0.00770479
1DT8SP3fZVcL3snMGaqttGuHzP4khPfw84,2,wallet,1Hf9dVeWob1cm8Ey7uXefNAJsNUxmjVjet,False,True,3,1DT8SP3fZVcL3snMGaqttGuHzP4khPfw84|100045364|1Hf9dVeWob1cm8Ey7uXefNAJsNUxmjVjet,wallet|transaction|wallet,|0.000495404|0.00787491
1DV7WFPSw6pUmCE4Gi4vQiuafshTY8RAJu,2,wallet,3BhPkcjjh13QwpzCUFP4PMoWkCtbNdo1a2,False,True,3,1DV7WFPSw6pUmCE4Gi4vQiuafshTY8RAJu|30179327|3BhPkcjjh13QwpzCUFP4PMoWkCtbNdo1a2,wallet|transaction|wallet,|-0.00144875|0.00796282
1DVyXCbNpmByYFFhnVRnp8wWMtyFSK7b1g,2,wallet,1KCgF3EJJKoHoWfCNjfu8vxwoVKqUHKh7u,False,True,3,1DVyXCbNpmByYFFhnVRnp8wWMtyFSK7b1g|92606197|1KCgF3EJJKoHoWfCNjfu8vxwoVKqUHKh7u,wallet|transaction|wallet,|0.000965357|0.0272827
1DWgS22gL6FgpAskV7oWhtaseCqZbi5X4Z,2,wallet,3JZXwKuGCr5pJcCAgjqqrcRKkBSqQS6Ncg,False,True,3,1DWgS22gL6FgpAskV7oWhtaseCqZbi5X4Z|46862458|3JZXwKuGCr5pJcCAgjqqrcRKkBSqQS6Ncg,wallet|transaction|wallet,|-0.00170335|0.00761944
1DXCmkj6i8664uamVzDBFksNUmJn1iRXUw,2,wallet,3J69EhL5eZqK8WFL1tqtmyWVR7g43oiNAJ,False,True,3,1DXCmkj6i8664uamVzDBFksNUmJn1iRXUw|53782276|3J69EhL5eZqK8WFL1tqtmyWVR7g43oiNAJ,wallet|transaction|wallet,|-0.00135127|0.00823843
1Dab3aoqoSovjjSuYtDrUnpyyxCZ5dTVex,2,wallet,38n1quikEj2XbqX3xUJfBNkK8k4Wp3dNYs,False,True,3,1Dab3aoqoSovjjSuYtDrUnpyyxCZ5dTVex|92736300|38n1quikEj2XbqX3xUJfBNkK8k4Wp3dNYs,wallet|transaction|wallet,|-0.00111684|0.00792062
1DdBkiQDKyH8G8yWmei798c7HiTddb2y92,2,wallet,3MxVBmWi8dP9CTMdePb4472vMJNBudjo8q,False,True,3,1DdBkiQDKyH8G8yWmei798c7HiTddb2y92|268855050|3MxVBmWi8dP9CTMdePb4472vMJNBudjo8q,wallet|transaction|wallet,|-0.00066945|0.0079751
1Deu8SS8jTcDV8gPDTYYoeUy7UHm9HkYXB,2,wallet,19fpnWuT3JrnsfR5P1Cdru5KLEKZxeB4q9,False,True,3,1Deu8SS8jTcDV8gPDTYYoeUy7UHm9HkYXB|268800574|19fpnWuT3JrnsfR5P1Cdru5KLEKZxeB4q9,wallet|transaction|wallet,|0.000333428|0.00796872
1DfQCCRFHZQsnqQoSDbPieAiGRp3bLqUfx,2,wallet,3E8w5bcG3Zdb27cwpsnFFs6i2c5kdjCNah,False,True,3,1DfQCCRFHZQsnqQoSDbPieAiGRp3bLqUfx|130377008|3E8w5bcG3Zdb27cwpsnFFs6i2c5kdjCNah,wallet|transaction|wallet,|-0.000419706|0.00798649
1DfncZQJR3Qrzff7x9CEPKoEuxynrVXPMo,2,wallet,1HVfzbp8L9YPCSdHrF2RvJfverPi1UdpvZ,False,True,3,1DfncZQJR3Qrzff7x9CEPKoEuxynrVXPMo|98979346|1HVfzbp8L9YPCSdHrF2RvJfverPi1UdpvZ,wallet|transaction|wallet,|0.000298738|0.00789493
1DgGVRTzUUiBn98r3gv22Q1zhmZMSJvibk,2,wallet,37eLhmL47dJEnKQdfyqUn4RzcD2r75X8zB,False,True,3,1DgGVRTzUUiBn98r3gv22Q1zhmZMSJvibk|30165216|37eLhmL47dJEnKQdfyqUn4RzcD2r75X8zB,wallet|transaction|wallet,|-0.00199011|0.00745642
1DgQPUGZg67rzoQGeEQqMJESGc4whf6hEm,2,wallet,3HyqUfX7m7PNPxqgN3KkajodvFJf1y1DvX,False,True,3,1DgQPUGZg67rzoQGeEQqMJESGc4whf6hEm|312223867|3HyqUfX7m7PNPxqgN3KkajodvFJf1y1DvX,wallet|transaction|wallet,|-0.000113547|0.00778931
1DhQ8rXjSGp4Qns9Su4iyLxCpkUkX5knb,2,wallet,3656kvgPgpLC55LrL2gmPesZjcmxcAmgCL,False,True,3,1DhQ8rXjSGp4Qns9Su4iyLxCpkUkX5knb|21189498|3656kvgPgpLC55LrL2gmPesZjcmxcAmgCL,wallet|transaction|wallet,|-0.00146785|0.00786048
1Dj46q6SxqzBLTZg2fAgiy6yJrQEcLi9FZ,2,wallet,1C7YnCQZ4bx14zo7LHndhyRTSQoP47yaJ9,False,True,3,1Dj46q6SxqzBLTZg2fAgiy6yJrQEcLi9FZ|130897299|1C7YnCQZ4bx14zo7LHndhyRTSQoP47yaJ9,wallet|transaction|wallet,|0.000338793|0.00789672
1Dk8os4Z7dmVfzy99rmrb5zzgFboaRNTQS,2,wallet,3A6JRz4aaf2bMKJrcBkBLxHe9QmWKZEjzu,False,True,3,1Dk8os4Z7dmVfzy99rmrb5zzgFboaRNTQS|321252663|3A6JRz4aaf2bMKJrcBkBLxHe9QmWKZEjzu,wallet|transaction|wallet,|-0.000327349|0.00778008
1DpQqPWMk61ArUgAmoNkFjQoJDN46Kcsjr,2,wallet,3Chr55oWTDpFRGyLseKRhiK1yEDJ47UQtA,False,True,3,1DpQqPWMk61ArUgAmoNkFjQoJDN46Kcsjr|99932170|3Chr55oWTDpFRGyLseKRhiK1yEDJ47UQtA,wallet|transaction|wallet,|-0.000415146|0.00785559
1E2cyuBHLk7wAvfzScL1cRFgGuwZkA1Edv,2,wallet,3Ju12M8GcNmCdGgsi4EZwF1nAtn4PznfXp,False,True,3,1E2cyuBHLk7wAvfzScL1cRFgGuwZkA1Edv|308021481|3Ju12M8GcNmCdGgsi4EZwF1nAtn4PznfXp,wallet|transaction|wallet,|0.000426888|0.00788659
1E2k3neyxWUTmLUfqsEgBbq6oLrkFwP9v5,2,wallet,1K66oKohvLSdfpST1tvpkjwds3cK6K6Tb8,False,True,3,1E2k3neyxWUTmLUfqsEgBbq6oLrkFwP9v5|30179371|1K66oKohvLSdfpST1tvpkjwds3cK6K6Tb8,wallet|transaction|wallet,|-0.000399917|0.00822502
1E2w7wbGg3VfPp1fNYKZjPSVbfrqtAHFAj,2,wallet,13N1e5WdY6pB49carmWXbtoNx56pxmepaj,False,True,3,1E2w7wbGg3VfPp1fNYKZjPSVbfrqtAHFAj|116253609|13N1e5WdY6pB49carmWXbtoNx56pxmepaj,wallet|transaction|wallet,|0.000404507|0.00799078
1E3oNGqzpxsKeVxgwpe6x5fqWdmRW5YMu1,2,wallet,1D7ahoGnBq1Dty6ce3p5h3oMueKCdrtn3U,False,True,3,1E3oNGqzpxsKeVxgwpe6x5fqWdmRW5YMu1|84331383|1D7ahoGnBq1Dty6ce3p5h3oMueKCdrtn3U,wallet|transaction|wallet,|0.00043115|0.00797784
1EAj7rcr4FxquwGy7Kd1qrAaX7TsSD38gT,2,wallet,1JpfyERT377LdP19kJ5Cfz5j1X7Yd4AwdL,False,True,3,1EAj7rcr4FxquwGy7Kd1qrAaX7TsSD38gT|213090522|1JpfyERT377LdP19kJ5Cfz5j1X7Yd4AwdL,wallet|transaction|wallet,|-0.00137874|0.00780976
1EBqp37EQ4A3x1n87RtiY486iJpNSV7TBh,2,wallet,37yqJKYK71LVJB6JzwS8dcdPeC5yyzPvkZ,False,True,3,1EBqp37EQ4A3x1n87RtiY486iJpNSV7TBh|199956136|37yqJKYK71LVJB6JzwS8dcdPeC5yyzPvkZ,wallet|transaction|wallet,|-0.00372881|0.00596595
1EDNHmXqUX3GXpiA6TaEyNZ7hgJkFuNkqf,2,wallet,33iAE9e7qj4EcVPEEhgcgo7VFU6GVZ23aF,False,True,3,1EDNHmXqUX3GXpiA6TaEyNZ7hgJkFuNkqf|180219451|33iAE9e7qj4EcVPEEhgcgo7VFU6GVZ23aF,wallet|transaction|wallet,|-0.00330448|0.0080083
1EEwTW1AARKukdTS28mXBLRb9nP9xhLNyp,2,wallet,1JjZA7RXQu1Xgk6RJTXjm6uWrJnUqQdmeY,False,True,3,1EEwTW1AARKukdTS28mXBLRb9nP9xhLNyp|234166497|1JjZA7RXQu1Xgk6RJTXjm6uWrJnUqQdmeY,wallet|transaction|wallet,|0.000368923|0.00765789
1EMYzKTiRKXXBrxxgMcw1F6MbEGq6wmPp6,2,wallet,3HFoJainYN6hrZr3cX1w39WTdLVqpN8Pfu,False,True,3,1EMYzKTiRKXXBrxxgMcw1F6MbEGq6wmPp6|355092717|3HFoJainYN6hrZr3cX1w39WTdLVqpN8Pfu,wallet|transaction|wallet,|-0.000978768|0.00793678
1EV1iXjmDqMEQS82rSg5zmAr1LLxbrvX6R,2,wallet,18WiBkmTZCEPex98PugLNUyi4WQGzYUmsx,False,True,3,1EV1iXjmDqMEQS82rSg5zmAr1LLxbrvX6R|12112057|18WiBkmTZCEPex98PugLNUyi4WQGzYUmsx,wallet|transaction|wallet,|-0.0025585|0.00842375
1EV3ExWCK8XnXqk7Unns5t8UFoVNDiBaCq,2,wallet,3HrocemPRUUWdanxnDKPTgcZpxrZzbR3ue,False,True,3,1EV3ExWCK8XnXqk7Unns5t8UFoVNDiBaCq|331536652|3HrocemPRUUWdanxnDKPTgcZpxrZzbR3ue,wallet|transaction|wallet,|0.000445098|0.00788456
1EX2H8gP7P9qSDc9waCHFcG5QsDjy3DTMd,2,wallet,1CvZ8CA8jrPVzZ216BAx3q9tt7eWaDhM8b,False,True,3,1EX2H8gP7P9qSDc9waCHFcG5QsDjy3DTMd|208930302|1CvZ8CA8jrPVzZ216BAx3q9tt7eWaDhM8b,wallet|transaction|wallet,|0.000485003|0.00784975
1EaAYFsSxQhxSYiPDQcXHJUQBQtAHBKkcT,2,wallet,15pj7CYEuVtfbWdi9GY8xXWKskhAapsQDG,False,True,3,1EaAYFsSxQhxSYiPDQcXHJUQBQtAHBKkcT|241129515|15pj7CYEuVtfbWdi9GY8xXWKskhAapsQDG,wallet|transaction|wallet,|0.000485331|-0.968771
1EavwgNxN7RQkW1yNZz9SfXj6sQXaV91aD,2,wallet,1BfRNp8yTKsxwKsCvE6bUjJ92RDiPXvkfq,False,True,3,1EavwgNxN7RQkW1yNZz9SfXj6sQXaV91aD|376207744|1BfRNp8yTKsxwKsCvE6bUjJ92RDiPXvkfq,wallet|transaction|wallet,|0.000149161|0.00808454
1EbsZdCeuQ8chs62hDn1iZrbAM1DbHLbap,2,wallet,1FdasHzRoDqb5BkJggxeGSFuBWnjKbcGaA,False,True,3,1EbsZdCeuQ8chs62hDn1iZrbAM1DbHLbap|97009620|1FdasHzRoDqb5BkJggxeGSFuBWnjKbcGaA,wallet|transaction|wallet,|-0.000750452|0.00818986
1EcbRghDnxuxjMyqz1eppWbpH97f2pSpFa,2,wallet,3PYgjeCdDCg6vsrmUDGRKacaWRMKFEGHvi,False,True,3,1EcbRghDnxuxjMyqz1eppWbpH97f2pSpFa|165594204|3PYgjeCdDCg6vsrmUDGRKacaWRMKFEGHvi,wallet|transaction|wallet,|-0.000339925|0.00796723
1EhoSBYgBUFf5xgM6HMqGYGUgCpKfKVN1c,2,wallet,38yJ1qqrZ2721hF6m6t9sVq9GhDroq8xcD,False,True,3,1EhoSBYgBUFf5xgM6HMqGYGUgCpKfKVN1c|237370504|38yJ1qqrZ2721hF6m6t9sVq9GhDroq8xcD,wallet|transaction|wallet,|-0.00366312|0.00782102
1EjqGRwnMTgkPJT6DGpR4G6fo9N81mE1M1,2,wallet,1Q9M6WmqLAB2YXAB2ufgVYcUdXEWW6Pm9t,False,True,3,1EjqGRwnMTgkPJT6DGpR4G6fo9N81mE1M1|355962407|1Q9M6WmqLAB2YXAB2ufgVYcUdXEWW6Pm9t,wallet|transaction|wallet,|0.000165612|0.00814092
1Eo65vStapTAcA4FR1E2NHS7pzLzob12s1,2,wallet,3HXRMd8696BAY515LdG8gL9psf1R2CzqB9,False,True,3,1Eo65vStapTAcA4FR1E2NHS7pzLzob12s1|288602158|3HXRMd8696BAY515LdG8gL9psf1R2CzqB9,wallet|transaction|wallet,|-0.00213015|0.00824231
1EpC9eBqX5N7S7JvsAKsQRqeYkYZ6HHxZV,2,wallet,384iDvF1BLbEyCfy8hn94iSbmQZrCdXLMq,False,True,3,1EpC9eBqX5N7S7JvsAKsQRqeYkYZ6HHxZV|7877502|384iDvF1BLbEyCfy8hn94iSbmQZrCdXLMq,wallet|transaction|wallet,|-0.00256407|0.00851309
1EpN67u4zRM75cvjgvt2bnTpiyW89zNjix,2,wallet,384iDvF1BLbEyCfy8hn94iSbmQZrCdXLMq,False,True,3,1EpN67u4zRM75cvjgvt2bnTpiyW89zNjix|7877502|384iDvF1BLbEyCfy8hn94iSbmQZrCdXLMq,wallet|transaction|wallet,|-0.00256407|0.00851309
1Erx6c6w1guJMY91651p17qnR5K4ZGVMfC,2,wallet,3JdH915hUuu39oTPjMFnmjjGY1BCrk5EU1,False,True,3,1Erx6c6w1guJMY91651p17qnR5K4ZGVMfC|85005412|3JdH915hUuu39oTPjMFnmjjGY1BCrk5EU1,wallet|transaction|wallet,|0.00038892|0.00797248
1EshNsC478YF1enBn1wkUD5P6LGvfGgFMN,2,wallet,1EctfqZtHqkENQ84skkgU7R5eMDJ9AK2gm,False,True,3,1EshNsC478YF1enBn1wkUD5P6LGvfGgFMN|92560136|1EctfqZtHqkENQ84skkgU7R5eMDJ9AK2gm,wallet|transaction|wallet,|-0.000280172|0.0081383
1EuZfNetnytRJQqyBkjdqtcUYKPyPgBMWN,2,wallet,3PeK3kfXJEFihTSYM3svfAzTWHvoxidL4M,False,True,3,1EuZfNetnytRJQqyBkjdqtcUYKPyPgBMWN|165065715|3PeK3kfXJEFihTSYM3svfAzTWHvoxidL4M,wallet|transaction|wallet,|0.00210387|0.00799263
1Eup3sFV5XMckk3WYwu5qFk6a1Y7fxffHJ,2,wallet,1JBHhCZLJHZpYtKu63Fjc73AnevR2Fc3sM,False,True,3,1Eup3sFV5XMckk3WYwu5qFk6a1Y7fxffHJ|50306363|1JBHhCZLJHZpYtKu63Fjc73AnevR2Fc3sM,wallet|transaction|wallet,|-0.000867158|0.00833178
1Ey3dhcHabdCiV9S2EmH6RH8SvmwDsyKRP,2,wallet,371vQhHcNAK6nqtngJ3H4NFXaGxmqRvNk3,False,True,3,1Ey3dhcHabdCiV9S2EmH6RH8SvmwDsyKRP|288471753|371vQhHcNAK6nqtngJ3H4NFXaGxmqRvNk3,wallet|transaction|wallet,|-0.00179678|0.00824052
1EySn6oG9Exe3898uEuQxqqaoRsjSmzgKS,2,wallet,1B1wpKHCVSdgss6t2HngjjToTFv5PyVpcD,False,True,3,1EySn6oG9Exe3898uEuQxqqaoRsjSmzgKS|84355177|1B1wpKHCVSdgss6t2HngjjToTFv5PyVpcD,wallet|transaction|wallet,|0.000409484|0.00798178
1F1nFWW1x7Rk3FL8VQBMgfFD6z3v9SkNmc,2,wallet,3A6JRz4aaf2bMKJrcBkBLxHe9QmWKZEjzu,False,True,3,1F1nFWW1x7Rk3FL8VQBMgfFD6z3v9SkNmc|321252663|3A6JRz4aaf2bMKJrcBkBLxHe9QmWKZEjzu,wallet|transaction|wallet,|-0.000327349|0.00778008
1F6SAPGftES3ZxuDhgcZEGQsYzhN1GoAJb,2,wallet,3P486udnNAi3qpvdJ7HJaVGKyMQznmBnQw,False,True,3,1F6SAPGftES3ZxuDhgcZEGQsYzhN1GoAJb|312108743|3P486udnNAi3qpvdJ7HJaVGKyMQznmBnQw,wallet|transaction|wallet,|-0.000762999|0.00792962
1F9u134txG3PzmA8ygiAatEmD9YmCo2K4d,2,wallet,1JfzKZVpXLQFYM2cBwWfNyLTC8wHpDzmqY,False,True,3,1F9u134txG3PzmA8ygiAatEmD9YmCo2K4d|272481965|1JfzKZVpXLQFYM2cBwWfNyLTC8wHpDzmqY,wallet|transaction|wallet,|0.000815362|0.0079692
1FALyYWev9DVj1r9SZLz4VdAwC5dzuB3AC,2,wallet,3DHwSm3Q5Z3PHHVKWE43FiUKo9ijo6LrUe,False,True,3,1FALyYWev9DVj1r9SZLz4VdAwC5dzuB3AC|54767680|3DHwSm3Q5Z3PHHVKWE43FiUKo9ijo6LrUe,wallet|transaction|wallet,|-0.00187546|0.0076772
1FAMczJMS2Eh81HhENkh7t5Wpwwf642F5U,2,wallet,144ZFfucFXteQzEC245xmEQn9ijKfkd53d,False,True,3,1FAMczJMS2Eh81HhENkh7t5Wpwwf642F5U|65356275|144ZFfucFXteQzEC245xmEQn9ijKfkd53d,wallet|transaction|wallet,|-0.000342458|0.00816834
1FAmU3RyV4fM9CKcaZ29bMF5GpLW55MuMM,2,wallet,3GvttFqFUwXGZAQbjXAJgR5a7MV1vp4Urx,False,True,3,1FAmU3RyV4fM9CKcaZ29bMF5GpLW55MuMM|84373476|3GvttFqFUwXGZAQbjXAJgR5a7MV1vp4Urx,wallet|transaction|wallet,|-0.000169903|0.00797826
1FBoYi7uF6G9vpU3KvQBmqjTgPWRfqhtph,2,wallet,1GzzkPUG94WHXgPkdCUpEsKyG95GAh6wqW,False,True,3,1FBoYi7uF6G9vpU3KvQBmqjTgPWRfqhtph|105447996|1GzzkPUG94WHXgPkdCUpEsKyG95GAh6wqW,wallet|transaction|wallet,|-0.000130653|0.00841826
1FEp6Zx3tkk3rgshKCV3AbhyQifGfFpTP8,2,wallet,354nJAzZaw3CGbqNtNEPPh7w9WZvCgxark,False,True,3,1FEp6Zx3tkk3rgshKCV3AbhyQifGfFpTP8|268861287|354nJAzZaw3CGbqNtNEPPh7w9WZvCgxark,wallet|transaction|wallet,|-0.000393808|0.00785398
1FEup2ixsz2g79muyiyzgMSAqa9WU5xx55,2,wallet,3BXHgUeTgsz6QeKcrhauKGjor5u63GGfW6,False,True,3,1FEup2ixsz2g79muyiyzgMSAqa9WU5xx55|268849739|3BXHgUeTgsz6QeKcrhauKGjor5u63GGfW6,wallet|transaction|wallet,|0.000285029|0.00794756
1FFziVrp4VXddMwPniuANrLu7NddiPXPxP,2,wallet,13xyyTymEp91gQr9iQ3AfTJX5LYe1LCxFK,False,True,3,1FFziVrp4VXddMwPniuANrLu7NddiPXPxP|30179369|13xyyTymEp91gQr9iQ3AfTJX5LYe1LCxFK,wallet|transaction|wallet,|-0.000474632|0.00822604
1FJqNKxwjoQnmdGqx6Fjd5r7pxNQYXuCZR,2,wallet,3JF6gzYu4amnWNWyysA4DioEeUz2Z4Xx1R,False,True,3,1FJqNKxwjoQnmdGqx6Fjd5r7pxNQYXuCZR|29623995|3JF6gzYu4amnWNWyysA4DioEeUz2Z4Xx1R,wallet|transaction|wallet,|-0.000607371|0.00818384
1FLktbDyHuqGk62MaKJ1b6NK5hah3VRGYb,2,wallet,1JsF35yFwJ51CgQ5jzLagaBpe7QxBjdib6,False,True,3,1FLktbDyHuqGk62MaKJ1b6NK5hah3VRGYb|97009619|1JsF35yFwJ51CgQ5jzLagaBpe7QxBjdib6,wallet|transaction|wallet,|-0.00092572|0.008228
1FPMsFMyZjVb8s5toDBgZMcWp5LtMa4T2L,2,wallet,3EJvgztcJzTrtMq1GNTRAV5AL2Cm4FSFsm,False,True,3,1FPMsFMyZjVb8s5toDBgZMcWp5LtMa4T2L|85005396|3EJvgztcJzTrtMq1GNTRAV5AL2Cm4FSFsm,wallet|transaction|wallet,|-0.00341645|0.00626868
1FPWf5PzYU2jWbwmuDHSpAUQxSsbfBdqWh,2,wallet,3QSH1F39FWPsppABMxcaXBqAGR8fUG39Q4,False,True,3,1FPWf5PzYU2jWbwmuDHSpAUQxSsbfBdqWh|99677409|3QSH1F39FWPsppABMxcaXBqAGR8fUG39Q4,wallet|transaction|wallet,|0.00877792|0.0078938
1FSXSnf99qy5XtNhY8FY2ktmuonik8wHj6,2,wallet,3JiQjbfo1dzL2x4AHbZmqMYsP2PQNT9Fd3,False,True,3,1FSXSnf99qy5XtNhY8FY2ktmuonik8wHj6|10864015|3JiQjbfo1dzL2x4AHbZmqMYsP2PQNT9Fd3,wallet|transaction|wallet,|-0.0010514|0.00802648
1FSjyV4qSdVxBM2vbjpaMSYuG1TRubwMj6,2,wallet,3JUhZcHa3ZS8osXwvouZs3tAHd7t6z5PQS,False,True,3,1FSjyV4qSdVxBM2vbjpaMSYuG1TRubwMj6|99675953|3JUhZcHa3ZS8osXwvouZs3tAHd7t6z5PQS,wallet|transaction|wallet,|0.000171393|0.00784636
1FTsC3T1oRap35nhRYAkvpwsFvH3e9LuHE,2,wallet,17VjaGj9BbKVW1qVyXjN9n4W7N6NQ9vBAC,False,True,3,1FTsC3T1oRap35nhRYAkvpwsFvH3e9LuHE|95601893|17VjaGj9BbKVW1qVyXjN9n4W7N6NQ9vBAC,wallet|transaction|wallet,|-0.000151545|0.00811726
1FUEt8itNJ9eYsYpHC3FkTnF8xsGpbgX52,2,wallet,3DUe52yBXSGUmiusVQdeuQdKQmHjWXwcW7,False,True,3,1FUEt8itNJ9eYsYpHC3FkTnF8xsGpbgX52|26560265|3DUe52yBXSGUmiusVQdeuQdKQmHjWXwcW7,wallet|transaction|wallet,|-0.00522363|0.00752163
1FWhNKV8Ae3Jo6praBuE5CeYNUiSyNmEKA,2,wallet,3CYQR53n8CxDRZMNtkt1AGo8mCByMxuCXq,False,True,3,1FWhNKV8Ae3Jo6praBuE5CeYNUiSyNmEKA|268856573|3CYQR53n8CxDRZMNtkt1AGo8mCByMxuCXq,wallet|transaction|wallet,|-0.000452757|0.00784385
1FYFTYHjhbd5f87UwfiTGvk2sHxpYh9iuC,2,wallet,16jA3UFPf8YvD3skeXdogWEDccp6ioADdr,False,True,3,1FYFTYHjhbd5f87UwfiTGvk2sHxpYh9iuC|170582752|16jA3UFPf8YvD3skeXdogWEDccp6ioADdr,wallet|transaction|wallet,|0.000425071|0.00797021
1Fa9KqUqxuAgcdwYTgpUZ5Rf6ZPPEWkxn7,2,wallet,3K1UvCA5gDJd2r3MAwHKntYo4vKUSZbhe8,False,True,3,1Fa9KqUqxuAgcdwYTgpUZ5Rf6ZPPEWkxn7|14112275|3K1UvCA5gDJd2r3MAwHKntYo4vKUSZbhe8,wallet|transaction|wallet,|-0.00334895|-0.964714
1FasbCxU9KVQhtmHzShUs2QVcqHDM95z9g,2,wallet,1GHsHZUDVAKyuKXdgeuDZUJFf9kW44Bib4,False,True,3,1FasbCxU9KVQhtmHzShUs2QVcqHDM95z9g|12776876|1GHsHZUDVAKyuKXdgeuDZUJFf9kW44Bib4,wallet|transaction|wallet,|-0.00202501|0.0032028
1Fcn1a4Xw3uoeU2kk2WRGwKoWJ9BA63eJj,2,wallet,1PTYsMiJKqZssSoy7m6nifTjNb4V8sdgw6,False,True,3,1Fcn1a4Xw3uoeU2kk2WRGwKoWJ9BA63eJj|195422283|1PTYsMiJKqZssSoy7m6nifTjNb4V8sdgw6,wallet|transaction|wallet,|-0.000679255|0.00834101
1FdF7QM9vU5YSXdxjSMJNqBUzWHmp8o6B6,2,wallet,1KcJtaJzvftrBPRscQhWCHGGG5rmkudnL8,False,True,3,1FdF7QM9vU5YSXdxjSMJNqBUzWHmp8o6B6|208930299|1KcJtaJzvftrBPRscQhWCHGGG5rmkudnL8,wallet|transaction|wallet,|0.000456572|0.00785184
1Fh9RtEDWHPG2QL1G3WFadukW5VgP4dfYP,2,wallet,3DWZmFW3sc2ZW1JQSQaXMQbQDbeECz4KLK,False,True,3,1Fh9RtEDWHPG2QL1G3WFadukW5VgP4dfYP|74815310|3DWZmFW3sc2ZW1JQSQaXMQbQDbeECz4KLK,wallet|transaction|wallet,|-0.00416762|-0.968757
1FigfkiEwCWTtqg17Vh3tmxsQuPfmVUMxE,2,wallet,13cBZt2p6UGe7yvUFg7KDHpsDbJjLT89qk,False,True,3,1FigfkiEwCWTtqg17Vh3tmxsQuPfmVUMxE|268969043|13cBZt2p6UGe7yvUFg7KDHpsDbJjLT89qk,wallet|transaction|wallet,|0.00042662|0.00797021
1FirRGh1rw5LsAukjFQgeo9A7JBvDc9q1d,2,wallet,16EQy1bDF2NyawvnXAiXjnSHHDbZn2DiDx,False,True,3,1FirRGh1rw5LsAukjFQgeo9A7JBvDc9q1d|195422169|16EQy1bDF2NyawvnXAiXjnSHHDbZn2DiDx,wallet|transaction|wallet,|-0.000899553|0.00835568
1FmuoxTvvbf9vYX8KXQ8tYpotSmxfpHSxv,2,wallet,371vQhHcNAK6nqtngJ3H4NFXaGxmqRvNk3,False,True,3,1FmuoxTvvbf9vYX8KXQ8tYpotSmxfpHSxv|288471753|371vQhHcNAK6nqtngJ3H4NFXaGxmqRvNk3,wallet|transaction|wallet,|-0.00179678|0.00824052
1Fpv8p2fFMpNvGSnXW6KmykCVmzvbRqAQG,2,wallet,164k4PHuAYjrdtEszhLfWd16F1yhtyv6Hi,False,True,3,1Fpv8p2fFMpNvGSnXW6KmykCVmzvbRqAQG|105879142|164k4PHuAYjrdtEszhLfWd16F1yhtyv6Hi,wallet|transaction|wallet,|-0.000338376|0.0083847
1FqPQdkQwExgSXDdg5SGJRcwFpVWfUdefC,2,wallet,14ScjKLSeh71nh778Fuyqeku66P5rzuL4A,False,True,3,1FqPQdkQwExgSXDdg5SGJRcwFpVWfUdefC|69769534|14ScjKLSeh71nh778Fuyqeku66P5rzuL4A,wallet|transaction|wallet,|-0.000625879|0.00818682
1FvQK3p1rGoPwb22rUZmqbLjRoDqBYX5yT,2,wallet,3Bpbev1NCGA2yJBao8yVzNYFe7boER3b4F,False,True,3,1FvQK3p1rGoPwb22rUZmqbLjRoDqBYX5yT|332329138|3Bpbev1NCGA2yJBao8yVzNYFe7boER3b4F,wallet|transaction|wallet,|0.000132859|0.00785196
1FwYNJseyYKxDH8ippeL9dLPQqN4WJrdcY,2,wallet,3JhcKB7Bs7A2w9QAejRqwYzihVKp1Ay57z,False,True,3,1FwYNJseyYKxDH8ippeL9dLPQqN4WJrdcY|33843382|3JhcKB7Bs7A2w9QAejRqwYzihVKp1Ay57z,wallet|transaction|wallet,|-0.00212917|0.00832617
1G1ns6ZDgdSmvyWJc15cTbXxTxXKYR2EU3,2,wallet,19qkGpPHnLVAEYujangvqJm3LZYUjDCUdt,False,True,3,1G1ns6ZDgdSmvyWJc15cTbXxTxXKYR2EU3|331610689|19qkGpPHnLVAEYujangvqJm3LZYUjDCUdt,wallet|transaction|wallet,|0.000871062|0.00794178
1G8kLqobttQXQtMvNeM594JdrdMXvcva5Q,2,wallet,3DWZmFW3sc2ZW1JQSQaXMQbQDbeECz4KLK,False,True,3,1G8kLqobttQXQtMvNeM594JdrdMXvcva5Q|74815310|3DWZmFW3sc2ZW1JQSQaXMQbQDbeECz4KLK,wallet|transaction|wallet,|-0.00416762|-0.968757
1G8yPabEjtMrzZRyfFDJcsP4tWEWd9Vmt1,2,wallet,3McM6pZhEuHj7zeMV4Hrk4Na4NxQGsJpbH,False,True,3,1G8yPabEjtMrzZRyfFDJcsP4tWEWd9Vmt1|99942296|3McM6pZhEuHj7zeMV4Hrk4Na4NxQGsJpbH,wallet|transaction|wallet,|-0.00149789|0.0295898
1GEMgfKsmrf4EZc1joF65xYzfNCCmBUUak,2,wallet,1HmNvWvYYjN4RccEyaYq3bL23g8NU5fHoZ,False,True,3,1GEMgfKsmrf4EZc1joF65xYzfNCCmBUUak|154828129|1HmNvWvYYjN4RccEyaYq3bL23g8NU5fHoZ,wallet|transaction|wallet,|0.00039959|0.00794631
1GHXEhzaPyDDo8MUVqvjxxfQ6xDj25N9TW,2,wallet,3CYQR53n8CxDRZMNtkt1AGo8mCByMxuCXq,False,True,3,1GHXEhzaPyDDo8MUVqvjxxfQ6xDj25N9TW|268856573|3CYQR53n8CxDRZMNtkt1AGo8mCByMxuCXq,wallet|transaction|wallet,|-0.000452757|0.00784385
1GJKfrVSwiR1T5iZ759Q9NhK1YXzL8Dz1y,2,wallet,33zfgTVEPBSjFLQggZV8UbXBS59ydy66iM,False,True,3,1GJKfrVSwiR1T5iZ759Q9NhK1YXzL8Dz1y|84375307|33zfgTVEPBSjFLQggZV8UbXBS59ydy66iM,wallet|transaction|wallet,|-0.000456512|0.00786388
1GK6y5Ts68goQjPrUC48aCbsx3ATEyzucw,2,wallet,1F9k9RjHK6Gsfsoz27EA5YpQYo9ASakZXz,False,True,3,1GK6y5Ts68goQjPrUC48aCbsx3ATEyzucw|269535654|1F9k9RjHK6Gsfsoz27EA5YpQYo9ASakZXz,wallet|transaction|wallet,|0.00033465|0.0079686
1GLfsnRnaPGwGAQwWwdqctJz35sA21gNjq,2,wallet,3AXRsxKrCYSDMqHWsvKguikFD2PJXGPi9s,False,True,3,1GLfsnRnaPGwGAQwWwdqctJz35sA21gNjq|84374815|3AXRsxKrCYSDMqHWsvKguikFD2PJXGPi9s,wallet|transaction|wallet,|-0.000582606|0.00785899
1GN3GVTc7KfaN1agwurVHoJbnmo81ybwAC,2,wallet,1HeGJeDHMYwANTmrpghQXPQWTtvb5Ewj5r,False,True,3,1GN3GVTc7KfaN1agwurVHoJbnmo81ybwAC|268803403|1HeGJeDHMYwANTmrpghQXPQWTtvb5Ewj5r,wallet|transaction|wallet,|0.000354499|0.0079686
1GNyM1XUsr7YjMR6wPWVC79aWr8vaDwPzn,2,wallet,36x1zwGQ9Nt5nmG5Ejt2PAdk1Exib6iyGk,False,True,3,1GNyM1XUsr7YjMR6wPWVC79aWr8vaDwPzn|355505391|36x1zwGQ9Nt5nmG5Ejt2PAdk1Exib6iyGk,wallet|transaction|wallet,|-0.00126207|0.00816905
1GTENyCT63cPKzESt2b4Pg1AMKvpNMDPrV,2,wallet,15WKW1Y4mqFnx9Nn3gnmg2rin2VNmMFBvE,False,True,3,1GTENyCT63cPKzESt2b4Pg1AMKvpNMDPrV|84334491|15WKW1Y4mqFnx9Nn3gnmg2rin2VNmMFBvE,wallet|transaction|wallet,|0.000478804|0.0079751
1GTVNZofQXFXjUhhFdRFwhFabtdRUJBhjK,2,wallet,1CjbJs3CqYDqyvzpmk1p7t2TX9Cch1DcNb,False,True,3,1GTVNZofQXFXjUhhFdRFwhFabtdRUJBhjK|28717433|1CjbJs3CqYDqyvzpmk1p7t2TX9Cch1DcNb,wallet|transaction|wallet,|0.000130028|0.00799555
1GXkbHWUS2W45VR79ztynguDV3b5PZCcXd,2,wallet,3CKzy45kiKpV1X3RaHRTwqx1oS54DCH7AR,False,True,3,1GXkbHWUS2W45VR79ztynguDV3b5PZCcXd|92727250|3CKzy45kiKpV1X3RaHRTwqx1oS54DCH7AR,wallet|transaction|wallet,|-0.00120333|0.00792754
1GeZLc2CxDWKPEwV7iACNkBRcMtqB16UHD,2,wallet,1PAY8LScygmUKkp9kq2keHFzqviGazf7T6,False,True,3,1GeZLc2CxDWKPEwV7iACNkBRcMtqB16UHD|105432250|1PAY8LScygmUKkp9kq2keHFzqviGazf7T6,wallet|transaction|wallet,|-0.000523865|0.00838107
1GfUF5ePLp98FYF8LZ6VdMpsJUr41Hc7kB,2,wallet,3FfKvRjCg3Ev3Li5Ly5ybZL2itAn2TCjji,False,True,3,1GfUF5ePLp98FYF8LZ6VdMpsJUr41Hc7kB|286848744|3FfKvRjCg3Ev3Li5Ly5ybZL2itAn2TCjji,wallet|transaction|wallet,|-0.000545949|0.0077427
1GgM2yygXXQ5iAWyCbgkUiVWnbWH2xx1Fq,2,wallet,1Q8YhgGgC7Movu8HgBH2gQEAE7bZWWLGot,False,True,3,1GgM2yygXXQ5iAWyCbgkUiVWnbWH2xx1Fq|9565016|1Q8YhgGgC7Movu8HgBH2gQEAE7bZWWLGot,wallet|transaction|wallet,|-0.00230786|0.00710648
1GgYtchLhG9df4uWL1czP9xBSieWaaGZeJ,2,wallet,3Fh5oUbSstctygQNwFGjNmWbfEvCFh2ndy,False,True,3,1GgYtchLhG9df4uWL1czP9xBSieWaaGZeJ|32998848|3Fh5oUbSstctygQNwFGjNmWbfEvCFh2ndy,wallet|transaction|wallet,|0.00224641|0.00861853
1GhN8YynyZsjehXTo7eXm8TVPTMTUVFgQ1,2,wallet,3A6JRz4aaf2bMKJrcBkBLxHe9QmWKZEjzu,False,True,3,1GhN8YynyZsjehXTo7eXm8TVPTMTUVFgQ1|321252663|3A6JRz4aaf2bMKJrcBkBLxHe9QmWKZEjzu,wallet|transaction|wallet,|-0.000327349|0.00778008
1Gi8mFLU9i5n1nynsnkduBCwxo59jeMJbU,2,wallet,12myLZM16peDfb9CodmBnBTpV7jmDxU994,False,True,3,1Gi8mFLU9i5n1nynsnkduBCwxo59jeMJbU|269103984|12myLZM16peDfb9CodmBnBTpV7jmDxU994,wallet|transaction|wallet,|0.000316739|0.00797397
1GigAjvg6nFGRyMpL2EXUUYnEos3tgrnqy,2,wallet,3MT3Mb97MngvMuntp8yhNkDTLcNbhYD1uZ,False,True,3,1GigAjvg6nFGRyMpL2EXUUYnEos3tgrnqy|74217339|3MT3Mb97MngvMuntp8yhNkDTLcNbhYD1uZ,wallet|transaction|wallet,|-0.00288707|0.00837481
1GjURFRn9EwCMUuYEt2uKnH9Jj3UcFdY5m,2,wallet,38n1quikEj2XbqX3xUJfBNkK8k4Wp3dNYs,False,True,3,1GjURFRn9EwCMUuYEt2uKnH9Jj3UcFdY5m|92736300|38n1quikEj2XbqX3xUJfBNkK8k4Wp3dNYs,wallet|transaction|wallet,|-0.00111684|0.00792062
1GnJxdDh5D9LffAUJtUWqFfA2kniuWVuvj,2,wallet,3NGEaUcni4jrk8v2JNLpEFUxrtQ1ogh8fT,False,True,3,1GnJxdDh5D9LffAUJtUWqFfA2kniuWVuvj|171324635|3NGEaUcni4jrk8v2JNLpEFUxrtQ1ogh8fT,wallet|transaction|wallet,|-0.00122157|-0.284404
1GoN1j1BcB8JWoLifTbVvwNjSzxFiqToii,2,wallet,1MHiMMgmTrmAm6dZsGUHs6Mx4aHWCoshXW,False,True,3,1GoN1j1BcB8JWoLifTbVvwNjSzxFiqToii|99676904|1MHiMMgmTrmAm6dZsGUHs6Mx4aHWCoshXW,wallet|transaction|wallet,|0.000847459|0.00789732
1Goi1Gf4sMczxjUbD6FczPeFgJqXtSb1Ep,2,wallet,3FGBJuzdemVyUsFHgufrwpDtwKLn9MQrMC,False,True,3,1Goi1Gf4sMczxjUbD6FczPeFgJqXtSb1Ep|378282537|3FGBJuzdemVyUsFHgufrwpDtwKLn9MQrMC,wallet|transaction|wallet,|0.000620842|0.0077585
1GpdkXHCUd37WofUxjfgQuv3yiHwBPtb5f,2,wallet,3APfQBwo6LWz7gzEw7vKhJtq9CLHo4egEn,False,True,3,1GpdkXHCUd37WofUxjfgQuv3yiHwBPtb5f|272175846|3APfQBwo6LWz7gzEw7vKhJtq9CLHo4egEn,wallet|transaction|wallet,|0.000157207|0.00794208
1GrRLT3mLY3SXmtDyrpaj1QU7oqwMUyKfL,2,wallet,12PWhRytnBWeiiAqkqMmCBSP9o9LNHRvnE,False,True,3,1GrRLT3mLY3SXmtDyrpaj1QU7oqwMUyKfL|54837248|12PWhRytnBWeiiAqkqMmCBSP9o9LNHRvnE,wallet|transaction|wallet,|-0.000190973|0.00816005
1GvW1ZVkgch7KuiqhHEAk5V8oTp5AvzCc1,2,wallet,3DCN35XtoUYSdcAht9W2gS3PSPGkMT7Pbg,False,True,3,1GvW1ZVkgch7KuiqhHEAk5V8oTp5AvzCc1|72897869|3DCN35XtoUYSdcAht9W2gS3PSPGkMT7Pbg,wallet|transaction|wallet,|-0.00165361|0.00830275
1GvqzQ3n4p1n4bHDi6i5wFyQKAa1cGioW7,2,wallet,1FezJ3QiCbgKj4bBLUkyHqBVZmHAehuTy4,False,True,3,1GvqzQ3n4p1n4bHDi6i5wFyQKAa1cGioW7|269103150|1FezJ3QiCbgKj4bBLUkyHqBVZmHAehuTy4,wallet|transaction|wallet,|0.000320375|0.00797385
1Gw5TznAmFA3GzkdEZNyoEPY5KQKY8TSoB,2,wallet,39GiYKFDVet8muRVCCXZiedfpCbiwXXvfH,False,True,3,1Gw5TznAmFA3GzkdEZNyoEPY5KQKY8TSoB|331577360|39GiYKFDVet8muRVCCXZiedfpCbiwXXvfH,wallet|transaction|wallet,|0.000360399|0.00787216
1GwNamFAE2DZCHUXWrqCgGB4mM46ynEpSS,2,wallet,3PeK3kfXJEFihTSYM3svfAzTWHvoxidL4M,False,True,3,1GwNamFAE2DZCHUXWrqCgGB4mM46ynEpSS|165065715|3PeK3kfXJEFihTSYM3svfAzTWHvoxidL4M,wallet|transaction|wallet,|0.00210387|0.00799263
1GyM9sZcJUFA9kujfku6MQKvPxSx3JGSwW,2,wallet,34RjVG2iTbqpCnDomYYQi58wFUaM8eSN58,False,True,3,1GyM9sZcJUFA9kujfku6MQKvPxSx3JGSwW|85004968|34RjVG2iTbqpCnDomYYQi58wFUaM8eSN58,wallet|transaction|wallet,|-0.00118774|0.00772983
1H1xUrVEekKvf6DY7nrtp5KxDd2pnzdaVX,2,wallet,3HHdfBTCZbfiy5ja41SyTAdV9Equ2DsamA,False,True,3,1H1xUrVEekKvf6DY7nrtp5KxDd2pnzdaVX|29132574|3HHdfBTCZbfiy5ja41SyTAdV9Equ2DsamA,wallet|transaction|wallet,|-0.00057447|0.00829959
1H3WsRKurHaJJpS4N8G1oDwKwL9YQ9obqi,2,wallet,35oEwtDvrG1L8hLvunUymhfrtt5jxWqRaK,False,True,3,1H3WsRKurHaJJpS4N8G1oDwKwL9YQ9obqi|272115163|35oEwtDvrG1L8hLvunUymhfrtt5jxWqRaK,wallet|transaction|wallet,|0.000432253|0.00793916
1H6ypkJ1aXhecEgwM8rcb9GZjuBY4GSuWJ,2,wallet,14tNuPzkjGwpFRN2oNBZDKXa4VBE1CrZwc,False,True,3,1H6ypkJ1aXhecEgwM8rcb9GZjuBY4GSuWJ|14063348|14tNuPzkjGwpFRN2oNBZDKXa4VBE1CrZwc,wallet|transaction|wallet,|-0.00283757|0.00680697
1H8crEqqNhinoRgcEzUm9mDDWUzf9vciiG,2,wallet,36XCkQ8GcAU3FkbcJJt5C86CqqHKcA1XGu,False,True,3,1H8crEqqNhinoRgcEzUm9mDDWUzf9vciiG|156195659|36XCkQ8GcAU3FkbcJJt5C86CqqHKcA1XGu,wallet|transaction|wallet,|-0.000231951|0.00787014
1H91gmioi3ug8dA2ZJsyrbH4Dp1WNWSTrN,2,wallet,34gBuya6FPwX18kZgxw7FZ6WqpDc9y3h5A,False,True,3,1H91gmioi3ug8dA2ZJsyrbH4Dp1WNWSTrN|100785151|34gBuya6FPwX18kZgxw7FZ6WqpDc9y3h5A,wallet|transaction|wallet,|0.000153452|0.00788057
1HCx3xX3Ut7v6GjMEyjj7tivTnStWA4qRV,2,wallet,335FwFN25mqT9SvZywWe89qf4EZbPxMKy1,False,True,3,1HCx3xX3Ut7v6GjMEyjj7tivTnStWA4qRV|32168716|335FwFN25mqT9SvZywWe89qf4EZbPxMKy1,wallet|transaction|wallet,|-0.00567639|0.00843954
1HG7gdWk6G1Zr5zLSjhSPzf2bRC6TyxkZE,2,wallet,3N9CS2rGTzK4RzLkWFe84wD29xXuPFnWfw,False,True,3,1HG7gdWk6G1Zr5zLSjhSPzf2bRC6TyxkZE|21701127|3N9CS2rGTzK4RzLkWFe84wD29xXuPFnWfw,wallet|transaction|wallet,|-0.00140351|0.00815105
1HHLjNToQJwUzFWzWh4ArWzaNdE7bB3E5B,2,wallet,39Eg5wWaqf2vSPcRF1AoVb3QDhzb2PoqtW,False,True,3,1HHLjNToQJwUzFWzWh4ArWzaNdE7bB3E5B|215598240|39Eg5wWaqf2vSPcRF1AoVb3QDhzb2PoqtW,wallet|transaction|wallet,|-0.00181195|0.00816584
1HHRGJ52hfaXLjLMB6DhS8fRiLYrN4nfbc,2,wallet,33wrgQ7kYaTAcPcujppvAaTDyhW2pr7zB3,False,True,3,1HHRGJ52hfaXLjLMB6DhS8fRiLYrN4nfbc|332328678|33wrgQ7kYaTAcPcujppvAaTDyhW2pr7zB3,wallet|transaction|wallet,|-0.00169131|0.00794369
1HKMNhhxdZVT8TuqPt1JzqoadF4N9hu5L6,2,wallet,37TE9LvzjhLaXpo8D677b9UTFDNsCZ6Jff,False,True,3,1HKMNhhxdZVT8TuqPt1JzqoadF4N9hu5L6|54705516|37TE9LvzjhLaXpo8D677b9UTFDNsCZ6Jff,wallet|transaction|wallet,|0.00150484|-0.968781
1HNLxbJvJSJ2KEveGeW8SNxcyErHna8HVv,2,wallet,34Uawv8jZkHU1yJyVajSkD5QCassxaQ3K6,False,True,3,1HNLxbJvJSJ2KEveGeW8SNxcyErHna8HVv|26547856|34Uawv8jZkHU1yJyVajSkD5QCassxaQ3K6,wallet|transaction|wallet,|-0.000672758|0.00809383
1HPRtUDkrkmWqNbLjS7P3pcx9t7ymTe57V,2,wallet,13GHRaovmKYQtPbckpnFhtPUbTLjzcwUkf,False,True,3,1HPRtUDkrkmWqNbLjS7P3pcx9t7ymTe57V|339058403|13GHRaovmKYQtPbckpnFhtPUbTLjzcwUkf,wallet|transaction|wallet,|0.000490576|0.00769484
1HQrToTrGztTybQALWBxdiBGEQs1VLQJSW,2,wallet,1LS2C4kFhBBNzKWpMoyNCFsC33TaCZsTTZ,False,True,3,1HQrToTrGztTybQALWBxdiBGEQs1VLQJSW|85004986|1LS2C4kFhBBNzKWpMoyNCFsC33TaCZsTTZ,wallet|transaction|wallet,|0.000688702|0.00801921
1HRTJvohJfEnmEw7TpH7RZwoECw5eqZDmf,2,wallet,3KJZQfhizVoFKWvtipmQh85L5sygtNvqJS,False,True,3,1HRTJvohJfEnmEw7TpH7RZwoECw5eqZDmf|10174843|3KJZQfhizVoFKWvtipmQh85L5sygtNvqJS,wallet|transaction|wallet,|-0.0014618|0.00829887
1HTrkiQsa7bXK6DBCat5MXGzguZDz6PGGR,2,wallet,3ChFoZk6oFEwR7bD7MSzh8XmKibMySidXx,False,True,3,1HTrkiQsa7bXK6DBCat5MXGzguZDz6PGGR|288365473|3ChFoZk6oFEwR7bD7MSzh8XmKibMySidXx,wallet|transaction|wallet,|-0.00151771|0.00823617
1HUfF5vtMaQGVvNHob2bVBFTZ4BeHQHC2X,2,wallet,3QUiqko6FMNTxoV5cTkoKMhsvNBHJ8guy5,False,True,3,1HUfF5vtMaQGVvNHob2bVBFTZ4BeHQHC2X|331496930|3QUiqko6FMNTxoV5cTkoKMhsvNBHJ8guy5,wallet|transaction|wallet,|-0.00137109|0.00794393
1HWKMcXYEcDo4tYTFao7SCbi7B1Kv98hUH,2,wallet,1ECb4ousitLjggVGjA36DFKbUTRccNx7CK,False,True,3,1HWKMcXYEcDo4tYTFao7SCbi7B1Kv98hUH|96367838|1ECb4ousitLjggVGjA36DFKbUTRccNx7CK,wallet|transaction|wallet,|0.00106743|0.0262602
1HXx98CgxHuYV5Ss7cJwMrZ3dBvJjjmSUZ,2,wallet,1GthNjA2WtnpTxyDhjSUqeDvuPQ4RzzkCJ,False,True,3,1HXx98CgxHuYV5Ss7cJwMrZ3dBvJjjmSUZ|85005014|1GthNjA2WtnpTxyDhjSUqeDvuPQ4RzzkCJ,wallet|transaction|wallet,|0.000233859|0.00797784
1HdGNQBhK2RLZahDVvyQeXXPVoCkRfk7jb,2,wallet,3HHdfBTCZbfiy5ja41SyTAdV9Equ2DsamA,False,True,3,1HdGNQBhK2RLZahDVvyQeXXPVoCkRfk7jb|29132574|3HHdfBTCZbfiy5ja41SyTAdV9Equ2DsamA,wallet|transaction|wallet,|-0.00057447|0.00829959
1HdU2dK3ed5Frk6wKQSiGRt5MUjayytsDA,2,wallet,3A6JRz4aaf2bMKJrcBkBLxHe9QmWKZEjzu,False,True,3,1HdU2dK3ed5Frk6wKQSiGRt5MUjayytsDA|321252663|3A6JRz4aaf2bMKJrcBkBLxHe9QmWKZEjzu,wallet|transaction|wallet,|-0.000327349|0.00778008
1Hf6VoZ4sEb4Ghg7ymRRTfMqhU8PPFpcPA,2,wallet,1LWtYBde4L6kNqQozP84vNjGmriG2wA9Ly,False,True,3,1Hf6VoZ4sEb4Ghg7ymRRTfMqhU8PPFpcPA|298720673|1LWtYBde4L6kNqQozP84vNjGmriG2wA9Ly,wallet|transaction|wallet,|-0.0029079|0.007074
1Hg2jxoQ3UjLGqHDnJUbg3NrX7g9zdYiy5,2,wallet,1Jn95GnmCREqMLPCkAQGb7wrqfEXC1BrXq,False,True,3,1Hg2jxoQ3UjLGqHDnJUbg3NrX7g9zdYiy5|269235423|1Jn95GnmCREqMLPCkAQGb7wrqfEXC1BrXq,wallet|transaction|wallet,|0.000381082|0.00798202
1Hgc7mpsZhWhcugd1scZAouewJCNy9kuzj,2,wallet,3E2UTxF4UWnFEALt7vkw8HjqrADcxdQxVs,False,True,3,1Hgc7mpsZhWhcugd1scZAouewJCNy9kuzj|36909940|3E2UTxF4UWnFEALt7vkw8HjqrADcxdQxVs,wallet|transaction|wallet,|-0.00265884|0.00718856
1Hi1Nrpr3RU5VNAVGGgDaKan83MpxjW7mf,2,wallet,3Bpbev1NCGA2yJBao8yVzNYFe7boER3b4F,False,True,3,1Hi1Nrpr3RU5VNAVGGgDaKan83MpxjW7mf|332329138|3Bpbev1NCGA2yJBao8yVzNYFe7boER3b4F,wallet|transaction|wallet,|0.000132859|0.00785196
1HkPZgKWa2UGfFPdTdjg863uuaQb5pNHwL,2,wallet,1JBJUQBTenTmrbHGPsPem1doB4sM8YHFZR,False,True,3,1HkPZgKWa2UGfFPdTdjg863uuaQb5pNHwL|194011547|1JBJUQBTenTmrbHGPsPem1doB4sM8YHFZR,wallet|transaction|wallet,|-0.000655591|0.00848854
1Ho6LFvnAk2X7g3bE1fu6QFzer7iTncEB6,2,wallet,38jm2oxyZvTSem15FifF1WPdFFNcZYDD8b,False,True,3,1Ho6LFvnAk2X7g3bE1fu6QFzer7iTncEB6|86143479|38jm2oxyZvTSem15FifF1WPdFFNcZYDD8b,wallet|transaction|wallet,|-0.00202912|0.00817949
1Hqy6vCcpThHuHvNsFM86Tqg4zUJiZuhgV,2,wallet,3Lta3AzDmJzT42t2xt87kERao6DBQQDcuZ,False,True,3,1Hqy6vCcpThHuHvNsFM86Tqg4zUJiZuhgV|105588432|3Lta3AzDmJzT42t2xt87kERao6DBQQDcuZ,wallet|transaction|wallet,|-0.00124276|0.00821561
1Hs2633aTSKycuuaXsa5LLYYcBGeqW7k9d,2,wallet,3JACnBpt8kjFLKK84H6xzYwT4DyVJgb2Mm,False,True,3,1Hs2633aTSKycuuaXsa5LLYYcBGeqW7k9d|85005009|3JACnBpt8kjFLKK84H6xzYwT4DyVJgb2Mm,wallet|transaction|wallet,|-0.000226945|0.00801367
1Hsb3THwNED2auaqvBwXqBceGA5XPYMdgu,2,wallet,3KJZQfhizVoFKWvtipmQh85L5sygtNvqJS,False,True,3,1Hsb3THwNED2auaqvBwXqBceGA5XPYMdgu|10174843|3KJZQfhizVoFKWvtipmQh85L5sygtNvqJS,wallet|transaction|wallet,|-0.0014618|0.00829887
1Hvc76Gy6ypDxWrFcsSJSshxmFMuzZz9Zh,2,wallet,34fFNFGhJ7MSd9MAwCQm3n2pYMMbTPX8pb,False,True,3,1Hvc76Gy6ypDxWrFcsSJSshxmFMuzZz9Zh|272096174|34fFNFGhJ7MSd9MAwCQm3n2pYMMbTPX8pb,wallet|transaction|wallet,|-0.00174403|0.00797498
1Hw7y1Bntk3kc5FYUjWbbLDccHtceAQtTk,2,wallet,1K3HgKBxgpVaHLsSpchVVvQCMZs1nw4fPw,False,True,3,1Hw7y1Bntk3kc5FYUjWbbLDccHtceAQtTk|190053764|1K3HgKBxgpVaHLsSpchVVvQCMZs1nw4fPw,wallet|transaction|wallet,|-0.00336522|0.00667632
1Hw9ReB2WmgkLaW1SiLWdXnEBFUgjMRHpu,2,wallet,12bEcq2NTVuJyt2VKnkvXHcCbRPS2aGadB,False,True,3,1Hw9ReB2WmgkLaW1SiLWdXnEBFUgjMRHpu|288593575|12bEcq2NTVuJyt2VKnkvXHcCbRPS2aGadB,wallet|transaction|wallet,|-0.000156671|0.00814104
1HwEDAFREJaEY5V8inLTC5NQL2Vi6Seaeh,2,wallet,3PuozfGSXHKcEaoqJYxU5t2PvJt2vN1kXA,False,True,3,1HwEDAFREJaEY5V8inLTC5NQL2Vi6Seaeh|29454726|3PuozfGSXHKcEaoqJYxU5t2PvJt2vN1kXA,wallet|transaction|wallet,|0.000371665|0.00810462
1HxdXeCepjteiTJRKoN5wgRHgHwu7XW3Z,2,wallet,3QgmPKDhWR5Re45nutrKRzM2Cmx18uKkDn,False,True,3,1HxdXeCepjteiTJRKoN5wgRHgHwu7XW3Z|288470586|3QgmPKDhWR5Re45nutrKRzM2Cmx18uKkDn,wallet|transaction|wallet,|-0.0032298|0.0082612
1HzXq32kujAqJTdZvVWXgtwxT3YRnmDZJ9,2,wallet,34LAm2uHLdPFn6SBupKWVLrbYPYyRMtcFk,False,True,3,1HzXq32kujAqJTdZvVWXgtwxT3YRnmDZJ9|272124913|34LAm2uHLdPFn6SBupKWVLrbYPYyRMtcFk,wallet|transaction|wallet,|0.000538528|0.00792575
1J63FGhqbC8PxHjEnePRWjmJKrr7VGtr3J,2,wallet,324rXHYR9SqmnaVQdwKBJHdgBG6Gsg83Ew,False,True,3,1J63FGhqbC8PxHjEnePRWjmJKrr7VGtr3J|16729638|324rXHYR9SqmnaVQdwKBJHdgBG6Gsg83Ew,wallet|transaction|wallet,|-0.0026131|0.00714308
1J7DwXCNZnhJn1HGmdP2ogQcGjqzFRzEz4,2,wallet,3Ph3KCPor7V29UUEuyTMBZU339wQFBeqVt,False,True,3,1J7DwXCNZnhJn1HGmdP2ogQcGjqzFRzEz4|15689800|3Ph3KCPor7V29UUEuyTMBZU339wQFBeqVt,wallet|transaction|wallet,|0.00579438|0.0083459
1J87a8pTvt26H9V4nRGDV2yMZQZKJJ87n2,2,wallet,1CNip7Z7shjERZ7K845TdgDMtfq65oNfmb,False,True,3,1J87a8pTvt26H9V4nRGDV2yMZQZKJJ87n2|154119083|1CNip7Z7shjERZ7K845TdgDMtfq65oNfmb,wallet|transaction|wallet,|-0.00286111|0.00718504
1JCRM3o11HL8nMYoryXsPJMGattUpVuEtm,2,wallet,3KAVtXX7JsWDiiqtRCoBkf3nDWPgYogvqW,False,True,3,1JCRM3o11HL8nMYoryXsPJMGattUpVuEtm|1061125|3KAVtXX7JsWDiiqtRCoBkf3nDWPgYogvqW,wallet|transaction|wallet,|-0.00203967|0.00856787
1JFsAabKxaic25zMPQQHh8g3w8FeadMceY,2,wallet,1JbdmFQ1Ay4WHnGPdGq8K1yTdGLvzhem7r,False,True,3,1JFsAabKxaic25zMPQQHh8g3w8FeadMceY|100075666|1JbdmFQ1Ay4WHnGPdGq8K1yTdGLvzhem7r,wallet|transaction|wallet,|0.000320286|0.00787526
1JJidpwXBsxibio835Pkj2hrwCf7KDJ1zA,2,wallet,197BFu2Y2VLWh86eTV5Yar78bmgkgfDjNr,False,True,3,1JJidpwXBsxibio835Pkj2hrwCf7KDJ1zA|92622793|197BFu2Y2VLWh86eTV5Yar78bmgkgfDjNr,wallet|transaction|wallet,|0.000962228|0.0273013
1JLScAzTrra9oZtc4WeJCB8iBmrpCrHGyv,2,wallet,3B8mqBvXUW7fGH6GZUtjJXCaAvordmrnbK,False,True,3,1JLScAzTrra9oZtc4WeJCB8iBmrpCrHGyv|85005017|3B8mqBvXUW7fGH6GZUtjJXCaAvordmrnbK,wallet|transaction|wallet,|-0.000406474|0.00801533
1JQAcChp1XPCHW4Qf5WvKPVM5vADTG39HV,2,wallet,3J9bJ2oJto9mx2prkG1HwaUcH6ucUzxQtP,False,True,3,1JQAcChp1XPCHW4Qf5WvKPVM5vADTG39HV|179193468|3J9bJ2oJto9mx2prkG1HwaUcH6ucUzxQtP,wallet|transaction|wallet,|-0.00372767|0.00799531
1JRTqsjz6wcCM5WC8nztNNuxYivqrvJLsh,2,wallet,1PFTCySm1M1cWspz5EMUJz8BfC9TtTFJkW,False,True,3,1JRTqsjz6wcCM5WC8nztNNuxYivqrvJLsh|199939493|1PFTCySm1M1cWspz5EMUJz8BfC9TtTFJkW,wallet|transaction|wallet,|-0.000596046|0.00815439
1JS24WQoCMPvscAw7fp5gwJgrq2wyxDTL,2,wallet,1QEYacH6uRFsq6GFSvYfVaK8vzg5FzCEAs,False,True,3,1JS24WQoCMPvscAw7fp5gwJgrq2wyxDTL|243780853|1QEYacH6uRFsq6GFSvYfVaK8vzg5FzCEAs,wallet|transaction|wallet,|0.000747591|0.00771564
1JSF7nwRksTkmWHR7J5JEReyeaMX8YXFDY,2,wallet,177phvdYJKRMYYjXcXLvxUjJ4UWAs7QKyX,False,True,3,1JSF7nwRksTkmWHR7J5JEReyeaMX8YXFDY|268819379|177phvdYJKRMYYjXcXLvxUjJ4UWAs7QKyX,wallet|transaction|wallet,|0.000489026|0.00796407
1JUGGE3M9DSXJkAzZRb9cKoCemdZtqh8WL,2,wallet,1NL8ag76hUxkUxQDThezdw1Cy7jQ72WmN9,False,True,3,1JUGGE3M9DSXJkAzZRb9cKoCemdZtqh8WL|57056468|1NL8ag76hUxkUxQDThezdw1Cy7jQ72WmN9,wallet|transaction|wallet,|-0.00335422|0.00701815
1JUtUpMu16tE83ANXMVQKHpAbmBch7xxQo,2,wallet,3Q5Kp95NvK8snw1uvVuAyLJna3VQATZTms,False,True,3,1JUtUpMu16tE83ANXMVQKHpAbmBch7xxQo|99676405|3Q5Kp95NvK8snw1uvVuAyLJna3VQATZTms,wallet|transaction|wallet,|-0.00378856|0.00790197
1JXNd9soXTEziusmghQ1qcZ2YHmX2KUd3J,2,wallet,3MLQ7vy59DBF7zf8rcFiJPWddABL7RFg8g,False,True,3,1JXNd9soXTEziusmghQ1qcZ2YHmX2KUd3J|312228916|3MLQ7vy59DBF7zf8rcFiJPWddABL7RFg8g,wallet|transaction|wallet,|-0.000248551|0.00776464
1JYWEioQN2UEqD15LGYHysuBKgtaofUBz,2,wallet,3MVabe6sKF2YixbUtVjSS4t3u7Zs2tDD9v,False,True,3,1JYWEioQN2UEqD15LGYHysuBKgtaofUBz|355009904|3MVabe6sKF2YixbUtVjSS4t3u7Zs2tDD9v,wallet|transaction|wallet,|0.000154793|0.00816691
1JeNoyWMpBUUCygy1vJS1HYE7QbVrjAz8r,2,wallet,1P6DBF5gimSGfxdkpdzSN3tGNkFJFHbw2e,False,True,3,1JeNoyWMpBUUCygy1vJS1HYE7QbVrjAz8r|269006934|1P6DBF5gimSGfxdkpdzSN3tGNkFJFHbw2e,wallet|transaction|wallet,|0.000427276|0.0232124
1Jf3YMfBJMX4qakMpeEvVht4WVHJfgwuCs,2,wallet,339m3ckZZyYpCseTxCyZzM9SekgXARLmQ6,False,True,3,1Jf3YMfBJMX4qakMpeEvVht4WVHJfgwuCs|272501598|339m3ckZZyYpCseTxCyZzM9SekgXARLmQ6,wallet|transaction|wallet,|0.00024879|0.00789005
1Jg2CV3VaXMa6y8p5BJ2vFcw8e1arJWtQ1,2,wallet,1E6VdpXWTXjrbtVrMvjx4MUvhQTtVg74eM,False,True,3,1Jg2CV3VaXMa6y8p5BJ2vFcw8e1arJWtQ1|100075056|1E6VdpXWTXjrbtVrMvjx4MUvhQTtVg74eM,wallet|transaction|wallet,|0.00120172|0.024178
1Jhup3PUxjyaxgMdA1TDgUQk13dnCJSPZb,2,wallet,1FD1kosBC3f1kvcGHRubQ5RUXK3LGFyfFT,False,True,3,1Jhup3PUxjyaxgMdA1TDgUQk13dnCJSPZb|268805558|1FD1kosBC3f1kvcGHRubQ5RUXK3LGFyfFT,wallet|transaction|wallet,|0.000444978|0.00796485
1JjoDCyUchLVJkaFxYYBztQNtx4hnFf6uG,2,wallet,1Ft2YCXjcHfdespi33PqznDe7BwQpqBNNd,False,True,3,1JjoDCyUchLVJkaFxYYBztQNtx4hnFf6uG|331612443|1Ft2YCXjcHfdespi33PqznDe7BwQpqBNNd,wallet|transaction|wallet,|0.000405222|0.00792992
1Jm4xGwTyDatYgB6jGfPTSYrq2KjWXqLCP,2,wallet,3APfQBwo6LWz7gzEw7vKhJtq9CLHo4egEn,False,True,3,1Jm4xGwTyDatYgB6jGfPTSYrq2KjWXqLCP|272175846|3APfQBwo6LWz7gzEw7vKhJtq9CLHo4egEn,wallet|transaction|wallet,|0.000157207|0.00794208
1JndmiNgmTMp8F9uz5Mg6iqv5YJRKLGCJJ,2,wallet,3CE6P7NBshM1owAp5LEeAHRE6L3cBym69c,False,True,3,1JndmiNgmTMp8F9uz5Mg6iqv5YJRKLGCJJ|85004975|3CE6P7NBshM1owAp5LEeAHRE6L3cBym69c,wallet|transaction|wallet,|-0.00109661|0.00802523
1JqHtiDHSUxqUMRvjCqVx2rtdjy1gqfsNS,2,wallet,1JqxTVMJPoB5brjbekjX3sqVBagz6PM928,False,True,3,1JqHtiDHSUxqUMRvjCqVx2rtdjy1gqfsNS|272494830|1JqxTVMJPoB5brjbekjX3sqVBagz6PM928,wallet|transaction|wallet,|0.000442863|0.00794458
1JtoJGdwi1agP3TFeL5JnVkTs8C1KY7KYu,2,wallet,3BXHgUeTgsz6QeKcrhauKGjor5u63GGfW6,False,True,3,1JtoJGdwi1agP3TFeL5JnVkTs8C1KY7KYu|268849739|3BXHgUeTgsz6QeKcrhauKGjor5u63GGfW6,wallet|transaction|wallet,|0.000285029|0.00794756
1Jykszpp2f7brc8mBBgZKH5iTVSAUt5Mnw,2,wallet,38iUqLcg3ask7kc59Th4jYm1RTJmjq9VND,False,True,3,1Jykszpp2f7brc8mBBgZKH5iTVSAUt5Mnw|285935806|38iUqLcg3ask7kc59Th4jYm1RTJmjq9VND,wallet|transaction|wallet,|0.00450599|-0.968781
1K11CEkKtzWGotJiUhZ3Xu7pGgextrfpME,2,wallet,1A4Gncot85PAbpew8qdPFrLYvhvCoSpiVF,False,True,3,1K11CEkKtzWGotJiUhZ3Xu7pGgextrfpME|86934066|1A4Gncot85PAbpew8qdPFrLYvhvCoSpiVF,wallet|transaction|wallet,|0.000429004|0.00796419
1K1Svm5ZAU4XiXHdDZwy2Cxbn6FsQ2npV2,2,wallet,365ujxouwm25vT277KAW2eKG7EbXuZNdkS,False,True,3,1K1Svm5ZAU4XiXHdDZwy2Cxbn6FsQ2npV2|36965025|365ujxouwm25vT277KAW2eKG7EbXuZNdkS,wallet|transaction|wallet,|-0.00141877|0.00830489
1K2JYcmxHVhvNJdXXZqHHtM941Xz6m6EcE,2,wallet,3LZvPA2HBC869xRHVQ5prTadCJKhNmN6ER,False,True,3,1K2JYcmxHVhvNJdXXZqHHtM941Xz6m6EcE|205633185|3LZvPA2HBC869xRHVQ5prTadCJKhNmN6ER,wallet|transaction|wallet,|-0.00115654|0.00825918
1K3QXCtqD3mQCB3xk6Myy5e5MdnWQ7zHbt,2,wallet,3AZikDQDERVMeidx8i6sfcPmPdWSFLYgq8,False,True,3,1K3QXCtqD3mQCB3xk6Myy5e5MdnWQ7zHbt|100075242|3AZikDQDERVMeidx8i6sfcPmPdWSFLYgq8,wallet|transaction|wallet,|0.000503629|0.00786614
1K3iK5DjeEzseBRiPnGpK15Nm2MMdi3MVe,2,wallet,3J9bJ2oJto9mx2prkG1HwaUcH6ucUzxQtP,False,True,3,1K3iK5DjeEzseBRiPnGpK15Nm2MMdi3MVe|179193468|3J9bJ2oJto9mx2prkG1HwaUcH6ucUzxQtP,wallet|transaction|wallet,|-0.00372767|0.00799531
1K7XKM3KGbNrPEPeHqYXTQMVMDJgsEfCjF,2,wallet,38iUqLcg3ask7kc59Th4jYm1RTJmjq9VND,False,True,3,1K7XKM3KGbNrPEPeHqYXTQMVMDJgsEfCjF|285935806|38iUqLcg3ask7kc59Th4jYm1RTJmjq9VND,wallet|transaction|wallet,|0.00450599|-0.968781
1K9NwGYFuL5tukdkUPSfvuC94vvMrF2dC6,2,wallet,3JHv4H3k8f73ERGX3ux5oJG3srDBhhMKhB,False,True,3,1K9NwGYFuL5tukdkUPSfvuC94vvMrF2dC6|25563902|3JHv4H3k8f73ERGX3ux5oJG3srDBhhMKhB,wallet|transaction|wallet,|-0.00240099|0.00752831
1KHLzzvLKeggDGxJAsonKkbbMNfLVTPzMg,2,wallet,3JAHmbcBC8VoPwd7itRBq6Mj8peN1oiDfV,False,True,3,1KHLzzvLKeggDGxJAsonKkbbMNfLVTPzMg|158310646|3JAHmbcBC8VoPwd7itRBq6Mj8peN1oiDfV,wallet|transaction|wallet,|-0.00147104|0.00849378
1KNfVd1hzxUsrhVXtvxWUS8ME6wrdEq1Ce,2,wallet,3NL96MvCPV7onvc1PV2MsBzJGLHL6egwmS,False,True,3,1KNfVd1hzxUsrhVXtvxWUS8ME6wrdEq1Ce|313613074|3NL96MvCPV7onvc1PV2MsBzJGLHL6egwmS,wallet|transaction|wallet,|-0.000737637|0.0079273
1KPeAtNTaJLCwFkrdAjo6JETUBz4SsG5sK,2,wallet,354nJAzZaw3CGbqNtNEPPh7w9WZvCgxark,False,True,3,1KPeAtNTaJLCwFkrdAjo6JETUBz4SsG5sK|268861287|354nJAzZaw3CGbqNtNEPPh7w9WZvCgxark,wallet|transaction|wallet,|-0.000393808|0.00785398
1KQZqCkbHgXD2V3CtUSqaeyRMNz6pW8HWd,2,wallet,32b53Lq7oxvaRYNCtBWS5Qjr5DY71CbQe7,False,True,3,1KQZqCkbHgXD2V3CtUSqaeyRMNz6pW8HWd|10174881|32b53Lq7oxvaRYNCtBWS5Qjr5DY71CbQe7,wallet|transaction|wallet,|-0.0018712|0.00747108
1KRSaQ6zYkpHQ77iAJmbZ7E28ef6nZh3hu,2,wallet,3JMq398rmxdcKA1w7euF2PHz826csEZNTE,False,True,3,1KRSaQ6zYkpHQ77iAJmbZ7E28ef6nZh3hu|69439512|3JMq398rmxdcKA1w7euF2PHz826csEZNTE,wallet|transaction|wallet,|-0.000582606|0.0078342
1KTEGmBYLgMo4tYcHy3fMvCFFmmSFcabY2,2,wallet,3C6nrhCmUrQH8A9gAqyZ6zjs3S63aQVK38,False,True,3,1KTEGmBYLgMo4tYcHy3fMvCFFmmSFcabY2|92108353|3C6nrhCmUrQH8A9gAqyZ6zjs3S63aQVK38,wallet|transaction|wallet,|-0.000705242|0.00813103
1KWuCT3C79Up5fWALKZy4zptAZvaR2SQg4,2,wallet,1Gjt3wkSsP9svuQTg92vgxXfqeDuvjFJuv,False,True,3,1KWuCT3C79Up5fWALKZy4zptAZvaR2SQg4|238506100|1Gjt3wkSsP9svuQTg92vgxXfqeDuvjFJuv,wallet|transaction|wallet,|-0.00218475|0.00688529
1KYJqRKJEoczrCrbwEqsiAtJPhNR1E8mJh,2,wallet,34DSxWJwWRThyW6GAJjKS9rfw6DPkC19VG,False,True,3,1KYJqRKJEoczrCrbwEqsiAtJPhNR1E8mJh|84372506|34DSxWJwWRThyW6GAJjKS9rfw6DPkC19VG,wallet|transaction|wallet,|-0.000402093|0.00799191
1Kb3emT8GHnwyBMirdKQqVAmLYXqftNXzP,2,wallet,3Cx8gc4vCLECe6rQCU35vj3zArzXuRmHmX,False,True,3,1Kb3emT8GHnwyBMirdKQqVAmLYXqftNXzP|130377005|3Cx8gc4vCLECe6rQCU35vj3zArzXuRmHmX,wallet|transaction|wallet,|-0.000266731|0.00791401
1Kc9zfY9GnpU27gFpS5rXFPQkyWirLz67e,2,wallet,1BBeyUXK9rXtH6k75KomSUem6wjRcgBhRw,False,True,3,1Kc9zfY9GnpU27gFpS5rXFPQkyWirLz67e|167790063|1BBeyUXK9rXtH6k75KomSUem6wjRcgBhRw,wallet|transaction|wallet,|-0.00128984|0.0179665
1KfUphuuQAqKhpJU3qQrdJ5hJJQKrsFNBg,2,wallet,35k7uBbWca1m3Hc97L4vtPBaD2p2779Ese,False,True,3,1KfUphuuQAqKhpJU3qQrdJ5hJJQKrsFNBg|331577177|35k7uBbWca1m3Hc97L4vtPBaD2p2779Ese,wallet|transaction|wallet,|0.000354916|0.00786537
1KfYbeki5YtJpdu6da57h8SGk8QAsihqiz,2,wallet,3DCN35XtoUYSdcAht9W2gS3PSPGkMT7Pbg,False,True,3,1KfYbeki5YtJpdu6da57h8SGk8QAsihqiz|72897869|3DCN35XtoUYSdcAht9W2gS3PSPGkMT7Pbg,wallet|transaction|wallet,|-0.00165361|0.00830275
1KhMmhhRB5hPS9fFMsgrr5mFmzZeuycET9,2,wallet,3NL96MvCPV7onvc1PV2MsBzJGLHL6egwmS,False,True,3,1KhMmhhRB5hPS9fFMsgrr5mFmzZeuycET9|313613074|3NL96MvCPV7onvc1PV2MsBzJGLHL6egwmS,wallet|transaction|wallet,|-0.000737637|0.0079273
1KiLzLU1AyP62i9ApdZatfoda1TR5BZJf5,2,wallet,1PY4hyLrBYai2YzmsTNzPSSYEda76Q2ym1,False,True,3,1KiLzLU1AyP62i9ApdZatfoda1TR5BZJf5|84512590|1PY4hyLrBYai2YzmsTNzPSSYEda76Q2ym1,wallet|transaction|wallet,|0.000308573|0.00799042
1Ko1ktxYRqwJNXzDcRKLq1BPUmwgBNjoNL,2,wallet,3Cv2EaPvvWy7vBJd7xLr843yfFq7yTktK8,False,True,3,1Ko1ktxYRqwJNXzDcRKLq1BPUmwgBNjoNL|74699742|3Cv2EaPvvWy7vBJd7xLr843yfFq7yTktK8,wallet|transaction|wallet,|-0.00167981|0.00827384
1Kp9bSWQFSkopuc2fcpZMnwzGj4kRotaGQ,2,wallet,3A6hmSKv46tdsD8kNGLja6Cn3Q56YjjfCb,False,True,3,1Kp9bSWQFSkopuc2fcpZMnwzGj4kRotaGQ|43840946|3A6hmSKv46tdsD8kNGLja6Cn3Q56YjjfCb,wallet|transaction|wallet,|-0.00249609|0.00830311
1KqtBNpjJdk9QzyqyfPaXdiGg93mewmnzL,2,wallet,33C2qq1b5Z48MiWdBdAU5LPoYbYxnsLhfs,False,True,3,1KqtBNpjJdk9QzyqyfPaXdiGg93mewmnzL|311254062|33C2qq1b5Z48MiWdBdAU5LPoYbYxnsLhfs,wallet|transaction|wallet,|-0.00552264|0.00792164
1KtJwR52ZAvK476XBFR4157r1nyXBMBPjn,2,wallet,3QgmPKDhWR5Re45nutrKRzM2Cmx18uKkDn,False,True,3,1KtJwR52ZAvK476XBFR4157r1nyXBMBPjn|288470586|3QgmPKDhWR5Re45nutrKRzM2Cmx18uKkDn,wallet|transaction|wallet,|-0.0032298|0.0082612
1KwCyk24jvWJT7oo9p9ktHGAY9wZwRMdQs,2,wallet,3Bpbev1NCGA2yJBao8yVzNYFe7boER3b4F,False,True,3,1KwCyk24jvWJT7oo9p9ktHGAY9wZwRMdQs|332329138|3Bpbev1NCGA2yJBao8yVzNYFe7boER3b4F,wallet|transaction|wallet,|0.000132859|0.00785196
1KyArW7niDSmtf83FTS9kuJkFgJv5pjccU,2,wallet,19ZHWgV84PPZNqE9aeEMX9qtsRVokmH4Ez,False,True,3,1KyArW7niDSmtf83FTS9kuJkFgJv5pjccU|331557594|19ZHWgV84PPZNqE9aeEMX9qtsRVokmH4Ez,wallet|transaction|wallet,|0.000401288|0.00791889
1KzjtzRvU3DmXdNEdpoj3kty6jJ1zf8mP8,2,wallet,1Fx3vHZgKHNtUCgaXDnqjFdUijngFRSKg5,False,True,3,1KzjtzRvU3DmXdNEdpoj3kty6jJ1zf8mP8|269034451|1Fx3vHZgKHNtUCgaXDnqjFdUijngFRSKg5,wallet|transaction|wallet,|0.000449121|0.00797033
1L36UULwYA9w3Y27Bheo6odd6TEjgamZEG,2,wallet,38MCUze3wwMhpmif4jpDZzx2pWEhyKEBxq,False,True,3,1L36UULwYA9w3Y27Bheo6odd6TEjgamZEG|85004955|38MCUze3wwMhpmif4jpDZzx2pWEhyKEBxq,wallet|transaction|wallet,|0.000557065|0.00796169
1L3ooFenQcav86FFf7SbKPiuc2QMuBjMCX,2,wallet,3Mjnwh7GAttswV4XEv7rUJMpitcj3FZtPE,False,True,3,1L3ooFenQcav86FFf7SbKPiuc2QMuBjMCX|252180915|3Mjnwh7GAttswV4XEv7rUJMpitcj3FZtPE,wallet|transaction|wallet,|-0.000317991|0.00783956
1L46bfijxtNjpMghHYqbAR9EUfToGU5v9k,2,wallet,39q3XCCSGUoJfzrcLRRVqECx82Q8BfGNL3,False,True,3,1L46bfijxtNjpMghHYqbAR9EUfToGU5v9k|100075232|39q3XCCSGUoJfzrcLRRVqECx82Q8BfGNL3,wallet|transaction|wallet,|0.000229508|0.00782865
1LAKGmsMTqiMF8wBzWtfZZ56bQDrK7JbXg,2,wallet,1DmLqma94mrqFDfhJGVm6beCTTkVJEs4y6,False,True,3,1LAKGmsMTqiMF8wBzWtfZZ56bQDrK7JbXg|241492896|1DmLqma94mrqFDfhJGVm6beCTTkVJEs4y6,wallet|transaction|wallet,|0.000262201|0.00772208
1LCwwzZXRFDuX2wbJFtEsrk9dJgT6jDqAm,2,wallet,3A8DTss9L8uWQDzGqyhTU8BgXxdLzo1r4v,False,True,3,1LCwwzZXRFDuX2wbJFtEsrk9dJgT6jDqAm|25244255|3A8DTss9L8uWQDzGqyhTU8BgXxdLzo1r4v,wallet|transaction|wallet,|-0.00188413|0.0082916
1LDtKBCxF1vNuNKHv1j4MsUq7Jja8Q6DWt,2,wallet,1CxRK1oZRnsJJ8CcLFDcv6soZt2m4aiYCZ,False,True,3,1LDtKBCxF1vNuNKHv1j4MsUq7Jja8Q6DWt|100075801|1CxRK1oZRnsJJ8CcLFDcv6soZt2m4aiYCZ,wallet|transaction|wallet,|-0.00397214|-0.968777
1LEWzzLGXB7ZFCCwYGbRowgbXVYvwXgX1D,2,wallet,35QBkxddCD4tFDqqF6siiabFEQfYtVzwfD,False,True,3,1LEWzzLGXB7ZFCCwYGbRowgbXVYvwXgX1D|307765134|35QBkxddCD4tFDqqF6siiabFEQfYtVzwfD,wallet|transaction|wallet,|-0.00316772|0.00793719
1LF8WVoSEMiWYd4AfrTDWRiENau7E22yQw,2,wallet,3PuozfGSXHKcEaoqJYxU5t2PvJt2vN1kXA,False,True,3,1LF8WVoSEMiWYd4AfrTDWRiENau7E22yQw|29454726|3PuozfGSXHKcEaoqJYxU5t2PvJt2vN1kXA,wallet|transaction|wallet,|0.000371665|0.00810462
1LGBArncE3LGP5oS3YBTnVrT33ZPL67Bmb,2,wallet,3M3mhyKKgDkgRav7zxGncQ9ftL2DvkpRru,False,True,3,1LGBArncE3LGP5oS3YBTnVrT33ZPL67Bmb|112290319|3M3mhyKKgDkgRav7zxGncQ9ftL2DvkpRru,wallet|transaction|wallet,|-0.000985146|0.00826746
1LHmBwvxWYG5uKAKTfqfTNX7nSrReZGxxP,2,wallet,1Mfe7rEz1cBfZxJUqmgWzuNbUqGeSgr1Ne,False,True,3,1LHmBwvxWYG5uKAKTfqfTNX7nSrReZGxxP|83421767|1Mfe7rEz1cBfZxJUqmgWzuNbUqGeSgr1Ne,wallet|transaction|wallet,|-0.00282109|0.00479549
1LKrZ9aTjBywRdP3ajvQ67fFE7wghwadNn,2,wallet,3BiiTmwjAHocFPzycBavHhqcx2H1KAXzjn,False,True,3,1LKrZ9aTjBywRdP3ajvQ67fFE7wghwadNn|249970724|3BiiTmwjAHocFPzycBavHhqcx2H1KAXzjn,wallet|transaction|wallet,|-0.00534078|-0.951144
1LQfEZQPvxcBbakEr4DSPMqwTC9QEcDPoT,2,wallet,1FFGadLdctHZJYQ9YW9n7LjbvRXkrHMBhA,False,True,3,1LQfEZQPvxcBbakEr4DSPMqwTC9QEcDPoT|100075247|1FFGadLdctHZJYQ9YW9n7LjbvRXkrHMBhA,wallet|transaction|wallet,|0.000831187|0.00789845
1LRHPJxuaCNdY3fvchdKwNEQRsZ643JsCA,2,wallet,1NWxqYcdmtAfmF2EGRYPEABgTWB6Az6tiB,False,True,3,1LRHPJxuaCNdY3fvchdKwNEQRsZ643JsCA|376243446|1NWxqYcdmtAfmF2EGRYPEABgTWB6Az6tiB,wallet|transaction|wallet,|0.000173986|0.00808835
1LTp5tVupDoV2Phdz9XCnDArMy4Rs9mnLr,2,wallet,14YTsx7pg1F1SZGTwPWFg9LSvuhWgTjwe4,False,True,3,1LTp5tVupDoV2Phdz9XCnDArMy4Rs9mnLr|336437280|14YTsx7pg1F1SZGTwPWFg9LSvuhWgTjwe4,wallet|transaction|wallet,|0.00043425|0.00792241
1LVLeq4HtuT7V6zESSdN8h2oUALvxJh2SG,2,wallet,14dT88KYzujiX1ecmNhxNDRYEnCDNBDXYL,False,True,3,1LVLeq4HtuT7V6zESSdN8h2oUALvxJh2SG|100075382|14dT88KYzujiX1ecmNhxNDRYEnCDNBDXYL,wallet|transaction|wallet,|0.00118029|0.00789881
1LVpL1Sw6RL85JPhaxbDDb6ud4ZTm6wRKq,2,wallet,33Hb2pECEjCmC73REUggAyt1zt7PGjDtFi,False,True,3,1LVpL1Sw6RL85JPhaxbDDb6ud4ZTm6wRKq|220597601|33Hb2pECEjCmC73REUggAyt1zt7PGjDtFi,wallet|transaction|wallet,|-0.000493795|0.00784194
1LYkux6J86Mdq89EkZvK9Cc7XQyjKim7iW,2,wallet,18CdaZ5V9cqTdaPHLPer7yKusewBzGJ1LA,False,True,3,1LYkux6J86Mdq89EkZvK9Cc7XQyjKim7iW|378066641|18CdaZ5V9cqTdaPHLPer7yKusewBzGJ1LA,wallet|transaction|wallet,|0.000663668|0.00771731
1LYxRBv6exkzmDjjEF3hXiswkYR9dwvzs1,2,wallet,3QjQitHTdJvcF79kXLSMaCRKKpx48QVBxa,False,True,3,1LYxRBv6exkzmDjjEF3hXiswkYR9dwvzs1|30061075|3QjQitHTdJvcF79kXLSMaCRKKpx48QVBxa,wallet|transaction|wallet,|-0.0014554|0.0079363
1LawscHAHpUeJEVq48qCdbbwNcBbDbVsH5,2,wallet,3N9Y7e4tNA8kAYikBeC9c8PZzMMfpXZPCU,False,True,3,1LawscHAHpUeJEVq48qCdbbwNcBbDbVsH5|99676831|3N9Y7e4tNA8kAYikBeC9c8PZzMMfpXZPCU,wallet|transaction|wallet,|-0.00016275|0.00789535
1Ld5RdTgdwnjiDJSbXxuu3iaTCJ5nDyQTN,2,wallet,365ujxouwm25vT277KAW2eKG7EbXuZNdkS,False,True,3,1Ld5RdTgdwnjiDJSbXxuu3iaTCJ5nDyQTN|36965025|365ujxouwm25vT277KAW2eKG7EbXuZNdkS,wallet|transaction|wallet,|-0.00141877|0.00830489
1LdGMGq8MBF7FRcoN5fR19bTzGuNKZMcCM,2,wallet,1CgTUTfShZFfpVVuPT26yxK9iC6kx5hmAg,False,True,3,1LdGMGq8MBF7FRcoN5fR19bTzGuNKZMcCM|372690438|1CgTUTfShZFfpVVuPT26yxK9iC6kx5hmAg,wallet|transaction|wallet,|0.000831753|0.00791889
1LduwhcSkz4eEFnwagnKWykcbHJc7p69KU,2,wallet,1J6kEzqEABgTT5fvGfWV4tPuKVCn4V2Srk,False,True,3,1LduwhcSkz4eEFnwagnKWykcbHJc7p69KU|294375726|1J6kEzqEABgTT5fvGfWV4tPuKVCn4V2Srk,wallet|transaction|wallet,|-0.000153482|0.00792366
1LeP692TPSeuwdRQuCmSjTgHyJDC43nAxt,2,wallet,17grfHa9v9caG71TxeoSemrCfLELX6gncP,False,True,3,1LeP692TPSeuwdRQuCmSjTgHyJDC43nAxt|269235429|17grfHa9v9caG71TxeoSemrCfLELX6gncP,wallet|transaction|wallet,|0.000354648|0.00798148
1LgaiM89zJVxAiSWMqmRoQq3JZ6ugMRJMf,2,wallet,36cyUSRqGziUDgKb69d9VsSehTyFKUhcHt,False,True,3,1LgaiM89zJVxAiSWMqmRoQq3JZ6ugMRJMf|155114148|36cyUSRqGziUDgKb69d9VsSehTyFKUhcHt,wallet|transaction|wallet,|0.00303969|-0.968781
1LjQWdyM4Ra4NosgDqS9HjzMCXmDRMgmDj,2,wallet,1WiQozgNrkpHjejD1tYrJwXWnYjtVdonA,False,True,3,1LjQWdyM4Ra4NosgDqS9HjzMCXmDRMgmDj|255226747|1WiQozgNrkpHjejD1tYrJwXWnYjtVdonA,wallet|transaction|wallet,|0.0582042|-0.968781
1LnKufcCuVB6GbVSovmDbybzRpJ3yboxkd,2,wallet,198iVsQaPn8Famm3ydayKUstVb4fMFZiWE,False,True,3,1LnKufcCuVB6GbVSovmDbybzRpJ3yboxkd|269103156|198iVsQaPn8Famm3ydayKUstVb4fMFZiWE,wallet|transaction|wallet,|0.000325531|0.00797385
1LniiCrig2YdT91BzuEgaBA59FzPxUqV2A,2,wallet,1GXyrzRPMZitzRe76VZmDbUv6coiopdccK,False,True,3,1LniiCrig2YdT91BzuEgaBA59FzPxUqV2A|30179843|1GXyrzRPMZitzRe76VZmDbUv6coiopdccK,wallet|transaction|wallet,|-0.000548035|0.00821149
1LpmYVSgts4ijQd5DTeVNqjQRSqH1zUMhS,2,wallet,1EdcxLTY1Ne3jQk5iyLtxTHWHZccAemPM8,False,True,3,1LpmYVSgts4ijQd5DTeVNqjQRSqH1zUMhS|194172820|1EdcxLTY1Ne3jQk5iyLtxTHWHZccAemPM8,wallet|transaction|wallet,|0.000420213|0.0214747
1LujS2t1bed7XVqvEvJXDXm2G5cPEKLUoG,2,wallet,15FByhxNwzYTzXneVB1NKSarTMfZULcepn,False,True,3,1LujS2t1bed7XVqvEvJXDXm2G5cPEKLUoG|372690430|15FByhxNwzYTzXneVB1NKSarTMfZULcepn,wallet|transaction|wallet,|0.00041312|0.00790095
1Lvtgk1sxen4ssGhNqHtmynP8r4pTsVrBb,2,wallet,37938kKJtDDGg8biWAXZLD1bZhhgyVv3xM,False,True,3,1Lvtgk1sxen4ssGhNqHtmynP8r4pTsVrBb|23377758|37938kKJtDDGg8biWAXZLD1bZhhgyVv3xM,wallet|transaction|wallet,|-0.00253719|0.00825119
1LwV1voDFzVuAsrTiPp9bRYJjsrCM6aWJr,2,wallet,1CePSPfYPMuR9UYsjKELg3EtLQrTWEhqyj,False,True,3,1LwV1voDFzVuAsrTiPp9bRYJjsrCM6aWJr|71482482|1CePSPfYPMuR9UYsjKELg3EtLQrTWEhqyj,wallet|transaction|wallet,|-0.00592646|-0.93323
1LwoVRfytD4U7LqRN9v53yGLSmsQZKkEMb,2,wallet,1BeAHTD5tC4C9Ki36k3hQYMEGGFMMf6iBa,False,True,3,1LwoVRfytD4U7LqRN9v53yGLSmsQZKkEMb|99677081|1BeAHTD5tC4C9Ki36k3hQYMEGGFMMf6iBa,wallet|transaction|wallet,|0.00388658|0.00789285
1LxfkgoTYKJZWjUdtxvhf8ZtbG3515eQzc,2,wallet,37U1BcQvTAfgkSJnFegekjdKJ5SFUAg4Hy,False,True,3,1LxfkgoTYKJZWjUdtxvhf8ZtbG3515eQzc|332563582|37U1BcQvTAfgkSJnFegekjdKJ5SFUAg4Hy,wallet|transaction|wallet,|-0.0025194|-0.0124951
1M2kxJ6ANeQPjMjMwot484TuU7JR9TwwGB,2,wallet,3KJZQfhizVoFKWvtipmQh85L5sygtNvqJS,False,True,3,1M2kxJ6ANeQPjMjMwot484TuU7JR9TwwGB|10174843|3KJZQfhizVoFKWvtipmQh85L5sygtNvqJS,wallet|transaction|wallet,|-0.0014618|0.00829887
1M3RgXxNEJj9UnpreYTEP4nmgjkbgAGRzP,2,wallet,3HSyBtR7sX1KbnPeGs3TLDTC8qWC7YpXKx,False,True,3,1M3RgXxNEJj9UnpreYTEP4nmgjkbgAGRzP|268868308|3HSyBtR7sX1KbnPeGs3TLDTC8qWC7YpXKx,wallet|transaction|wallet,|-0.000422686|0.00785738
1M9LeiYxQwD1F4zCRo18ZyMJHbZFNJBoFC,2,wallet,1EGemf3GWvTeFCceSidBb6rqimNiL1Ln5c,False,True,3,1M9LeiYxQwD1F4zCRo18ZyMJHbZFNJBoFC|95556764|1EGemf3GWvTeFCceSidBb6rqimNiL1Ln5c,wallet|transaction|wallet,|-0.000193864|0.00810623
1MANkm8fKy4N5TU93qYVzvrn7wpRjg4cxN,2,wallet,36BFrtDzMofR9UHaC1SCyPrvZrCnDpZULq,False,True,3,1MANkm8fKy4N5TU93qYVzvrn7wpRjg4cxN|27949058|36BFrtDzMofR9UHaC1SCyPrvZrCnDpZULq,wallet|transaction|wallet,|-0.00189859|-0.968781
1MB6Mf8EbuF4gSJTGe6C8qM5gxmQYDsSkx,2,wallet,14AMHQcf7dEub79ZqaaagYD3p5QofV1gvG,False,True,3,1MB6Mf8EbuF4gSJTGe6C8qM5gxmQYDsSkx|85004965|14AMHQcf7dEub79ZqaaagYD3p5QofV1gvG,wallet|transaction|wallet,|0.000339389|0.00798136
1MCXGUW8VLJbf9rWC7PpojJCzwuMD4KMPL,2,wallet,1MheRW53oTQmi8u2bvhT8TYMSwXvzu87RM,False,True,3,1MCXGUW8VLJbf9rWC7PpojJCzwuMD4KMPL|269088781|1MheRW53oTQmi8u2bvhT8TYMSwXvzu87RM,wallet|transaction|wallet,|-0.00287506|-0.804022
1MJtWFyprbTwZspxtduYeawEVXsgNYFpvt,2,wallet,3JMq398rmxdcKA1w7euF2PHz826csEZNTE,False,True,3,1MJtWFyprbTwZspxtduYeawEVXsgNYFpvt|69439512|3JMq398rmxdcKA1w7euF2PHz826csEZNTE,wallet|transaction|wallet,|-0.000582606|0.0078342
1MK1vs9SPtTSYr7NXAAaRvMmeyVDFmeKVg,2,wallet,3LZvPA2HBC869xRHVQ5prTadCJKhNmN6ER,False,True,3,1MK1vs9SPtTSYr7NXAAaRvMmeyVDFmeKVg|205633185|3LZvPA2HBC869xRHVQ5prTadCJKhNmN6ER,wallet|transaction|wallet,|-0.00115654|0.00825918
1MMzpaMDXG7Tbdaa8ExGBTWpi8yrXq31n3,2,wallet,3JAHmbcBC8VoPwd7itRBq6Mj8peN1oiDfV,False,True,3,1MMzpaMDXG7Tbdaa8ExGBTWpi8yrXq31n3|158310646|3JAHmbcBC8VoPwd7itRBq6Mj8peN1oiDfV,wallet|transaction|wallet,|-0.00147104|0.00849378
1MNUjD8fEQVVaWTRTUeDUsvuv6e2YHGkui,2,wallet,3JCNfkGzxrygtZpzu1gA9to1fsFG1ghTag,False,True,3,1MNUjD8fEQVVaWTRTUeDUsvuv6e2YHGkui|92107945|3JCNfkGzxrygtZpzu1gA9to1fsFG1ghTag,wallet|transaction|wallet,|-0.00120038|0.00791562
1MZrPZn8TUoSEC5sFofviXBUqtffZrXHoa,2,wallet,1K14cwNxqfAKNNJM78d5rtW6XSFUDftZUe,False,True,3,1MZrPZn8TUoSEC5sFofviXBUqtffZrXHoa|10773179|1K14cwNxqfAKNNJM78d5rtW6XSFUDftZUe,wallet|transaction|wallet,|-0.00160658|0.00757527
1MdKDR818Vnq2w4w5FrvczHSiLnjBCnvZ7,2,wallet,1Mbeeo8riHQJhG4BzUcitto2epk8je3AGe,False,True,3,1MdKDR818Vnq2w4w5FrvczHSiLnjBCnvZ7|268982686|1Mbeeo8riHQJhG4BzUcitto2epk8je3AGe,wallet|transaction|wallet,|-0.00196132|-0.968776
1Mh5CGfrrEVrtnm257wpQJMzwXLRCoDLfU,2,wallet,182vwg7PxxyBiiwhj9o1yLDeSMQdBhMweo,False,True,3,1Mh5CGfrrEVrtnm257wpQJMzwXLRCoDLfU|269576166|182vwg7PxxyBiiwhj9o1yLDeSMQdBhMweo,wallet|transaction|wallet,|0.000354886|0.00796521
1MoSbTRxG2xd932666GZPkRBosc1knSvyv,2,wallet,3FMxEmNfDycwELFCkkYezWth5uhKfQo7s8,False,True,3,1MoSbTRxG2xd932666GZPkRBosc1knSvyv|9259519|3FMxEmNfDycwELFCkkYezWth5uhKfQo7s8,wallet|transaction|wallet,|-0.00203758|0.00764674
1MpQWohM7o7UeGSSKcNeMX45HdmQM2tNpW,2,wallet,1AkPS83F4MusheHQ7a92Geh59E5VNCZsMD,False,True,3,1MpQWohM7o7UeGSSKcNeMX45HdmQM2tNpW|84785014|1AkPS83F4MusheHQ7a92Geh59E5VNCZsMD,wallet|transaction|wallet,|0.000329405|0.00799263
1MqPjmY3ZSEiN8xCPvamfSiTGZZJPc6sw9,2,wallet,1B9Ec2mvrLXbQ1ZSK499CssdyGsu174viU,False,True,3,1MqPjmY3ZSEiN8xCPvamfSiTGZZJPc6sw9|2842440|1B9Ec2mvrLXbQ1ZSK499CssdyGsu174viU,wallet|transaction|wallet,|-0.0014734|0.00543535
1MqrDEv5uZtjYvPEz52nmKvPSmVNVDpDj2,2,wallet,3PeK3kfXJEFihTSYM3svfAzTWHvoxidL4M,False,True,3,1MqrDEv5uZtjYvPEz52nmKvPSmVNVDpDj2|165065715|3PeK3kfXJEFihTSYM3svfAzTWHvoxidL4M,wallet|transaction|wallet,|0.00210387|0.00799263
1MubwDm7wsu7nH7zjDZFYrRV7e4S2LX1rY,2,wallet,3MxVBmWi8dP9CTMdePb4472vMJNBudjo8q,False,True,3,1MubwDm7wsu7nH7zjDZFYrRV7e4S2LX1rY|268855050|3MxVBmWi8dP9CTMdePb4472vMJNBudjo8q,wallet|transaction|wallet,|-0.00066945|0.0079751
1MvZWv2UwHMqsg3AuiRHf3RDMx6xt6JM6v,2,wallet,3PNqebMDzpk5bRq4n6LBuboKSVazsFseac,False,True,3,1MvZWv2UwHMqsg3AuiRHf3RDMx6xt6JM6v|2595204|3PNqebMDzpk5bRq4n6LBuboKSVazsFseac,wallet|transaction|wallet,|-0.0015609|0.00776464
1MwGFbYYonWp76M3qfRHsZpM6B9TSkYTWk,2,wallet,1EXSExhiHL4R6abyR6ETTaZcb8WrdRDA4b,False,True,3,1MwGFbYYonWp76M3qfRHsZpM6B9TSkYTWk|358237573|1EXSExhiHL4R6abyR6ETTaZcb8WrdRDA4b,wallet|transaction|wallet,|0.000932038|0.0271404
1N42NsZFoebNc4PCh4QcqAWriopURt66cy,2,wallet,3LhJU2m1kuLQaRZE2ANZ5xrG4kGhnmUKad,False,True,3,1N42NsZFoebNc4PCh4QcqAWriopURt66cy|99677328|3LhJU2m1kuLQaRZE2ANZ5xrG4kGhnmUKad,wallet|transaction|wallet,|-0.00263688|-0.96875
1N5scUhRaUCUFz9LttUfZ8BpihmBheX8dA,2,wallet,3FRXxN5H4NqGQmSVEPgnciivG2curUihLZ,False,True,3,1N5scUhRaUCUFz9LttUfZ8BpihmBheX8dA|124241011|3FRXxN5H4NqGQmSVEPgnciivG2curUihLZ,wallet|transaction|wallet,|0.00613907|-0.968781
1NAQnTpBUiQPcSmXYnjxQ4FJYUDfREwy4s,2,wallet,1NLzfRWosx9WC68UDmZPjQxUcQkwPJSCPV,False,True,3,1NAQnTpBUiQPcSmXYnjxQ4FJYUDfREwy4s|272482727|1NLzfRWosx9WC68UDmZPjQxUcQkwPJSCPV,wallet|transaction|wallet,|0.000455856|0.007972
1NCs24bu4MduMZGveTEMKccGgbcj19YZNH,2,wallet,3EJvgztcJzTrtMq1GNTRAV5AL2Cm4FSFsm,False,True,3,1NCs24bu4MduMZGveTEMKccGgbcj19YZNH|85005396|3EJvgztcJzTrtMq1GNTRAV5AL2Cm4FSFsm,wallet|transaction|wallet,|-0.00341645|0.00626868
1NDw7EgzdAnuetRQpofhrX2JgAPTyPQb8K,2,wallet,3QgmPKDhWR5Re45nutrKRzM2Cmx18uKkDn,False,True,3,1NDw7EgzdAnuetRQpofhrX2JgAPTyPQb8K|288470586|3QgmPKDhWR5Re45nutrKRzM2Cmx18uKkDn,wallet|transaction|wallet,|-0.0032298|0.0082612
1NF7PaXfdRrF33ctsrdy5Pt5VVjM4ahvcW,2,wallet,1835SEfZqaczwkpNZbyaUTQAZdHcEZHtWk,False,True,3,1NF7PaXfdRrF33ctsrdy5Pt5VVjM4ahvcW|248885504|1835SEfZqaczwkpNZbyaUTQAZdHcEZHtWk,wallet|transaction|wallet,|0.00050503|0.00765699
1NFfpymJJGhMsv6BrZi48sJ6LCUkepbXm2,2,wallet,38iYB7g4XGiBLUPDK5jnagBakEpRifmw5q,False,True,3,1NFfpymJJGhMsv6BrZi48sJ6LCUkepbXm2|198783987|38iYB7g4XGiBLUPDK5jnagBakEpRifmw5q,wallet|transaction|wallet,|-0.002141|0.00758731
1NGiPihkimu4iBVKfAtoYFoVix6896PtN1,2,wallet,36pK5VqiGP7EqGPDH1EEFELQXwPYJgnRP9,False,True,3,1NGiPihkimu4iBVKfAtoYFoVix6896PtN1|331996869|36pK5VqiGP7EqGPDH1EEFELQXwPYJgnRP9,wallet|transaction|wallet,|-0.00611183|0.00792491
1NHCoJZUs2yxuXf3M2r2BgqQRB2Aie7vxK,2,wallet,3GvttFqFUwXGZAQbjXAJgR5a7MV1vp4Urx,False,True,3,1NHCoJZUs2yxuXf3M2r2BgqQRB2Aie7vxK|84373476|3GvttFqFUwXGZAQbjXAJgR5a7MV1vp4Urx,wallet|transaction|wallet,|-0.000169903|0.00797826
1NHF3bxq6yGzuxtG478HcnzTjmjxwRdB15,2,wallet,3AvigXeWpSD9rupoo9grBfqn5WJ79v91rM,False,True,3,1NHF3bxq6yGzuxtG478HcnzTjmjxwRdB15|28808235|3AvigXeWpSD9rupoo9grBfqn5WJ79v91rM,wallet|transaction|wallet,|-0.00155038|0.00779188
1NJsiNMQpsPmv3QXbHmHLorzs7aF44Tk11,2,wallet,3B8ciXmRUt8mS5kPKe9GibnhEG8hs2GXsq,False,True,3,1NJsiNMQpsPmv3QXbHmHLorzs7aF44Tk11|268861802|3B8ciXmRUt8mS5kPKe9GibnhEG8hs2GXsq,wallet|transaction|wallet,|-0.000758827|0.00782204
1NJyKcrdqnNNfUQ4jP2JcWkKTdLnGviHWN,2,wallet,16fm4th28Ukzqf9LY72unDG329tXQGKa4G,False,True,3,1NJyKcrdqnNNfUQ4jP2JcWkKTdLnGviHWN|105859721|16fm4th28Ukzqf9LY72unDG329tXQGKa4G,wallet|transaction|wallet,|-0.000689834|0.00837129
1NKYTvNa2dfy3DDDhePQvWtWZH6Tae2Dhx,2,wallet,1LDwRygYufrx3FEk3bnjo9pH2iTEB5bE7o,False,True,3,1NKYTvNa2dfy3DDDhePQvWtWZH6Tae2Dhx|269191516|1LDwRygYufrx3FEk3bnjo9pH2iTEB5bE7o,wallet|transaction|wallet,|0.00129202|0.0232089
1NMS1bbKwrcgZDni1ruqTZJAaYcrTDxpVS,2,wallet,36DP5em3rp1KaQgsier5sBQkKZY95hoFvk,False,True,3,1NMS1bbKwrcgZDni1ruqTZJAaYcrTDxpVS|26394081|36DP5em3rp1KaQgsier5sBQkKZY95hoFvk,wallet|transaction|wallet,|-0.00134656|0.00829822
1NMooMbEDFbEsT97d8GDpBPVPnM6SQrQvc,2,wallet,3KpiN29mcqrZrtyFtTtqQ5aTiGBHvkKH56,False,True,3,1NMooMbEDFbEsT97d8GDpBPVPnM6SQrQvc|180533541|3KpiN29mcqrZrtyFtTtqQ5aTiGBHvkKH56,wallet|transaction|wallet,|-0.000414848|0.0079928
1NTTdVSgKma7ghYkzzJf9qY88Dp9KavdpQ,2,wallet,1PcLoDeRYLC9FprTRiYgVqM9HXRJ2476Ei,False,True,3,1NTTdVSgKma7ghYkzzJf9qY88Dp9KavdpQ|30179873|1PcLoDeRYLC9FprTRiYgVqM9HXRJ2476Ei,wallet|transaction|wallet,|-0.000344872|0.00819397
1NVYQUCvzh4mUS6VJAsdbzea4stqNWizuE,2,wallet,3Fh5oUbSstctygQNwFGjNmWbfEvCFh2ndy,False,True,3,1NVYQUCvzh4mUS6VJAsdbzea4stqNWizuE|32998848|3Fh5oUbSstctygQNwFGjNmWbfEvCFh2ndy,wallet|transaction|wallet,|0.00224641|0.00861853
1NVzdzHSzDzfPTNtsTe4WJ16SSuE1yLt5x,2,wallet,3HSyBtR7sX1KbnPeGs3TLDTC8qWC7YpXKx,False,True,3,1NVzdzHSzDzfPTNtsTe4WJ16SSuE1yLt5x|268868308|3HSyBtR7sX1KbnPeGs3TLDTC8qWC7YpXKx,wallet|transaction|wallet,|-0.000422686|0.00785738
1NW4VrxiqSu7nQT4m4Fds1xSzJrVy2iyA,2,wallet,3KpiN29mcqrZrtyFtTtqQ5aTiGBHvkKH56,False,True,3,1NW4VrxiqSu7nQT4m4Fds1xSzJrVy2iyA|180533541|3KpiN29mcqrZrtyFtTtqQ5aTiGBHvkKH56,wallet|transaction|wallet,|-0.000414848|0.0079928
1NWzKMHnAXTobV6KjpSq1rSUZzbNQCmCuh,2,wallet,3EY6wuRCovA5FP8BBRbbUa9DcthGQGh7H9,False,True,3,1NWzKMHnAXTobV6KjpSq1rSUZzbNQCmCuh|92107631|3EY6wuRCovA5FP8BBRbbUa9DcthGQGh7H9,wallet|transaction|wallet,|-0.0027667|0.0082106
1NZQf3hVTH7wdJ9viDvYvq89c9R3NUhiBY,2,wallet,17BsRC8r8fQ4xCSar1eJpDanVurXEMuh1s,False,True,3,1NZQf3hVTH7wdJ9viDvYvq89c9R3NUhiBY|372690620|17BsRC8r8fQ4xCSar1eJpDanVurXEMuh1s,wallet|transaction|wallet,|0.000431925|0.00790584
1NZRSm3CYqSXKfWME8rcvhzMWVRfbNw2Ti,2,wallet,3Mjnwh7GAttswV4XEv7rUJMpitcj3FZtPE,False,True,3,1NZRSm3CYqSXKfWME8rcvhzMWVRfbNw2Ti|252180915|3Mjnwh7GAttswV4XEv7rUJMpitcj3FZtPE,wallet|transaction|wallet,|-0.000317991|0.00783956
1NZcjvadnZznxUVQB4NekpaLsyC4HnXxBx,2,wallet,1585heda2EuGUU16go6o8nh5pVqbm8mrrB,False,True,3,1NZcjvadnZznxUVQB4NekpaLsyC4HnXxBx|272094207|1585heda2EuGUU16go6o8nh5pVqbm8mrrB,wallet|transaction|wallet,|0.000442982|0.00794458
1NhdNj1TPcuVrXERexkgAWEzf2fM2mf8HD,2,wallet,335FwFN25mqT9SvZywWe89qf4EZbPxMKy1,False,True,3,1NhdNj1TPcuVrXERexkgAWEzf2fM2mf8HD|32168716|335FwFN25mqT9SvZywWe89qf4EZbPxMKy1,wallet|transaction|wallet,|-0.00567639|0.00843954
1NsQP6bu7gBxLN8GYengGjhPTpuHahp8oA,2,wallet,1F8cRm4sGziYVWJtwzVmtcS9jzu6ARYBAp,False,True,3,1NsQP6bu7gBxLN8GYengGjhPTpuHahp8oA|8695835|1F8cRm4sGziYVWJtwzVmtcS9jzu6ARYBAp,wallet|transaction|wallet,|-0.00219622|0.00624067
1NuvUXhv8JqCjfFqetCiBoBhkFC8dEehUj,2,wallet,1EMGtRnjEX5ALg9wDBBYBNEFjvsAKFXpA5,False,True,3,1NuvUXhv8JqCjfFqetCiBoBhkFC8dEehUj|99675959|1EMGtRnjEX5ALg9wDBBYBNEFjvsAKFXpA5,wallet|transaction|wallet,|0.000527024|0.00788218
1Nvgnw1kYZXAZEzem3gzaY2mLXGkmj4MyV,2,wallet,3FaTsHDCojWG7JkkSgtdhEhu7BtSTkyQYM,False,True,3,1Nvgnw1kYZXAZEzem3gzaY2mLXGkmj4MyV|162341820|3FaTsHDCojWG7JkkSgtdhEhu7BtSTkyQYM,wallet|transaction|wallet,|-0.00109667|0.00798535
1P1igkziMM1Q6nxSXzKnR7L8Knxa7c9hUZ,2,wallet,1TCo5H8koyJcVT2wmyiP24nGUBvuGN256,False,True,3,1P1igkziMM1Q6nxSXzKnR7L8Knxa7c9hUZ|288381511|1TCo5H8koyJcVT2wmyiP24nGUBvuGN256,wallet|transaction|wallet,|-0.000146657|0.00815606
1P3V1MKqS4PpTQKkifU7ApsUE9E9MokkUE,2,wallet,3EWcy1SBK15BRSfT4VKD4NTeoxk6vaubYL,False,True,3,1P3V1MKqS4PpTQKkifU7ApsUE9E9MokkUE|155316665|3EWcy1SBK15BRSfT4VKD4NTeoxk6vaubYL,wallet|transaction|wallet,|-0.00280669|0.00819337
1P4dbBvQhsy4hyRRjRLe3tYyWkUNffUfmK,2,wallet,1P3PfxfB4KeGryDUgDyWZzNwZqna59sSFK,False,True,3,1P4dbBvQhsy4hyRRjRLe3tYyWkUNffUfmK|288338048|1P3PfxfB4KeGryDUgDyWZzNwZqna59sSFK,wallet|transaction|wallet,|-0.000115037|0.00813675
1P5H4XkisJYxZbMAkrLeFCGdHR7wsqT3dZ,2,wallet,3NH7yLEGEAkZrhfskw19PXJmFCLtrnNxGd,False,True,3,1P5H4XkisJYxZbMAkrLeFCGdHR7wsqT3dZ|175143452|3NH7yLEGEAkZrhfskw19PXJmFCLtrnNxGd,wallet|transaction|wallet,|-0.00169975|0.00759107
1P5uw8xR615vu37MzEWqW2x9hqqe9c3cmW,2,wallet,3KFgzj1HLX5g79rgxc1atRCwkHRmputNdP,False,True,3,1P5uw8xR615vu37MzEWqW2x9hqqe9c3cmW|30179335|3KFgzj1HLX5g79rgxc1atRCwkHRmputNdP,wallet|transaction|wallet,|-0.00108108|0.00806952
1P7Th3fuaQrczjDhze2jw7gT2oviqEogcL,2,wallet,3FMxEmNfDycwELFCkkYezWth5uhKfQo7s8,False,True,3,1P7Th3fuaQrczjDhze2jw7gT2oviqEogcL|9259519|3FMxEmNfDycwELFCkkYezWth5uhKfQo7s8,wallet|transaction|wallet,|-0.00203758|0.00764674
1P7WdJweuAAjGRVZaKbH5V8SnKs8tApGvw,2,wallet,13sfx2quyLUEyvcrPZESQDhxoFLLE9SvDq,False,True,3,1P7WdJweuAAjGRVZaKbH5V8SnKs8tApGvw|339057500|13sfx2quyLUEyvcrPZESQDhxoFLLE9SvDq,wallet|transaction|wallet,|0.0008201|0.00767708
1P7Zg12kgBxzjnnmMkgsQJCbZaPDeJdVac,2,wallet,3FwE1kUuvPwGqPwXR7EKnENPUhDchZAWBP,False,True,3,1P7Zg12kgBxzjnnmMkgsQJCbZaPDeJdVac|204054358|3FwE1kUuvPwGqPwXR7EKnENPUhDchZAWBP,wallet|transaction|wallet,|-0.00220585|0.00829023
1P8gieDf1V3nHYSN6nwg8xrHgamp4fHFvX,2,wallet,3FfKvRjCg3Ev3Li5Ly5ybZL2itAn2TCjji,False,True,3,1P8gieDf1V3nHYSN6nwg8xrHgamp4fHFvX|286848744|3FfKvRjCg3Ev3Li5Ly5ybZL2itAn2TCjji,wallet|transaction|wallet,|-0.000545949|0.0077427
1PBctcXYw3kfPWrJzuUdqcRPZU97pcNp8z,2,wallet,3KAVtXX7JsWDiiqtRCoBkf3nDWPgYogvqW,False,True,3,1PBctcXYw3kfPWrJzuUdqcRPZU97pcNp8z|1061125|3KAVtXX7JsWDiiqtRCoBkf3nDWPgYogvqW,wallet|transaction|wallet,|-0.00203967|0.00856787
1PDMaKZCs6uBzS7SvQFu472b6RMUTyUCLY,2,wallet,3718rTWDj8Btf89atJZeZh9HHVskbCbt2E,False,True,3,1PDMaKZCs6uBzS7SvQFu472b6RMUTyUCLY|157638198|3718rTWDj8Btf89atJZeZh9HHVskbCbt2E,wallet|transaction|wallet,|-0.00137568|0.00824732
12tqvAAymbxeE3ouUEhyJK9u1QA7ZyW4N5,1,transaction,35131819,False,True,2,12tqvAAymbxeE3ouUEhyJK9u1QA7ZyW4N5|35131819,wallet|transaction,|-0.0011493
14J3L16hihnVAFB4nVmCz9T9yPcvvSFhAy,1,transaction,368780107,False,True,2,14J3L16hihnVAFB4nVmCz9T9yPcvvSFhAy|368780107,wallet|transaction,|0.0029152
15vZmv9G6nGWpo7nF27NM6M9tPshqDxnyD,1,transaction,85004982,False,True,2,15vZmv9G6nGWpo7nF27NM6M9tPshqDxnyD|85004982,wallet|transaction,|-0.00306034
17dzRMpu6dMphPqzxVfy9j6mSN4CkEmrVJ,1,transaction,355231320,False,True,2,17dzRMpu6dMphPqzxVfy9j6mSN4CkEmrVJ|355231320,wallet|transaction,|-0.00269768
183NF32hG2fNJswLAmdws1pANj1H2fVYst,1,transaction,490419,False,True,2,183NF32hG2fNJswLAmdws1pANj1H2fVYst|490419,wallet|transaction,|-0.00409564
194GQBPLaCoSpY2UKx9i293iZjAbuuNMKT,1,transaction,157863901,False,True,2,194GQBPLaCoSpY2UKx9i293iZjAbuuNMKT|157863901,wallet|transaction,|-0.00177175
1BJFp1xvmi1Mf9LaoYizxgXZTtsYg6kVYP,1,transaction,94047430,False,True,2,1BJFp1xvmi1Mf9LaoYizxgXZTtsYg6kVYP|94047430,wallet|transaction,|-0.000256091
1BPRNmt3R5Snh7t69sgr1fMJMsVKuDfdYe,1,transaction,110935079,False,True,2,1BPRNmt3R5Snh7t69sgr1fMJMsVKuDfdYe|110935079,wallet|transaction,|-0.00109443
1BsJqx5rZa49TDVMV96YJk154HdxD8kwEe,1,transaction,110935079,False,True,2,1BsJqx5rZa49TDVMV96YJk154HdxD8kwEe|110935079,wallet|transaction,|-0.00109443
1CaGv1ZGh96MQVdGcUCJdHWreTmDYvFmQD,1,transaction,110935079,False,True,2,1CaGv1ZGh96MQVdGcUCJdHWreTmDYvFmQD|110935079,wallet|transaction,|-0.00109443
1DqEMHjHfQxhcHeKSHeRG34JuTctSjfUo7,1,transaction,84491406,False,True,2,1DqEMHjHfQxhcHeKSHeRG34JuTctSjfUo7|84491406,wallet|transaction,|-0.00490507
1DtXu2JhdfxUQuZF8y3CmQ4xnhmzBtpzqg,1,transaction,209086584,False,True,2,1DtXu2JhdfxUQuZF8y3CmQ4xnhmzBtpzqg|209086584,wallet|transaction,|-0.00269622
1Ebeoz8NkGUnFu6wWavg3tEUD5tokUVvZB,1,transaction,99675942,False,True,2,1Ebeoz8NkGUnFu6wWavg3tEUD5tokUVvZB|99675942,wallet|transaction,|-0.00334692
1H91HHDt3bEgv3zHk1GqXYnkANJfjHLSZC,1,transaction,91482801,False,True,2,1H91HHDt3bEgv3zHk1GqXYnkANJfjHLSZC|91482801,wallet|transaction,|-0.000923008
1HfEepHZagyXjPEg71A7VTA8QHX28fJHD7,1,transaction,331501694,False,True,2,1HfEepHZagyXjPEg71A7VTA8QHX28fJHD7|331501694,wallet|transaction,|-0.00435558
1K3HrqBsoamR8RvNq7x4bNgbpd7m5VH4iJ,1,transaction,372683531,False,True,2,1K3HrqBsoamR8RvNq7x4bNgbpd7m5VH4iJ|372683531,wallet|transaction,|-0.00307381
1K9kJQWzVFeLN7aDD2iU71w7QuugwMaz57,1,transaction,85004982,False,True,2,1K9kJQWzVFeLN7aDD2iU71w7QuugwMaz57|85004982,wallet|transaction,|-0.00306034
1MtY7TqeaTsPb1ZWBgZDNotCun6uBwegwq,1,transaction,110935079,False,True,2,1MtY7TqeaTsPb1ZWBgZDNotCun6uBwegwq|110935079,wallet|transaction,|-0.00109443
12JwisCuhoFf9dx9FiLdiAhcCLyE7vuKix,7,wallet,1J2qkV34FBYoHaVrQEtGUxGp8JAJRHnubZ,True,False,8,12JwisCuhoFf9dx9FiLdiAhcCLyE7vuKix|149158779|95850377|17A16QmavnUfCW11DAApiJxp7ARnxN5pGX|293925926|14i2FEoaSPfKB66sfMdtNyYDcSDQ3MfnYY|294303111|1J2qkV34FBYoHaVrQEtGUxGp8JAJRHnubZ,wallet|transaction|transaction|wallet|transaction|wallet|transaction|wallet,|0.00399551|-0.0541287|-0.968781|0.0321522|-0.944716|-0.00427806|0.00798225
1MHPHetzS4n9uXobs47VYarePHGByPpkUG,4,wallet,1KHPtLWcyu165LcHnqjsAYVkZkWinYbfN5,True,False,5,1MHPHetzS4n9uXobs47VYarePHGByPpkUG|133053738|1PyNuHybybvtmJp21X7axTFPUyshgyHTPp|339057175|1KHPtLWcyu165LcHnqjsAYVkZkWinYbfN5,wallet|transaction|wallet|transaction|wallet,|0.000382006|0.0280575|0.000783354|0.00767809
1NX2SeGMgYjYfm3VBWjHw4LefL7sHhf1PB,4,wallet,1DJ7dtnNEuGhKdKu6Sw5L34SRrpicG6aw3,True,False,5,1NX2SeGMgYjYfm3VBWjHw4LefL7sHhf1PB|63069519|16CSZmdfRq4Z6NZDVWRCMDX9ZCkz4q23Kf|54759799|1DJ7dtnNEuGhKdKu6Sw5L34SRrpicG6aw3,wallet|transaction|wallet|transaction|wallet,|0.00129583|0.0240557|-0.000264645|0.00816721
209797492,11,transaction,208911970,False,False,12,209797492|14Nihd6HX2igjkc2TmVxUYV2gCyuNUDXQU|209515844|13giLAMoqaJG2rpodkfWp6MJf6oidkZ2sU|209478837|17KAoDzf5EwRYeEExm74MMQEkK2PAzTmRQ|209478839|1NFEzG673BRXBUEg2GTemojYcJt9NJSAG2|209498992|13CwcPXTEKycn1z1V6PiiEcnLowJ5dFrkm|209045026|208911970,transaction|wallet|transaction|wallet|transaction|wallet|transaction|wallet|transaction|wallet|transaction|transaction,|-0.24286|-0.00518671|0.00143689|-0.00269496|-0.0523348|-0.00280645|-0.111063|-0.00472543|0.0163165|-0.000770807|-0.0225708
15PpRJbm6uhPerSLA6qsZUKJJ3XQuMRsgR,9,transaction,14604121,False,False,10,15PpRJbm6uhPerSLA6qsZUKJJ3XQuMRsgR|40813849|3H4MTUV4NF7ETpMQ7WT5FTKGLqEpXmQK5e|39430318|13GjSxyBND3WZRrRaMxnTE9vkEAaVwML6v|56532737|1621rTueJE265WhmncE99fjbZWJRF8nfvd|64346631|18EPgKeSe4vQfaoHET5yK8jVawe3fU1yYo|14604121,wallet|transaction|wallet|transaction|wallet|transaction|wallet|transaction|wallet|transaction,|0.000913918|-0.0404897|-0.00257564|-0.968772|-0.00290778|-0.968742|-0.00145885|-0.968781|0.00196996
71781383,6,transaction,175569044,False,False,7,71781383|1Ew8rkuAS6B75TPFoWBo27NxeyWVy6U6hS|45046176|1G69Ci5uNSNY9a4fPGjjUnEJBHWn7g97pR|175802699|1KD3soSFJZbvUG67Xh4z8itq68EdKFyrig|175569044,transaction|wallet|transaction|wallet|transaction|wallet|transaction,|0.028399|-0.0012745|-0.404157|0.000966519|-0.968781|-0.00535589
97390680,5,wallet,345pEV1yZfofxdigeRh3C8FiergefkNRiC,False,False,6,97390680|1MB6hVn8pHypAgHKxFtjbSjHzhEetko9Wk|96925114|1MqypzBKAk9sxuahDzKt7YUQT8CT6gsuwP|23344709|345pEV1yZfofxdigeRh3C8FiergefkNRiC,transaction|wallet|transaction|wallet|transaction|wallet,|0.0303097|0.00141618|0.0255368|-0.00146148|0.00789016
116743527,4,transaction,115723393,False,False,5,116743527|1AxLXkGE5AzubD5kYCpvZRq9UHpXC4ZpYW|116193739|1BbUvAgbixcozpY81SwrM55Qzux1WwMfds|115723393,transaction|wallet|transaction|wallet|transaction,|0.0170565|-0.00204089|-0.0351431|-0.00382751
12776709,4,transaction,39126765,False,False,5,12776709|1EK98fgVe73AHJQJvTg2D8E34CH33BxnEo|12776716|1JR7RQZrLwMB5gS3wEZ58ipLjMjkHScUzi|39126765,transaction|wallet|transaction|wallet|transaction,|-0.125389|-0.00111404|-0.968586|-0.00101674
339054253,3,wallet,1LnDn1S4xPRJvk88oEieXUTW3V2WMWEWRq,False,False,4,339054253|1552PeoErQPRpoNYA355ejYogiCKKRPc1i|339054259|1LnDn1S4xPRJvk88oEieXUTW3V2WMWEWRq,transaction|wallet|transaction|wallet,|0.0172595|0.000803053|0.00754559
298856050,3,wallet,12TcESVmMNrTjYZCDzfaHTj2bBD7gW1Z9Q,False,False,4,298856050|15KLfU3TrYHCC7Ct9T2QL7XLFmcu9HUzbU|243239880|12TcESVmMNrTjYZCDzfaHTj2bBD7gW1Z9Q,transaction|wallet|transaction|wallet,|0.0291325|-0.00258252|0.00681138
1BeaUt5KCfHGerT84j975H3QyAwS4u98rv,3,wallet,1HY5d1jkiTA5C2Utss9kUvVVHWJo5UrEFD,False,False,4,1BeaUt5KCfHGerT84j975H3QyAwS4u98rv|115723287|114528470|1HY5d1jkiTA5C2Utss9kUvVVHWJo5UrEFD,wallet|transaction|transaction|wallet,|0.00818416|-0.0541287|-0.968781
1GAx9vk9UhA51qs3ZPEEju5PWUM62oyT7e,3,wallet,1Cdj2JTYLBJW3DHRxMXG1bcU9mgunHxcDz,False,False,4,1GAx9vk9UhA51qs3ZPEEju5PWUM62oyT7e|294490371|294376948|1Cdj2JTYLBJW3DHRxMXG1bcU9mgunHxcDz,wallet|transaction|transaction|wallet,|-0.00302967|-0.0540249|0.0266057
114658610,2,transaction,332928,False,False,3,114658610|15XdT3tHKAtQQMs1e2HH9yGFr4nZYPcj1B|332928,transaction|wallet|transaction,|0.0216188|-0.000366807
12BE6UHMCRP4NLYxQkzTTFkh5EY7XtEArj,2,wallet,3NoWEt9Dnmmw3EevrYg1Q7fP1S1geMzFBR,False,False,3,12BE6UHMCRP4NLYxQkzTTFkh5EY7XtEArj|158349653|3NoWEt9Dnmmw3EevrYg1Q7fP1S1geMzFBR,wallet|transaction|wallet,|-0.00205493|0.00855345
12kGVsN3efV1TKsZs8d2Y7y9vjGBC3vZXw,2,wallet,3KTFMu7Z3QTRQ3XZmxX6ymkcPEB55Q2XWX,False,False,3,12kGVsN3efV1TKsZs8d2Y7y9vjGBC3vZXw|53784210|3KTFMu7Z3QTRQ3XZmxX6ymkcPEB55Q2XWX,wallet|transaction|wallet,|-0.00104547|0.00825459
14SyKayVWq4DCKxPAKqWGdgP3nDypAqrfM,2,wallet,3LaRQoAg2cshSSGM2FMRbhxemN6MQ1bYf6,False,False,3,14SyKayVWq4DCKxPAKqWGdgP3nDypAqrfM|219204636|3LaRQoAg2cshSSGM2FMRbhxemN6MQ1bYf6,wallet|transaction|wallet,|-0.00201419|0.0078584
15RGUsSaa6JbngariJffNnrbYqMcQm6bpi,2,wallet,1xsrz8oFaYceM5kaiwroDtyoGsN1jchHJ,False,False,3,15RGUsSaa6JbngariJffNnrbYqMcQm6bpi|94186440|1xsrz8oFaYceM5kaiwroDtyoGsN1jchHJ,wallet|transaction|wallet,|-0.000160873|0.00752866
15byGU5WBaL8m2y6mwQPMba1ycBVcc6hgH,2,wallet,1PqqDYpihAxXeKpb3XYo49gy8Esi3Tktoy,False,False,3,15byGU5WBaL8m2y6mwQPMba1ycBVcc6hgH|62852493|1PqqDYpihAxXeKpb3XYo49gy8Esi3Tktoy,wallet|transaction|wallet,|-0.00188944|-0.968777
18c2woNds3RJqtBQtqGJxXtTWxDeXZJueE,2,wallet,3JDKhmXneN7H7bF9XsGg88y3P8afD7hV5k,False,False,3,18c2woNds3RJqtBQtqGJxXtTWxDeXZJueE|16812328|3JDKhmXneN7H7bF9XsGg88y3P8afD7hV5k,wallet|transaction|wallet,|-0.00277275|0.00703782
19D3wZkVBCctJj9BZgvaEgoWQ9G9Lfjyo4,2,wallet,1xsrz8oFaYceM5kaiwroDtyoGsN1jchHJ,False,False,3,19D3wZkVBCctJj9BZgvaEgoWQ9G9Lfjyo4|94186440|1xsrz8oFaYceM5kaiwroDtyoGsN1jchHJ,wallet|transaction|wallet,|-0.000160873|0.00752866
1BedhdUzabByte1b6qzTrQjeYAoakdsdYq,2,wallet,3LaRQoAg2cshSSGM2FMRbhxemN6MQ1bYf6,False,False,3,1BedhdUzabByte1b6qzTrQjeYAoakdsdYq|219204636|3LaRQoAg2cshSSGM2FMRbhxemN6MQ1bYf6,wallet|transaction|wallet,|-0.00201419|0.0078584
1Dq2wC22hVEUrpHzQUYRC2ebw6phCtqP1i,2,wallet,1xsrz8oFaYceM5kaiwroDtyoGsN1jchHJ,False,False,3,1Dq2wC22hVEUrpHzQUYRC2ebw6phCtqP1i|94186440|1xsrz8oFaYceM5kaiwroDtyoGsN1jchHJ,wallet|transaction|wallet,|-0.000160873|0.00752866
1F5fyLnJ85xkFuLAmKwRvb9CeUgKSXv66s,2,wallet,3GJJG3QfCQNWdM6eTgDHHgTWLB1C7DLscq,False,False,3,1F5fyLnJ85xkFuLAmKwRvb9CeUgKSXv66s|215597095|3GJJG3QfCQNWdM6eTgDHHgTWLB1C7DLscq,wallet|transaction|wallet,|0.00453937|-0.968781
1G1zKTAFVgCYZ7i1kAfDDNMwHpSSqvz1dg,2,wallet,3CXr8guRrcA8g9z9rqck87e7nv49KkKMKy,False,False,3,1G1zKTAFVgCYZ7i1kAfDDNMwHpSSqvz1dg|105994274|3CXr8guRrcA8g9z9rqck87e7nv49KkKMKy,wallet|transaction|wallet,|0.00321394|0.00706077
1GqWok1kwqpJpW1pKbQW6gKrGVWbFxMwf1,2,wallet,1xsrz8oFaYceM5kaiwroDtyoGsN1jchHJ,False,False,3,1GqWok1kwqpJpW1pKbQW6gKrGVWbFxMwf1|94186440|1xsrz8oFaYceM5kaiwroDtyoGsN1jchHJ,wallet|transaction|wallet,|-0.000160873|0.00752866
1HSKustqT9Twis93QhAN8qfDGsg5cPcFpF,2,wallet,3GtZw2MzjPqFDWeU5hnD5Bv4BcM2myTFUM,False,False,3,1HSKustqT9Twis93QhAN8qfDGsg5cPcFpF|27534410|3GtZw2MzjPqFDWeU5hnD5Bv4BcM2myTFUM,wallet|transaction|wallet,|-0.000344336|-0.935819
1JQw4R26APbo44bfNLUKu7eX4ghFiDR6to,2,wallet,335FwFN25mqT9SvZywWe89qf4EZbPxMKy1,False,False,3,1JQw4R26APbo44bfNLUKu7eX4ghFiDR6to|32168716|335FwFN25mqT9SvZywWe89qf4EZbPxMKy1,wallet|transaction|wallet,|-0.00567639|0.00843954
1LATgfgTo8wB17QTZ4AxtS7mqS2uNnsf9g,2,wallet,35GkXyiDEDtnioqKwyCh6hLBSYzDNgwyDd,False,False,3,1LATgfgTo8wB17QTZ4AxtS7mqS2uNnsf9g|73747118|35GkXyiDEDtnioqKwyCh6hLBSYzDNgwyDd,wallet|transaction|wallet,|-0.00192583|-0.968781
1MsoHkWEBc8TfjrxC6WC4EnNxj2Mi1hZL,2,wallet,3Ejv9Jyd1SroaqAXJTp7StCjHB8navGmXX,False,False,3,1MsoHkWEBc8TfjrxC6WC4EnNxj2Mi1hZL|197467212|3Ejv9Jyd1SroaqAXJTp7StCjHB8navGmXX,wallet|transaction|wallet,|-0.00125879|-0.968781
1NLGLHmnLi1skShvn4w1G9uULFedjeLrDL,2,wallet,3JDKhmXneN7H7bF9XsGg88y3P8afD7hV5k,False,False,3,1NLGLHmnLi1skShvn4w1G9uULFedjeLrDL|16812328|3JDKhmXneN7H7bF9XsGg88y3P8afD7hV5k,wallet|transaction|wallet,|-0.00277275|0.00703782
339057239,1,wallet,18Cr25Z23ERsMHUWQp6XLuGKDGit7ZHz6n,False,False,2,339057239|18Cr25Z23ERsMHUWQp6XLuGKDGit7ZHz6n,transaction|wallet,|0.00743037
15846984,1,transaction,15847212,False,False,2,15846984|15847212,transaction|transaction,|-0.0395616
344453848,1,wallet,1DxRvJuyiTbTXGiQVGfjnLDi3Lsa75xzui,False,False,2,344453848|1DxRvJuyiTbTXGiQVGfjnLDi3Lsa75xzui,transaction|wallet,|0.00778723
378138278,1,wallet,149pVxPXYiVhyFR9k87NBGsdGii8NrZDWK,False,False,2,378138278|149pVxPXYiVhyFR9k87NBGsdGii8NrZDWK,transaction|wallet,|0.00751835
209045026,1,transaction,208911970,False,False,2,209045026|208911970,transaction|transaction,|-0.0225708
209705074,1,wallet,1F4RJrhdfF75L72r5KMtBKgHYSaAjGu5sU,False,False,2,209705074|1F4RJrhdfF75L72r5KMtBKgHYSaAjGu5sU,transaction|wallet,|0.0078451
99285423,1,wallet,1NHwoXZ2821UVBFRbBimBch79Cw2Xq3DBu,False,False,2,99285423|1NHwoXZ2821UVBFRbBimBch79Cw2Xq3DBu,transaction|wallet,|0.0078789
99676840,1,wallet,36AbtvMvo5xajXmaoTVPxoBt7zCRiWmZ3R,False,False,2,99676840|36AbtvMvo5xajXmaoTVPxoBt7zCRiWmZ3R,transaction|wallet,|0.00787389
312446688,1,wallet,16zJ6YUQ89d5rfGx4TFTnNtCMvXvgU6hGj,False,False,2,312446688|16zJ6YUQ89d5rfGx4TFTnNtCMvXvgU6hGj,transaction|wallet,|0.00779408
320681014,1,wallet,17abRir1aEmnTL28Wsn7tnc8gHzNK74gXv,False,False,2,320681014|17abRir1aEmnTL28Wsn7tnc8gHzNK74gXv,transaction|wallet,|0.0189619
328782551,1,wallet,132Unx7rttPLVRZuiENUPCq6ds5R9qjnek,False,False,2,328782551|132Unx7rttPLVRZuiENUPCq6ds5R9qjnek,transaction|wallet,|0.00783622
277807628,1,wallet,1Gg7LCh72zZ6NHYirRVQca2WueWDo6v6XJ,False,False,2,277807628|1Gg7LCh72zZ6NHYirRVQca2WueWDo6v6XJ,transaction|wallet,|0.00794768
165594204,1,wallet,3PYgjeCdDCg6vsrmUDGRKacaWRMKFEGHvi,False,False,2,165594204|3PYgjeCdDCg6vsrmUDGRKacaWRMKFEGHvi,transaction|wallet,|0.00796723
85005009,1,wallet,3JACnBpt8kjFLKK84H6xzYwT4DyVJgb2Mm,False,False,2,85005009|3JACnBpt8kjFLKK84H6xzYwT4DyVJgb2Mm,transaction|wallet,|0.00801367
256878010,1,wallet,137BPkTUCvrrXhHa3iBta3HFMqQVnHwxMH,False,False,2,256878010|137BPkTUCvrrXhHa3iBta3HFMqQVnHwxMH,transaction|wallet,|0.00788391
96367839,1,wallet,1GseU3NFJNxcmijAsiUUAkL7QVVUNVYQSd,False,False,2,96367839|1GseU3NFJNxcmijAsiUUAkL7QVVUNVYQSd,transaction|wallet,|0.00812012
149159034,1,transaction,149555693,False,False,2,149159034|149555693,transaction|transaction,|-0.0541287
194010390,1,wallet,16S7BvCR68nNAUzKWcSgeHq24nfoxVge9H,False,False,2,194010390|16S7BvCR68nNAUzKWcSgeHq24nfoxVge9H,transaction|wallet,|0.00848031
13ZGEE3mQoPi9gowU44oqDHc2gFZKt4Gtq,1,transaction,84371034,False,False,2,13ZGEE3mQoPi9gowU44oqDHc2gFZKt4Gtq|84371034,wallet|transaction,|-0.00537047
13uKUVWtTf4oQptqzmaPf5LyBGxrNrPyvj,1,transaction,15356540,False,False,2,13uKUVWtTf4oQptqzmaPf5LyBGxrNrPyvj|15356540,wallet|transaction,|0.00103661
147oNJPSAgFZCt69sapwxkrzpezQDyPCHb,1,transaction,28902538,False,False,2,147oNJPSAgFZCt69sapwxkrzpezQDyPCHb|28902538,wallet|transaction,|-0.00144848
16mWWsh8LZySLKErmE5mQE4PgJsNj5bVnd,1,transaction,97081919,False,False,2,16mWWsh8LZySLKErmE5mQE4PgJsNj5bVnd|97081919,wallet|transaction,|0.00631857
17R6DK3B9XXPXwabL5JM62jWqXXey324Hp,1,transaction,31859229,False,False,2,17R6DK3B9XXPXwabL5JM62jWqXXey324Hp|31859229,wallet|transaction,|-0.000797004
17vSWSRo74qRmY5iFcwriXvKGcyxmwY5C1,1,transaction,218032639,False,False,2,17vSWSRo74qRmY5iFcwriXvKGcyxmwY5C1|218032639,wallet|transaction,|-0.00456044
18uDYVonwHYeMayv9yVbuVvi7BqDnk7VHN,1,transaction,115029580,False,False,2,18uDYVonwHYeMayv9yVbuVvi7BqDnk7VHN|115029580,wallet|transaction,|-0.000368625
19BUjT6CTEPdKHgzTLkwipv3xFNvj2SKiC,1,transaction,91962563,False,False,2,19BUjT6CTEPdKHgzTLkwipv3xFNvj2SKiC|91962563,wallet|transaction,|-0.00116566
19VNiSpuNayMUkaNcwvkeBdaifDKVugTTS,1,transaction,106366575,False,False,2,19VNiSpuNayMUkaNcwvkeBdaifDKVugTTS|106366575,wallet|transaction,|-0.000714689
1AnRxLKFMaMvnE4GwyzJLoTifRFgdhgEPZ,1,transaction,298700929,False,False,2,1AnRxLKFMaMvnE4GwyzJLoTifRFgdhgEPZ|298700929,wallet|transaction,|0.000593841
1AyuniVXPRME3zPiHjmcnrQijxKkuQ7vAV,1,transaction,190513897,False,False,2,1AyuniVXPRME3zPiHjmcnrQijxKkuQ7vAV|190513897,wallet|transaction,|-0.001403
1B6i5txj2v8QZhWGpVncTMFgXWjAc33UfB,1,transaction,84745005,False,False,2,1B6i5txj2v8QZhWGpVncTMFgXWjAc33UfB|84745005,wallet|transaction,|0.000350893
1BZjtJviPsdqQNHRbXr7izjYgha5cnpybH,1,transaction,94186348,False,False,2,1BZjtJviPsdqQNHRbXr7izjYgha5cnpybH|94186348,wallet|transaction,|-0.000168383
1CEGQBCqpwUKPBb7uDRvGZ3aZPm3Gx5CVS,1,transaction,92734991,False,False,2,1CEGQBCqpwUKPBb7uDRvGZ3aZPm3Gx5CVS|92734991,wallet|transaction,|-0.00192201
1DFnB1USAPJHko9fj2bBAGbvv59528RVT9,1,transaction,241488952,False,False,2,1DFnB1USAPJHko9fj2bBAGbvv59528RVT9|241488952,wallet|transaction,|0.000452876
1DaTDDbjJV5nBJRDojUb2bYGYAtzYNzbqn,1,transaction,115122271,False,False,2,1DaTDDbjJV5nBJRDojUb2bYGYAtzYNzbqn|115122271,wallet|transaction,|-0.000906855
1EQPM6n5BMjzLKDt4NWP3ChS8cGQmRMzZZ,1,transaction,54704834,False,False,2,1EQPM6n5BMjzLKDt4NWP3ChS8cGQmRMzZZ|54704834,wallet|transaction,|-0.000323296
1EbBpWCpdtv7A7zd6XddosCuVyEdBKcN9A,1,transaction,380661716,False,False,2,1EbBpWCpdtv7A7zd6XddosCuVyEdBKcN9A|380661716,wallet|transaction,|-0.000102341
1FQ8bGYRazg6Q68Rit8ACy7jWH6RdsjPad,1,transaction,115299308,False,False,2,1FQ8bGYRazg6Q68Rit8ACy7jWH6RdsjPad|115299308,wallet|transaction,|0.000800014
1FX8K3Ru2LfMk918aLaWG5U45VxjhgkMuA,1,transaction,298700280,False,False,2,1FX8K3Ru2LfMk918aLaWG5U45VxjhgkMuA|298700280,wallet|transaction,|0.000195026
1G98cBvEGwp8hYCPkx9Y6nxHC5PtTkgcMc,1,transaction,92071081,False,False,2,1G98cBvEGwp8hYCPkx9Y6nxHC5PtTkgcMc|92071081,wallet|transaction,|-0.00011906
1GCXwW1nGMoP4Shr2KDhDRJ6o2SUHnULLo,1,transaction,96261185,False,False,2,1GCXwW1nGMoP4Shr2KDhDRJ6o2SUHnULLo|96261185,wallet|transaction,|-0.00105393
1GJmKeMrDbduTGsrmfHjbcm7ELxg64J3Nf,1,transaction,106414252,False,False,2,1GJmKeMrDbduTGsrmfHjbcm7ELxg64J3Nf|106414252,wallet|transaction,|-0.000911266
1Hr9rrSf4hkmPFhdwEc6bpuyKag9WA5U6U,1,transaction,376243597,False,False,2,1Hr9rrSf4hkmPFhdwEc6bpuyKag9WA5U6U|376243597,wallet|transaction,|-0.00603473
1Hww2zgUgjpykTUso9jmAHEQLN9JyCrdJ2,1,transaction,179069348,False,False,2,1Hww2zgUgjpykTUso9jmAHEQLN9JyCrdJ2|179069348,wallet|transaction,|-0.00132126
1J1PCA1PsP7MWEynJuLL3mAGcKKbhnTe6u,1,transaction,355009231,False,False,2,1J1PCA1PsP7MWEynJuLL3mAGcKKbhnTe6u|355009231,wallet|transaction,|-0.000510961
1J97wgDhC1QW1Py4knWNi55W2KxvkvV5QG,1,transaction,355102396,False,False,2,1J97wgDhC1QW1Py4knWNi55W2KxvkvV5QG|355102396,wallet|transaction,|0.00836733
1JxxjZVVPHTVSaamE6hCBumYw7mJPw84YE,1,transaction,96545938,False,False,2,1JxxjZVVPHTVSaamE6hCBumYw7mJPw84YE|96545938,wallet|transaction,|0.000650495
1JyZ95VQ7yPCDJNMEGuY3prEZmMAALukL8,1,transaction,248889566,False,False,2,1JyZ95VQ7yPCDJNMEGuY3prEZmMAALukL8|248889566,wallet|transaction,|0.00058645
1K73pGETs6aNcxCh2DAtLqLQw2iweBQWdo,1,transaction,28913542,False,False,2,1K73pGETs6aNcxCh2DAtLqLQw2iweBQWdo|28913542,wallet|transaction,|-0.00183079
1KAG9JiYxBSwypPVAHUdp2uzRJmwgEMERT,1,transaction,382992997,False,False,2,1KAG9JiYxBSwypPVAHUdp2uzRJmwgEMERT|382992997,wallet|transaction,|0.00116211
1M572mSHT5wH8B2L6tPqn7WujNxUbB5yVi,1,transaction,209722456,False,False,2,1M572mSHT5wH8B2L6tPqn7WujNxUbB5yVi|209722456,wallet|transaction,|0.000526935
1NX39YT51aeiZJuXhDSVhPyVcJ6SkREVfv,1,transaction,386120617,False,False,2,1NX39YT51aeiZJuXhDSVhPyVcJ6SkREVfv|386120617,wallet|transaction,|0.000111759
1NhWsGxZHija5ZmYZxc1CCL8QHr1r8ZGNx,1,transaction,148562098,False,False,2,1NhWsGxZHija5ZmYZxc1CCL8QHr1r8ZGNx|148562098,wallet|transaction,|-0.000778615
96545938,0,transaction,96545938,False,False,1,96545938,transaction,
189985165,0,transaction,189985165,False,False,1,189985165,transaction,
190857303,0,transaction,190857303,False,False,1,190857303,transaction,
175754499,0,transaction,175754499,False,False,1,175754499,transaction,
339101876,0,transaction,339101876,False,False,1,339101876,transaction,
15843411,0,transaction,15843411,False,False,1,15843411,transaction,
15852067,0,transaction,15852067,False,False,1,15852067,transaction,
238559239,0,transaction,238559239,False,False,1,238559239,transaction,
378278864,0,transaction,378278864,False,False,1,378278864,transaction,
378439668,0,transaction,378439668,False,False,1,378439668,transaction,
362863709,0,transaction,362863709,False,False,1,362863709,transaction,
209537525,0,transaction,209537525,False,False,1,209537525,transaction,
260064557,0,transaction,260064557,False,False,1,260064557,transaction,
331504866,0,transaction,331504866,False,False,1,331504866,transaction,
331598938,0,transaction,331598938,False,False,1,331598938,transaction,
272152906,0,transaction,272152906,False,False,1,272152906,transaction,
272698499,0,transaction,272698499,False,False,1,272698499,transaction,
294334688,0,transaction,294334688,False,False,1,294334688,transaction,
163686831,0,transaction,163686831,False,False,1,163686831,transaction,
298711661,0,transaction,298711661,False,False,1,298711661,transaction,
376257361,0,transaction,376257361,False,False,1,376257361,transaction,
386054140,0,transaction,386054140,False,False,1,386054140,transaction,
386067632,0,transaction,386067632,False,False,1,386067632,transaction,
386075342,0,transaction,386075342,False,False,1,386075342,transaction,
355610486,0,transaction,355610486,False,False,1,355610486,transaction,
288072566,0,transaction,288072566,False,False,1,288072566,transaction,
288360889,0,transaction,288360889,False,False,1,288360889,transaction,
288368373,0,transaction,288368373,False,False,1,288368373,transaction,
26936052,0,transaction,26936052,False,False,1,26936052,transaction,
30060601,0,transaction,30060601,False,False,1,30060601,transaction,
115967728,0,transaction,115967728,False,False,1,115967728,transaction,
12665079,0,transaction,12665079,False,False,1,12665079,transaction,
256730850,0,transaction,256730850,False,False,1,256730850,transaction,
148568442,0,transaction,148568442,False,False,1,148568442,transaction,
148568426,0,transaction,148568426,False,False,1,148568426,transaction,
106409331,0,transaction,106409331,False,False,1,106409331,transaction,
13FrLRMhcC1MRoH4Jfg6ZDKHQ8Kqp6vHYz,0,wallet,13FrLRMhcC1MRoH4Jfg6ZDKHQ8Kqp6vHYz,False,False,1,13FrLRMhcC1MRoH4Jfg6ZDKHQ8Kqp6vHYz,wallet,
1L6Pe1AZZsuvEaDN6CrsRF8d7uJbXzAviz,0,wallet,1L6Pe1AZZsuvEaDN6CrsRF8d7uJbXzAviz,False,False,1,1L6Pe1AZZsuvEaDN6CrsRF8d7uJbXzAviz,wallet,
